ISO-10303-21;
HEADER;
/* Generated by software containing ST-Developer
 * from STEP Tools, Inc. (www.steptools.com) 
 */

FILE_DESCRIPTION(
/* description */ (''),
/* implementation_level */ '2;1');

FILE_NAME(
/* name */ 'Cable_Clamp_FBLR.step',
/* time_stamp */ '2026-07-10T17:14:40-06:00',
/* author */ (''),
/* organization */ (''),
/* preprocessor_version */ 'ST-DEVELOPER v20.1',
/* originating_system */ 'Autodesk Translation Framework v15.8.0.0',
/* authorisation */ '');

FILE_SCHEMA (('AUTOMOTIVE_DESIGN { 1 0 10303 214 3 1 1 }','FEATURE_BASED_PROCESS_PLANNING'));
ENDSEC;

DATA;
#10=MECHANICAL_DESIGN_GEOMETRIC_PRESENTATION_REPRESENTATION('',(#323,#324,
#325,#326,#327,#328),#16674);
#11=FACE_BOUND('',#1578,.T.);
#12=FACE_BOUND('',#1607,.T.);
#13=FACE_BOUND('',#1608,.T.);
#14=FACE_BOUND('',#1612,.T.);
#15=FACE_BOUND('',#1678,.T.);
#16=FACE_BOUND('',#1680,.T.);
#17=FACE_BOUND('',#1681,.T.);
#18=FACE_BOUND('',#1682,.T.);
#19=FACE_BOUND('',#1683,.T.);
#20=FACE_BOUND('',#1699,.T.);
#21=FACE_BOUND('',#1700,.T.);
#22=FACE_BOUND('',#1706,.T.);
#23=FACE_BOUND('',#1721,.T.);
#24=FACE_BOUND('',#1722,.T.);
#25=FACE_BOUND('',#1723,.T.);
#26=FACE_BOUND('',#1776,.T.);
#27=FACE_BOUND('',#1825,.T.);
#28=FACE_BOUND('',#1827,.T.);
#29=B_SPLINE_CURVE_WITH_KNOTS('',3,(#12663,#12664,#12665,#12666,#12667),
 .UNSPECIFIED.,.F.,.F.,(4,1,4),(1.58363515479562,2.36261390419271,3.14159265358979),
 .UNSPECIFIED.);
#30=B_SPLINE_CURVE_WITH_KNOTS('',3,(#12731,#12732,#12733,#12734,#12735),
 .UNSPECIFIED.,.F.,.F.,(4,1,4),(1.58363515479562,2.36261390419271,3.14159265358979),
 .UNSPECIFIED.);
#31=B_SPLINE_CURVE_WITH_KNOTS('',3,(#12744,#12745,#12746,#12747,#12748),
 .UNSPECIFIED.,.F.,.F.,(4,1,4),(-3.14159265358979,-2.36261390419271,-1.58363515479563),
 .UNSPECIFIED.);
#32=B_SPLINE_CURVE_WITH_KNOTS('',3,(#12753,#12754,#12755,#12756,#12757),
 .UNSPECIFIED.,.F.,.F.,(4,1,4),(1.58363515479562,2.36261390419271,3.14159265358979),
 .UNSPECIFIED.);
#33=B_SPLINE_CURVE_WITH_KNOTS('',3,(#12766,#12767,#12768,#12769,#12770),
 .UNSPECIFIED.,.F.,.F.,(4,1,4),(-3.14159265358979,-2.36261390419271,-1.58363515479562),
 .UNSPECIFIED.);
#34=B_SPLINE_CURVE_WITH_KNOTS('',3,(#12778,#12779,#12780,#12781,#12782),
 .UNSPECIFIED.,.F.,.F.,(4,1,4),(-3.14159265358979,-2.36261390419271,-1.58363515479563),
 .UNSPECIFIED.);
#35=B_SPLINE_CURVE_WITH_KNOTS('',3,(#12793,#12794,#12795,#12796,#12797),
 .UNSPECIFIED.,.F.,.F.,(4,1,4),(0.,0.0184864289172751,0.0315417145778624),
 .UNSPECIFIED.);
#36=B_SPLINE_CURVE_WITH_KNOTS('',3,(#12799,#12800,#12801,#12802,#12803),
 .UNSPECIFIED.,.F.,.F.,(4,1,4),(0.,0.0111338408977392,0.0237708680962167),
 .UNSPECIFIED.);
#37=B_SPLINE_CURVE_WITH_KNOTS('',3,(#12805,#12806,#12807,#12808,#12809),
 .UNSPECIFIED.,.F.,.F.,(4,1,4),(0.,0.0118560379099445,0.022718775247682),
 .UNSPECIFIED.);
#38=B_SPLINE_CURVE_WITH_KNOTS('',3,(#12810,#12811,#12812,#12813,#12814),
 .UNSPECIFIED.,.F.,.F.,(4,1,4),(0.,0.0128837229315927,0.0309094904201943),
 .UNSPECIFIED.);
#39=B_SPLINE_CURVE_WITH_KNOTS('',3,(#12824,#12825,#12826,#12827,#12828),
 .UNSPECIFIED.,.F.,.F.,(4,1,4),(0.,0.0205228137246542,0.0353168064955952),
 .UNSPECIFIED.);
#40=B_SPLINE_CURVE_WITH_KNOTS('',3,(#12830,#12831,#12832,#12833,#12834),
 .UNSPECIFIED.,.F.,.F.,(4,1,4),(0.,0.0123808676140109,0.0254797560921765),
 .UNSPECIFIED.);
#41=B_SPLINE_CURVE_WITH_KNOTS('',3,(#12836,#12837,#12838,#12839,#12840),
 .UNSPECIFIED.,.F.,.F.,(4,1,4),(0.,0.012240567877391,0.0241266219693436),
 .UNSPECIFIED.);
#42=B_SPLINE_CURVE_WITH_KNOTS('',3,(#12841,#12842,#12843,#12844,#12845),
 .UNSPECIFIED.,.F.,.F.,(4,1,4),(0.,0.0146877644333714,0.0354802598092883),
 .UNSPECIFIED.);
#43=B_SPLINE_CURVE_WITH_KNOTS('',3,(#12855,#12856,#12857,#12858,#12859),
 .UNSPECIFIED.,.F.,.F.,(4,1,4),(0.,0.00936710200894973,0.0249186220754927),
 .UNSPECIFIED.);
#44=B_SPLINE_CURVE_WITH_KNOTS('',3,(#12861,#12862,#12863,#12864,#12865),
 .UNSPECIFIED.,.F.,.F.,(4,1,4),(0.,0.00898259032506916,0.0180524474123551),
 .UNSPECIFIED.);
#45=B_SPLINE_CURVE_WITH_KNOTS('',3,(#12867,#12868,#12869,#12870,#12871),
 .UNSPECIFIED.,.F.,.F.,(4,1,4),(0.,0.00923588314116005,0.0186098511572792),
 .UNSPECIFIED.);
#46=B_SPLINE_CURVE_WITH_KNOTS('',3,(#12873,#12874,#12875,#12876,#12877),
 .UNSPECIFIED.,.F.,.F.,(4,1,4),(0.,0.0130457852613584,0.0247623639619358),
 .UNSPECIFIED.);
#47=B_SPLINE_CURVE_WITH_KNOTS('',3,(#12878,#12879,#12880,#12881,#12882),
 .UNSPECIFIED.,.F.,.F.,(4,1,4),(0.,0.0144770821394116,0.0358990526832811),
 .UNSPECIFIED.);
#48=B_SPLINE_CURVE_WITH_KNOTS('',3,(#13002,#13003,#13004,#13005,#13006),
 .UNSPECIFIED.,.F.,.F.,(4,1,4),(0.,0.00936710200894973,0.0249186220754927),
 .UNSPECIFIED.);
#49=B_SPLINE_CURVE_WITH_KNOTS('',3,(#13019,#13020,#13021,#13022,#13023),
 .UNSPECIFIED.,.F.,.F.,(4,1,4),(0.,0.00898259032506916,0.0180524474123551),
 .UNSPECIFIED.);
#50=B_SPLINE_CURVE_WITH_KNOTS('',3,(#13036,#13037,#13038,#13039,#13040),
 .UNSPECIFIED.,.F.,.F.,(4,1,4),(0.,0.00923588314116005,0.0186098511572792),
 .UNSPECIFIED.);
#51=B_SPLINE_CURVE_WITH_KNOTS('',3,(#13053,#13054,#13055,#13056,#13057),
 .UNSPECIFIED.,.F.,.F.,(4,1,4),(0.,0.0130457852613584,0.0247623639619358),
 .UNSPECIFIED.);
#52=B_SPLINE_CURVE_WITH_KNOTS('',3,(#13070,#13071,#13072,#13073,#13074),
 .UNSPECIFIED.,.F.,.F.,(4,1,4),(0.,0.0144770821394116,0.0358990526832811),
 .UNSPECIFIED.);
#53=B_SPLINE_CURVE_WITH_KNOTS('',3,(#13110,#13111,#13112,#13113,#13114),
 .UNSPECIFIED.,.F.,.F.,(4,1,4),(0.,0.0379539969951447,0.0662778061922097),
 .UNSPECIFIED.);
#54=B_SPLINE_CURVE_WITH_KNOTS('',3,(#13117,#13118,#13119,#13120,#13121),
 .UNSPECIFIED.,.F.,.F.,(4,1,4),(0.,0.0379539969951447,0.0662778061922097),
 .UNSPECIFIED.);
#55=B_SPLINE_CURVE_WITH_KNOTS('',3,(#13133,#13134,#13135,#13136,#13137),
 .UNSPECIFIED.,.F.,.F.,(4,1,4),(0.,0.0230519979628521,0.0463359416568988),
 .UNSPECIFIED.);
#56=B_SPLINE_CURVE_WITH_KNOTS('',3,(#13140,#13141,#13142,#13143,#13144),
 .UNSPECIFIED.,.F.,.F.,(4,1,4),(0.,0.0230519979628521,0.0463359416568988),
 .UNSPECIFIED.);
#57=B_SPLINE_CURVE_WITH_KNOTS('',3,(#13156,#13157,#13158,#13159,#13160),
 .UNSPECIFIED.,.F.,.F.,(4,1,4),(0.,0.0244643622300007,0.0511670482727795),
 .UNSPECIFIED.);
#58=B_SPLINE_CURVE_WITH_KNOTS('',3,(#13163,#13164,#13165,#13166,#13167),
 .UNSPECIFIED.,.F.,.F.,(4,1,4),(0.,0.0244643622300007,0.0511670482727795),
 .UNSPECIFIED.);
#59=B_SPLINE_CURVE_WITH_KNOTS('',3,(#13179,#13180,#13181,#13182,#13183),
 .UNSPECIFIED.,.F.,.F.,(4,1,4),(0.,0.0234039394652778,0.0447762459531472),
 .UNSPECIFIED.);
#60=B_SPLINE_CURVE_WITH_KNOTS('',3,(#13186,#13187,#13188,#13189,#13190),
 .UNSPECIFIED.,.F.,.F.,(4,1,4),(0.,0.0234039394652778,0.0447762459531472),
 .UNSPECIFIED.);
#61=B_SPLINE_CURVE_WITH_KNOTS('',3,(#13202,#13203,#13204,#13205,#13206),
 .UNSPECIFIED.,.F.,.F.,(4,1,4),(0.,0.0207053700835411,0.0417989453872135),
 .UNSPECIFIED.);
#62=B_SPLINE_CURVE_WITH_KNOTS('',3,(#13209,#13210,#13211,#13212,#13213),
 .UNSPECIFIED.,.F.,.F.,(4,1,4),(0.,0.0207053700835411,0.0417989453872135),
 .UNSPECIFIED.);
#63=B_SPLINE_CURVE_WITH_KNOTS('',3,(#13225,#13226,#13227,#13228,#13229),
 .UNSPECIFIED.,.F.,.F.,(4,1,4),(0.,0.0155254756963201,0.0347559924225974),
 .UNSPECIFIED.);
#64=B_SPLINE_CURVE_WITH_KNOTS('',3,(#13232,#13233,#13234,#13235,#13236),
 .UNSPECIFIED.,.F.,.F.,(4,1,4),(0.,0.0155254756963201,0.0347559924225974),
 .UNSPECIFIED.);
#65=B_SPLINE_CURVE_WITH_KNOTS('',3,(#13248,#13249,#13250,#13251,#13252),
 .UNSPECIFIED.,.F.,.F.,(4,1,4),(0.,0.0153456660116218,0.0266127450257524),
 .UNSPECIFIED.);
#66=B_SPLINE_CURVE_WITH_KNOTS('',3,(#13255,#13256,#13257,#13258,#13259),
 .UNSPECIFIED.,.F.,.F.,(4,1,4),(0.,0.0153456660116218,0.0266127450257524),
 .UNSPECIFIED.);
#67=B_SPLINE_CURVE_WITH_KNOTS('',3,(#13271,#13272,#13273,#13274,#13275),
 .UNSPECIFIED.,.F.,.F.,(4,1,4),(0.,0.00852682304600068,0.021681368486552),
 .UNSPECIFIED.);
#68=B_SPLINE_CURVE_WITH_KNOTS('',3,(#13278,#13279,#13280,#13281,#13282),
 .UNSPECIFIED.,.F.,.F.,(4,1,4),(0.,0.00852682304600068,0.021681368486552),
 .UNSPECIFIED.);
#69=B_SPLINE_CURVE_WITH_KNOTS('',3,(#13294,#13295,#13296,#13297,#13298),
 .UNSPECIFIED.,.F.,.F.,(4,1,4),(0.,0.0134239278192287,0.0227423385513176),
 .UNSPECIFIED.);
#70=B_SPLINE_CURVE_WITH_KNOTS('',3,(#13301,#13302,#13303,#13304,#13305),
 .UNSPECIFIED.,.F.,.F.,(4,1,4),(0.,0.0134239278192287,0.0227423385513176),
 .UNSPECIFIED.);
#71=B_SPLINE_CURVE_WITH_KNOTS('',3,(#13335,#13336,#13337,#13338,#13339),
 .UNSPECIFIED.,.F.,.F.,(4,1,4),(0.,0.0171705292485599,0.0287173107449912),
 .UNSPECIFIED.);
#72=B_SPLINE_CURVE_WITH_KNOTS('',3,(#13342,#13343,#13344,#13345,#13346),
 .UNSPECIFIED.,.F.,.F.,(4,1,4),(0.,0.0171705292485599,0.0287173107449912),
 .UNSPECIFIED.);
#73=B_SPLINE_CURVE_WITH_KNOTS('',3,(#13358,#13359,#13360,#13361,#13362),
 .UNSPECIFIED.,.F.,.F.,(4,1,4),(0.,0.0118977656483758,0.0240454676991734),
 .UNSPECIFIED.);
#74=B_SPLINE_CURVE_WITH_KNOTS('',3,(#13365,#13366,#13367,#13368,#13369),
 .UNSPECIFIED.,.F.,.F.,(4,1,4),(0.,0.0118977656483758,0.0240454676991734),
 .UNSPECIFIED.);
#75=B_SPLINE_CURVE_WITH_KNOTS('',3,(#13401,#13402,#13403,#13404,#13405),
 .UNSPECIFIED.,.F.,.F.,(4,1,4),(0.,0.0205228137246542,0.0353168064955952),
 .UNSPECIFIED.);
#76=B_SPLINE_CURVE_WITH_KNOTS('',3,(#13418,#13419,#13420,#13421,#13422),
 .UNSPECIFIED.,.F.,.F.,(4,1,4),(0.,0.0123808676140109,0.0254797560921765),
 .UNSPECIFIED.);
#77=B_SPLINE_CURVE_WITH_KNOTS('',3,(#13435,#13436,#13437,#13438,#13439),
 .UNSPECIFIED.,.F.,.F.,(4,1,4),(0.,0.012240567877391,0.0241266219693436),
 .UNSPECIFIED.);
#78=B_SPLINE_CURVE_WITH_KNOTS('',3,(#13452,#13453,#13454,#13455,#13456),
 .UNSPECIFIED.,.F.,.F.,(4,1,4),(0.,0.0146877644333714,0.0354802598092883),
 .UNSPECIFIED.);
#79=B_SPLINE_CURVE_WITH_KNOTS('',3,(#13481,#13482,#13483,#13484,#13485),
 .UNSPECIFIED.,.F.,.F.,(4,1,4),(0.,0.0184864289172751,0.0315417145778624),
 .UNSPECIFIED.);
#80=B_SPLINE_CURVE_WITH_KNOTS('',3,(#13498,#13499,#13500,#13501,#13502),
 .UNSPECIFIED.,.F.,.F.,(4,1,4),(0.,0.0111338408977392,0.0237708680962167),
 .UNSPECIFIED.);
#81=B_SPLINE_CURVE_WITH_KNOTS('',3,(#13515,#13516,#13517,#13518,#13519),
 .UNSPECIFIED.,.F.,.F.,(4,1,4),(0.,0.0118560379099445,0.022718775247682),
 .UNSPECIFIED.);
#82=B_SPLINE_CURVE_WITH_KNOTS('',3,(#13532,#13533,#13534,#13535,#13536),
 .UNSPECIFIED.,.F.,.F.,(4,1,4),(0.,0.0128837229315927,0.0309094904201943),
 .UNSPECIFIED.);
#83=B_SPLINE_CURVE_WITH_KNOTS('',3,(#13566,#13567,#13568,#13569,#13570),
 .UNSPECIFIED.,.F.,.F.,(4,1,4),(0.,0.0387186058185258,0.0712555067212374),
 .UNSPECIFIED.);
#84=B_SPLINE_CURVE_WITH_KNOTS('',3,(#13573,#13574,#13575,#13576,#13577),
 .UNSPECIFIED.,.F.,.F.,(4,1,4),(0.,0.0387186058185258,0.0712555067212374),
 .UNSPECIFIED.);
#85=B_SPLINE_CURVE_WITH_KNOTS('',3,(#13589,#13590,#13591,#13592,#13593),
 .UNSPECIFIED.,.F.,.F.,(4,1,4),(0.,0.0296920029080921,0.0594254762636445),
 .UNSPECIFIED.);
#86=B_SPLINE_CURVE_WITH_KNOTS('',3,(#13596,#13597,#13598,#13599,#13600),
 .UNSPECIFIED.,.F.,.F.,(4,1,4),(0.,0.0296920029080921,0.0594254762636445),
 .UNSPECIFIED.);
#87=B_SPLINE_CURVE_WITH_KNOTS('',3,(#13612,#13613,#13614,#13615,#13616),
 .UNSPECIFIED.,.F.,.F.,(4,1,4),(0.,0.0250551560754745,0.04939390587418),
 .UNSPECIFIED.);
#88=B_SPLINE_CURVE_WITH_KNOTS('',3,(#13619,#13620,#13621,#13622,#13623),
 .UNSPECIFIED.,.F.,.F.,(4,1,4),(0.,0.0250551560754745,0.04939390587418),
 .UNSPECIFIED.);
#89=B_SPLINE_CURVE_WITH_KNOTS('',3,(#13635,#13636,#13637,#13638,#13639),
 .UNSPECIFIED.,.F.,.F.,(4,1,4),(0.,0.0177251765099948,0.0383708426751296),
 .UNSPECIFIED.);
#90=B_SPLINE_CURVE_WITH_KNOTS('',3,(#13642,#13643,#13644,#13645,#13646),
 .UNSPECIFIED.,.F.,.F.,(4,1,4),(0.,0.0177251765099948,0.0383708426751296),
 .UNSPECIFIED.);
#91=B_SPLINE_CURVE_WITH_KNOTS('',3,(#13658,#13659,#13660,#13661,#13662),
 .UNSPECIFIED.,.F.,.F.,(4,1,4),(0.,0.0299838412286055,0.0553108564450668),
 .UNSPECIFIED.);
#92=B_SPLINE_CURVE_WITH_KNOTS('',3,(#13665,#13666,#13667,#13668,#13669),
 .UNSPECIFIED.,.F.,.F.,(4,1,4),(0.,0.0299838412286055,0.0553108564450668),
 .UNSPECIFIED.);
#93=B_SPLINE_CURVE_WITH_KNOTS('',3,(#13681,#13682,#13683,#13684,#13685),
 .UNSPECIFIED.,.F.,.F.,(4,1,4),(0.,0.0242271189325137,0.0507220018238533),
 .UNSPECIFIED.);
#94=B_SPLINE_CURVE_WITH_KNOTS('',3,(#13688,#13689,#13690,#13691,#13692),
 .UNSPECIFIED.,.F.,.F.,(4,1,4),(0.,0.0242271189325137,0.0507220018238533),
 .UNSPECIFIED.);
#95=B_SPLINE_CURVE_WITH_KNOTS('',3,(#13704,#13705,#13706,#13707,#13708),
 .UNSPECIFIED.,.F.,.F.,(4,1,4),(0.,0.0223174544950142,0.043722094655596),
 .UNSPECIFIED.);
#96=B_SPLINE_CURVE_WITH_KNOTS('',3,(#13711,#13712,#13713,#13714,#13715),
 .UNSPECIFIED.,.F.,.F.,(4,1,4),(0.,0.0223174544950142,0.043722094655596),
 .UNSPECIFIED.);
#97=B_SPLINE_CURVE_WITH_KNOTS('',3,(#13727,#13728,#13729,#13730,#13731),
 .UNSPECIFIED.,.F.,.F.,(4,1,4),(0.,0.0210487549319113,0.0421883539555703),
 .UNSPECIFIED.);
#98=B_SPLINE_CURVE_WITH_KNOTS('',3,(#13734,#13735,#13736,#13737,#13738),
 .UNSPECIFIED.,.F.,.F.,(4,1,4),(0.,0.0210487549319113,0.0421883539555703),
 .UNSPECIFIED.);
#99=B_SPLINE_CURVE_WITH_KNOTS('',3,(#13750,#13751,#13752,#13753,#13754),
 .UNSPECIFIED.,.F.,.F.,(4,1,4),(0.,0.0157511608687506,0.036700886950552),
 .UNSPECIFIED.);
#100=B_SPLINE_CURVE_WITH_KNOTS('',3,(#13757,#13758,#13759,#13760,#13761),
 .UNSPECIFIED.,.F.,.F.,(4,1,4),(0.,0.0157511608687506,0.036700886950552),
 .UNSPECIFIED.);
#101=B_SPLINE_CURVE_WITH_KNOTS('',3,(#13773,#13774,#13775,#13776,#13777),
 .UNSPECIFIED.,.F.,.F.,(4,1,4),(0.,0.0262205501981409,0.0417556311630897),
 .UNSPECIFIED.);
#102=B_SPLINE_CURVE_WITH_KNOTS('',3,(#13780,#13781,#13782,#13783,#13784),
 .UNSPECIFIED.,.F.,.F.,(4,1,4),(0.,0.0262205501981409,0.0417556311630897),
 .UNSPECIFIED.);
#103=B_SPLINE_CURVE_WITH_KNOTS('',3,(#13804,#13805,#13806,#13807),
 .UNSPECIFIED.,.F.,.F.,(4,4),(-1.58363515479562,-1.5707963267949),
 .UNSPECIFIED.);
#104=B_SPLINE_CURVE_WITH_KNOTS('',3,(#13809,#13810,#13811,#13812,#13813),
 .UNSPECIFIED.,.F.,.F.,(4,1,4),(-3.14159265358979,-2.36261390419271,-1.58363515479562),
 .UNSPECIFIED.);
#105=B_SPLINE_CURVE_WITH_KNOTS('',3,(#13817,#13818,#13819,#13820,#13821),
 .UNSPECIFIED.,.F.,.F.,(4,1,4),(1.58363515479562,2.36261390419271,3.14159265358979),
 .UNSPECIFIED.);
#106=B_SPLINE_CURVE_WITH_KNOTS('',3,(#13823,#13824,#13825,#13826),
 .UNSPECIFIED.,.F.,.F.,(4,4),(1.5707963267949,1.58363515479562),
 .UNSPECIFIED.);
#107=B_SPLINE_CURVE_WITH_KNOTS('',3,(#13837,#13838,#13839,#13840),
 .UNSPECIFIED.,.F.,.F.,(4,4),(-1.58363515479562,-1.5707963267949),
 .UNSPECIFIED.);
#108=B_SPLINE_CURVE_WITH_KNOTS('',3,(#13843,#13844,#13845,#13846),
 .UNSPECIFIED.,.F.,.F.,(4,4),(1.5707963267949,1.58363515479562),
 .UNSPECIFIED.);
#109=B_SPLINE_CURVE_WITH_KNOTS('',3,(#13850,#13851,#13852,#13853),
 .UNSPECIFIED.,.F.,.F.,(4,4),(-1.58363515479562,-1.5707963267949),
 .UNSPECIFIED.);
#110=B_SPLINE_CURVE_WITH_KNOTS('',3,(#13856,#13857,#13858,#13859),
 .UNSPECIFIED.,.F.,.F.,(4,4),(1.5707963267949,1.58363515479562),
 .UNSPECIFIED.);
#111=B_SPLINE_CURVE_WITH_KNOTS('',3,(#13863,#13864,#13865,#13866),
 .UNSPECIFIED.,.F.,.F.,(4,4),(-1.58363515479562,-1.5707963267949),
 .UNSPECIFIED.);
#112=B_SPLINE_CURVE_WITH_KNOTS('',3,(#13869,#13870,#13871,#13872),
 .UNSPECIFIED.,.F.,.F.,(4,4),(1.5707963267949,1.58363515479563),
 .UNSPECIFIED.);
#113=B_SPLINE_CURVE_WITH_KNOTS('',3,(#13876,#13877,#13878,#13879),
 .UNSPECIFIED.,.F.,.F.,(4,4),(-1.58363515479562,-1.5707963267949),
 .UNSPECIFIED.);
#114=B_SPLINE_CURVE_WITH_KNOTS('',3,(#13884,#13885,#13886,#13887),
 .UNSPECIFIED.,.F.,.F.,(4,4),(1.5707963267949,1.58363515479562),
 .UNSPECIFIED.);
#115=B_SPLINE_CURVE_WITH_KNOTS('',3,(#13892,#13893,#13894,#13895,#13896),
 .UNSPECIFIED.,.F.,.F.,(4,1,4),(1.58363515479562,2.36261390419271,3.14159265358979),
 .UNSPECIFIED.);
#116=B_SPLINE_CURVE_WITH_KNOTS('',3,(#13904,#13905,#13906,#13907,#13908),
 .UNSPECIFIED.,.F.,.F.,(4,1,4),(-3.14159265358979,-2.36261390419271,-1.58363515479562),
 .UNSPECIFIED.);
#117=B_SPLINE_CURVE_WITH_KNOTS('',3,(#13928,#13929,#13930,#13931),
 .UNSPECIFIED.,.F.,.F.,(4,4),(-1.58363515479562,-1.5707963267949),
 .UNSPECIFIED.);
#118=B_SPLINE_CURVE_WITH_KNOTS('',3,(#14009,#14010,#14011,#14012),
 .UNSPECIFIED.,.F.,.F.,(4,4),(-1.58363515479562,-1.5707963267949),
 .UNSPECIFIED.);
#119=B_SPLINE_CURVE_WITH_KNOTS('',3,(#14014,#14015,#14016,#14017,#14018),
 .UNSPECIFIED.,.F.,.F.,(4,1,4),(-3.14159265358979,-2.36261390419271,-1.58363515479562),
 .UNSPECIFIED.);
#120=B_SPLINE_CURVE_WITH_KNOTS('',3,(#14022,#14023,#14024,#14025,#14026),
 .UNSPECIFIED.,.F.,.F.,(4,1,4),(1.58363515479563,2.36261390419271,3.14159265358979),
 .UNSPECIFIED.);
#121=B_SPLINE_CURVE_WITH_KNOTS('',3,(#14028,#14029,#14030,#14031),
 .UNSPECIFIED.,.F.,.F.,(4,4),(1.5707963267949,1.58363515479562),
 .UNSPECIFIED.);
#122=B_SPLINE_CURVE_WITH_KNOTS('',3,(#14035,#14036,#14037,#14038),
 .UNSPECIFIED.,.F.,.F.,(4,4),(-1.58363515479563,-1.5707963267949),
 .UNSPECIFIED.);
#123=B_SPLINE_CURVE_WITH_KNOTS('',3,(#14040,#14041,#14042,#14043,#14044),
 .UNSPECIFIED.,.F.,.F.,(4,1,4),(-3.14159265358979,-2.36261390419271,-1.58363515479562),
 .UNSPECIFIED.);
#124=B_SPLINE_CURVE_WITH_KNOTS('',3,(#14048,#14049,#14050,#14051,#14052),
 .UNSPECIFIED.,.F.,.F.,(4,1,4),(1.58363515479563,2.36261390419271,3.14159265358979),
 .UNSPECIFIED.);
#125=B_SPLINE_CURVE_WITH_KNOTS('',3,(#14053,#14054,#14055,#14056),
 .UNSPECIFIED.,.F.,.F.,(4,4),(1.5707963267949,1.58363515479563),
 .UNSPECIFIED.);
#126=B_SPLINE_CURVE_WITH_KNOTS('',3,(#14060,#14061,#14062,#14063,#14064),
 .UNSPECIFIED.,.F.,.F.,(4,1,4),(1.58363515479562,2.36261390419271,3.14159265358979),
 .UNSPECIFIED.);
#127=B_SPLINE_CURVE_WITH_KNOTS('',3,(#14072,#14073,#14074,#14075,#14076),
 .UNSPECIFIED.,.F.,.F.,(4,1,4),(-3.14159265358979,-2.36261390419271,-1.58363515479563),
 .UNSPECIFIED.);
#128=B_SPLINE_CURVE_WITH_KNOTS('',3,(#14095,#14096,#14097,#14098),
 .UNSPECIFIED.,.F.,.F.,(4,4),(-1.58363515479563,-1.5707963267949),
 .UNSPECIFIED.);
#129=B_SPLINE_CURVE_WITH_KNOTS('',3,(#14118,#14119,#14120,#14121),
 .UNSPECIFIED.,.F.,.F.,(4,4),(1.5707963267949,1.58363515479562),
 .UNSPECIFIED.);
#130=B_SPLINE_CURVE_WITH_KNOTS('',3,(#14253,#14254,#14255,#14256),
 .UNSPECIFIED.,.F.,.F.,(4,4),(-1.58363515479562,-1.5707963267949),
 .UNSPECIFIED.);
#131=B_SPLINE_CURVE_WITH_KNOTS('',3,(#14258,#14259,#14260,#14261,#14262),
 .UNSPECIFIED.,.F.,.F.,(4,1,4),(-3.14159265358979,-2.36261390419271,-1.58363515479562),
 .UNSPECIFIED.);
#132=B_SPLINE_CURVE_WITH_KNOTS('',3,(#14266,#14267,#14268,#14269,#14270),
 .UNSPECIFIED.,.F.,.F.,(4,1,4),(1.58363515479562,2.36261390419271,3.14159265358979),
 .UNSPECIFIED.);
#133=B_SPLINE_CURVE_WITH_KNOTS('',3,(#14272,#14273,#14274,#14275),
 .UNSPECIFIED.,.F.,.F.,(4,4),(1.5707963267949,1.58363515479562),
 .UNSPECIFIED.);
#134=B_SPLINE_CURVE_WITH_KNOTS('',3,(#14279,#14280,#14281,#14282),
 .UNSPECIFIED.,.F.,.F.,(4,4),(-1.58363515479562,-1.5707963267949),
 .UNSPECIFIED.);
#135=B_SPLINE_CURVE_WITH_KNOTS('',3,(#14284,#14285,#14286,#14287,#14288),
 .UNSPECIFIED.,.F.,.F.,(4,1,4),(-3.14159265358979,-2.36261390419271,-1.58363515479562),
 .UNSPECIFIED.);
#136=B_SPLINE_CURVE_WITH_KNOTS('',3,(#14292,#14293,#14294,#14295,#14296),
 .UNSPECIFIED.,.F.,.F.,(4,1,4),(1.58363515479562,2.36261390419271,3.14159265358979),
 .UNSPECIFIED.);
#137=B_SPLINE_CURVE_WITH_KNOTS('',3,(#14297,#14298,#14299,#14300),
 .UNSPECIFIED.,.F.,.F.,(4,4),(1.57079632679489,1.58363515479562),
 .UNSPECIFIED.);
#138=B_SPLINE_CURVE_WITH_KNOTS('',3,(#14304,#14305,#14306,#14307,#14308),
 .UNSPECIFIED.,.F.,.F.,(4,1,4),(1.58363515479562,2.36261390419271,3.14159265358979),
 .UNSPECIFIED.);
#139=B_SPLINE_CURVE_WITH_KNOTS('',3,(#14316,#14317,#14318,#14319,#14320),
 .UNSPECIFIED.,.F.,.F.,(4,1,4),(-3.14159265358979,-2.36261390419271,-1.58363515479562),
 .UNSPECIFIED.);
#140=B_SPLINE_CURVE_WITH_KNOTS('',3,(#14339,#14340,#14341,#14342),
 .UNSPECIFIED.,.F.,.F.,(4,4),(-1.58363515479562,-1.57079632679489),
 .UNSPECIFIED.);
#141=B_SPLINE_CURVE_WITH_KNOTS('',3,(#14362,#14363,#14364,#14365),
 .UNSPECIFIED.,.F.,.F.,(4,4),(1.5707963267949,1.58363515479562),
 .UNSPECIFIED.);
#142=B_SPLINE_CURVE_WITH_KNOTS('',3,(#14497,#14498,#14499,#14500),
 .UNSPECIFIED.,.F.,.F.,(4,4),(-1.58363515479562,-1.5707963267949),
 .UNSPECIFIED.);
#143=B_SPLINE_CURVE_WITH_KNOTS('',3,(#14502,#14503,#14504,#14505,#14506),
 .UNSPECIFIED.,.F.,.F.,(4,1,4),(-3.14159265358979,-2.36261390419271,-1.58363515479562),
 .UNSPECIFIED.);
#144=B_SPLINE_CURVE_WITH_KNOTS('',3,(#14510,#14511,#14512,#14513,#14514),
 .UNSPECIFIED.,.F.,.F.,(4,1,4),(1.58363515479562,2.36261390419271,3.14159265358979),
 .UNSPECIFIED.);
#145=B_SPLINE_CURVE_WITH_KNOTS('',3,(#14516,#14517,#14518,#14519),
 .UNSPECIFIED.,.F.,.F.,(4,4),(1.5707963267949,1.58363515479562),
 .UNSPECIFIED.);
#146=B_SPLINE_CURVE_WITH_KNOTS('',3,(#14523,#14524,#14525,#14526),
 .UNSPECIFIED.,.F.,.F.,(4,4),(-1.58363515479562,-1.5707963267949),
 .UNSPECIFIED.);
#147=B_SPLINE_CURVE_WITH_KNOTS('',3,(#14528,#14529,#14530,#14531,#14532),
 .UNSPECIFIED.,.F.,.F.,(4,1,4),(-3.14159265358979,-2.36261390419271,-1.58363515479562),
 .UNSPECIFIED.);
#148=B_SPLINE_CURVE_WITH_KNOTS('',3,(#14536,#14537,#14538,#14539,#14540),
 .UNSPECIFIED.,.F.,.F.,(4,1,4),(1.58363515479563,2.36261390419271,3.14159265358979),
 .UNSPECIFIED.);
#149=B_SPLINE_CURVE_WITH_KNOTS('',3,(#14541,#14542,#14543,#14544),
 .UNSPECIFIED.,.F.,.F.,(4,4),(1.5707963267949,1.58363515479563),
 .UNSPECIFIED.);
#150=B_SPLINE_CURVE_WITH_KNOTS('',3,(#14548,#14549,#14550,#14551,#14552),
 .UNSPECIFIED.,.F.,.F.,(4,1,4),(1.58363515479562,2.36261390419271,3.14159265358979),
 .UNSPECIFIED.);
#151=B_SPLINE_CURVE_WITH_KNOTS('',3,(#14560,#14561,#14562,#14563,#14564),
 .UNSPECIFIED.,.F.,.F.,(4,1,4),(-3.14159265358979,-2.36261390419271,-1.58363515479562),
 .UNSPECIFIED.);
#152=B_SPLINE_CURVE_WITH_KNOTS('',3,(#14583,#14584,#14585,#14586),
 .UNSPECIFIED.,.F.,.F.,(4,4),(-1.58363515479563,-1.5707963267949),
 .UNSPECIFIED.);
#153=B_SPLINE_CURVE_WITH_KNOTS('',3,(#14606,#14607,#14608,#14609),
 .UNSPECIFIED.,.F.,.F.,(4,4),(1.5707963267949,1.58363515479562),
 .UNSPECIFIED.);
#154=B_SPLINE_CURVE_WITH_KNOTS('',3,(#14751,#14752,#14753,#14754),
 .UNSPECIFIED.,.F.,.F.,(4,4),(-1.58363515479562,-1.5707963267949),
 .UNSPECIFIED.);
#155=B_SPLINE_CURVE_WITH_KNOTS('',3,(#14756,#14757,#14758,#14759,#14760),
 .UNSPECIFIED.,.F.,.F.,(4,1,4),(-3.14159265358979,-2.36261390419271,-1.58363515479562),
 .UNSPECIFIED.);
#156=B_SPLINE_CURVE_WITH_KNOTS('',3,(#14764,#14765,#14766,#14767,#14768),
 .UNSPECIFIED.,.F.,.F.,(4,1,4),(1.58363515479563,2.36261390419271,3.14159265358979),
 .UNSPECIFIED.);
#157=B_SPLINE_CURVE_WITH_KNOTS('',3,(#14770,#14771,#14772,#14773),
 .UNSPECIFIED.,.F.,.F.,(4,4),(1.5707963267949,1.58363515479562),
 .UNSPECIFIED.);
#158=B_SPLINE_CURVE_WITH_KNOTS('',3,(#14784,#14785,#14786,#14787),
 .UNSPECIFIED.,.F.,.F.,(4,4),(1.5707963267949,1.58363515479562),
 .UNSPECIFIED.);
#159=B_SPLINE_CURVE_WITH_KNOTS('',3,(#14792,#14793,#14794,#14795,#14796),
 .UNSPECIFIED.,.F.,.F.,(4,1,4),(1.58363515479562,2.36261390419271,3.14159265358979),
 .UNSPECIFIED.);
#160=B_SPLINE_CURVE_WITH_KNOTS('',3,(#14803,#14804,#14805,#14806,#14807),
 .UNSPECIFIED.,.F.,.F.,(4,1,4),(-3.14159265358979,-2.36261390419271,-1.58363515479563),
 .UNSPECIFIED.);
#161=B_SPLINE_CURVE_WITH_KNOTS('',3,(#14960,#14961,#14962,#14963),
 .UNSPECIFIED.,.F.,.F.,(4,4),(-1.58363515479563,-1.5707963267949),
 .UNSPECIFIED.);
#162=B_SPLINE_CURVE_WITH_KNOTS('',3,(#14965,#14966,#14967,#14968,#14969),
 .UNSPECIFIED.,.F.,.F.,(4,1,4),(-3.14159265358979,-2.36261390419271,-1.58363515479563),
 .UNSPECIFIED.);
#163=B_SPLINE_CURVE_WITH_KNOTS('',3,(#14973,#14974,#14975,#14976,#14977),
 .UNSPECIFIED.,.F.,.F.,(4,1,4),(1.58363515479562,2.36261390419271,3.14159265358979),
 .UNSPECIFIED.);
#164=B_SPLINE_CURVE_WITH_KNOTS('',3,(#14978,#14979,#14980,#14981),
 .UNSPECIFIED.,.F.,.F.,(4,4),(1.5707963267949,1.58363515479562),
 .UNSPECIFIED.);
#165=B_SPLINE_CURVE_WITH_KNOTS('',3,(#15009,#15010,#15011,#15012,#15013),
 .UNSPECIFIED.,.F.,.F.,(4,1,4),(1.58363515479563,2.36261390419271,3.14159265358979),
 .UNSPECIFIED.);
#166=B_SPLINE_CURVE_WITH_KNOTS('',3,(#15041,#15042,#15043,#15044,#15045),
 .UNSPECIFIED.,.F.,.F.,(4,1,4),(-3.14159265358979,-2.36261390419271,-1.58363515479562),
 .UNSPECIFIED.);
#167=B_SPLINE_CURVE_WITH_KNOTS('',3,(#15084,#15085,#15086,#15087),
 .UNSPECIFIED.,.F.,.F.,(4,4),(-1.58363515479562,-1.5707963267949),
 .UNSPECIFIED.);
#168=B_SPLINE_CURVE_WITH_KNOTS('',3,(#15104,#15105,#15106,#15107),
 .UNSPECIFIED.,.F.,.F.,(4,4),(1.5707963267949,1.58363515479563),
 .UNSPECIFIED.);
#169=B_SPLINE_CURVE_WITH_KNOTS('',3,(#15118,#15119,#15120,#15121),
 .UNSPECIFIED.,.F.,.F.,(4,4),(-1.58363515479563,-1.57079632679489),
 .UNSPECIFIED.);
#170=B_SPLINE_CURVE_WITH_KNOTS('',3,(#15133,#15134,#15135,#15136),
 .UNSPECIFIED.,.F.,.F.,(4,4),(1.57079632679489,1.58363515479563),
 .UNSPECIFIED.);
#171=B_SPLINE_CURVE_WITH_KNOTS('',3,(#15140,#15141,#15142,#15143),
 .UNSPECIFIED.,.F.,.F.,(4,4),(-1.58363515479563,-1.5707963267949),
 .UNSPECIFIED.);
#172=B_SPLINE_CURVE_WITH_KNOTS('',3,(#15155,#15156,#15157,#15158),
 .UNSPECIFIED.,.F.,.F.,(4,4),(1.5707963267949,1.58363515479562),
 .UNSPECIFIED.);
#173=B_SPLINE_CURVE_WITH_KNOTS('',3,(#15162,#15163,#15164,#15165),
 .UNSPECIFIED.,.F.,.F.,(4,4),(-1.58363515479562,-1.5707963267949),
 .UNSPECIFIED.);
#174=B_SPLINE_CURVE_WITH_KNOTS('',3,(#15177,#15178,#15179,#15180),
 .UNSPECIFIED.,.F.,.F.,(4,4),(1.5707963267949,1.58363515479562),
 .UNSPECIFIED.);
#175=B_SPLINE_CURVE_WITH_KNOTS('',3,(#15184,#15185,#15186,#15187),
 .UNSPECIFIED.,.F.,.F.,(4,4),(-1.58363515479563,-1.5707963267949),
 .UNSPECIFIED.);
#176=B_SPLINE_CURVE_WITH_KNOTS('',3,(#15259,#15260,#15261,#15262,#15263,
#15264,#15265,#15266,#15267,#15268,#15269,#15270,#15271,#15272),
 .UNSPECIFIED.,.F.,.F.,(4,1,1,1,1,1,1,1,1,1,1,4),(-0.468252134319,-0.421520183886424,
-0.374788233453847,-0.32805628302127,-0.281324332588694,-0.246158791015107,
-0.21099324944152,-0.175827707867934,-0.140662166294347,-0.10549662472076,
-0.0703310831471734,0.),.UNSPECIFIED.);
#177=B_SPLINE_CURVE_WITH_KNOTS('',3,(#15276,#15277,#15278,#15279,#15280,
#15281,#15282,#15283,#15284,#15285,#15286,#15287),.UNSPECIFIED.,.F.,.F.,
(4,1,1,1,1,1,1,1,1,4),(-1.00609617343878,-0.867075987915955,-0.779923109688888,
-0.692770231461821,-0.594003694624889,-0.495237157787956,-0.352347284096874,
-0.209457410405792,-0.104728705202896,0.),.UNSPECIFIED.);
#178=B_SPLINE_CURVE_WITH_KNOTS('',3,(#15317,#15318,#15319,#15320,#15321),
 .UNSPECIFIED.,.F.,.F.,(4,1,4),(1.58363515479563,2.36261390419271,3.14159265358979),
 .UNSPECIFIED.);
#179=B_SPLINE_CURVE_WITH_KNOTS('',3,(#15324,#15325,#15326,#15327,#15328),
 .UNSPECIFIED.,.F.,.F.,(4,1,4),(-3.14159265358979,-2.36261390419271,-1.58363515479563),
 .UNSPECIFIED.);
#180=B_SPLINE_CURVE_WITH_KNOTS('',3,(#15352,#15353,#15354,#15355,#15356),
 .UNSPECIFIED.,.F.,.F.,(4,1,4),(1.58363515479562,2.36261390419271,3.14159265358979),
 .UNSPECIFIED.);
#181=B_SPLINE_CURVE_WITH_KNOTS('',3,(#15359,#15360,#15361,#15362,#15363),
 .UNSPECIFIED.,.F.,.F.,(4,1,4),(-3.14159265358979,-2.36261390419271,-1.58363515479562),
 .UNSPECIFIED.);
#182=B_SPLINE_CURVE_WITH_KNOTS('',3,(#15389,#15390,#15391,#15392),
 .UNSPECIFIED.,.F.,.F.,(4,4),(1.5707963267949,1.58363515479563),
 .UNSPECIFIED.);
#183=B_SPLINE_CURVE_WITH_KNOTS('',3,(#15416,#15417,#15418,#15419,#15420),
 .UNSPECIFIED.,.F.,.F.,(4,1,4),(1.58363515479562,2.36261390419271,3.14159265358979),
 .UNSPECIFIED.);
#184=B_SPLINE_CURVE_WITH_KNOTS('',3,(#15423,#15424,#15425,#15426,#15427),
 .UNSPECIFIED.,.F.,.F.,(4,1,4),(-3.14159265358979,-2.36261390419271,-1.58363515479562),
 .UNSPECIFIED.);
#185=B_SPLINE_CURVE_WITH_KNOTS('',3,(#15457,#15458,#15459,#15460,#15461),
 .UNSPECIFIED.,.F.,.F.,(4,1,4),(1.58363515479562,2.36261390419271,3.14159265358979),
 .UNSPECIFIED.);
#186=B_SPLINE_CURVE_WITH_KNOTS('',3,(#15462,#15463,#15464,#15465,#15466),
 .UNSPECIFIED.,.F.,.F.,(4,1,4),(-3.14159265358979,-2.36261390419271,-1.58363515479562),
 .UNSPECIFIED.);
#187=B_SPLINE_CURVE_WITH_KNOTS('',3,(#15483,#15484,#15485,#15486),
 .UNSPECIFIED.,.F.,.F.,(4,4),(-1.58363515479562,-1.5707963267949),
 .UNSPECIFIED.);
#188=B_SPLINE_CURVE_WITH_KNOTS('',3,(#15512,#15513,#15514,#15515),
 .UNSPECIFIED.,.F.,.F.,(4,4),(1.5707963267949,1.58363515479563),
 .UNSPECIFIED.);
#189=B_SPLINE_CURVE_WITH_KNOTS('',3,(#15516,#15517,#15518,#15519),
 .UNSPECIFIED.,.F.,.F.,(4,4),(-1.58363515479563,-1.5707963267949),
 .UNSPECIFIED.);
#190=B_SPLINE_CURVE_WITH_KNOTS('',3,(#15536,#15537,#15538,#15539),
 .UNSPECIFIED.,.F.,.F.,(4,4),(-1.58363515479562,-1.5707963267949),
 .UNSPECIFIED.);
#191=B_SPLINE_CURVE_WITH_KNOTS('',3,(#15540,#15541,#15542,#15543),
 .UNSPECIFIED.,.F.,.F.,(4,4),(1.5707963267949,1.58363515479562),
 .UNSPECIFIED.);
#192=B_SPLINE_CURVE_WITH_KNOTS('',3,(#15575,#15576,#15577,#15578),
 .UNSPECIFIED.,.F.,.F.,(4,4),(1.5707963267949,1.58363515479562),
 .UNSPECIFIED.);
#193=B_SPLINE_CURVE_WITH_KNOTS('',3,(#15582,#15583,#15584,#15585),
 .UNSPECIFIED.,.F.,.F.,(4,4),(-1.58363515479562,-1.57079632679489),
 .UNSPECIFIED.);
#194=B_SPLINE_CURVE_WITH_KNOTS('',3,(#15597,#15598,#15599,#15600),
 .UNSPECIFIED.,.F.,.F.,(4,4),(1.5707963267949,1.58363515479563),
 .UNSPECIFIED.);
#195=B_SPLINE_CURVE_WITH_KNOTS('',3,(#15604,#15605,#15606,#15607),
 .UNSPECIFIED.,.F.,.F.,(4,4),(-1.58363515479562,-1.5707963267949),
 .UNSPECIFIED.);
#196=B_SPLINE_CURVE_WITH_KNOTS('',3,(#15619,#15620,#15621,#15622),
 .UNSPECIFIED.,.F.,.F.,(4,4),(1.5707963267949,1.58363515479562),
 .UNSPECIFIED.);
#197=B_SPLINE_CURVE_WITH_KNOTS('',3,(#15652,#15653,#15654,#15655,#15656),
 .UNSPECIFIED.,.F.,.F.,(4,1,4),(1.58363515479562,2.36261390419271,3.14159265358979),
 .UNSPECIFIED.);
#198=B_SPLINE_CURVE_WITH_KNOTS('',3,(#15659,#15660,#15661,#15662,#15663),
 .UNSPECIFIED.,.F.,.F.,(4,1,4),(-3.14159265358979,-2.36261390419271,-1.58363515479562),
 .UNSPECIFIED.);
#199=B_SPLINE_CURVE_WITH_KNOTS('',3,(#15692,#15693,#15694,#15695,#15696),
 .UNSPECIFIED.,.F.,.F.,(4,1,4),(1.58363515479562,2.36261390419271,3.14159265358979),
 .UNSPECIFIED.);
#200=B_SPLINE_CURVE_WITH_KNOTS('',3,(#15697,#15698,#15699,#15700,#15701),
 .UNSPECIFIED.,.F.,.F.,(4,1,4),(-3.14159265358979,-2.36261390419271,-1.58363515479562),
 .UNSPECIFIED.);
#201=B_SPLINE_CURVE_WITH_KNOTS('',3,(#15724,#15725,#15726,#15727),
 .UNSPECIFIED.,.F.,.F.,(4,4),(1.5707963267949,1.58363515479562),
 .UNSPECIFIED.);
#202=B_SPLINE_CURVE_WITH_KNOTS('',3,(#15751,#15752,#15753,#15754,#15755),
 .UNSPECIFIED.,.F.,.F.,(4,1,4),(1.58363515479562,2.36261390419271,3.14159265358979),
 .UNSPECIFIED.);
#203=B_SPLINE_CURVE_WITH_KNOTS('',3,(#15758,#15759,#15760,#15761,#15762),
 .UNSPECIFIED.,.F.,.F.,(4,1,4),(-3.14159265358979,-2.36261390419271,-1.58363515479562),
 .UNSPECIFIED.);
#204=B_SPLINE_CURVE_WITH_KNOTS('',3,(#15791,#15792,#15793,#15794,#15795),
 .UNSPECIFIED.,.F.,.F.,(4,1,4),(1.58363515479562,2.36261390419271,3.14159265358979),
 .UNSPECIFIED.);
#205=B_SPLINE_CURVE_WITH_KNOTS('',3,(#15796,#15797,#15798,#15799,#15800),
 .UNSPECIFIED.,.F.,.F.,(4,1,4),(-3.14159265358979,-2.36261390419271,-1.58363515479562),
 .UNSPECIFIED.);
#206=B_SPLINE_CURVE_WITH_KNOTS('',3,(#15817,#15818,#15819,#15820),
 .UNSPECIFIED.,.F.,.F.,(4,4),(-1.58363515479562,-1.5707963267949),
 .UNSPECIFIED.);
#207=B_SPLINE_CURVE_WITH_KNOTS('',3,(#15843,#15844,#15845,#15846),
 .UNSPECIFIED.,.F.,.F.,(4,4),(1.57079632679489,1.58363515479562),
 .UNSPECIFIED.);
#208=B_SPLINE_CURVE_WITH_KNOTS('',3,(#15863,#15864,#15865,#15866),
 .UNSPECIFIED.,.F.,.F.,(4,4),(-1.58363515479562,-1.5707963267949),
 .UNSPECIFIED.);
#209=B_SPLINE_CURVE_WITH_KNOTS('',3,(#15901,#15902,#15903,#15904,#15905),
 .UNSPECIFIED.,.F.,.F.,(4,1,4),(1.58363515479563,2.36261390419271,3.14159265358979),
 .UNSPECIFIED.);
#210=B_SPLINE_CURVE_WITH_KNOTS('',3,(#15908,#15909,#15910,#15911,#15912),
 .UNSPECIFIED.,.F.,.F.,(4,1,4),(-3.14159265358979,-2.36261390419271,-1.58363515479563),
 .UNSPECIFIED.);
#211=B_SPLINE_CURVE_WITH_KNOTS('',3,(#15941,#15942,#15943,#15944,#15945),
 .UNSPECIFIED.,.F.,.F.,(4,1,4),(1.58363515479562,2.36261390419271,3.14159265358979),
 .UNSPECIFIED.);
#212=B_SPLINE_CURVE_WITH_KNOTS('',3,(#15946,#15947,#15948,#15949,#15950),
 .UNSPECIFIED.,.F.,.F.,(4,1,4),(-3.14159265358979,-2.36261390419271,-1.58363515479562),
 .UNSPECIFIED.);
#213=B_SPLINE_CURVE_WITH_KNOTS('',3,(#15973,#15974,#15975,#15976),
 .UNSPECIFIED.,.F.,.F.,(4,4),(1.5707963267949,1.58363515479563),
 .UNSPECIFIED.);
#214=B_SPLINE_CURVE_WITH_KNOTS('',3,(#16000,#16001,#16002,#16003,#16004),
 .UNSPECIFIED.,.F.,.F.,(4,1,4),(1.58363515479563,2.36261390419271,3.14159265358979),
 .UNSPECIFIED.);
#215=B_SPLINE_CURVE_WITH_KNOTS('',3,(#16007,#16008,#16009,#16010,#16011),
 .UNSPECIFIED.,.F.,.F.,(4,1,4),(-3.14159265358979,-2.36261390419271,-1.58363515479563),
 .UNSPECIFIED.);
#216=B_SPLINE_CURVE_WITH_KNOTS('',3,(#16040,#16041,#16042,#16043,#16044),
 .UNSPECIFIED.,.F.,.F.,(4,1,4),(1.58363515479562,2.36261390419271,3.14159265358979),
 .UNSPECIFIED.);
#217=B_SPLINE_CURVE_WITH_KNOTS('',3,(#16045,#16046,#16047,#16048,#16049),
 .UNSPECIFIED.,.F.,.F.,(4,1,4),(-3.14159265358979,-2.36261390419271,-1.58363515479562),
 .UNSPECIFIED.);
#218=B_SPLINE_CURVE_WITH_KNOTS('',3,(#16066,#16067,#16068,#16069),
 .UNSPECIFIED.,.F.,.F.,(4,4),(-1.58363515479563,-1.57079632679489),
 .UNSPECIFIED.);
#219=B_SPLINE_CURVE_WITH_KNOTS('',3,(#16092,#16093,#16094,#16095),
 .UNSPECIFIED.,.F.,.F.,(4,4),(1.5707963267949,1.58363515479562),
 .UNSPECIFIED.);
#220=B_SPLINE_CURVE_WITH_KNOTS('',3,(#16112,#16113,#16114,#16115),
 .UNSPECIFIED.,.F.,.F.,(4,4),(-1.58363515479563,-1.5707963267949),
 .UNSPECIFIED.);
#221=B_SPLINE_CURVE_WITH_KNOTS('',3,(#16148,#16149,#16150,#16151),
 .UNSPECIFIED.,.F.,.F.,(4,4),(-1.58363515479562,-1.5707963267949),
 .UNSPECIFIED.);
#222=B_SPLINE_CURVE_WITH_KNOTS('',3,(#16153,#16154,#16155,#16156,#16157),
 .UNSPECIFIED.,.F.,.F.,(4,1,4),(-3.14159265358979,-2.36261390419271,-1.58363515479562),
 .UNSPECIFIED.);
#223=B_SPLINE_CURVE_WITH_KNOTS('',3,(#16161,#16162,#16163,#16164,#16165),
 .UNSPECIFIED.,.F.,.F.,(4,1,4),(1.58363515479562,2.36261390419271,3.14159265358979),
 .UNSPECIFIED.);
#224=B_SPLINE_CURVE_WITH_KNOTS('',3,(#16166,#16167,#16168,#16169),
 .UNSPECIFIED.,.F.,.F.,(4,4),(1.57079632679489,1.58363515479563),
 .UNSPECIFIED.);
#225=B_SPLINE_CURVE_WITH_KNOTS('',3,(#16196,#16197,#16198,#16199,#16200),
 .UNSPECIFIED.,.F.,.F.,(4,1,4),(1.58363515479562,2.36261390419271,3.14159265358979),
 .UNSPECIFIED.);
#226=B_SPLINE_CURVE_WITH_KNOTS('',3,(#16227,#16228,#16229,#16230,#16231),
 .UNSPECIFIED.,.F.,.F.,(4,1,4),(-3.14159265358979,-2.36261390419271,-1.58363515479562),
 .UNSPECIFIED.);
#227=B_SPLINE_CURVE_WITH_KNOTS('',3,(#16293,#16294,#16295,#16296,#16297,
#16298,#16299,#16300,#16301,#16302,#16303,#16304,#16305,#16306),
 .UNSPECIFIED.,.F.,.F.,(4,1,1,1,1,1,1,1,1,1,1,4),(0.,0.0703310831471734,
0.10549662472076,0.140662166294347,0.175827707867934,0.21099324944152,0.246158791015107,
0.281324332588694,0.32805628302127,0.374788233453847,0.421520183886424,
0.468252134319),.UNSPECIFIED.);
#228=B_SPLINE_CURVE_WITH_KNOTS('',3,(#16310,#16311,#16312,#16313,#16314,
#16315,#16316,#16317,#16318,#16319,#16320,#16321),.UNSPECIFIED.,.F.,.F.,
(4,1,1,1,1,1,1,1,1,4),(0.,0.104728705202896,0.209457410405792,0.352347284096874,
0.495237157787956,0.594003694624889,0.692770231461821,0.779923109688888,
0.867075987915955,1.00609617343878),.UNSPECIFIED.);
#229=TOROIDAL_SURFACE('',#9074,2.6,0.6);
#230=TOROIDAL_SURFACE('',#9106,2.6,0.6);
#231=TOROIDAL_SURFACE('',#9111,2.6,0.6);
#232=TOROIDAL_SURFACE('',#9113,2.6,0.6);
#233=TOROIDAL_SURFACE('',#9118,2.6,0.6);
#234=TOROIDAL_SURFACE('',#9122,2.6,0.6);
#235=TOROIDAL_SURFACE('',#9181,2.6,0.6);
#236=TOROIDAL_SURFACE('',#9185,2.6,0.6);
#237=TOROIDAL_SURFACE('',#9194,2.6,0.6);
#238=TOROIDAL_SURFACE('',#9199,2.6,0.6);
#239=TOROIDAL_SURFACE('',#9205,2.6,0.6);
#240=TOROIDAL_SURFACE('',#9210,2.6,0.6);
#241=TOROIDAL_SURFACE('',#9216,2.6,0.6);
#242=TOROIDAL_SURFACE('',#9221,2.6,0.6);
#243=TOROIDAL_SURFACE('',#9236,2.6,0.6);
#244=TOROIDAL_SURFACE('',#9240,2.6,0.6);
#245=TOROIDAL_SURFACE('',#9301,2.6,0.6);
#246=TOROIDAL_SURFACE('',#9306,2.6,0.6);
#247=TOROIDAL_SURFACE('',#9322,2.6,0.6);
#248=TOROIDAL_SURFACE('',#9327,2.6,0.6);
#249=TOROIDAL_SURFACE('',#9334,2.6,0.6);
#250=TOROIDAL_SURFACE('',#9339,2.6,0.6);
#251=TOROIDAL_SURFACE('',#9414,2.6,0.6);
#252=TOROIDAL_SURFACE('',#9428,2.6,0.6);
#253=TOROIDAL_SURFACE('',#9446,2.6,0.6);
#254=TOROIDAL_SURFACE('',#9456,2.6,0.6);
#255=TOROIDAL_SURFACE('',#9471,2.6,0.6);
#256=TOROIDAL_SURFACE('',#9479,2.6,0.6);
#257=TOROIDAL_SURFACE('',#9483,2.6,0.6);
#258=TOROIDAL_SURFACE('',#9484,2.6,0.6);
#259=TOROIDAL_SURFACE('',#9488,2.6,0.6);
#260=TOROIDAL_SURFACE('',#9489,2.6,0.6);
#261=CONICAL_SURFACE('',#9027,2.5,0.785398163397448);
#262=CONICAL_SURFACE('',#9030,2.5,0.785398163397448);
#263=CONICAL_SURFACE('',#9033,2.5,0.785398163397447);
#264=CONICAL_SURFACE('',#9037,2.5,0.785398163397448);
#265=CONICAL_SURFACE('',#9170,1.45000000000586,0.785398161141812);
#266=CONICAL_SURFACE('',#9188,2.9,0.78539816339745);
#267=CONICAL_SURFACE('',#9190,2.9,0.785398163397448);
#268=CONICAL_SURFACE('',#9229,1.45000000093703,0.785398164955048);
#269=CONICAL_SURFACE('',#9242,2.9,0.785398163397449);
#270=CONICAL_SURFACE('',#9244,2.9,0.78539816339745);
#271=CONICAL_SURFACE('',#9249,3.10000000153766,0.785398163397412);
#272=CONICAL_SURFACE('',#9261,3.10000000067694,0.785398157287072);
#273=CONICAL_SURFACE('',#9266,1.70000000155903,0.785398164531379);
#274=CONICAL_SURFACE('',#9277,2.9,0.78539816339745);
#275=CONICAL_SURFACE('',#9280,2.9,0.785398163397449);
#276=CONICAL_SURFACE('',#9342,1.70000000037286,0.785398166439814);
#277=CONICAL_SURFACE('',#9353,2.9,0.785398163397448);
#278=CONICAL_SURFACE('',#9356,2.9,0.78539816339745);
#279=CONICAL_SURFACE('',#9397,2.5,0.785398163397448);
#280=CONICAL_SURFACE('',#9399,2.5,0.785398163397447);
#281=CONICAL_SURFACE('',#9401,2.5,0.785398163397448);
#282=CONICAL_SURFACE('',#9403,2.5,0.785398163397447);
#283=ITEM_DEFINED_TRANSFORMATION($,$,#8764,#9000);
#284=ITEM_DEFINED_TRANSFORMATION($,$,#8823,#9001);
#285=ITEM_DEFINED_TRANSFORMATION($,$,#8882,#9002);
#286=ITEM_DEFINED_TRANSFORMATION($,$,#8941,#9003);
#287=ITEM_DEFINED_TRANSFORMATION($,$,#8763,#9247);
#288=ITEM_DEFINED_TRANSFORMATION($,$,#8762,#9492);
#289=ITEM_DEFINED_TRANSFORMATION($,$,#9248,#9493);
#290=(
REPRESENTATION_RELATIONSHIP($,$,#16705,#16704)
REPRESENTATION_RELATIONSHIP_WITH_TRANSFORMATION(#283)
SHAPE_REPRESENTATION_RELATIONSHIP()
);
#291=(
REPRESENTATION_RELATIONSHIP($,$,#16706,#16704)
REPRESENTATION_RELATIONSHIP_WITH_TRANSFORMATION(#284)
SHAPE_REPRESENTATION_RELATIONSHIP()
);
#292=(
REPRESENTATION_RELATIONSHIP($,$,#16707,#16704)
REPRESENTATION_RELATIONSHIP_WITH_TRANSFORMATION(#285)
SHAPE_REPRESENTATION_RELATIONSHIP()
);
#293=(
REPRESENTATION_RELATIONSHIP($,$,#16708,#16704)
REPRESENTATION_RELATIONSHIP_WITH_TRANSFORMATION(#286)
SHAPE_REPRESENTATION_RELATIONSHIP()
);
#294=(
REPRESENTATION_RELATIONSHIP($,$,#16704,#16703)
REPRESENTATION_RELATIONSHIP_WITH_TRANSFORMATION(#287)
SHAPE_REPRESENTATION_RELATIONSHIP()
);
#295=(
REPRESENTATION_RELATIONSHIP($,$,#16703,#16702)
REPRESENTATION_RELATIONSHIP_WITH_TRANSFORMATION(#288)
SHAPE_REPRESENTATION_RELATIONSHIP()
);
#296=(
REPRESENTATION_RELATIONSHIP($,$,#16709,#16702)
REPRESENTATION_RELATIONSHIP_WITH_TRANSFORMATION(#289)
SHAPE_REPRESENTATION_RELATIONSHIP()
);
#297=CONTEXT_DEPENDENT_SHAPE_REPRESENTATION(#290,#16694);
#298=CONTEXT_DEPENDENT_SHAPE_REPRESENTATION(#291,#16695);
#299=CONTEXT_DEPENDENT_SHAPE_REPRESENTATION(#292,#16696);
#300=CONTEXT_DEPENDENT_SHAPE_REPRESENTATION(#293,#16697);
#301=CONTEXT_DEPENDENT_SHAPE_REPRESENTATION(#294,#16698);
#302=CONTEXT_DEPENDENT_SHAPE_REPRESENTATION(#295,#16700);
#303=CONTEXT_DEPENDENT_SHAPE_REPRESENTATION(#296,#16701);
#304=NEXT_ASSEMBLY_USAGE_OCCURRENCE('Cable_Clamp_Top_FBLR (1):1',
'Cable_Clamp_Top_FBLR (1):1','Cable_Clamp_Top_FBLR (1):1',#16713,#16714,
'Cable_Clamp_Top_FBLR (1):1');
#305=NEXT_ASSEMBLY_USAGE_OCCURRENCE('Cable_Clamp_Top_FBLR (2):1',
'Cable_Clamp_Top_FBLR (2):1','Cable_Clamp_Top_FBLR (2):1',#16713,#16715,
'Cable_Clamp_Top_FBLR (2):1');
#306=NEXT_ASSEMBLY_USAGE_OCCURRENCE('Cable_Clamp_Top_FBLR (4):1',
'Cable_Clamp_Top_FBLR (4):1','Cable_Clamp_Top_FBLR (4):1',#16713,#16716,
'Cable_Clamp_Top_FBLR (4):1');
#307=NEXT_ASSEMBLY_USAGE_OCCURRENCE('Cable_Clamp_Top_FBLR (3):1',
'Cable_Clamp_Top_FBLR (3):1','Cable_Clamp_Top_FBLR (3):1',#16713,#16717,
'Cable_Clamp_Top_FBLR (3):1');
#308=NEXT_ASSEMBLY_USAGE_OCCURRENCE('Labels:1','Labels:1','Labels:1',#16712,
#16713,'Labels:1');
#309=NEXT_ASSEMBLY_USAGE_OCCURRENCE('Cable_Clamp_Top:1',
'Cable_Clamp_Top:1','Cable_Clamp_Top:1',#16711,#16712,
'Cable_Clamp_Top:1');
#310=NEXT_ASSEMBLY_USAGE_OCCURRENCE('Cable_Clamp_Bottom:1',
'Cable_Clamp_Bottom:1','Cable_Clamp_Bottom:1',#16711,#16718,
'Cable_Clamp_Bottom:1');
#311=SHAPE_REPRESENTATION_RELATIONSHIP('SRR','None',#16705,#317);
#312=SHAPE_REPRESENTATION_RELATIONSHIP('SRR','None',#16706,#318);
#313=SHAPE_REPRESENTATION_RELATIONSHIP('SRR','None',#16707,#319);
#314=SHAPE_REPRESENTATION_RELATIONSHIP('SRR','None',#16708,#320);
#315=SHAPE_REPRESENTATION_RELATIONSHIP('SRR','None',#16703,#321);
#316=SHAPE_REPRESENTATION_RELATIONSHIP('SRR','None',#16709,#322);
#317=ADVANCED_BREP_SHAPE_REPRESENTATION('',(#329),#16669);
#318=ADVANCED_BREP_SHAPE_REPRESENTATION('',(#330),#16670);
#319=ADVANCED_BREP_SHAPE_REPRESENTATION('',(#331),#16671);
#320=ADVANCED_BREP_SHAPE_REPRESENTATION('',(#332),#16672);
#321=ADVANCED_BREP_SHAPE_REPRESENTATION('',(#333),#16667);
#322=ADVANCED_BREP_SHAPE_REPRESENTATION('',(#334),#16673);
#323=STYLED_ITEM('',(#16746),#329);
#324=STYLED_ITEM('',(#16746),#330);
#325=STYLED_ITEM('',(#16746),#331);
#326=STYLED_ITEM('',(#16746),#332);
#327=STYLED_ITEM('',(#16746),#333);
#328=STYLED_ITEM('',(#16746),#334);
#329=MANIFOLD_SOLID_BREP('Down',#8699);
#330=MANIFOLD_SOLID_BREP('Left',#8700);
#331=MANIFOLD_SOLID_BREP('Up',#8701);
#332=MANIFOLD_SOLID_BREP('Right',#8702);
#333=MANIFOLD_SOLID_BREP('Cable_Clamp_Top_FBLR',#8703);
#334=MANIFOLD_SOLID_BREP('Cable_Clamp_Bottom',#8704);
#335=SPHERICAL_SURFACE('',#8778,0.4);
#336=SPHERICAL_SURFACE('',#8783,0.4);
#337=SPHERICAL_SURFACE('',#8789,0.4);
#338=SPHERICAL_SURFACE('',#8794,0.4);
#339=SPHERICAL_SURFACE('',#8805,0.400000000000001);
#340=SPHERICAL_SURFACE('',#8852,0.400000000000001);
#341=SPHERICAL_SURFACE('',#8856,0.4);
#342=SPHERICAL_SURFACE('',#8866,0.399999999999999);
#343=SPHERICAL_SURFACE('',#8873,0.4);
#344=SPHERICAL_SURFACE('',#8880,0.4);
#345=SPHERICAL_SURFACE('',#8891,0.400000000000001);
#346=SPHERICAL_SURFACE('',#8896,0.4);
#347=SPHERICAL_SURFACE('',#8901,0.400000000000001);
#348=SPHERICAL_SURFACE('',#8918,0.4);
#349=SPHERICAL_SURFACE('',#8923,0.4);
#350=SPHERICAL_SURFACE('',#8950,0.400000000000001);
#351=SPHERICAL_SURFACE('',#8955,0.400000000000001);
#352=SPHERICAL_SURFACE('',#8966,0.4);
#353=SPHERICAL_SURFACE('',#8971,0.4);
#354=SPHERICAL_SURFACE('',#8982,0.4);
#355=CYLINDRICAL_SURFACE('',#8777,0.4);
#356=CYLINDRICAL_SURFACE('',#8782,0.4);
#357=CYLINDRICAL_SURFACE('',#8787,0.4);
#358=CYLINDRICAL_SURFACE('',#8788,0.4);
#359=CYLINDRICAL_SURFACE('',#8793,0.4);
#360=CYLINDRICAL_SURFACE('',#8798,0.4);
#361=CYLINDRICAL_SURFACE('',#8799,0.4);
#362=CYLINDRICAL_SURFACE('',#8804,0.4);
#363=CYLINDRICAL_SURFACE('',#8809,0.4);
#364=CYLINDRICAL_SURFACE('',#8810,0.4);
#365=CYLINDRICAL_SURFACE('',#8811,0.4);
#366=CYLINDRICAL_SURFACE('',#8812,0.4);
#367=CYLINDRICAL_SURFACE('',#8813,0.4);
#368=CYLINDRICAL_SURFACE('',#8814,0.4);
#369=CYLINDRICAL_SURFACE('',#8834,0.4);
#370=CYLINDRICAL_SURFACE('',#8837,0.4);
#371=CYLINDRICAL_SURFACE('',#8840,0.4);
#372=CYLINDRICAL_SURFACE('',#8843,0.4);
#373=CYLINDRICAL_SURFACE('',#8846,0.4);
#374=CYLINDRICAL_SURFACE('',#8849,0.4);
#375=CYLINDRICAL_SURFACE('',#8853,0.4);
#376=CYLINDRICAL_SURFACE('',#8857,0.4);
#377=CYLINDRICAL_SURFACE('',#8860,0.4);
#378=CYLINDRICAL_SURFACE('',#8863,0.4);
#379=CYLINDRICAL_SURFACE('',#8867,0.4);
#380=CYLINDRICAL_SURFACE('',#8870,0.4);
#381=CYLINDRICAL_SURFACE('',#8874,0.4);
#382=CYLINDRICAL_SURFACE('',#8877,0.4);
#383=CYLINDRICAL_SURFACE('',#8895,0.4);
#384=CYLINDRICAL_SURFACE('',#8900,0.4);
#385=CYLINDRICAL_SURFACE('',#8905,0.4);
#386=CYLINDRICAL_SURFACE('',#8906,0.4);
#387=CYLINDRICAL_SURFACE('',#8911,0.4);
#388=CYLINDRICAL_SURFACE('',#8916,0.4);
#389=CYLINDRICAL_SURFACE('',#8917,0.4);
#390=CYLINDRICAL_SURFACE('',#8922,0.4);
#391=CYLINDRICAL_SURFACE('',#8927,0.4);
#392=CYLINDRICAL_SURFACE('',#8928,0.4);
#393=CYLINDRICAL_SURFACE('',#8929,0.4);
#394=CYLINDRICAL_SURFACE('',#8930,0.4);
#395=CYLINDRICAL_SURFACE('',#8931,0.4);
#396=CYLINDRICAL_SURFACE('',#8932,0.4);
#397=CYLINDRICAL_SURFACE('',#8954,0.4);
#398=CYLINDRICAL_SURFACE('',#8959,0.4);
#399=CYLINDRICAL_SURFACE('',#8964,0.4);
#400=CYLINDRICAL_SURFACE('',#8965,0.4);
#401=CYLINDRICAL_SURFACE('',#8970,0.4);
#402=CYLINDRICAL_SURFACE('',#8975,0.4);
#403=CYLINDRICAL_SURFACE('',#8976,0.4);
#404=CYLINDRICAL_SURFACE('',#8981,0.4);
#405=CYLINDRICAL_SURFACE('',#8986,0.4);
#406=CYLINDRICAL_SURFACE('',#8987,0.4);
#407=CYLINDRICAL_SURFACE('',#8988,0.4);
#408=CYLINDRICAL_SURFACE('',#8989,0.4);
#409=CYLINDRICAL_SURFACE('',#8990,0.4);
#410=CYLINDRICAL_SURFACE('',#8991,0.4);
#411=CYLINDRICAL_SURFACE('',#9020,3.);
#412=CYLINDRICAL_SURFACE('',#9024,3.);
#413=CYLINDRICAL_SURFACE('',#9041,3.);
#414=CYLINDRICAL_SURFACE('',#9044,3.);
#415=CYLINDRICAL_SURFACE('',#9047,0.6);
#416=CYLINDRICAL_SURFACE('',#9050,0.6);
#417=CYLINDRICAL_SURFACE('',#9053,0.6);
#418=CYLINDRICAL_SURFACE('',#9054,0.6);
#419=CYLINDRICAL_SURFACE('',#9057,0.6);
#420=CYLINDRICAL_SURFACE('',#9060,0.6);
#421=CYLINDRICAL_SURFACE('',#9061,0.6);
#422=CYLINDRICAL_SURFACE('',#9064,0.6);
#423=CYLINDRICAL_SURFACE('',#9067,0.6);
#424=CYLINDRICAL_SURFACE('',#9068,0.6);
#425=CYLINDRICAL_SURFACE('',#9071,0.6);
#426=CYLINDRICAL_SURFACE('',#9077,0.6);
#427=CYLINDRICAL_SURFACE('',#9078,0.6);
#428=CYLINDRICAL_SURFACE('',#9081,0.6);
#429=CYLINDRICAL_SURFACE('',#9084,0.6);
#430=CYLINDRICAL_SURFACE('',#9085,0.6);
#431=CYLINDRICAL_SURFACE('',#9088,0.6);
#432=CYLINDRICAL_SURFACE('',#9091,0.6);
#433=CYLINDRICAL_SURFACE('',#9092,0.6);
#434=CYLINDRICAL_SURFACE('',#9095,0.6);
#435=CYLINDRICAL_SURFACE('',#9098,0.6);
#436=CYLINDRICAL_SURFACE('',#9099,0.6);
#437=CYLINDRICAL_SURFACE('',#9102,0.6);
#438=CYLINDRICAL_SURFACE('',#9105,0.6);
#439=CYLINDRICAL_SURFACE('',#9109,2.);
#440=CYLINDRICAL_SURFACE('',#9116,2.);
#441=CYLINDRICAL_SURFACE('',#9120,2.);
#442=CYLINDRICAL_SURFACE('',#9167,1.34999999979152);
#443=CYLINDRICAL_SURFACE('',#9183,2.);
#444=CYLINDRICAL_SURFACE('',#9197,2.);
#445=CYLINDRICAL_SURFACE('',#9208,2.);
#446=CYLINDRICAL_SURFACE('',#9219,2.);
#447=CYLINDRICAL_SURFACE('',#9226,1.35000000041634);
#448=CYLINDRICAL_SURFACE('',#9238,2.);
#449=CYLINDRICAL_SURFACE('',#9259,3.00000000153766);
#450=CYLINDRICAL_SURFACE('',#9264,3.00000000067089);
#451=CYLINDRICAL_SURFACE('',#9273,1.60000000153885);
#452=CYLINDRICAL_SURFACE('',#9292,3.);
#453=CYLINDRICAL_SURFACE('',#9295,3.);
#454=CYLINDRICAL_SURFACE('',#9304,2.);
#455=CYLINDRICAL_SURFACE('',#9325,2.);
#456=CYLINDRICAL_SURFACE('',#9337,2.);
#457=CYLINDRICAL_SURFACE('',#9349,1.60000000042824);
#458=CYLINDRICAL_SURFACE('',#9359,3.);
#459=CYLINDRICAL_SURFACE('',#9362,3.);
#460=CYLINDRICAL_SURFACE('',#9405,2.);
#461=CYLINDRICAL_SURFACE('',#9408,0.6);
#462=CYLINDRICAL_SURFACE('',#9411,0.6);
#463=CYLINDRICAL_SURFACE('',#9415,0.6);
#464=CYLINDRICAL_SURFACE('',#9416,0.6);
#465=CYLINDRICAL_SURFACE('',#9419,0.6);
#466=CYLINDRICAL_SURFACE('',#9421,0.6);
#467=CYLINDRICAL_SURFACE('',#9422,0.6);
#468=CYLINDRICAL_SURFACE('',#9425,0.6);
#469=CYLINDRICAL_SURFACE('',#9427,0.6);
#470=CYLINDRICAL_SURFACE('',#9431,0.6);
#471=CYLINDRICAL_SURFACE('',#9433,0.6);
#472=CYLINDRICAL_SURFACE('',#9435,0.6);
#473=CYLINDRICAL_SURFACE('',#9436,2.);
#474=CYLINDRICAL_SURFACE('',#9441,0.6);
#475=CYLINDRICAL_SURFACE('',#9443,0.6);
#476=CYLINDRICAL_SURFACE('',#9447,0.6);
#477=CYLINDRICAL_SURFACE('',#9451,0.6);
#478=CYLINDRICAL_SURFACE('',#9453,0.6);
#479=CYLINDRICAL_SURFACE('',#9458,0.6);
#480=CYLINDRICAL_SURFACE('',#9462,0.6);
#481=CYLINDRICAL_SURFACE('',#9464,0.6);
#482=CYLINDRICAL_SURFACE('',#9467,0.6);
#483=CYLINDRICAL_SURFACE('',#9473,0.6);
#484=CYLINDRICAL_SURFACE('',#9475,0.6);
#485=CYLINDRICAL_SURFACE('',#9478,0.6);
#486=CYLINDRICAL_SURFACE('',#9481,2.);
#487=CYLINDRICAL_SURFACE('',#9486,2.);
#488=CYLINDRICAL_SURFACE('',#9491,2.);
#489=CIRCLE('',#8773,0.4);
#490=CIRCLE('',#8775,0.4);
#491=CIRCLE('',#8779,0.4);
#492=CIRCLE('',#8780,0.4);
#493=CIRCLE('',#8781,0.4);
#494=CIRCLE('',#8784,0.4);
#495=CIRCLE('',#8785,0.4);
#496=CIRCLE('',#8786,0.4);
#497=CIRCLE('',#8790,0.4);
#498=CIRCLE('',#8791,0.4);
#499=CIRCLE('',#8792,0.4);
#500=CIRCLE('',#8795,0.4);
#501=CIRCLE('',#8796,0.4);
#502=CIRCLE('',#8797,0.4);
#503=CIRCLE('',#8800,0.4);
#504=CIRCLE('',#8802,0.4);
#505=CIRCLE('',#8806,0.4);
#506=CIRCLE('',#8807,0.400000000000001);
#507=CIRCLE('',#8808,0.4);
#508=CIRCLE('',#8835,0.4);
#509=CIRCLE('',#8836,0.4);
#510=CIRCLE('',#8838,0.4);
#511=CIRCLE('',#8839,0.4);
#512=CIRCLE('',#8841,0.4);
#513=CIRCLE('',#8842,0.4);
#514=CIRCLE('',#8844,0.4);
#515=CIRCLE('',#8845,0.4);
#516=CIRCLE('',#8847,0.4);
#517=CIRCLE('',#8848,0.4);
#518=CIRCLE('',#8851,0.400000000000001);
#519=CIRCLE('',#8855,0.4);
#520=CIRCLE('',#8858,0.4);
#521=CIRCLE('',#8859,0.4);
#522=CIRCLE('',#8865,0.399999999999999);
#523=CIRCLE('',#8868,0.4);
#524=CIRCLE('',#8869,0.399999999999999);
#525=CIRCLE('',#8872,0.4);
#526=CIRCLE('',#8879,0.4);
#527=CIRCLE('',#8892,0.400000000000001);
#528=CIRCLE('',#8893,0.400000000000001);
#529=CIRCLE('',#8894,0.4);
#530=CIRCLE('',#8897,0.4);
#531=CIRCLE('',#8898,0.4);
#532=CIRCLE('',#8899,0.4);
#533=CIRCLE('',#8902,0.4);
#534=CIRCLE('',#8903,0.400000000000001);
#535=CIRCLE('',#8904,0.4);
#536=CIRCLE('',#8907,0.4);
#537=CIRCLE('',#8909,0.4);
#538=CIRCLE('',#8912,0.400000000000002);
#539=CIRCLE('',#8914,0.4);
#540=CIRCLE('',#8919,0.400000000000002);
#541=CIRCLE('',#8920,0.4);
#542=CIRCLE('',#8921,0.4);
#543=CIRCLE('',#8924,0.4);
#544=CIRCLE('',#8925,0.4);
#545=CIRCLE('',#8926,0.4);
#546=CIRCLE('',#8951,0.400000000000002);
#547=CIRCLE('',#8952,0.400000000000001);
#548=CIRCLE('',#8953,0.4);
#549=CIRCLE('',#8956,0.400000000000001);
#550=CIRCLE('',#8957,0.400000000000001);
#551=CIRCLE('',#8958,0.4);
#552=CIRCLE('',#8960,0.4);
#553=CIRCLE('',#8962,0.4);
#554=CIRCLE('',#8967,0.400000000000001);
#555=CIRCLE('',#8968,0.4);
#556=CIRCLE('',#8969,0.4);
#557=CIRCLE('',#8972,0.400000000000002);
#558=CIRCLE('',#8973,0.4);
#559=CIRCLE('',#8974,0.4);
#560=CIRCLE('',#8977,0.4);
#561=CIRCLE('',#8979,0.4);
#562=CIRCLE('',#8983,0.4);
#563=CIRCLE('',#8984,0.4);
#564=CIRCLE('',#8985,0.4);
#565=CIRCLE('',#9005,1.34999999937495);
#566=CIRCLE('',#9007,1.34999999937495);
#567=CIRCLE('',#9021,3.);
#568=CIRCLE('',#9022,3.);
#569=CIRCLE('',#9025,3.);
#570=CIRCLE('',#9026,3.);
#571=CIRCLE('',#9028,2.);
#572=CIRCLE('',#9031,2.);
#573=CIRCLE('',#9034,3.);
#574=CIRCLE('',#9035,2.);
#575=CIRCLE('',#9038,3.);
#576=CIRCLE('',#9039,2.);
#577=CIRCLE('',#9042,3.);
#578=CIRCLE('',#9045,3.);
#579=CIRCLE('',#9048,0.600000000007315);
#580=CIRCLE('',#9051,0.599999999999999);
#581=CIRCLE('',#9055,0.600000000004107);
#582=CIRCLE('',#9058,0.599999999999999);
#583=CIRCLE('',#9062,0.600000000000002);
#584=CIRCLE('',#9065,0.599999999999999);
#585=CIRCLE('',#9069,0.599999999999998);
#586=CIRCLE('',#9072,0.599999999999999);
#587=CIRCLE('',#9075,2.6);
#588=CIRCLE('',#9076,2.);
#589=CIRCLE('',#9079,0.600000000000001);
#590=CIRCLE('',#9082,0.600000000000005);
#591=CIRCLE('',#9086,0.600000000000001);
#592=CIRCLE('',#9089,0.600000000000003);
#593=CIRCLE('',#9093,0.599999999995895);
#594=CIRCLE('',#9096,0.600000000000001);
#595=CIRCLE('',#9100,0.599999999992687);
#596=CIRCLE('',#9103,0.600000000000001);
#597=CIRCLE('',#9107,2.6);
#598=CIRCLE('',#9108,2.);
#599=CIRCLE('',#9110,2.);
#600=CIRCLE('',#9112,2.6);
#601=CIRCLE('',#9114,2.6);
#602=CIRCLE('',#9115,2.);
#603=CIRCLE('',#9117,2.);
#604=CIRCLE('',#9119,2.6);
#605=CIRCLE('',#9121,2.);
#606=CIRCLE('',#9123,2.6);
#607=CIRCLE('',#9168,1.34999999979152);
#608=CIRCLE('',#9169,1.34999999979152);
#609=CIRCLE('',#9171,1.5500000002202);
#610=CIRCLE('',#9173,2.8);
#611=CIRCLE('',#9174,2.8);
#612=CIRCLE('',#9176,2.6);
#613=CIRCLE('',#9177,2.6);
#614=CIRCLE('',#9178,2.6);
#615=CIRCLE('',#9179,2.6);
#616=CIRCLE('',#9180,2.6);
#617=CIRCLE('',#9182,2.);
#618=CIRCLE('',#9184,2.);
#619=CIRCLE('',#9186,2.6);
#620=CIRCLE('',#9195,2.6);
#621=CIRCLE('',#9196,2.);
#622=CIRCLE('',#9198,2.);
#623=CIRCLE('',#9206,2.6);
#624=CIRCLE('',#9207,2.);
#625=CIRCLE('',#9209,2.);
#626=CIRCLE('',#9217,2.6);
#627=CIRCLE('',#9218,2.);
#628=CIRCLE('',#9220,2.);
#629=CIRCLE('',#9227,1.35000000041634);
#630=CIRCLE('',#9228,1.35000000041634);
#631=CIRCLE('',#9230,1.55000000145772);
#632=CIRCLE('',#9232,2.8);
#633=CIRCLE('',#9233,2.8);
#634=CIRCLE('',#9235,2.6);
#635=CIRCLE('',#9237,2.);
#636=CIRCLE('',#9239,2.);
#637=CIRCLE('',#9250,3.20000000153766);
#638=CIRCLE('',#9251,3.00000000153766);
#639=CIRCLE('',#9252,3.00000000153766);
#640=CIRCLE('',#9254,2.);
#641=CIRCLE('',#9255,2.);
#642=CIRCLE('',#9256,2.);
#643=CIRCLE('',#9257,2.);
#644=CIRCLE('',#9258,3.200000000683);
#645=CIRCLE('',#9260,3.00000000157128);
#646=CIRCLE('',#9262,3.00000000067089);
#647=CIRCLE('',#9263,3.00000000067089);
#648=CIRCLE('',#9265,3.0000000005997);
#649=CIRCLE('',#9267,1.80000000157921);
#650=CIRCLE('',#9268,1.60000000153885);
#651=CIRCLE('',#9269,1.60000000153885);
#652=CIRCLE('',#9271,2.8);
#653=CIRCLE('',#9272,2.8);
#654=CIRCLE('',#9274,1.60000000149849);
#655=CIRCLE('',#9278,3.);
#656=CIRCLE('',#9281,3.);
#657=CIRCLE('',#9284,2.6);
#658=CIRCLE('',#9285,2.6);
#659=CIRCLE('',#9286,2.6);
#660=CIRCLE('',#9287,2.6);
#661=CIRCLE('',#9288,2.6);
#662=CIRCLE('',#9289,2.6);
#663=CIRCLE('',#9290,2.6);
#664=CIRCLE('',#9291,2.6);
#665=CIRCLE('',#9293,3.);
#666=CIRCLE('',#9296,3.);
#667=CIRCLE('',#9302,2.);
#668=CIRCLE('',#9303,0.600000000000006);
#669=CIRCLE('',#9305,2.);
#670=CIRCLE('',#9307,2.6);
#671=CIRCLE('',#9308,0.600000000000003);
#672=CIRCLE('',#9310,2.6);
#673=CIRCLE('',#9311,2.6);
#674=CIRCLE('',#9312,2.6);
#675=CIRCLE('',#9313,2.6);
#676=CIRCLE('',#9314,2.6);
#677=CIRCLE('',#9315,2.6);
#678=CIRCLE('',#9316,2.6);
#679=CIRCLE('',#9323,2.);
#680=CIRCLE('',#9324,0.600000000000003);
#681=CIRCLE('',#9326,2.);
#682=CIRCLE('',#9328,0.600000000000001);
#683=CIRCLE('',#9335,2.);
#684=CIRCLE('',#9336,0.599999999995894);
#685=CIRCLE('',#9338,2.);
#686=CIRCLE('',#9340,0.600000000000001);
#687=CIRCLE('',#9343,1.80000000031748);
#688=CIRCLE('',#9344,1.60000000042824);
#689=CIRCLE('',#9345,1.60000000042824);
#690=CIRCLE('',#9347,2.8);
#691=CIRCLE('',#9348,2.8);
#692=CIRCLE('',#9350,1.6000000005269);
#693=CIRCLE('',#9354,3.);
#694=CIRCLE('',#9357,3.);
#695=CIRCLE('',#9360,3.);
#696=CIRCLE('',#9363,3.);
#697=CIRCLE('',#9406,2.);
#698=CIRCLE('',#9407,2.);
#699=CIRCLE('',#9409,0.599999999999999);
#700=CIRCLE('',#9412,0.599999999992678);
#701=CIRCLE('',#9417,0.600000000000001);
#702=CIRCLE('',#9423,0.600000000000002);
#703=CIRCLE('',#9429,0.599999999999999);
#704=CIRCLE('',#9430,2.);
#705=CIRCLE('',#9437,2.);
#706=CIRCLE('',#9444,0.600000000000005);
#707=CIRCLE('',#9454,0.600000000000005);
#708=CIRCLE('',#9457,2.);
#709=CIRCLE('',#9465,0.600000000004105);
#710=CIRCLE('',#9472,0.6);
#711=CIRCLE('',#9476,0.600000000007311);
#712=CIRCLE('',#9480,2.);
#713=CIRCLE('',#9482,2.);
#714=CIRCLE('',#9485,2.);
#715=CIRCLE('',#9487,2.);
#716=CIRCLE('',#9490,2.);
#717=B_SPLINE_SURFACE_WITH_KNOTS('',3,3,((#11741,#11742,#11743,#11744,#11745),
(#11746,#11747,#11748,#11749,#11750),(#11751,#11752,#11753,#11754,#11755),
(#11756,#11757,#11758,#11759,#11760),(#11761,#11762,#11763,#11764,#11765)),
 .UNSPECIFIED.,.F.,.F.,.F.,(4,1,4),(4,1,4),(0.,0.5,1.),(-0.781600065124167,
-0.111657152160595,0.781600065124166),.UNSPECIFIED.);
#718=B_SPLINE_SURFACE_WITH_KNOTS('',3,3,((#11823,#11824,#11825,#11826,#11827),
(#11828,#11829,#11830,#11831,#11832),(#11833,#11834,#11835,#11836,#11837),
(#11838,#11839,#11840,#11841,#11842),(#11843,#11844,#11845,#11846,#11847)),
 .UNSPECIFIED.,.F.,.F.,.F.,(4,1,4),(4,1,4),(0.,0.5,1.),(-0.781600065124167,
0.111657152160595,0.781600065124167),.UNSPECIFIED.);
#719=B_SPLINE_SURFACE_WITH_KNOTS('',3,3,((#12004,#12005,#12006,#12007,#12008),
(#12009,#12010,#12011,#12012,#12013),(#12014,#12015,#12016,#12017,#12018),
(#12019,#12020,#12021,#12022,#12023),(#12024,#12025,#12026,#12027,#12028)),
 .UNSPECIFIED.,.F.,.F.,.F.,(4,1,4),(4,1,4),(0.,0.5,1.),(-0.781600065122017,
-0.111657152160289,0.781600065122015),.UNSPECIFIED.);
#720=B_SPLINE_SURFACE_WITH_KNOTS('',3,3,((#12043,#12044,#12045,#12046,#12047),
(#12048,#12049,#12050,#12051,#12052),(#12053,#12054,#12055,#12056,#12057),
(#12058,#12059,#12060,#12061,#12062),(#12063,#12064,#12065,#12066,#12067)),
 .UNSPECIFIED.,.F.,.F.,.F.,(4,1,4),(4,1,4),(0.,0.5,1.),(-0.781600065125767,
0.111657152160825,0.781600065125769),.UNSPECIFIED.);
#721=B_SPLINE_SURFACE_WITH_KNOTS('',3,3,((#12136,#12137,#12138,#12139,#12140),
(#12141,#12142,#12143,#12144,#12145),(#12146,#12147,#12148,#12149,#12150),
(#12151,#12152,#12153,#12154,#12155),(#12156,#12157,#12158,#12159,#12160)),
 .UNSPECIFIED.,.F.,.F.,.F.,(4,1,4),(4,1,4),(0.,0.5,1.),(-0.781600065124171,
-0.111657152160597,0.781600065124169),.UNSPECIFIED.);
#722=B_SPLINE_SURFACE_WITH_KNOTS('',3,3,((#12172,#12173,#12174,#12175,#12176),
(#12177,#12178,#12179,#12180,#12181),(#12182,#12183,#12184,#12185,#12186),
(#12187,#12188,#12189,#12190,#12191),(#12192,#12193,#12194,#12195,#12196)),
 .UNSPECIFIED.,.F.,.F.,.F.,(4,1,4),(4,1,4),(0.,0.5,1.),(-0.781600065124163,
0.111657152160594,0.781600065124162),.UNSPECIFIED.);
#723=B_SPLINE_SURFACE_WITH_KNOTS('',3,3,((#12304,#12305,#12306,#12307,#12308),
(#12309,#12310,#12311,#12312,#12313),(#12314,#12315,#12316,#12317,#12318),
(#12319,#12320,#12321,#12322,#12323),(#12324,#12325,#12326,#12327,#12328)),
 .UNSPECIFIED.,.F.,.F.,.F.,(4,1,4),(4,1,4),(0.,0.5,1.),(-0.781600065124167,
-0.111657152160595,0.781600065124167),.UNSPECIFIED.);
#724=B_SPLINE_SURFACE_WITH_KNOTS('',3,3,((#12366,#12367,#12368,#12369,#12370),
(#12371,#12372,#12373,#12374,#12375),(#12376,#12377,#12378,#12379,#12380),
(#12381,#12382,#12383,#12384,#12385),(#12386,#12387,#12388,#12389,#12390)),
 .UNSPECIFIED.,.F.,.F.,.F.,(4,1,4),(4,1,4),(0.,0.5,1.),(-0.781600065124167,
-0.111657152160595,0.781600065124167),.UNSPECIFIED.);
#725=B_SPLINE_SURFACE_WITH_KNOTS('',3,1,((#12991,#12992),(#12993,#12994),
(#12995,#12996),(#12997,#12998),(#12999,#13000)),.UNSPECIFIED.,.F.,.F.,
 .F.,(4,1,4),(2,2),(0.,0.00936710200894973,0.0249186220754927),(-0.08,0.),
 .UNSPECIFIED.);
#726=B_SPLINE_SURFACE_WITH_KNOTS('',3,1,((#13008,#13009),(#13010,#13011),
(#13012,#13013),(#13014,#13015),(#13016,#13017)),.UNSPECIFIED.,.F.,.F.,
 .F.,(4,1,4),(2,2),(0.,0.00898259032506916,0.0180524474123551),(-0.08,0.),
 .UNSPECIFIED.);
#727=B_SPLINE_SURFACE_WITH_KNOTS('',3,1,((#13025,#13026),(#13027,#13028),
(#13029,#13030),(#13031,#13032),(#13033,#13034)),.UNSPECIFIED.,.F.,.F.,
 .F.,(4,1,4),(2,2),(0.,0.00923588314116005,0.0186098511572792),(-0.08,0.),
 .UNSPECIFIED.);
#728=B_SPLINE_SURFACE_WITH_KNOTS('',3,1,((#13042,#13043),(#13044,#13045),
(#13046,#13047),(#13048,#13049),(#13050,#13051)),.UNSPECIFIED.,.F.,.F.,
 .F.,(4,1,4),(2,2),(0.,0.0130457852613584,0.0247623639619358),(-0.08,0.),
 .UNSPECIFIED.);
#729=B_SPLINE_SURFACE_WITH_KNOTS('',3,1,((#13059,#13060),(#13061,#13062),
(#13063,#13064),(#13065,#13066),(#13067,#13068)),.UNSPECIFIED.,.F.,.F.,
 .F.,(4,1,4),(2,2),(0.,0.0144770821394116,0.0358990526832811),(-0.08,0.),
 .UNSPECIFIED.);
#730=B_SPLINE_SURFACE_WITH_KNOTS('',3,1,((#13099,#13100),(#13101,#13102),
(#13103,#13104),(#13105,#13106),(#13107,#13108)),.UNSPECIFIED.,.F.,.F.,
 .F.,(4,1,4),(2,2),(0.,0.0379539969951447,0.0662778061922097),(-0.08,0.),
 .UNSPECIFIED.);
#731=B_SPLINE_SURFACE_WITH_KNOTS('',3,1,((#13122,#13123),(#13124,#13125),
(#13126,#13127),(#13128,#13129),(#13130,#13131)),.UNSPECIFIED.,.F.,.F.,
 .F.,(4,1,4),(2,2),(0.,0.0230519979628521,0.0463359416568988),(-0.08,0.),
 .UNSPECIFIED.);
#732=B_SPLINE_SURFACE_WITH_KNOTS('',3,1,((#13145,#13146),(#13147,#13148),
(#13149,#13150),(#13151,#13152),(#13153,#13154)),.UNSPECIFIED.,.F.,.F.,
 .F.,(4,1,4),(2,2),(0.,0.0244643622300007,0.0511670482727795),(-0.08,0.),
 .UNSPECIFIED.);
#733=B_SPLINE_SURFACE_WITH_KNOTS('',3,1,((#13168,#13169),(#13170,#13171),
(#13172,#13173),(#13174,#13175),(#13176,#13177)),.UNSPECIFIED.,.F.,.F.,
 .F.,(4,1,4),(2,2),(0.,0.0234039394652778,0.0447762459531472),(-0.08,0.),
 .UNSPECIFIED.);
#734=B_SPLINE_SURFACE_WITH_KNOTS('',3,1,((#13191,#13192),(#13193,#13194),
(#13195,#13196),(#13197,#13198),(#13199,#13200)),.UNSPECIFIED.,.F.,.F.,
 .F.,(4,1,4),(2,2),(0.,0.0207053700835411,0.0417989453872135),(-0.08,0.),
 .UNSPECIFIED.);
#735=B_SPLINE_SURFACE_WITH_KNOTS('',3,1,((#13214,#13215),(#13216,#13217),
(#13218,#13219),(#13220,#13221),(#13222,#13223)),.UNSPECIFIED.,.F.,.F.,
 .F.,(4,1,4),(2,2),(0.,0.0155254756963201,0.0347559924225974),(-0.08,0.),
 .UNSPECIFIED.);
#736=B_SPLINE_SURFACE_WITH_KNOTS('',3,1,((#13237,#13238),(#13239,#13240),
(#13241,#13242),(#13243,#13244),(#13245,#13246)),.UNSPECIFIED.,.F.,.F.,
 .F.,(4,1,4),(2,2),(0.,0.0153456660116218,0.0266127450257524),(-0.08,0.),
 .UNSPECIFIED.);
#737=B_SPLINE_SURFACE_WITH_KNOTS('',3,1,((#13260,#13261),(#13262,#13263),
(#13264,#13265),(#13266,#13267),(#13268,#13269)),.UNSPECIFIED.,.F.,.F.,
 .F.,(4,1,4),(2,2),(0.,0.00852682304600068,0.021681368486552),(-0.08,0.),
 .UNSPECIFIED.);
#738=B_SPLINE_SURFACE_WITH_KNOTS('',3,1,((#13283,#13284),(#13285,#13286),
(#13287,#13288),(#13289,#13290),(#13291,#13292)),.UNSPECIFIED.,.F.,.F.,
 .F.,(4,1,4),(2,2),(0.,0.0134239278192287,0.0227423385513176),(-0.08,0.),
 .UNSPECIFIED.);
#739=B_SPLINE_SURFACE_WITH_KNOTS('',3,1,((#13324,#13325),(#13326,#13327),
(#13328,#13329),(#13330,#13331),(#13332,#13333)),.UNSPECIFIED.,.F.,.F.,
 .F.,(4,1,4),(2,2),(0.,0.0171705292485599,0.0287173107449912),(-0.08,0.),
 .UNSPECIFIED.);
#740=B_SPLINE_SURFACE_WITH_KNOTS('',3,1,((#13347,#13348),(#13349,#13350),
(#13351,#13352),(#13353,#13354),(#13355,#13356)),.UNSPECIFIED.,.F.,.F.,
 .F.,(4,1,4),(2,2),(0.,0.0118977656483758,0.0240454676991734),(-0.08,0.),
 .UNSPECIFIED.);
#741=B_SPLINE_SURFACE_WITH_KNOTS('',3,1,((#13390,#13391),(#13392,#13393),
(#13394,#13395),(#13396,#13397),(#13398,#13399)),.UNSPECIFIED.,.F.,.F.,
 .F.,(4,1,4),(2,2),(0.,0.0205228137246542,0.0353168064955952),(-0.08,0.),
 .UNSPECIFIED.);
#742=B_SPLINE_SURFACE_WITH_KNOTS('',3,1,((#13407,#13408),(#13409,#13410),
(#13411,#13412),(#13413,#13414),(#13415,#13416)),.UNSPECIFIED.,.F.,.F.,
 .F.,(4,1,4),(2,2),(0.,0.0123808676140109,0.0254797560921765),(-0.08,0.),
 .UNSPECIFIED.);
#743=B_SPLINE_SURFACE_WITH_KNOTS('',3,1,((#13424,#13425),(#13426,#13427),
(#13428,#13429),(#13430,#13431),(#13432,#13433)),.UNSPECIFIED.,.F.,.F.,
 .F.,(4,1,4),(2,2),(0.,0.012240567877391,0.0241266219693436),(-0.08,0.),
 .UNSPECIFIED.);
#744=B_SPLINE_SURFACE_WITH_KNOTS('',3,1,((#13441,#13442),(#13443,#13444),
(#13445,#13446),(#13447,#13448),(#13449,#13450)),.UNSPECIFIED.,.F.,.F.,
 .F.,(4,1,4),(2,2),(0.,0.0146877644333714,0.0354802598092883),(-0.08,0.),
 .UNSPECIFIED.);
#745=B_SPLINE_SURFACE_WITH_KNOTS('',3,1,((#13470,#13471),(#13472,#13473),
(#13474,#13475),(#13476,#13477),(#13478,#13479)),.UNSPECIFIED.,.F.,.F.,
 .F.,(4,1,4),(2,2),(0.,0.0184864289172751,0.0315417145778624),(-0.08,0.),
 .UNSPECIFIED.);
#746=B_SPLINE_SURFACE_WITH_KNOTS('',3,1,((#13487,#13488),(#13489,#13490),
(#13491,#13492),(#13493,#13494),(#13495,#13496)),.UNSPECIFIED.,.F.,.F.,
 .F.,(4,1,4),(2,2),(0.,0.0111338408977392,0.0237708680962167),(-0.08,0.),
 .UNSPECIFIED.);
#747=B_SPLINE_SURFACE_WITH_KNOTS('',3,1,((#13504,#13505),(#13506,#13507),
(#13508,#13509),(#13510,#13511),(#13512,#13513)),.UNSPECIFIED.,.F.,.F.,
 .F.,(4,1,4),(2,2),(0.,0.0118560379099445,0.022718775247682),(-0.08,0.),
 .UNSPECIFIED.);
#748=B_SPLINE_SURFACE_WITH_KNOTS('',3,1,((#13521,#13522),(#13523,#13524),
(#13525,#13526),(#13527,#13528),(#13529,#13530)),.UNSPECIFIED.,.F.,.F.,
 .F.,(4,1,4),(2,2),(0.,0.0128837229315927,0.0309094904201943),(-0.08,0.),
 .UNSPECIFIED.);
#749=B_SPLINE_SURFACE_WITH_KNOTS('',3,1,((#13555,#13556),(#13557,#13558),
(#13559,#13560),(#13561,#13562),(#13563,#13564)),.UNSPECIFIED.,.F.,.F.,
 .F.,(4,1,4),(2,2),(0.,0.0387186058185258,0.0712555067212374),(-0.08,0.),
 .UNSPECIFIED.);
#750=B_SPLINE_SURFACE_WITH_KNOTS('',3,1,((#13578,#13579),(#13580,#13581),
(#13582,#13583),(#13584,#13585),(#13586,#13587)),.UNSPECIFIED.,.F.,.F.,
 .F.,(4,1,4),(2,2),(0.,0.0296920029080921,0.0594254762636445),(-0.08,0.),
 .UNSPECIFIED.);
#751=B_SPLINE_SURFACE_WITH_KNOTS('',3,1,((#13601,#13602),(#13603,#13604),
(#13605,#13606),(#13607,#13608),(#13609,#13610)),.UNSPECIFIED.,.F.,.F.,
 .F.,(4,1,4),(2,2),(0.,0.0250551560754745,0.04939390587418),(-0.08,0.),
 .UNSPECIFIED.);
#752=B_SPLINE_SURFACE_WITH_KNOTS('',3,1,((#13624,#13625),(#13626,#13627),
(#13628,#13629),(#13630,#13631),(#13632,#13633)),.UNSPECIFIED.,.F.,.F.,
 .F.,(4,1,4),(2,2),(0.,0.0177251765099948,0.0383708426751296),(-0.08,0.),
 .UNSPECIFIED.);
#753=B_SPLINE_SURFACE_WITH_KNOTS('',3,1,((#13647,#13648),(#13649,#13650),
(#13651,#13652),(#13653,#13654),(#13655,#13656)),.UNSPECIFIED.,.F.,.F.,
 .F.,(4,1,4),(2,2),(0.,0.0299838412286055,0.0553108564450668),(-0.08,0.),
 .UNSPECIFIED.);
#754=B_SPLINE_SURFACE_WITH_KNOTS('',3,1,((#13670,#13671),(#13672,#13673),
(#13674,#13675),(#13676,#13677),(#13678,#13679)),.UNSPECIFIED.,.F.,.F.,
 .F.,(4,1,4),(2,2),(0.,0.0242271189325137,0.0507220018238533),(-0.08,0.),
 .UNSPECIFIED.);
#755=B_SPLINE_SURFACE_WITH_KNOTS('',3,1,((#13693,#13694),(#13695,#13696),
(#13697,#13698),(#13699,#13700),(#13701,#13702)),.UNSPECIFIED.,.F.,.F.,
 .F.,(4,1,4),(2,2),(0.,0.0223174544950142,0.043722094655596),(-0.08,0.),
 .UNSPECIFIED.);
#756=B_SPLINE_SURFACE_WITH_KNOTS('',3,1,((#13716,#13717),(#13718,#13719),
(#13720,#13721),(#13722,#13723),(#13724,#13725)),.UNSPECIFIED.,.F.,.F.,
 .F.,(4,1,4),(2,2),(0.,0.0210487549319113,0.0421883539555703),(-0.08,0.),
 .UNSPECIFIED.);
#757=B_SPLINE_SURFACE_WITH_KNOTS('',3,1,((#13739,#13740),(#13741,#13742),
(#13743,#13744),(#13745,#13746),(#13747,#13748)),.UNSPECIFIED.,.F.,.F.,
 .F.,(4,1,4),(2,2),(0.,0.0157511608687506,0.036700886950552),(-0.08,0.),
 .UNSPECIFIED.);
#758=B_SPLINE_SURFACE_WITH_KNOTS('',3,1,((#13762,#13763),(#13764,#13765),
(#13766,#13767),(#13768,#13769),(#13770,#13771)),.UNSPECIFIED.,.F.,.F.,
 .F.,(4,1,4),(2,2),(0.,0.0262205501981409,0.0417556311630897),(-0.08,0.),
 .UNSPECIFIED.);
#759=B_SPLINE_SURFACE_WITH_KNOTS('',3,3,((#13910,#13911,#13912,#13913),
(#13914,#13915,#13916,#13917),(#13918,#13919,#13920,#13921),(#13922,#13923,
#13924,#13925)),.UNSPECIFIED.,.F.,.F.,.F.,(4,4),(4,4),(0.,1.),(1.5707963267949,
1.58363515479562),.UNSPECIFIED.);
#760=B_SPLINE_SURFACE_WITH_KNOTS('',3,3,((#13933,#13934,#13935,#13936),
(#13937,#13938,#13939,#13940),(#13941,#13942,#13943,#13944),(#13945,#13946,
#13947,#13948)),.UNSPECIFIED.,.F.,.F.,.F.,(4,4),(4,4),(0.,1.),(-1.58363515479562,
-1.5707963267949),.UNSPECIFIED.);
#761=B_SPLINE_SURFACE_WITH_KNOTS('',3,3,((#13961,#13962,#13963,#13964,#13965),
(#13966,#13967,#13968,#13969,#13970),(#13971,#13972,#13973,#13974,#13975),
(#13976,#13977,#13978,#13979,#13980)),.UNSPECIFIED.,.F.,.F.,.F.,(4,4),(4,
1,4),(0.,1.),(-3.14159265358979,-2.36261390419271,-1.58363515479562),
 .UNSPECIFIED.);
#762=B_SPLINE_SURFACE_WITH_KNOTS('',3,3,((#13984,#13985,#13986,#13987,#13988),
(#13989,#13990,#13991,#13992,#13993),(#13994,#13995,#13996,#13997,#13998),
(#13999,#14000,#14001,#14002,#14003)),.UNSPECIFIED.,.F.,.F.,.F.,(4,4),(4,
1,4),(0.,1.),(1.58363515479562,2.36261390419271,3.14159265358979),
 .UNSPECIFIED.);
#763=B_SPLINE_SURFACE_WITH_KNOTS('',3,3,((#14077,#14078,#14079,#14080),
(#14081,#14082,#14083,#14084),(#14085,#14086,#14087,#14088),(#14089,#14090,
#14091,#14092)),.UNSPECIFIED.,.F.,.F.,.F.,(4,4),(4,4),(0.,1.),(1.5707963267949,
1.58363515479563),.UNSPECIFIED.);
#764=B_SPLINE_SURFACE_WITH_KNOTS('',3,3,((#14100,#14101,#14102,#14103),
(#14104,#14105,#14106,#14107),(#14108,#14109,#14110,#14111),(#14112,#14113,
#14114,#14115)),.UNSPECIFIED.,.F.,.F.,.F.,(4,4),(4,4),(0.,1.),(-1.58363515479562,
-1.5707963267949),.UNSPECIFIED.);
#765=B_SPLINE_SURFACE_WITH_KNOTS('',3,3,((#14125,#14126,#14127,#14128),
(#14129,#14130,#14131,#14132),(#14133,#14134,#14135,#14136),(#14137,#14138,
#14139,#14140)),.UNSPECIFIED.,.F.,.F.,.F.,(4,4),(4,4),(0.,1.),(1.5707963267949,
1.58363515479562),.UNSPECIFIED.);
#766=B_SPLINE_SURFACE_WITH_KNOTS('',3,3,((#14143,#14144,#14145,#14146,#14147),
(#14148,#14149,#14150,#14151,#14152),(#14153,#14154,#14155,#14156,#14157),
(#14158,#14159,#14160,#14161,#14162)),.UNSPECIFIED.,.F.,.F.,.F.,(4,4),(4,
1,4),(0.,1.),(-3.14159265358979,-2.36261390419271,-1.58363515479562),
 .UNSPECIFIED.);
#767=B_SPLINE_SURFACE_WITH_KNOTS('',3,3,((#14166,#14167,#14168,#14169,#14170),
(#14171,#14172,#14173,#14174,#14175),(#14176,#14177,#14178,#14179,#14180),
(#14181,#14182,#14183,#14184,#14185)),.UNSPECIFIED.,.F.,.F.,.F.,(4,4),(4,
1,4),(0.,1.),(1.58363515479563,2.36261390419271,3.14159265358979),
 .UNSPECIFIED.);
#768=B_SPLINE_SURFACE_WITH_KNOTS('',3,3,((#14186,#14187,#14188,#14189),
(#14190,#14191,#14192,#14193),(#14194,#14195,#14196,#14197),(#14198,#14199,
#14200,#14201)),.UNSPECIFIED.,.F.,.F.,.F.,(4,4),(4,4),(0.,1.),(-1.58363515479563,
-1.5707963267949),.UNSPECIFIED.);
#769=B_SPLINE_SURFACE_WITH_KNOTS('',3,3,((#14205,#14206,#14207,#14208,#14209),
(#14210,#14211,#14212,#14213,#14214),(#14215,#14216,#14217,#14218,#14219),
(#14220,#14221,#14222,#14223,#14224)),.UNSPECIFIED.,.F.,.F.,.F.,(4,4),(4,
1,4),(0.,1.),(-3.14159265358979,-2.36261390419271,-1.58363515479562),
 .UNSPECIFIED.);
#770=B_SPLINE_SURFACE_WITH_KNOTS('',3,3,((#14228,#14229,#14230,#14231,#14232),
(#14233,#14234,#14235,#14236,#14237),(#14238,#14239,#14240,#14241,#14242),
(#14243,#14244,#14245,#14246,#14247)),.UNSPECIFIED.,.F.,.F.,.F.,(4,4),(4,
1,4),(0.,1.),(1.58363515479563,2.36261390419271,3.14159265358979),
 .UNSPECIFIED.);
#771=B_SPLINE_SURFACE_WITH_KNOTS('',3,3,((#14321,#14322,#14323,#14324),
(#14325,#14326,#14327,#14328),(#14329,#14330,#14331,#14332),(#14333,#14334,
#14335,#14336)),.UNSPECIFIED.,.F.,.F.,.F.,(4,4),(4,4),(0.,1.),(1.57079632679489,
1.58363515479562),.UNSPECIFIED.);
#772=B_SPLINE_SURFACE_WITH_KNOTS('',3,3,((#14344,#14345,#14346,#14347),
(#14348,#14349,#14350,#14351),(#14352,#14353,#14354,#14355),(#14356,#14357,
#14358,#14359)),.UNSPECIFIED.,.F.,.F.,.F.,(4,4),(4,4),(0.,1.),(-1.58363515479562,
-1.5707963267949),.UNSPECIFIED.);
#773=B_SPLINE_SURFACE_WITH_KNOTS('',3,3,((#14369,#14370,#14371,#14372),
(#14373,#14374,#14375,#14376),(#14377,#14378,#14379,#14380),(#14381,#14382,
#14383,#14384)),.UNSPECIFIED.,.F.,.F.,.F.,(4,4),(4,4),(0.,1.),(1.5707963267949,
1.58363515479562),.UNSPECIFIED.);
#774=B_SPLINE_SURFACE_WITH_KNOTS('',3,3,((#14387,#14388,#14389,#14390,#14391),
(#14392,#14393,#14394,#14395,#14396),(#14397,#14398,#14399,#14400,#14401),
(#14402,#14403,#14404,#14405,#14406)),.UNSPECIFIED.,.F.,.F.,.F.,(4,4),(4,
1,4),(0.,1.),(-3.14159265358979,-2.36261390419271,-1.58363515479562),
 .UNSPECIFIED.);
#775=B_SPLINE_SURFACE_WITH_KNOTS('',3,3,((#14410,#14411,#14412,#14413,#14414),
(#14415,#14416,#14417,#14418,#14419),(#14420,#14421,#14422,#14423,#14424),
(#14425,#14426,#14427,#14428,#14429)),.UNSPECIFIED.,.F.,.F.,.F.,(4,4),(4,
1,4),(0.,1.),(1.58363515479562,2.36261390419271,3.14159265358979),
 .UNSPECIFIED.);
#776=B_SPLINE_SURFACE_WITH_KNOTS('',3,3,((#14430,#14431,#14432,#14433),
(#14434,#14435,#14436,#14437),(#14438,#14439,#14440,#14441),(#14442,#14443,
#14444,#14445)),.UNSPECIFIED.,.F.,.F.,.F.,(4,4),(4,4),(0.,1.),(-1.58363515479562,
-1.5707963267949),.UNSPECIFIED.);
#777=B_SPLINE_SURFACE_WITH_KNOTS('',3,3,((#14449,#14450,#14451,#14452,#14453),
(#14454,#14455,#14456,#14457,#14458),(#14459,#14460,#14461,#14462,#14463),
(#14464,#14465,#14466,#14467,#14468)),.UNSPECIFIED.,.F.,.F.,.F.,(4,4),(4,
1,4),(0.,1.),(-3.14159265358979,-2.36261390419271,-1.58363515479562),
 .UNSPECIFIED.);
#778=B_SPLINE_SURFACE_WITH_KNOTS('',3,3,((#14472,#14473,#14474,#14475,#14476),
(#14477,#14478,#14479,#14480,#14481),(#14482,#14483,#14484,#14485,#14486),
(#14487,#14488,#14489,#14490,#14491)),.UNSPECIFIED.,.F.,.F.,.F.,(4,4),(4,
1,4),(0.,1.),(1.58363515479562,2.36261390419271,3.14159265358979),
 .UNSPECIFIED.);
#779=B_SPLINE_SURFACE_WITH_KNOTS('',3,3,((#14565,#14566,#14567,#14568),
(#14569,#14570,#14571,#14572),(#14573,#14574,#14575,#14576),(#14577,#14578,
#14579,#14580)),.UNSPECIFIED.,.F.,.F.,.F.,(4,4),(4,4),(0.,1.),(1.5707963267949,
1.58363515479563),.UNSPECIFIED.);
#780=B_SPLINE_SURFACE_WITH_KNOTS('',3,3,((#14588,#14589,#14590,#14591),
(#14592,#14593,#14594,#14595),(#14596,#14597,#14598,#14599),(#14600,#14601,
#14602,#14603)),.UNSPECIFIED.,.F.,.F.,.F.,(4,4),(4,4),(0.,1.),(-1.58363515479562,
-1.5707963267949),.UNSPECIFIED.);
#781=B_SPLINE_SURFACE_WITH_KNOTS('',3,3,((#14613,#14614,#14615,#14616),
(#14617,#14618,#14619,#14620),(#14621,#14622,#14623,#14624),(#14625,#14626,
#14627,#14628)),.UNSPECIFIED.,.F.,.F.,.F.,(4,4),(4,4),(0.,1.),(1.5707963267949,
1.58363515479562),.UNSPECIFIED.);
#782=B_SPLINE_SURFACE_WITH_KNOTS('',3,3,((#14631,#14632,#14633,#14634,#14635),
(#14636,#14637,#14638,#14639,#14640),(#14641,#14642,#14643,#14644,#14645),
(#14646,#14647,#14648,#14649,#14650)),.UNSPECIFIED.,.F.,.F.,.F.,(4,4),(4,
1,4),(0.,1.),(-3.14159265358979,-2.36261390419271,-1.58363515479562),
 .UNSPECIFIED.);
#783=B_SPLINE_SURFACE_WITH_KNOTS('',3,3,((#14654,#14655,#14656,#14657,#14658),
(#14659,#14660,#14661,#14662,#14663),(#14664,#14665,#14666,#14667,#14668),
(#14669,#14670,#14671,#14672,#14673)),.UNSPECIFIED.,.F.,.F.,.F.,(4,4),(4,
1,4),(0.,1.),(1.58363515479562,2.36261390419271,3.14159265358979),
 .UNSPECIFIED.);
#784=B_SPLINE_SURFACE_WITH_KNOTS('',3,3,((#14674,#14675,#14676,#14677),
(#14678,#14679,#14680,#14681),(#14682,#14683,#14684,#14685),(#14686,#14687,
#14688,#14689)),.UNSPECIFIED.,.F.,.F.,.F.,(4,4),(4,4),(0.,1.),(-1.58363515479562,
-1.5707963267949),.UNSPECIFIED.);
#785=B_SPLINE_SURFACE_WITH_KNOTS('',3,3,((#14696,#14697,#14698,#14699,#14700),
(#14701,#14702,#14703,#14704,#14705),(#14706,#14707,#14708,#14709,#14710),
(#14711,#14712,#14713,#14714,#14715)),.UNSPECIFIED.,.F.,.F.,.F.,(4,4),(4,
1,4),(0.,1.),(-3.14159265358979,-2.36261390419271,-1.58363515479562),
 .UNSPECIFIED.);
#786=B_SPLINE_SURFACE_WITH_KNOTS('',3,3,((#14716,#14717,#14718,#14719,#14720),
(#14721,#14722,#14723,#14724,#14725),(#14726,#14727,#14728,#14729,#14730),
(#14731,#14732,#14733,#14734,#14735)),.UNSPECIFIED.,.F.,.F.,.F.,(4,4),(4,
1,4),(0.,1.),(1.58363515479563,2.36261390419271,3.14159265358979),
 .UNSPECIFIED.);
#787=B_SPLINE_SURFACE_WITH_KNOTS('',3,3,((#14808,#14809,#14810,#14811),
(#14812,#14813,#14814,#14815),(#14816,#14817,#14818,#14819),(#14820,#14821,
#14822,#14823)),.UNSPECIFIED.,.F.,.F.,.F.,(4,4),(4,4),(0.,1.),(1.5707963267949,
1.58363515479562),.UNSPECIFIED.);
#788=B_SPLINE_SURFACE_WITH_KNOTS('',3,3,((#14826,#14827,#14828,#14829),
(#14830,#14831,#14832,#14833),(#14834,#14835,#14836,#14837),(#14838,#14839,
#14840,#14841)),.UNSPECIFIED.,.F.,.F.,.F.,(4,4),(4,4),(0.,1.),(-1.58363515479562,
-1.5707963267949),.UNSPECIFIED.);
#789=B_SPLINE_SURFACE_WITH_KNOTS('',3,3,((#14853,#14854,#14855,#14856,#14857),
(#14858,#14859,#14860,#14861,#14862),(#14863,#14864,#14865,#14866,#14867),
(#14868,#14869,#14870,#14871,#14872)),.UNSPECIFIED.,.F.,.F.,.F.,(4,4),(4,
1,4),(0.,1.),(-3.14159265358979,-2.36261390419271,-1.58363515479562),
 .UNSPECIFIED.);
#790=B_SPLINE_SURFACE_WITH_KNOTS('',3,3,((#14876,#14877,#14878,#14879,#14880),
(#14881,#14882,#14883,#14884,#14885),(#14886,#14887,#14888,#14889,#14890),
(#14891,#14892,#14893,#14894,#14895)),.UNSPECIFIED.,.F.,.F.,.F.,(4,4),(4,
1,4),(0.,1.),(1.58363515479563,2.36261390419271,3.14159265358979),
 .UNSPECIFIED.);
#791=B_SPLINE_SURFACE_WITH_KNOTS('',3,3,((#14986,#14987,#14988,#14989,#14990),
(#14991,#14992,#14993,#14994,#14995),(#14996,#14997,#14998,#14999,#15000),
(#15001,#15002,#15003,#15004,#15005)),.UNSPECIFIED.,.F.,.F.,.F.,(4,4),(4,
1,4),(0.,1.),(1.58363515479563,2.36261390419271,3.14159265358979),
 .UNSPECIFIED.);
#792=B_SPLINE_SURFACE_WITH_KNOTS('',3,3,((#15019,#15020,#15021,#15022,#15023),
(#15024,#15025,#15026,#15027,#15028),(#15029,#15030,#15031,#15032,#15033),
(#15034,#15035,#15036,#15037,#15038)),.UNSPECIFIED.,.F.,.F.,.F.,(4,4),(4,
1,4),(0.,1.),(-3.14159265358979,-2.36261390419271,-1.58363515479562),
 .UNSPECIFIED.);
#793=B_SPLINE_SURFACE_WITH_KNOTS('',3,3,((#15068,#15069,#15070,#15071),
(#15072,#15073,#15074,#15075),(#15076,#15077,#15078,#15079),(#15080,#15081,
#15082,#15083)),.UNSPECIFIED.,.F.,.F.,.F.,(4,4),(4,4),(0.,1.),(-1.58363515479562,
-1.5707963267949),.UNSPECIFIED.);
#794=B_SPLINE_SURFACE_WITH_KNOTS('',3,3,((#15088,#15089,#15090,#15091),
(#15092,#15093,#15094,#15095),(#15096,#15097,#15098,#15099),(#15100,#15101,
#15102,#15103)),.UNSPECIFIED.,.F.,.F.,.F.,(4,4),(4,4),(0.,1.),(1.5707963267949,
1.58363515479563),.UNSPECIFIED.);
#795=B_SPLINE_SURFACE_WITH_KNOTS('',3,3,((#15293,#15294,#15295,#15296,#15297),
(#15298,#15299,#15300,#15301,#15302),(#15303,#15304,#15305,#15306,#15307),
(#15308,#15309,#15310,#15311,#15312)),.UNSPECIFIED.,.F.,.F.,.F.,(4,4),(4,
1,4),(0.,1.),(1.58363515479563,2.36261390419271,3.14159265358979),
 .UNSPECIFIED.);
#796=B_SPLINE_SURFACE_WITH_KNOTS('',3,3,((#15329,#15330,#15331,#15332,#15333),
(#15334,#15335,#15336,#15337,#15338),(#15339,#15340,#15341,#15342,#15343),
(#15344,#15345,#15346,#15347,#15348)),.UNSPECIFIED.,.F.,.F.,.F.,(4,4),(4,
1,4),(0.,1.),(-3.14159265358979,-2.36261390419271,-1.58363515479562),
 .UNSPECIFIED.);
#797=B_SPLINE_SURFACE_WITH_KNOTS('',3,3,((#15373,#15374,#15375,#15376),
(#15377,#15378,#15379,#15380),(#15381,#15382,#15383,#15384),(#15385,#15386,
#15387,#15388)),.UNSPECIFIED.,.F.,.F.,.F.,(4,4),(4,4),(0.,1.),(-1.58363515479563,
-1.5707963267949),.UNSPECIFIED.);
#798=B_SPLINE_SURFACE_WITH_KNOTS('',3,3,((#15393,#15394,#15395,#15396,#15397),
(#15398,#15399,#15400,#15401,#15402),(#15403,#15404,#15405,#15406,#15407),
(#15408,#15409,#15410,#15411,#15412)),.UNSPECIFIED.,.F.,.F.,.F.,(4,4),(4,
1,4),(0.,1.),(1.58363515479562,2.36261390419271,3.14159265358979),
 .UNSPECIFIED.);
#799=B_SPLINE_SURFACE_WITH_KNOTS('',3,3,((#15434,#15435,#15436,#15437,#15438),
(#15439,#15440,#15441,#15442,#15443),(#15444,#15445,#15446,#15447,#15448),
(#15449,#15450,#15451,#15452,#15453)),.UNSPECIFIED.,.F.,.F.,.F.,(4,4),(4,
1,4),(0.,1.),(-3.14159265358979,-2.36261390419271,-1.58363515479562),
 .UNSPECIFIED.);
#800=B_SPLINE_SURFACE_WITH_KNOTS('',3,3,((#15467,#15468,#15469,#15470),
(#15471,#15472,#15473,#15474),(#15475,#15476,#15477,#15478),(#15479,#15480,
#15481,#15482)),.UNSPECIFIED.,.F.,.F.,.F.,(4,4),(4,4),(0.,1.),(1.5707963267949,
1.58363515479562),.UNSPECIFIED.);
#801=B_SPLINE_SURFACE_WITH_KNOTS('',3,3,((#15496,#15497,#15498,#15499),
(#15500,#15501,#15502,#15503),(#15504,#15505,#15506,#15507),(#15508,#15509,
#15510,#15511)),.UNSPECIFIED.,.F.,.F.,.F.,(4,4),(4,4),(0.,1.),(-1.58363515479563,
-1.5707963267949),.UNSPECIFIED.);
#802=B_SPLINE_SURFACE_WITH_KNOTS('',3,3,((#15520,#15521,#15522,#15523),
(#15524,#15525,#15526,#15527),(#15528,#15529,#15530,#15531),(#15532,#15533,
#15534,#15535)),.UNSPECIFIED.,.F.,.F.,.F.,(4,4),(4,4),(0.,1.),(1.5707963267949,
1.58363515479562),.UNSPECIFIED.);
#803=B_SPLINE_SURFACE_WITH_KNOTS('',3,3,((#15629,#15630,#15631,#15632,#15633),
(#15634,#15635,#15636,#15637,#15638),(#15639,#15640,#15641,#15642,#15643),
(#15644,#15645,#15646,#15647,#15648)),.UNSPECIFIED.,.F.,.F.,.F.,(4,4),(4,
1,4),(0.,1.),(1.58363515479562,2.36261390419271,3.14159265358979),
 .UNSPECIFIED.);
#804=B_SPLINE_SURFACE_WITH_KNOTS('',3,3,((#15670,#15671,#15672,#15673,#15674),
(#15675,#15676,#15677,#15678,#15679),(#15680,#15681,#15682,#15683,#15684),
(#15685,#15686,#15687,#15688,#15689)),.UNSPECIFIED.,.F.,.F.,.F.,(4,4),(4,
1,4),(0.,1.),(-3.14159265358979,-2.36261390419271,-1.58363515479562),
 .UNSPECIFIED.);
#805=B_SPLINE_SURFACE_WITH_KNOTS('',3,3,((#15708,#15709,#15710,#15711),
(#15712,#15713,#15714,#15715),(#15716,#15717,#15718,#15719),(#15720,#15721,
#15722,#15723)),.UNSPECIFIED.,.F.,.F.,.F.,(4,4),(4,4),(0.,1.),(-1.58363515479562,
-1.5707963267949),.UNSPECIFIED.);
#806=B_SPLINE_SURFACE_WITH_KNOTS('',3,3,((#15728,#15729,#15730,#15731,#15732),
(#15733,#15734,#15735,#15736,#15737),(#15738,#15739,#15740,#15741,#15742),
(#15743,#15744,#15745,#15746,#15747)),.UNSPECIFIED.,.F.,.F.,.F.,(4,4),(4,
1,4),(0.,1.),(1.58363515479562,2.36261390419271,3.14159265358979),
 .UNSPECIFIED.);
#807=B_SPLINE_SURFACE_WITH_KNOTS('',3,3,((#15769,#15770,#15771,#15772,#15773),
(#15774,#15775,#15776,#15777,#15778),(#15779,#15780,#15781,#15782,#15783),
(#15784,#15785,#15786,#15787,#15788)),.UNSPECIFIED.,.F.,.F.,.F.,(4,4),(4,
1,4),(0.,1.),(-3.14159265358979,-2.36261390419271,-1.58363515479562),
 .UNSPECIFIED.);
#808=B_SPLINE_SURFACE_WITH_KNOTS('',3,3,((#15801,#15802,#15803,#15804),
(#15805,#15806,#15807,#15808),(#15809,#15810,#15811,#15812),(#15813,#15814,
#15815,#15816)),.UNSPECIFIED.,.F.,.F.,.F.,(4,4),(4,4),(0.,1.),(1.5707963267949,
1.58363515479562),.UNSPECIFIED.);
#809=B_SPLINE_SURFACE_WITH_KNOTS('',3,3,((#15827,#15828,#15829,#15830),
(#15831,#15832,#15833,#15834),(#15835,#15836,#15837,#15838),(#15839,#15840,
#15841,#15842)),.UNSPECIFIED.,.F.,.F.,.F.,(4,4),(4,4),(0.,1.),(-1.58363515479562,
-1.57079632679489),.UNSPECIFIED.);
#810=B_SPLINE_SURFACE_WITH_KNOTS('',3,3,((#15847,#15848,#15849,#15850),
(#15851,#15852,#15853,#15854),(#15855,#15856,#15857,#15858),(#15859,#15860,
#15861,#15862)),.UNSPECIFIED.,.F.,.F.,.F.,(4,4),(4,4),(0.,1.),(1.5707963267949,
1.58363515479562),.UNSPECIFIED.);
#811=B_SPLINE_SURFACE_WITH_KNOTS('',3,3,((#15878,#15879,#15880,#15881,#15882),
(#15883,#15884,#15885,#15886,#15887),(#15888,#15889,#15890,#15891,#15892),
(#15893,#15894,#15895,#15896,#15897)),.UNSPECIFIED.,.F.,.F.,.F.,(4,4),(4,
1,4),(0.,1.),(1.58363515479563,2.36261390419271,3.14159265358979),
 .UNSPECIFIED.);
#812=B_SPLINE_SURFACE_WITH_KNOTS('',3,3,((#15919,#15920,#15921,#15922,#15923),
(#15924,#15925,#15926,#15927,#15928),(#15929,#15930,#15931,#15932,#15933),
(#15934,#15935,#15936,#15937,#15938)),.UNSPECIFIED.,.F.,.F.,.F.,(4,4),(4,
1,4),(0.,1.),(-3.14159265358979,-2.36261390419271,-1.58363515479562),
 .UNSPECIFIED.);
#813=B_SPLINE_SURFACE_WITH_KNOTS('',3,3,((#15957,#15958,#15959,#15960),
(#15961,#15962,#15963,#15964),(#15965,#15966,#15967,#15968),(#15969,#15970,
#15971,#15972)),.UNSPECIFIED.,.F.,.F.,.F.,(4,4),(4,4),(0.,1.),(-1.58363515479563,
-1.5707963267949),.UNSPECIFIED.);
#814=B_SPLINE_SURFACE_WITH_KNOTS('',3,3,((#15977,#15978,#15979,#15980,#15981),
(#15982,#15983,#15984,#15985,#15986),(#15987,#15988,#15989,#15990,#15991),
(#15992,#15993,#15994,#15995,#15996)),.UNSPECIFIED.,.F.,.F.,.F.,(4,4),(4,
1,4),(0.,1.),(1.58363515479563,2.36261390419271,3.14159265358979),
 .UNSPECIFIED.);
#815=B_SPLINE_SURFACE_WITH_KNOTS('',3,3,((#16018,#16019,#16020,#16021,#16022),
(#16023,#16024,#16025,#16026,#16027),(#16028,#16029,#16030,#16031,#16032),
(#16033,#16034,#16035,#16036,#16037)),.UNSPECIFIED.,.F.,.F.,.F.,(4,4),(4,
1,4),(0.,1.),(-3.14159265358979,-2.36261390419271,-1.58363515479562),
 .UNSPECIFIED.);
#816=B_SPLINE_SURFACE_WITH_KNOTS('',3,3,((#16050,#16051,#16052,#16053),
(#16054,#16055,#16056,#16057),(#16058,#16059,#16060,#16061),(#16062,#16063,
#16064,#16065)),.UNSPECIFIED.,.F.,.F.,.F.,(4,4),(4,4),(0.,1.),(1.57079632679489,
1.58363515479563),.UNSPECIFIED.);
#817=B_SPLINE_SURFACE_WITH_KNOTS('',3,3,((#16076,#16077,#16078,#16079),
(#16080,#16081,#16082,#16083),(#16084,#16085,#16086,#16087),(#16088,#16089,
#16090,#16091)),.UNSPECIFIED.,.F.,.F.,.F.,(4,4),(4,4),(0.,1.),(-1.58363515479562,
-1.5707963267949),.UNSPECIFIED.);
#818=B_SPLINE_SURFACE_WITH_KNOTS('',3,3,((#16096,#16097,#16098,#16099),
(#16100,#16101,#16102,#16103),(#16104,#16105,#16106,#16107),(#16108,#16109,
#16110,#16111)),.UNSPECIFIED.,.F.,.F.,.F.,(4,4),(4,4),(0.,1.),(1.5707963267949,
1.58363515479563),.UNSPECIFIED.);
#819=B_SPLINE_SURFACE_WITH_KNOTS('',3,3,((#16174,#16175,#16176,#16177,#16178),
(#16179,#16180,#16181,#16182,#16183),(#16184,#16185,#16186,#16187,#16188),
(#16189,#16190,#16191,#16192,#16193)),.UNSPECIFIED.,.F.,.F.,.F.,(4,4),(4,
1,4),(0.,1.),(1.58363515479562,2.36261390419271,3.14159265358979),
 .UNSPECIFIED.);
#820=B_SPLINE_SURFACE_WITH_KNOTS('',3,3,((#16206,#16207,#16208,#16209,#16210),
(#16211,#16212,#16213,#16214,#16215),(#16216,#16217,#16218,#16219,#16220),
(#16221,#16222,#16223,#16224,#16225)),.UNSPECIFIED.,.F.,.F.,.F.,(4,4),(4,
1,4),(0.,1.),(-3.14159265358979,-2.36261390419271,-1.58363515479562),
 .UNSPECIFIED.);
#821=B_SPLINE_SURFACE_WITH_KNOTS('',3,3,((#16248,#16249,#16250,#16251),
(#16252,#16253,#16254,#16255),(#16256,#16257,#16258,#16259),(#16260,#16261,
#16262,#16263)),.UNSPECIFIED.,.F.,.F.,.F.,(4,4),(4,4),(0.,1.),(-1.58363515479563,
-1.57079632679489),.UNSPECIFIED.);
#822=B_SPLINE_SURFACE_WITH_KNOTS('',3,3,((#16264,#16265,#16266,#16267),
(#16268,#16269,#16270,#16271),(#16272,#16273,#16274,#16275),(#16276,#16277,
#16278,#16279)),.UNSPECIFIED.,.F.,.F.,.F.,(4,4),(4,4),(0.,1.),(1.5707963267949,
1.58363515479562),.UNSPECIFIED.);
#823=B_SPLINE_SURFACE_WITH_KNOTS('',3,1,((#16323,#16324),(#16325,#16326),
(#16327,#16328),(#16329,#16330),(#16331,#16332),(#16333,#16334),(#16335,
#16336),(#16337,#16338),(#16339,#16340),(#16341,#16342),(#16343,#16344),
(#16345,#16346),(#16347,#16348),(#16349,#16350)),.UNSPECIFIED.,.F.,.F.,
 .F.,(4,1,1,1,1,1,1,1,1,1,1,4),(2,2),(0.,0.0703310831471734,0.10549662472076,
0.140662166294347,0.175827707867934,0.21099324944152,0.246158791015107,
0.281324332588694,0.32805628302127,0.374788233453847,0.421520183886424,
0.468252134319),(-0.08,0.),.UNSPECIFIED.);
#824=B_SPLINE_SURFACE_WITH_KNOTS('',3,1,((#16355,#16356),(#16357,#16358),
(#16359,#16360),(#16361,#16362),(#16363,#16364),(#16365,#16366),(#16367,
#16368),(#16369,#16370),(#16371,#16372),(#16373,#16374),(#16375,#16376),
(#16377,#16378)),.UNSPECIFIED.,.F.,.F.,.F.,(4,1,1,1,1,1,1,1,1,4),(2,2),
(0.,0.104728705202896,0.209457410405792,0.352347284096874,0.495237157787956,
0.594003694624889,0.692770231461821,0.779923109688888,0.867075987915955,
1.00609617343878),(-0.08,0.),.UNSPECIFIED.);
#825=FACE_OUTER_BOUND('',#1347,.T.);
#826=FACE_OUTER_BOUND('',#1348,.T.);
#827=FACE_OUTER_BOUND('',#1349,.T.);
#828=FACE_OUTER_BOUND('',#1350,.T.);
#829=FACE_OUTER_BOUND('',#1351,.T.);
#830=FACE_OUTER_BOUND('',#1352,.T.);
#831=FACE_OUTER_BOUND('',#1353,.T.);
#832=FACE_OUTER_BOUND('',#1354,.T.);
#833=FACE_OUTER_BOUND('',#1355,.T.);
#834=FACE_OUTER_BOUND('',#1356,.T.);
#835=FACE_OUTER_BOUND('',#1357,.T.);
#836=FACE_OUTER_BOUND('',#1358,.T.);
#837=FACE_OUTER_BOUND('',#1359,.T.);
#838=FACE_OUTER_BOUND('',#1360,.T.);
#839=FACE_OUTER_BOUND('',#1361,.T.);
#840=FACE_OUTER_BOUND('',#1362,.T.);
#841=FACE_OUTER_BOUND('',#1363,.T.);
#842=FACE_OUTER_BOUND('',#1364,.T.);
#843=FACE_OUTER_BOUND('',#1365,.T.);
#844=FACE_OUTER_BOUND('',#1366,.T.);
#845=FACE_OUTER_BOUND('',#1367,.T.);
#846=FACE_OUTER_BOUND('',#1368,.T.);
#847=FACE_OUTER_BOUND('',#1369,.T.);
#848=FACE_OUTER_BOUND('',#1370,.T.);
#849=FACE_OUTER_BOUND('',#1371,.T.);
#850=FACE_OUTER_BOUND('',#1372,.T.);
#851=FACE_OUTER_BOUND('',#1373,.T.);
#852=FACE_OUTER_BOUND('',#1374,.T.);
#853=FACE_OUTER_BOUND('',#1375,.T.);
#854=FACE_OUTER_BOUND('',#1376,.T.);
#855=FACE_OUTER_BOUND('',#1377,.T.);
#856=FACE_OUTER_BOUND('',#1378,.T.);
#857=FACE_OUTER_BOUND('',#1379,.T.);
#858=FACE_OUTER_BOUND('',#1380,.T.);
#859=FACE_OUTER_BOUND('',#1381,.T.);
#860=FACE_OUTER_BOUND('',#1382,.T.);
#861=FACE_OUTER_BOUND('',#1383,.T.);
#862=FACE_OUTER_BOUND('',#1384,.T.);
#863=FACE_OUTER_BOUND('',#1385,.T.);
#864=FACE_OUTER_BOUND('',#1386,.T.);
#865=FACE_OUTER_BOUND('',#1387,.T.);
#866=FACE_OUTER_BOUND('',#1388,.T.);
#867=FACE_OUTER_BOUND('',#1389,.T.);
#868=FACE_OUTER_BOUND('',#1390,.T.);
#869=FACE_OUTER_BOUND('',#1391,.T.);
#870=FACE_OUTER_BOUND('',#1392,.T.);
#871=FACE_OUTER_BOUND('',#1393,.T.);
#872=FACE_OUTER_BOUND('',#1394,.T.);
#873=FACE_OUTER_BOUND('',#1395,.T.);
#874=FACE_OUTER_BOUND('',#1396,.T.);
#875=FACE_OUTER_BOUND('',#1397,.T.);
#876=FACE_OUTER_BOUND('',#1398,.T.);
#877=FACE_OUTER_BOUND('',#1399,.T.);
#878=FACE_OUTER_BOUND('',#1400,.T.);
#879=FACE_OUTER_BOUND('',#1401,.T.);
#880=FACE_OUTER_BOUND('',#1402,.T.);
#881=FACE_OUTER_BOUND('',#1403,.T.);
#882=FACE_OUTER_BOUND('',#1404,.T.);
#883=FACE_OUTER_BOUND('',#1405,.T.);
#884=FACE_OUTER_BOUND('',#1406,.T.);
#885=FACE_OUTER_BOUND('',#1407,.T.);
#886=FACE_OUTER_BOUND('',#1408,.T.);
#887=FACE_OUTER_BOUND('',#1409,.T.);
#888=FACE_OUTER_BOUND('',#1410,.T.);
#889=FACE_OUTER_BOUND('',#1411,.T.);
#890=FACE_OUTER_BOUND('',#1412,.T.);
#891=FACE_OUTER_BOUND('',#1413,.T.);
#892=FACE_OUTER_BOUND('',#1414,.T.);
#893=FACE_OUTER_BOUND('',#1415,.T.);
#894=FACE_OUTER_BOUND('',#1416,.T.);
#895=FACE_OUTER_BOUND('',#1417,.T.);
#896=FACE_OUTER_BOUND('',#1418,.T.);
#897=FACE_OUTER_BOUND('',#1419,.T.);
#898=FACE_OUTER_BOUND('',#1420,.T.);
#899=FACE_OUTER_BOUND('',#1421,.T.);
#900=FACE_OUTER_BOUND('',#1422,.T.);
#901=FACE_OUTER_BOUND('',#1423,.T.);
#902=FACE_OUTER_BOUND('',#1424,.T.);
#903=FACE_OUTER_BOUND('',#1425,.T.);
#904=FACE_OUTER_BOUND('',#1426,.T.);
#905=FACE_OUTER_BOUND('',#1427,.T.);
#906=FACE_OUTER_BOUND('',#1428,.T.);
#907=FACE_OUTER_BOUND('',#1429,.T.);
#908=FACE_OUTER_BOUND('',#1430,.T.);
#909=FACE_OUTER_BOUND('',#1431,.T.);
#910=FACE_OUTER_BOUND('',#1432,.T.);
#911=FACE_OUTER_BOUND('',#1433,.T.);
#912=FACE_OUTER_BOUND('',#1434,.T.);
#913=FACE_OUTER_BOUND('',#1435,.T.);
#914=FACE_OUTER_BOUND('',#1436,.T.);
#915=FACE_OUTER_BOUND('',#1437,.T.);
#916=FACE_OUTER_BOUND('',#1438,.T.);
#917=FACE_OUTER_BOUND('',#1439,.T.);
#918=FACE_OUTER_BOUND('',#1440,.T.);
#919=FACE_OUTER_BOUND('',#1441,.T.);
#920=FACE_OUTER_BOUND('',#1442,.T.);
#921=FACE_OUTER_BOUND('',#1443,.T.);
#922=FACE_OUTER_BOUND('',#1444,.T.);
#923=FACE_OUTER_BOUND('',#1445,.T.);
#924=FACE_OUTER_BOUND('',#1446,.T.);
#925=FACE_OUTER_BOUND('',#1447,.T.);
#926=FACE_OUTER_BOUND('',#1448,.T.);
#927=FACE_OUTER_BOUND('',#1449,.T.);
#928=FACE_OUTER_BOUND('',#1450,.T.);
#929=FACE_OUTER_BOUND('',#1451,.T.);
#930=FACE_OUTER_BOUND('',#1452,.T.);
#931=FACE_OUTER_BOUND('',#1453,.T.);
#932=FACE_OUTER_BOUND('',#1454,.T.);
#933=FACE_OUTER_BOUND('',#1455,.T.);
#934=FACE_OUTER_BOUND('',#1456,.T.);
#935=FACE_OUTER_BOUND('',#1457,.T.);
#936=FACE_OUTER_BOUND('',#1458,.T.);
#937=FACE_OUTER_BOUND('',#1459,.T.);
#938=FACE_OUTER_BOUND('',#1460,.T.);
#939=FACE_OUTER_BOUND('',#1461,.T.);
#940=FACE_OUTER_BOUND('',#1462,.T.);
#941=FACE_OUTER_BOUND('',#1463,.T.);
#942=FACE_OUTER_BOUND('',#1464,.T.);
#943=FACE_OUTER_BOUND('',#1465,.T.);
#944=FACE_OUTER_BOUND('',#1466,.T.);
#945=FACE_OUTER_BOUND('',#1467,.T.);
#946=FACE_OUTER_BOUND('',#1468,.T.);
#947=FACE_OUTER_BOUND('',#1469,.T.);
#948=FACE_OUTER_BOUND('',#1470,.T.);
#949=FACE_OUTER_BOUND('',#1471,.T.);
#950=FACE_OUTER_BOUND('',#1472,.T.);
#951=FACE_OUTER_BOUND('',#1473,.T.);
#952=FACE_OUTER_BOUND('',#1474,.T.);
#953=FACE_OUTER_BOUND('',#1475,.T.);
#954=FACE_OUTER_BOUND('',#1476,.T.);
#955=FACE_OUTER_BOUND('',#1477,.T.);
#956=FACE_OUTER_BOUND('',#1478,.T.);
#957=FACE_OUTER_BOUND('',#1479,.T.);
#958=FACE_OUTER_BOUND('',#1480,.T.);
#959=FACE_OUTER_BOUND('',#1481,.T.);
#960=FACE_OUTER_BOUND('',#1482,.T.);
#961=FACE_OUTER_BOUND('',#1483,.T.);
#962=FACE_OUTER_BOUND('',#1484,.T.);
#963=FACE_OUTER_BOUND('',#1485,.T.);
#964=FACE_OUTER_BOUND('',#1486,.T.);
#965=FACE_OUTER_BOUND('',#1487,.T.);
#966=FACE_OUTER_BOUND('',#1488,.T.);
#967=FACE_OUTER_BOUND('',#1489,.T.);
#968=FACE_OUTER_BOUND('',#1490,.T.);
#969=FACE_OUTER_BOUND('',#1491,.T.);
#970=FACE_OUTER_BOUND('',#1492,.T.);
#971=FACE_OUTER_BOUND('',#1493,.T.);
#972=FACE_OUTER_BOUND('',#1494,.T.);
#973=FACE_OUTER_BOUND('',#1495,.T.);
#974=FACE_OUTER_BOUND('',#1496,.T.);
#975=FACE_OUTER_BOUND('',#1497,.T.);
#976=FACE_OUTER_BOUND('',#1498,.T.);
#977=FACE_OUTER_BOUND('',#1499,.T.);
#978=FACE_OUTER_BOUND('',#1500,.T.);
#979=FACE_OUTER_BOUND('',#1501,.T.);
#980=FACE_OUTER_BOUND('',#1502,.T.);
#981=FACE_OUTER_BOUND('',#1503,.T.);
#982=FACE_OUTER_BOUND('',#1504,.T.);
#983=FACE_OUTER_BOUND('',#1505,.T.);
#984=FACE_OUTER_BOUND('',#1506,.T.);
#985=FACE_OUTER_BOUND('',#1507,.T.);
#986=FACE_OUTER_BOUND('',#1508,.T.);
#987=FACE_OUTER_BOUND('',#1509,.T.);
#988=FACE_OUTER_BOUND('',#1510,.T.);
#989=FACE_OUTER_BOUND('',#1511,.T.);
#990=FACE_OUTER_BOUND('',#1512,.T.);
#991=FACE_OUTER_BOUND('',#1513,.T.);
#992=FACE_OUTER_BOUND('',#1514,.T.);
#993=FACE_OUTER_BOUND('',#1515,.T.);
#994=FACE_OUTER_BOUND('',#1516,.T.);
#995=FACE_OUTER_BOUND('',#1517,.T.);
#996=FACE_OUTER_BOUND('',#1518,.T.);
#997=FACE_OUTER_BOUND('',#1519,.T.);
#998=FACE_OUTER_BOUND('',#1520,.T.);
#999=FACE_OUTER_BOUND('',#1521,.T.);
#1000=FACE_OUTER_BOUND('',#1522,.T.);
#1001=FACE_OUTER_BOUND('',#1523,.T.);
#1002=FACE_OUTER_BOUND('',#1524,.T.);
#1003=FACE_OUTER_BOUND('',#1525,.T.);
#1004=FACE_OUTER_BOUND('',#1526,.T.);
#1005=FACE_OUTER_BOUND('',#1527,.T.);
#1006=FACE_OUTER_BOUND('',#1528,.T.);
#1007=FACE_OUTER_BOUND('',#1529,.T.);
#1008=FACE_OUTER_BOUND('',#1530,.T.);
#1009=FACE_OUTER_BOUND('',#1531,.T.);
#1010=FACE_OUTER_BOUND('',#1532,.T.);
#1011=FACE_OUTER_BOUND('',#1533,.T.);
#1012=FACE_OUTER_BOUND('',#1534,.T.);
#1013=FACE_OUTER_BOUND('',#1535,.T.);
#1014=FACE_OUTER_BOUND('',#1536,.T.);
#1015=FACE_OUTER_BOUND('',#1537,.T.);
#1016=FACE_OUTER_BOUND('',#1538,.T.);
#1017=FACE_OUTER_BOUND('',#1539,.T.);
#1018=FACE_OUTER_BOUND('',#1540,.T.);
#1019=FACE_OUTER_BOUND('',#1541,.T.);
#1020=FACE_OUTER_BOUND('',#1542,.T.);
#1021=FACE_OUTER_BOUND('',#1543,.T.);
#1022=FACE_OUTER_BOUND('',#1544,.T.);
#1023=FACE_OUTER_BOUND('',#1545,.T.);
#1024=FACE_OUTER_BOUND('',#1546,.T.);
#1025=FACE_OUTER_BOUND('',#1547,.T.);
#1026=FACE_OUTER_BOUND('',#1548,.T.);
#1027=FACE_OUTER_BOUND('',#1549,.T.);
#1028=FACE_OUTER_BOUND('',#1550,.T.);
#1029=FACE_OUTER_BOUND('',#1551,.T.);
#1030=FACE_OUTER_BOUND('',#1552,.T.);
#1031=FACE_OUTER_BOUND('',#1553,.T.);
#1032=FACE_OUTER_BOUND('',#1554,.T.);
#1033=FACE_OUTER_BOUND('',#1555,.T.);
#1034=FACE_OUTER_BOUND('',#1556,.T.);
#1035=FACE_OUTER_BOUND('',#1557,.T.);
#1036=FACE_OUTER_BOUND('',#1558,.T.);
#1037=FACE_OUTER_BOUND('',#1559,.T.);
#1038=FACE_OUTER_BOUND('',#1560,.T.);
#1039=FACE_OUTER_BOUND('',#1561,.T.);
#1040=FACE_OUTER_BOUND('',#1562,.T.);
#1041=FACE_OUTER_BOUND('',#1563,.T.);
#1042=FACE_OUTER_BOUND('',#1564,.T.);
#1043=FACE_OUTER_BOUND('',#1565,.T.);
#1044=FACE_OUTER_BOUND('',#1566,.T.);
#1045=FACE_OUTER_BOUND('',#1567,.T.);
#1046=FACE_OUTER_BOUND('',#1568,.T.);
#1047=FACE_OUTER_BOUND('',#1569,.T.);
#1048=FACE_OUTER_BOUND('',#1570,.T.);
#1049=FACE_OUTER_BOUND('',#1571,.T.);
#1050=FACE_OUTER_BOUND('',#1572,.T.);
#1051=FACE_OUTER_BOUND('',#1573,.T.);
#1052=FACE_OUTER_BOUND('',#1574,.T.);
#1053=FACE_OUTER_BOUND('',#1575,.T.);
#1054=FACE_OUTER_BOUND('',#1576,.T.);
#1055=FACE_OUTER_BOUND('',#1577,.T.);
#1056=FACE_OUTER_BOUND('',#1579,.T.);
#1057=FACE_OUTER_BOUND('',#1580,.T.);
#1058=FACE_OUTER_BOUND('',#1581,.T.);
#1059=FACE_OUTER_BOUND('',#1582,.T.);
#1060=FACE_OUTER_BOUND('',#1583,.T.);
#1061=FACE_OUTER_BOUND('',#1584,.T.);
#1062=FACE_OUTER_BOUND('',#1585,.T.);
#1063=FACE_OUTER_BOUND('',#1586,.T.);
#1064=FACE_OUTER_BOUND('',#1587,.T.);
#1065=FACE_OUTER_BOUND('',#1588,.T.);
#1066=FACE_OUTER_BOUND('',#1589,.T.);
#1067=FACE_OUTER_BOUND('',#1590,.T.);
#1068=FACE_OUTER_BOUND('',#1591,.T.);
#1069=FACE_OUTER_BOUND('',#1592,.T.);
#1070=FACE_OUTER_BOUND('',#1593,.T.);
#1071=FACE_OUTER_BOUND('',#1594,.T.);
#1072=FACE_OUTER_BOUND('',#1595,.T.);
#1073=FACE_OUTER_BOUND('',#1596,.T.);
#1074=FACE_OUTER_BOUND('',#1597,.T.);
#1075=FACE_OUTER_BOUND('',#1598,.T.);
#1076=FACE_OUTER_BOUND('',#1599,.T.);
#1077=FACE_OUTER_BOUND('',#1600,.T.);
#1078=FACE_OUTER_BOUND('',#1601,.T.);
#1079=FACE_OUTER_BOUND('',#1602,.T.);
#1080=FACE_OUTER_BOUND('',#1603,.T.);
#1081=FACE_OUTER_BOUND('',#1604,.T.);
#1082=FACE_OUTER_BOUND('',#1605,.T.);
#1083=FACE_OUTER_BOUND('',#1606,.T.);
#1084=FACE_OUTER_BOUND('',#1609,.T.);
#1085=FACE_OUTER_BOUND('',#1610,.T.);
#1086=FACE_OUTER_BOUND('',#1611,.T.);
#1087=FACE_OUTER_BOUND('',#1613,.T.);
#1088=FACE_OUTER_BOUND('',#1614,.T.);
#1089=FACE_OUTER_BOUND('',#1615,.T.);
#1090=FACE_OUTER_BOUND('',#1616,.T.);
#1091=FACE_OUTER_BOUND('',#1617,.T.);
#1092=FACE_OUTER_BOUND('',#1618,.T.);
#1093=FACE_OUTER_BOUND('',#1619,.T.);
#1094=FACE_OUTER_BOUND('',#1620,.T.);
#1095=FACE_OUTER_BOUND('',#1621,.T.);
#1096=FACE_OUTER_BOUND('',#1622,.T.);
#1097=FACE_OUTER_BOUND('',#1623,.T.);
#1098=FACE_OUTER_BOUND('',#1624,.T.);
#1099=FACE_OUTER_BOUND('',#1625,.T.);
#1100=FACE_OUTER_BOUND('',#1626,.T.);
#1101=FACE_OUTER_BOUND('',#1627,.T.);
#1102=FACE_OUTER_BOUND('',#1628,.T.);
#1103=FACE_OUTER_BOUND('',#1629,.T.);
#1104=FACE_OUTER_BOUND('',#1630,.T.);
#1105=FACE_OUTER_BOUND('',#1631,.T.);
#1106=FACE_OUTER_BOUND('',#1632,.T.);
#1107=FACE_OUTER_BOUND('',#1633,.T.);
#1108=FACE_OUTER_BOUND('',#1634,.T.);
#1109=FACE_OUTER_BOUND('',#1635,.T.);
#1110=FACE_OUTER_BOUND('',#1636,.T.);
#1111=FACE_OUTER_BOUND('',#1637,.T.);
#1112=FACE_OUTER_BOUND('',#1638,.T.);
#1113=FACE_OUTER_BOUND('',#1639,.T.);
#1114=FACE_OUTER_BOUND('',#1640,.T.);
#1115=FACE_OUTER_BOUND('',#1641,.T.);
#1116=FACE_OUTER_BOUND('',#1642,.T.);
#1117=FACE_OUTER_BOUND('',#1643,.T.);
#1118=FACE_OUTER_BOUND('',#1644,.T.);
#1119=FACE_OUTER_BOUND('',#1645,.T.);
#1120=FACE_OUTER_BOUND('',#1646,.T.);
#1121=FACE_OUTER_BOUND('',#1647,.T.);
#1122=FACE_OUTER_BOUND('',#1648,.T.);
#1123=FACE_OUTER_BOUND('',#1649,.T.);
#1124=FACE_OUTER_BOUND('',#1650,.T.);
#1125=FACE_OUTER_BOUND('',#1651,.T.);
#1126=FACE_OUTER_BOUND('',#1652,.T.);
#1127=FACE_OUTER_BOUND('',#1653,.T.);
#1128=FACE_OUTER_BOUND('',#1654,.T.);
#1129=FACE_OUTER_BOUND('',#1655,.T.);
#1130=FACE_OUTER_BOUND('',#1656,.T.);
#1131=FACE_OUTER_BOUND('',#1657,.T.);
#1132=FACE_OUTER_BOUND('',#1658,.T.);
#1133=FACE_OUTER_BOUND('',#1659,.T.);
#1134=FACE_OUTER_BOUND('',#1660,.T.);
#1135=FACE_OUTER_BOUND('',#1661,.T.);
#1136=FACE_OUTER_BOUND('',#1662,.T.);
#1137=FACE_OUTER_BOUND('',#1663,.T.);
#1138=FACE_OUTER_BOUND('',#1664,.T.);
#1139=FACE_OUTER_BOUND('',#1665,.T.);
#1140=FACE_OUTER_BOUND('',#1666,.T.);
#1141=FACE_OUTER_BOUND('',#1667,.T.);
#1142=FACE_OUTER_BOUND('',#1668,.T.);
#1143=FACE_OUTER_BOUND('',#1669,.T.);
#1144=FACE_OUTER_BOUND('',#1670,.T.);
#1145=FACE_OUTER_BOUND('',#1671,.T.);
#1146=FACE_OUTER_BOUND('',#1672,.T.);
#1147=FACE_OUTER_BOUND('',#1673,.T.);
#1148=FACE_OUTER_BOUND('',#1674,.T.);
#1149=FACE_OUTER_BOUND('',#1675,.T.);
#1150=FACE_OUTER_BOUND('',#1676,.T.);
#1151=FACE_OUTER_BOUND('',#1677,.T.);
#1152=FACE_OUTER_BOUND('',#1679,.T.);
#1153=FACE_OUTER_BOUND('',#1684,.T.);
#1154=FACE_OUTER_BOUND('',#1685,.T.);
#1155=FACE_OUTER_BOUND('',#1686,.T.);
#1156=FACE_OUTER_BOUND('',#1687,.T.);
#1157=FACE_OUTER_BOUND('',#1688,.T.);
#1158=FACE_OUTER_BOUND('',#1689,.T.);
#1159=FACE_OUTER_BOUND('',#1690,.T.);
#1160=FACE_OUTER_BOUND('',#1691,.T.);
#1161=FACE_OUTER_BOUND('',#1692,.T.);
#1162=FACE_OUTER_BOUND('',#1693,.T.);
#1163=FACE_OUTER_BOUND('',#1694,.T.);
#1164=FACE_OUTER_BOUND('',#1695,.T.);
#1165=FACE_OUTER_BOUND('',#1696,.T.);
#1166=FACE_OUTER_BOUND('',#1697,.T.);
#1167=FACE_OUTER_BOUND('',#1698,.T.);
#1168=FACE_OUTER_BOUND('',#1701,.T.);
#1169=FACE_OUTER_BOUND('',#1702,.T.);
#1170=FACE_OUTER_BOUND('',#1703,.T.);
#1171=FACE_OUTER_BOUND('',#1704,.T.);
#1172=FACE_OUTER_BOUND('',#1705,.T.);
#1173=FACE_OUTER_BOUND('',#1707,.T.);
#1174=FACE_OUTER_BOUND('',#1708,.T.);
#1175=FACE_OUTER_BOUND('',#1709,.T.);
#1176=FACE_OUTER_BOUND('',#1710,.T.);
#1177=FACE_OUTER_BOUND('',#1711,.T.);
#1178=FACE_OUTER_BOUND('',#1712,.T.);
#1179=FACE_OUTER_BOUND('',#1713,.T.);
#1180=FACE_OUTER_BOUND('',#1714,.T.);
#1181=FACE_OUTER_BOUND('',#1715,.T.);
#1182=FACE_OUTER_BOUND('',#1716,.T.);
#1183=FACE_OUTER_BOUND('',#1717,.T.);
#1184=FACE_OUTER_BOUND('',#1718,.T.);
#1185=FACE_OUTER_BOUND('',#1719,.T.);
#1186=FACE_OUTER_BOUND('',#1720,.T.);
#1187=FACE_OUTER_BOUND('',#1724,.T.);
#1188=FACE_OUTER_BOUND('',#1725,.T.);
#1189=FACE_OUTER_BOUND('',#1726,.T.);
#1190=FACE_OUTER_BOUND('',#1727,.T.);
#1191=FACE_OUTER_BOUND('',#1728,.T.);
#1192=FACE_OUTER_BOUND('',#1729,.T.);
#1193=FACE_OUTER_BOUND('',#1730,.T.);
#1194=FACE_OUTER_BOUND('',#1731,.T.);
#1195=FACE_OUTER_BOUND('',#1732,.T.);
#1196=FACE_OUTER_BOUND('',#1733,.T.);
#1197=FACE_OUTER_BOUND('',#1734,.T.);
#1198=FACE_OUTER_BOUND('',#1735,.T.);
#1199=FACE_OUTER_BOUND('',#1736,.T.);
#1200=FACE_OUTER_BOUND('',#1737,.T.);
#1201=FACE_OUTER_BOUND('',#1738,.T.);
#1202=FACE_OUTER_BOUND('',#1739,.T.);
#1203=FACE_OUTER_BOUND('',#1740,.T.);
#1204=FACE_OUTER_BOUND('',#1741,.T.);
#1205=FACE_OUTER_BOUND('',#1742,.T.);
#1206=FACE_OUTER_BOUND('',#1743,.T.);
#1207=FACE_OUTER_BOUND('',#1744,.T.);
#1208=FACE_OUTER_BOUND('',#1745,.T.);
#1209=FACE_OUTER_BOUND('',#1746,.T.);
#1210=FACE_OUTER_BOUND('',#1747,.T.);
#1211=FACE_OUTER_BOUND('',#1748,.T.);
#1212=FACE_OUTER_BOUND('',#1749,.T.);
#1213=FACE_OUTER_BOUND('',#1750,.T.);
#1214=FACE_OUTER_BOUND('',#1751,.T.);
#1215=FACE_OUTER_BOUND('',#1752,.T.);
#1216=FACE_OUTER_BOUND('',#1753,.T.);
#1217=FACE_OUTER_BOUND('',#1754,.T.);
#1218=FACE_OUTER_BOUND('',#1755,.T.);
#1219=FACE_OUTER_BOUND('',#1756,.T.);
#1220=FACE_OUTER_BOUND('',#1757,.T.);
#1221=FACE_OUTER_BOUND('',#1758,.T.);
#1222=FACE_OUTER_BOUND('',#1759,.T.);
#1223=FACE_OUTER_BOUND('',#1760,.T.);
#1224=FACE_OUTER_BOUND('',#1761,.T.);
#1225=FACE_OUTER_BOUND('',#1762,.T.);
#1226=FACE_OUTER_BOUND('',#1763,.T.);
#1227=FACE_OUTER_BOUND('',#1764,.T.);
#1228=FACE_OUTER_BOUND('',#1765,.T.);
#1229=FACE_OUTER_BOUND('',#1766,.T.);
#1230=FACE_OUTER_BOUND('',#1767,.T.);
#1231=FACE_OUTER_BOUND('',#1768,.T.);
#1232=FACE_OUTER_BOUND('',#1769,.T.);
#1233=FACE_OUTER_BOUND('',#1770,.T.);
#1234=FACE_OUTER_BOUND('',#1771,.T.);
#1235=FACE_OUTER_BOUND('',#1772,.T.);
#1236=FACE_OUTER_BOUND('',#1773,.T.);
#1237=FACE_OUTER_BOUND('',#1774,.T.);
#1238=FACE_OUTER_BOUND('',#1775,.T.);
#1239=FACE_OUTER_BOUND('',#1777,.T.);
#1240=FACE_OUTER_BOUND('',#1778,.T.);
#1241=FACE_OUTER_BOUND('',#1779,.T.);
#1242=FACE_OUTER_BOUND('',#1780,.T.);
#1243=FACE_OUTER_BOUND('',#1781,.T.);
#1244=FACE_OUTER_BOUND('',#1782,.T.);
#1245=FACE_OUTER_BOUND('',#1783,.T.);
#1246=FACE_OUTER_BOUND('',#1784,.T.);
#1247=FACE_OUTER_BOUND('',#1785,.T.);
#1248=FACE_OUTER_BOUND('',#1786,.T.);
#1249=FACE_OUTER_BOUND('',#1787,.T.);
#1250=FACE_OUTER_BOUND('',#1788,.T.);
#1251=FACE_OUTER_BOUND('',#1789,.T.);
#1252=FACE_OUTER_BOUND('',#1790,.T.);
#1253=FACE_OUTER_BOUND('',#1791,.T.);
#1254=FACE_OUTER_BOUND('',#1792,.T.);
#1255=FACE_OUTER_BOUND('',#1793,.T.);
#1256=FACE_OUTER_BOUND('',#1794,.T.);
#1257=FACE_OUTER_BOUND('',#1795,.T.);
#1258=FACE_OUTER_BOUND('',#1796,.T.);
#1259=FACE_OUTER_BOUND('',#1797,.T.);
#1260=FACE_OUTER_BOUND('',#1798,.T.);
#1261=FACE_OUTER_BOUND('',#1799,.T.);
#1262=FACE_OUTER_BOUND('',#1800,.T.);
#1263=FACE_OUTER_BOUND('',#1801,.T.);
#1264=FACE_OUTER_BOUND('',#1802,.T.);
#1265=FACE_OUTER_BOUND('',#1803,.T.);
#1266=FACE_OUTER_BOUND('',#1804,.T.);
#1267=FACE_OUTER_BOUND('',#1805,.T.);
#1268=FACE_OUTER_BOUND('',#1806,.T.);
#1269=FACE_OUTER_BOUND('',#1807,.T.);
#1270=FACE_OUTER_BOUND('',#1808,.T.);
#1271=FACE_OUTER_BOUND('',#1809,.T.);
#1272=FACE_OUTER_BOUND('',#1810,.T.);
#1273=FACE_OUTER_BOUND('',#1811,.T.);
#1274=FACE_OUTER_BOUND('',#1812,.T.);
#1275=FACE_OUTER_BOUND('',#1813,.T.);
#1276=FACE_OUTER_BOUND('',#1814,.T.);
#1277=FACE_OUTER_BOUND('',#1815,.T.);
#1278=FACE_OUTER_BOUND('',#1816,.T.);
#1279=FACE_OUTER_BOUND('',#1817,.T.);
#1280=FACE_OUTER_BOUND('',#1818,.T.);
#1281=FACE_OUTER_BOUND('',#1819,.T.);
#1282=FACE_OUTER_BOUND('',#1820,.T.);
#1283=FACE_OUTER_BOUND('',#1821,.T.);
#1284=FACE_OUTER_BOUND('',#1822,.T.);
#1285=FACE_OUTER_BOUND('',#1823,.T.);
#1286=FACE_OUTER_BOUND('',#1824,.T.);
#1287=FACE_OUTER_BOUND('',#1826,.T.);
#1288=FACE_OUTER_BOUND('',#1828,.T.);
#1289=FACE_OUTER_BOUND('',#1829,.T.);
#1290=FACE_OUTER_BOUND('',#1830,.T.);
#1291=FACE_OUTER_BOUND('',#1831,.T.);
#1292=FACE_OUTER_BOUND('',#1832,.T.);
#1293=FACE_OUTER_BOUND('',#1833,.T.);
#1294=FACE_OUTER_BOUND('',#1834,.T.);
#1295=FACE_OUTER_BOUND('',#1835,.T.);
#1296=FACE_OUTER_BOUND('',#1836,.T.);
#1297=FACE_OUTER_BOUND('',#1837,.T.);
#1298=FACE_OUTER_BOUND('',#1838,.T.);
#1299=FACE_OUTER_BOUND('',#1839,.T.);
#1300=FACE_OUTER_BOUND('',#1840,.T.);
#1301=FACE_OUTER_BOUND('',#1841,.T.);
#1302=FACE_OUTER_BOUND('',#1842,.T.);
#1303=FACE_OUTER_BOUND('',#1843,.T.);
#1304=FACE_OUTER_BOUND('',#1844,.T.);
#1305=FACE_OUTER_BOUND('',#1845,.T.);
#1306=FACE_OUTER_BOUND('',#1846,.T.);
#1307=FACE_OUTER_BOUND('',#1847,.T.);
#1308=FACE_OUTER_BOUND('',#1848,.T.);
#1309=FACE_OUTER_BOUND('',#1849,.T.);
#1310=FACE_OUTER_BOUND('',#1850,.T.);
#1311=FACE_OUTER_BOUND('',#1851,.T.);
#1312=FACE_OUTER_BOUND('',#1852,.T.);
#1313=FACE_OUTER_BOUND('',#1853,.T.);
#1314=FACE_OUTER_BOUND('',#1854,.T.);
#1315=FACE_OUTER_BOUND('',#1855,.T.);
#1316=FACE_OUTER_BOUND('',#1856,.T.);
#1317=FACE_OUTER_BOUND('',#1857,.T.);
#1318=FACE_OUTER_BOUND('',#1858,.T.);
#1319=FACE_OUTER_BOUND('',#1859,.T.);
#1320=FACE_OUTER_BOUND('',#1860,.T.);
#1321=FACE_OUTER_BOUND('',#1861,.T.);
#1322=FACE_OUTER_BOUND('',#1862,.T.);
#1323=FACE_OUTER_BOUND('',#1863,.T.);
#1324=FACE_OUTER_BOUND('',#1864,.T.);
#1325=FACE_OUTER_BOUND('',#1865,.T.);
#1326=FACE_OUTER_BOUND('',#1866,.T.);
#1327=FACE_OUTER_BOUND('',#1867,.T.);
#1328=FACE_OUTER_BOUND('',#1868,.T.);
#1329=FACE_OUTER_BOUND('',#1869,.T.);
#1330=FACE_OUTER_BOUND('',#1870,.T.);
#1331=FACE_OUTER_BOUND('',#1871,.T.);
#1332=FACE_OUTER_BOUND('',#1872,.T.);
#1333=FACE_OUTER_BOUND('',#1873,.T.);
#1334=FACE_OUTER_BOUND('',#1874,.T.);
#1335=FACE_OUTER_BOUND('',#1875,.T.);
#1336=FACE_OUTER_BOUND('',#1876,.T.);
#1337=FACE_OUTER_BOUND('',#1877,.T.);
#1338=FACE_OUTER_BOUND('',#1878,.T.);
#1339=FACE_OUTER_BOUND('',#1879,.T.);
#1340=FACE_OUTER_BOUND('',#1880,.T.);
#1341=FACE_OUTER_BOUND('',#1881,.T.);
#1342=FACE_OUTER_BOUND('',#1882,.T.);
#1343=FACE_OUTER_BOUND('',#1883,.T.);
#1344=FACE_OUTER_BOUND('',#1884,.T.);
#1345=FACE_OUTER_BOUND('',#1885,.T.);
#1346=FACE_OUTER_BOUND('',#1886,.T.);
#1347=EDGE_LOOP('',(#5467,#5468,#5469,#5470,#5471,#5472,#5473,#5474,#5475,
#5476,#5477,#5478,#5479,#5480));
#1348=EDGE_LOOP('',(#5481,#5482,#5483,#5484));
#1349=EDGE_LOOP('',(#5485,#5486,#5487,#5488));
#1350=EDGE_LOOP('',(#5489,#5490,#5491));
#1351=EDGE_LOOP('',(#5492,#5493,#5494,#5495));
#1352=EDGE_LOOP('',(#5496,#5497,#5498));
#1353=EDGE_LOOP('',(#5499,#5500,#5501,#5502));
#1354=EDGE_LOOP('',(#5503,#5504,#5505,#5506));
#1355=EDGE_LOOP('',(#5507,#5508,#5509));
#1356=EDGE_LOOP('',(#5510,#5511,#5512,#5513));
#1357=EDGE_LOOP('',(#5514,#5515,#5516));
#1358=EDGE_LOOP('',(#5517,#5518,#5519,#5520));
#1359=EDGE_LOOP('',(#5521,#5522,#5523,#5524));
#1360=EDGE_LOOP('',(#5525,#5526,#5527,#5528));
#1361=EDGE_LOOP('',(#5529,#5530,#5531,#5532));
#1362=EDGE_LOOP('',(#5533,#5534,#5535));
#1363=EDGE_LOOP('',(#5536,#5537,#5538,#5539));
#1364=EDGE_LOOP('',(#5540,#5541,#5542,#5543));
#1365=EDGE_LOOP('',(#5544,#5545,#5546,#5547));
#1366=EDGE_LOOP('',(#5548,#5549,#5550,#5551));
#1367=EDGE_LOOP('',(#5552,#5553,#5554,#5555));
#1368=EDGE_LOOP('',(#5556,#5557,#5558,#5559));
#1369=EDGE_LOOP('',(#5560,#5561,#5562,#5563));
#1370=EDGE_LOOP('',(#5564,#5565,#5566,#5567));
#1371=EDGE_LOOP('',(#5568,#5569,#5570,#5571));
#1372=EDGE_LOOP('',(#5572,#5573,#5574,#5575));
#1373=EDGE_LOOP('',(#5576,#5577,#5578,#5579,#5580,#5581,#5582,#5583,#5584));
#1374=EDGE_LOOP('',(#5585,#5586,#5587,#5588));
#1375=EDGE_LOOP('',(#5589,#5590,#5591,#5592));
#1376=EDGE_LOOP('',(#5593,#5594,#5595,#5596));
#1377=EDGE_LOOP('',(#5597,#5598,#5599,#5600));
#1378=EDGE_LOOP('',(#5601,#5602,#5603,#5604));
#1379=EDGE_LOOP('',(#5605,#5606,#5607,#5608));
#1380=EDGE_LOOP('',(#5609,#5610,#5611,#5612,#5613,#5614,#5615,#5616,#5617));
#1381=EDGE_LOOP('',(#5618,#5619,#5620,#5621));
#1382=EDGE_LOOP('',(#5622,#5623,#5624,#5625));
#1383=EDGE_LOOP('',(#5626,#5627,#5628,#5629));
#1384=EDGE_LOOP('',(#5630,#5631,#5632,#5633));
#1385=EDGE_LOOP('',(#5634,#5635,#5636,#5637));
#1386=EDGE_LOOP('',(#5638,#5639,#5640,#5641));
#1387=EDGE_LOOP('',(#5642,#5643,#5644,#5645));
#1388=EDGE_LOOP('',(#5646,#5647,#5648,#5649));
#1389=EDGE_LOOP('',(#5650,#5651,#5652,#5653));
#1390=EDGE_LOOP('',(#5654,#5655,#5656,#5657));
#1391=EDGE_LOOP('',(#5658,#5659,#5660));
#1392=EDGE_LOOP('',(#5661,#5662,#5663,#5664));
#1393=EDGE_LOOP('',(#5665,#5666,#5667));
#1394=EDGE_LOOP('',(#5668,#5669,#5670,#5671));
#1395=EDGE_LOOP('',(#5672,#5673,#5674,#5675));
#1396=EDGE_LOOP('',(#5676,#5677,#5678,#5679));
#1397=EDGE_LOOP('',(#5680,#5681,#5682,#5683));
#1398=EDGE_LOOP('',(#5684,#5685,#5686));
#1399=EDGE_LOOP('',(#5687,#5688,#5689,#5690));
#1400=EDGE_LOOP('',(#5691,#5692,#5693,#5694));
#1401=EDGE_LOOP('',(#5695,#5696,#5697));
#1402=EDGE_LOOP('',(#5698,#5699,#5700,#5701));
#1403=EDGE_LOOP('',(#5702,#5703,#5704,#5705));
#1404=EDGE_LOOP('',(#5706,#5707,#5708,#5709));
#1405=EDGE_LOOP('',(#5710,#5711,#5712));
#1406=EDGE_LOOP('',(#5713,#5714,#5715,#5716,#5717,#5718,#5719,#5720,#5721,
#5722,#5723,#5724,#5725,#5726));
#1407=EDGE_LOOP('',(#5727,#5728,#5729,#5730,#5731,#5732,#5733,#5734,#5735,
#5736,#5737,#5738,#5739,#5740));
#1408=EDGE_LOOP('',(#5741,#5742,#5743));
#1409=EDGE_LOOP('',(#5744,#5745,#5746,#5747));
#1410=EDGE_LOOP('',(#5748,#5749,#5750));
#1411=EDGE_LOOP('',(#5751,#5752,#5753,#5754));
#1412=EDGE_LOOP('',(#5755,#5756,#5757));
#1413=EDGE_LOOP('',(#5758,#5759,#5760,#5761));
#1414=EDGE_LOOP('',(#5762,#5763,#5764,#5765));
#1415=EDGE_LOOP('',(#5766,#5767,#5768,#5769));
#1416=EDGE_LOOP('',(#5770,#5771,#5772,#5773));
#1417=EDGE_LOOP('',(#5774,#5775,#5776,#5777));
#1418=EDGE_LOOP('',(#5778,#5779,#5780,#5781));
#1419=EDGE_LOOP('',(#5782,#5783,#5784,#5785));
#1420=EDGE_LOOP('',(#5786,#5787,#5788));
#1421=EDGE_LOOP('',(#5789,#5790,#5791,#5792));
#1422=EDGE_LOOP('',(#5793,#5794,#5795));
#1423=EDGE_LOOP('',(#5796,#5797,#5798,#5799));
#1424=EDGE_LOOP('',(#5800,#5801,#5802,#5803));
#1425=EDGE_LOOP('',(#5804,#5805,#5806,#5807));
#1426=EDGE_LOOP('',(#5808,#5809,#5810,#5811));
#1427=EDGE_LOOP('',(#5812,#5813,#5814,#5815));
#1428=EDGE_LOOP('',(#5816,#5817,#5818,#5819));
#1429=EDGE_LOOP('',(#5820,#5821,#5822,#5823));
#1430=EDGE_LOOP('',(#5824,#5825,#5826,#5827));
#1431=EDGE_LOOP('',(#5828,#5829,#5830,#5831));
#1432=EDGE_LOOP('',(#5832,#5833,#5834,#5835));
#1433=EDGE_LOOP('',(#5836,#5837,#5838,#5839,#5840,#5841,#5842,#5843,#5844));
#1434=EDGE_LOOP('',(#5845,#5846,#5847,#5848));
#1435=EDGE_LOOP('',(#5849,#5850,#5851,#5852));
#1436=EDGE_LOOP('',(#5853,#5854,#5855,#5856));
#1437=EDGE_LOOP('',(#5857,#5858,#5859,#5860,#5861,#5862,#5863,#5864,#5865,
#5866,#5867,#5868,#5869,#5870));
#1438=EDGE_LOOP('',(#5871,#5872,#5873));
#1439=EDGE_LOOP('',(#5874,#5875,#5876,#5877));
#1440=EDGE_LOOP('',(#5878,#5879,#5880));
#1441=EDGE_LOOP('',(#5881,#5882,#5883,#5884));
#1442=EDGE_LOOP('',(#5885,#5886,#5887,#5888));
#1443=EDGE_LOOP('',(#5889,#5890,#5891,#5892));
#1444=EDGE_LOOP('',(#5893,#5894,#5895,#5896));
#1445=EDGE_LOOP('',(#5897,#5898,#5899));
#1446=EDGE_LOOP('',(#5900,#5901,#5902,#5903));
#1447=EDGE_LOOP('',(#5904,#5905,#5906));
#1448=EDGE_LOOP('',(#5907,#5908,#5909,#5910));
#1449=EDGE_LOOP('',(#5911,#5912,#5913,#5914));
#1450=EDGE_LOOP('',(#5915,#5916,#5917,#5918));
#1451=EDGE_LOOP('',(#5919,#5920,#5921,#5922));
#1452=EDGE_LOOP('',(#5923,#5924,#5925));
#1453=EDGE_LOOP('',(#5926,#5927,#5928,#5929));
#1454=EDGE_LOOP('',(#5930,#5931,#5932,#5933));
#1455=EDGE_LOOP('',(#5934,#5935,#5936,#5937));
#1456=EDGE_LOOP('',(#5938,#5939,#5940,#5941));
#1457=EDGE_LOOP('',(#5942,#5943,#5944,#5945));
#1458=EDGE_LOOP('',(#5946,#5947,#5948,#5949));
#1459=EDGE_LOOP('',(#5950,#5951,#5952,#5953));
#1460=EDGE_LOOP('',(#5954,#5955,#5956,#5957));
#1461=EDGE_LOOP('',(#5958,#5959,#5960,#5961));
#1462=EDGE_LOOP('',(#5962,#5963,#5964,#5965));
#1463=EDGE_LOOP('',(#5966,#5967,#5968,#5969,#5970,#5971,#5972,#5973,#5974));
#1464=EDGE_LOOP('',(#5975,#5976,#5977,#5978));
#1465=EDGE_LOOP('',(#5979,#5980,#5981,#5982));
#1466=EDGE_LOOP('',(#5983,#5984,#5985,#5986));
#1467=EDGE_LOOP('',(#5987));
#1468=EDGE_LOOP('',(#5988));
#1469=EDGE_LOOP('',(#5989,#5990,#5991,#5992));
#1470=EDGE_LOOP('',(#5993,#5994,#5995,#5996));
#1471=EDGE_LOOP('',(#5997,#5998,#5999,#6000));
#1472=EDGE_LOOP('',(#6001,#6002,#6003,#6004));
#1473=EDGE_LOOP('',(#6005,#6006,#6007,#6008));
#1474=EDGE_LOOP('',(#6009,#6010,#6011,#6012));
#1475=EDGE_LOOP('',(#6013,#6014,#6015,#6016));
#1476=EDGE_LOOP('',(#6017,#6018,#6019,#6020));
#1477=EDGE_LOOP('',(#6021,#6022,#6023,#6024));
#1478=EDGE_LOOP('',(#6025,#6026,#6027,#6028));
#1479=EDGE_LOOP('',(#6029,#6030,#6031,#6032));
#1480=EDGE_LOOP('',(#6033,#6034,#6035,#6036));
#1481=EDGE_LOOP('',(#6037,#6038,#6039,#6040));
#1482=EDGE_LOOP('',(#6041,#6042,#6043,#6044));
#1483=EDGE_LOOP('',(#6045,#6046,#6047,#6048));
#1484=EDGE_LOOP('',(#6049,#6050,#6051,#6052));
#1485=EDGE_LOOP('',(#6053,#6054,#6055,#6056));
#1486=EDGE_LOOP('',(#6057,#6058,#6059,#6060));
#1487=EDGE_LOOP('',(#6061,#6062,#6063,#6064));
#1488=EDGE_LOOP('',(#6065,#6066,#6067,#6068));
#1489=EDGE_LOOP('',(#6069,#6070,#6071,#6072));
#1490=EDGE_LOOP('',(#6073,#6074,#6075,#6076));
#1491=EDGE_LOOP('',(#6077,#6078,#6079,#6080));
#1492=EDGE_LOOP('',(#6081,#6082,#6083,#6084));
#1493=EDGE_LOOP('',(#6085,#6086,#6087,#6088));
#1494=EDGE_LOOP('',(#6089,#6090,#6091,#6092));
#1495=EDGE_LOOP('',(#6093,#6094,#6095,#6096,#6097,#6098,#6099,#6100));
#1496=EDGE_LOOP('',(#6101,#6102,#6103,#6104));
#1497=EDGE_LOOP('',(#6105,#6106,#6107,#6108));
#1498=EDGE_LOOP('',(#6109,#6110,#6111,#6112));
#1499=EDGE_LOOP('',(#6113,#6114,#6115,#6116));
#1500=EDGE_LOOP('',(#6117,#6118,#6119,#6120));
#1501=EDGE_LOOP('',(#6121,#6122,#6123,#6124));
#1502=EDGE_LOOP('',(#6125,#6126,#6127,#6128));
#1503=EDGE_LOOP('',(#6129,#6130,#6131,#6132));
#1504=EDGE_LOOP('',(#6133,#6134,#6135,#6136));
#1505=EDGE_LOOP('',(#6137,#6138,#6139,#6140));
#1506=EDGE_LOOP('',(#6141,#6142,#6143,#6144));
#1507=EDGE_LOOP('',(#6145,#6146,#6147,#6148));
#1508=EDGE_LOOP('',(#6149,#6150,#6151,#6152));
#1509=EDGE_LOOP('',(#6153,#6154,#6155,#6156));
#1510=EDGE_LOOP('',(#6157,#6158,#6159,#6160));
#1511=EDGE_LOOP('',(#6161,#6162,#6163,#6164));
#1512=EDGE_LOOP('',(#6165,#6166,#6167,#6168));
#1513=EDGE_LOOP('',(#6169,#6170,#6171,#6172));
#1514=EDGE_LOOP('',(#6173,#6174,#6175,#6176));
#1515=EDGE_LOOP('',(#6177,#6178,#6179,#6180));
#1516=EDGE_LOOP('',(#6181,#6182,#6183,#6184));
#1517=EDGE_LOOP('',(#6185,#6186,#6187,#6188));
#1518=EDGE_LOOP('',(#6189,#6190,#6191,#6192));
#1519=EDGE_LOOP('',(#6193,#6194,#6195,#6196));
#1520=EDGE_LOOP('',(#6197,#6198,#6199,#6200));
#1521=EDGE_LOOP('',(#6201,#6202,#6203,#6204));
#1522=EDGE_LOOP('',(#6205,#6206,#6207,#6208));
#1523=EDGE_LOOP('',(#6209,#6210,#6211,#6212));
#1524=EDGE_LOOP('',(#6213,#6214,#6215,#6216));
#1525=EDGE_LOOP('',(#6217,#6218,#6219,#6220));
#1526=EDGE_LOOP('',(#6221,#6222,#6223,#6224));
#1527=EDGE_LOOP('',(#6225,#6226,#6227,#6228));
#1528=EDGE_LOOP('',(#6229,#6230,#6231,#6232));
#1529=EDGE_LOOP('',(#6233,#6234,#6235,#6236,#6237,#6238,#6239));
#1530=EDGE_LOOP('',(#6240,#6241,#6242,#6243,#6244,#6245,#6246));
#1531=EDGE_LOOP('',(#6247,#6248,#6249,#6250,#6251,#6252,#6253,#6254));
#1532=EDGE_LOOP('',(#6255,#6256,#6257,#6258));
#1533=EDGE_LOOP('',(#6259,#6260,#6261,#6262));
#1534=EDGE_LOOP('',(#6263,#6264,#6265,#6266));
#1535=EDGE_LOOP('',(#6267,#6268,#6269,#6270));
#1536=EDGE_LOOP('',(#6271,#6272,#6273,#6274));
#1537=EDGE_LOOP('',(#6275,#6276,#6277,#6278));
#1538=EDGE_LOOP('',(#6279,#6280,#6281,#6282,#6283,#6284));
#1539=EDGE_LOOP('',(#6285,#6286,#6287,#6288));
#1540=EDGE_LOOP('',(#6289,#6290,#6291,#6292));
#1541=EDGE_LOOP('',(#6293,#6294,#6295,#6296));
#1542=EDGE_LOOP('',(#6297,#6298,#6299,#6300));
#1543=EDGE_LOOP('',(#6301,#6302,#6303,#6304));
#1544=EDGE_LOOP('',(#6305,#6306,#6307,#6308));
#1545=EDGE_LOOP('',(#6309,#6310,#6311,#6312));
#1546=EDGE_LOOP('',(#6313,#6314,#6315,#6316));
#1547=EDGE_LOOP('',(#6317,#6318,#6319,#6320));
#1548=EDGE_LOOP('',(#6321,#6322,#6323,#6324));
#1549=EDGE_LOOP('',(#6325,#6326,#6327,#6328,#6329,#6330,#6331,#6332,#6333,
#6334));
#1550=EDGE_LOOP('',(#6335,#6336,#6337,#6338));
#1551=EDGE_LOOP('',(#6339,#6340,#6341,#6342));
#1552=EDGE_LOOP('',(#6343,#6344,#6345,#6346));
#1553=EDGE_LOOP('',(#6347,#6348,#6349,#6350));
#1554=EDGE_LOOP('',(#6351,#6352,#6353,#6354));
#1555=EDGE_LOOP('',(#6355,#6356,#6357,#6358));
#1556=EDGE_LOOP('',(#6359,#6360,#6361,#6362));
#1557=EDGE_LOOP('',(#6363,#6364,#6365,#6366));
#1558=EDGE_LOOP('',(#6367,#6368,#6369,#6370));
#1559=EDGE_LOOP('',(#6371,#6372,#6373,#6374));
#1560=EDGE_LOOP('',(#6375,#6376,#6377,#6378));
#1561=EDGE_LOOP('',(#6379,#6380,#6381,#6382));
#1562=EDGE_LOOP('',(#6383,#6384,#6385,#6386));
#1563=EDGE_LOOP('',(#6387,#6388,#6389,#6390));
#1564=EDGE_LOOP('',(#6391,#6392,#6393,#6394));
#1565=EDGE_LOOP('',(#6395,#6396,#6397,#6398));
#1566=EDGE_LOOP('',(#6399,#6400,#6401,#6402));
#1567=EDGE_LOOP('',(#6403,#6404,#6405,#6406));
#1568=EDGE_LOOP('',(#6407,#6408,#6409,#6410));
#1569=EDGE_LOOP('',(#6411,#6412,#6413,#6414));
#1570=EDGE_LOOP('',(#6415,#6416,#6417,#6418));
#1571=EDGE_LOOP('',(#6419,#6420,#6421,#6422));
#1572=EDGE_LOOP('',(#6423,#6424,#6425,#6426));
#1573=EDGE_LOOP('',(#6427,#6428,#6429,#6430));
#1574=EDGE_LOOP('',(#6431,#6432,#6433,#6434));
#1575=EDGE_LOOP('',(#6435,#6436,#6437,#6438));
#1576=EDGE_LOOP('',(#6439,#6440,#6441,#6442));
#1577=EDGE_LOOP('',(#6443,#6444,#6445,#6446,#6447,#6448,#6449,#6450,#6451,
#6452,#6453,#6454,#6455,#6456,#6457,#6458,#6459,#6460,#6461));
#1578=EDGE_LOOP('',(#6462,#6463,#6464,#6465,#6466,#6467,#6468,#6469));
#1579=EDGE_LOOP('',(#6470,#6471,#6472,#6473));
#1580=EDGE_LOOP('',(#6474,#6475,#6476,#6477));
#1581=EDGE_LOOP('',(#6478,#6479,#6480,#6481));
#1582=EDGE_LOOP('',(#6482,#6483,#6484,#6485));
#1583=EDGE_LOOP('',(#6486,#6487,#6488,#6489));
#1584=EDGE_LOOP('',(#6490,#6491,#6492,#6493));
#1585=EDGE_LOOP('',(#6494,#6495,#6496,#6497));
#1586=EDGE_LOOP('',(#6498,#6499,#6500,#6501));
#1587=EDGE_LOOP('',(#6502,#6503,#6504,#6505));
#1588=EDGE_LOOP('',(#6506,#6507,#6508,#6509));
#1589=EDGE_LOOP('',(#6510,#6511,#6512,#6513));
#1590=EDGE_LOOP('',(#6514,#6515,#6516,#6517));
#1591=EDGE_LOOP('',(#6518,#6519,#6520,#6521));
#1592=EDGE_LOOP('',(#6522,#6523,#6524,#6525));
#1593=EDGE_LOOP('',(#6526,#6527,#6528,#6529));
#1594=EDGE_LOOP('',(#6530,#6531,#6532,#6533));
#1595=EDGE_LOOP('',(#6534,#6535,#6536,#6537));
#1596=EDGE_LOOP('',(#6538,#6539,#6540,#6541));
#1597=EDGE_LOOP('',(#6542,#6543,#6544,#6545));
#1598=EDGE_LOOP('',(#6546,#6547,#6548,#6549));
#1599=EDGE_LOOP('',(#6550,#6551,#6552,#6553));
#1600=EDGE_LOOP('',(#6554,#6555,#6556,#6557));
#1601=EDGE_LOOP('',(#6558,#6559,#6560,#6561));
#1602=EDGE_LOOP('',(#6562,#6563,#6564,#6565));
#1603=EDGE_LOOP('',(#6566,#6567,#6568,#6569));
#1604=EDGE_LOOP('',(#6570,#6571,#6572,#6573));
#1605=EDGE_LOOP('',(#6574,#6575,#6576,#6577));
#1606=EDGE_LOOP('',(#6578,#6579,#6580,#6581,#6582,#6583,#6584,#6585,#6586,
#6587,#6588,#6589,#6590));
#1607=EDGE_LOOP('',(#6591,#6592,#6593,#6594,#6595,#6596,#6597));
#1608=EDGE_LOOP('',(#6598,#6599,#6600,#6601,#6602,#6603,#6604));
#1609=EDGE_LOOP('',(#6605,#6606,#6607,#6608,#6609));
#1610=EDGE_LOOP('',(#6610,#6611,#6612,#6613,#6614));
#1611=EDGE_LOOP('',(#6615,#6616,#6617,#6618,#6619,#6620,#6621,#6622,#6623,
#6624));
#1612=EDGE_LOOP('',(#6625));
#1613=EDGE_LOOP('',(#6626,#6627,#6628,#6629,#6630,#6631,#6632,#6633,#6634,
#6635,#6636,#6637,#6638,#6639,#6640,#6641,#6642,#6643,#6644,#6645,#6646,
#6647,#6648,#6649,#6650,#6651,#6652,#6653,#6654,#6655,#6656,#6657,#6658,
#6659,#6660,#6661));
#1614=EDGE_LOOP('',(#6662,#6663,#6664,#6665));
#1615=EDGE_LOOP('',(#6666,#6667,#6668,#6669));
#1616=EDGE_LOOP('',(#6670,#6671,#6672,#6673));
#1617=EDGE_LOOP('',(#6674,#6675,#6676,#6677));
#1618=EDGE_LOOP('',(#6678,#6679,#6680,#6681));
#1619=EDGE_LOOP('',(#6682,#6683,#6684,#6685));
#1620=EDGE_LOOP('',(#6686,#6687,#6688,#6689));
#1621=EDGE_LOOP('',(#6690,#6691,#6692,#6693));
#1622=EDGE_LOOP('',(#6694,#6695,#6696,#6697));
#1623=EDGE_LOOP('',(#6698,#6699,#6700,#6701));
#1624=EDGE_LOOP('',(#6702,#6703,#6704,#6705));
#1625=EDGE_LOOP('',(#6706,#6707,#6708,#6709));
#1626=EDGE_LOOP('',(#6710,#6711,#6712,#6713));
#1627=EDGE_LOOP('',(#6714,#6715,#6716,#6717,#6718,#6719,#6720,#6721,#6722,
#6723,#6724,#6725));
#1628=EDGE_LOOP('',(#6726,#6727,#6728,#6729));
#1629=EDGE_LOOP('',(#6730,#6731,#6732,#6733));
#1630=EDGE_LOOP('',(#6734,#6735,#6736,#6737));
#1631=EDGE_LOOP('',(#6738,#6739,#6740,#6741));
#1632=EDGE_LOOP('',(#6742,#6743,#6744,#6745));
#1633=EDGE_LOOP('',(#6746,#6747,#6748,#6749));
#1634=EDGE_LOOP('',(#6750,#6751,#6752,#6753));
#1635=EDGE_LOOP('',(#6754,#6755,#6756,#6757));
#1636=EDGE_LOOP('',(#6758,#6759,#6760,#6761));
#1637=EDGE_LOOP('',(#6762,#6763,#6764,#6765));
#1638=EDGE_LOOP('',(#6766,#6767,#6768,#6769));
#1639=EDGE_LOOP('',(#6770,#6771,#6772,#6773));
#1640=EDGE_LOOP('',(#6774,#6775,#6776,#6777));
#1641=EDGE_LOOP('',(#6778,#6779,#6780,#6781));
#1642=EDGE_LOOP('',(#6782,#6783,#6784,#6785));
#1643=EDGE_LOOP('',(#6786,#6787,#6788,#6789,#6790,#6791,#6792,#6793,#6794,
#6795,#6796,#6797));
#1644=EDGE_LOOP('',(#6798,#6799,#6800,#6801));
#1645=EDGE_LOOP('',(#6802,#6803,#6804,#6805));
#1646=EDGE_LOOP('',(#6806,#6807,#6808,#6809));
#1647=EDGE_LOOP('',(#6810,#6811,#6812,#6813));
#1648=EDGE_LOOP('',(#6814,#6815,#6816,#6817));
#1649=EDGE_LOOP('',(#6818,#6819,#6820,#6821));
#1650=EDGE_LOOP('',(#6822,#6823,#6824,#6825));
#1651=EDGE_LOOP('',(#6826,#6827,#6828,#6829));
#1652=EDGE_LOOP('',(#6830,#6831,#6832,#6833));
#1653=EDGE_LOOP('',(#6834,#6835,#6836,#6837));
#1654=EDGE_LOOP('',(#6838,#6839,#6840,#6841));
#1655=EDGE_LOOP('',(#6842,#6843,#6844,#6845));
#1656=EDGE_LOOP('',(#6846,#6847,#6848,#6849));
#1657=EDGE_LOOP('',(#6850,#6851,#6852,#6853));
#1658=EDGE_LOOP('',(#6854,#6855,#6856,#6857));
#1659=EDGE_LOOP('',(#6858,#6859,#6860,#6861,#6862,#6863,#6864,#6865,#6866,
#6867,#6868,#6869));
#1660=EDGE_LOOP('',(#6870,#6871,#6872,#6873));
#1661=EDGE_LOOP('',(#6874,#6875,#6876,#6877));
#1662=EDGE_LOOP('',(#6878,#6879,#6880,#6881));
#1663=EDGE_LOOP('',(#6882,#6883,#6884,#6885));
#1664=EDGE_LOOP('',(#6886,#6887,#6888,#6889));
#1665=EDGE_LOOP('',(#6890,#6891,#6892,#6893));
#1666=EDGE_LOOP('',(#6894,#6895,#6896,#6897));
#1667=EDGE_LOOP('',(#6898,#6899,#6900,#6901));
#1668=EDGE_LOOP('',(#6902,#6903,#6904,#6905));
#1669=EDGE_LOOP('',(#6906,#6907,#6908,#6909));
#1670=EDGE_LOOP('',(#6910,#6911,#6912,#6913));
#1671=EDGE_LOOP('',(#6914,#6915,#6916,#6917));
#1672=EDGE_LOOP('',(#6918,#6919,#6920,#6921));
#1673=EDGE_LOOP('',(#6922,#6923,#6924,#6925));
#1674=EDGE_LOOP('',(#6926,#6927,#6928,#6929));
#1675=EDGE_LOOP('',(#6930,#6931,#6932,#6933,#6934));
#1676=EDGE_LOOP('',(#6935,#6936,#6937,#6938,#6939));
#1677=EDGE_LOOP('',(#6940,#6941,#6942,#6943,#6944,#6945,#6946,#6947,#6948,
#6949));
#1678=EDGE_LOOP('',(#6950));
#1679=EDGE_LOOP('',(#6951,#6952,#6953,#6954,#6955,#6956,#6957,#6958,#6959,
#6960,#6961,#6962,#6963,#6964,#6965,#6966,#6967,#6968,#6969,#6970,#6971,
#6972,#6973,#6974,#6975,#6976,#6977,#6978,#6979,#6980,#6981,#6982,#6983,
#6984,#6985,#6986));
#1680=EDGE_LOOP('',(#6987,#6988,#6989,#6990,#6991,#6992));
#1681=EDGE_LOOP('',(#6993,#6994,#6995,#6996,#6997,#6998,#6999,#7000,#7001,
#7002));
#1682=EDGE_LOOP('',(#7003,#7004,#7005,#7006,#7007,#7008,#7009,#7010,#7011,
#7012,#7013,#7014,#7015,#7016,#7017,#7018,#7019,#7020,#7021));
#1683=EDGE_LOOP('',(#7022,#7023,#7024,#7025,#7026,#7027,#7028,#7029,#7030,
#7031,#7032,#7033,#7034));
#1684=EDGE_LOOP('',(#7035,#7036,#7037,#7038));
#1685=EDGE_LOOP('',(#7039,#7040,#7041,#7042));
#1686=EDGE_LOOP('',(#7043,#7044,#7045,#7046));
#1687=EDGE_LOOP('',(#7047,#7048,#7049,#7050));
#1688=EDGE_LOOP('',(#7051,#7052,#7053,#7054));
#1689=EDGE_LOOP('',(#7055,#7056,#7057,#7058));
#1690=EDGE_LOOP('',(#7059,#7060,#7061,#7062));
#1691=EDGE_LOOP('',(#7063,#7064,#7065,#7066));
#1692=EDGE_LOOP('',(#7067,#7068,#7069,#7070));
#1693=EDGE_LOOP('',(#7071,#7072,#7073,#7074));
#1694=EDGE_LOOP('',(#7075,#7076,#7077,#7078));
#1695=EDGE_LOOP('',(#7079,#7080,#7081,#7082));
#1696=EDGE_LOOP('',(#7083,#7084,#7085,#7086));
#1697=EDGE_LOOP('',(#7087,#7088,#7089,#7090,#7091));
#1698=EDGE_LOOP('',(#7092,#7093,#7094,#7095,#7096,#7097,#7098,#7099));
#1699=EDGE_LOOP('',(#7100));
#1700=EDGE_LOOP('',(#7101));
#1701=EDGE_LOOP('',(#7102,#7103,#7104,#7105,#7106));
#1702=EDGE_LOOP('',(#7107,#7108,#7109,#7110,#7111));
#1703=EDGE_LOOP('',(#7112,#7113,#7114,#7115,#7116));
#1704=EDGE_LOOP('',(#7117,#7118,#7119,#7120,#7121));
#1705=EDGE_LOOP('',(#7122,#7123,#7124,#7125,#7126,#7127,#7128,#7129,#7130,
#7131));
#1706=EDGE_LOOP('',(#7132));
#1707=EDGE_LOOP('',(#7133,#7134,#7135,#7136,#7137));
#1708=EDGE_LOOP('',(#7138,#7139,#7140,#7141));
#1709=EDGE_LOOP('',(#7142,#7143,#7144,#7145));
#1710=EDGE_LOOP('',(#7146,#7147,#7148,#7149));
#1711=EDGE_LOOP('',(#7150,#7151,#7152,#7153));
#1712=EDGE_LOOP('',(#7154,#7155,#7156,#7157));
#1713=EDGE_LOOP('',(#7158,#7159,#7160,#7161));
#1714=EDGE_LOOP('',(#7162,#7163,#7164,#7165));
#1715=EDGE_LOOP('',(#7166,#7167,#7168,#7169));
#1716=EDGE_LOOP('',(#7170,#7171,#7172,#7173));
#1717=EDGE_LOOP('',(#7174,#7175,#7176,#7177));
#1718=EDGE_LOOP('',(#7178,#7179,#7180,#7181,#7182,#7183,#7184,#7185,#7186,
#7187,#7188,#7189,#7190,#7191,#7192,#7193,#7194,#7195,#7196,#7197,#7198,
#7199,#7200,#7201,#7202,#7203,#7204,#7205,#7206,#7207,#7208,#7209,#7210,
#7211,#7212,#7213));
#1719=EDGE_LOOP('',(#7214,#7215,#7216,#7217));
#1720=EDGE_LOOP('',(#7218,#7219,#7220,#7221));
#1721=EDGE_LOOP('',(#7222,#7223,#7224,#7225,#7226,#7227,#7228,#7229,#7230,
#7231,#7232,#7233,#7234));
#1722=EDGE_LOOP('',(#7235,#7236,#7237,#7238,#7239,#7240,#7241,#7242,#7243,
#7244,#7245,#7246,#7247));
#1723=EDGE_LOOP('',(#7248,#7249,#7250,#7251));
#1724=EDGE_LOOP('',(#7252,#7253,#7254,#7255));
#1725=EDGE_LOOP('',(#7256,#7257,#7258,#7259));
#1726=EDGE_LOOP('',(#7260,#7261,#7262,#7263));
#1727=EDGE_LOOP('',(#7264,#7265,#7266,#7267));
#1728=EDGE_LOOP('',(#7268,#7269,#7270,#7271));
#1729=EDGE_LOOP('',(#7272,#7273,#7274,#7275));
#1730=EDGE_LOOP('',(#7276,#7277,#7278,#7279));
#1731=EDGE_LOOP('',(#7280,#7281,#7282,#7283));
#1732=EDGE_LOOP('',(#7284,#7285,#7286,#7287));
#1733=EDGE_LOOP('',(#7288,#7289,#7290,#7291));
#1734=EDGE_LOOP('',(#7292,#7293,#7294,#7295));
#1735=EDGE_LOOP('',(#7296,#7297,#7298,#7299));
#1736=EDGE_LOOP('',(#7300,#7301,#7302,#7303));
#1737=EDGE_LOOP('',(#7304,#7305,#7306,#7307));
#1738=EDGE_LOOP('',(#7308,#7309,#7310,#7311));
#1739=EDGE_LOOP('',(#7312,#7313,#7314,#7315));
#1740=EDGE_LOOP('',(#7316,#7317,#7318,#7319,#7320,#7321,#7322,#7323,#7324,
#7325,#7326,#7327,#7328,#7329,#7330,#7331,#7332,#7333,#7334,#7335,#7336,
#7337,#7338,#7339,#7340,#7341,#7342,#7343,#7344,#7345,#7346,#7347,#7348,
#7349,#7350,#7351));
#1741=EDGE_LOOP('',(#7352,#7353,#7354,#7355,#7356,#7357,#7358,#7359,#7360,
#7361,#7362,#7363));
#1742=EDGE_LOOP('',(#7364,#7365,#7366,#7367));
#1743=EDGE_LOOP('',(#7368,#7369,#7370,#7371));
#1744=EDGE_LOOP('',(#7372,#7373,#7374,#7375));
#1745=EDGE_LOOP('',(#7376,#7377,#7378,#7379));
#1746=EDGE_LOOP('',(#7380,#7381,#7382,#7383));
#1747=EDGE_LOOP('',(#7384,#7385,#7386,#7387));
#1748=EDGE_LOOP('',(#7388,#7389,#7390,#7391));
#1749=EDGE_LOOP('',(#7392,#7393,#7394,#7395));
#1750=EDGE_LOOP('',(#7396,#7397,#7398,#7399));
#1751=EDGE_LOOP('',(#7400,#7401,#7402,#7403));
#1752=EDGE_LOOP('',(#7404,#7405,#7406,#7407));
#1753=EDGE_LOOP('',(#7408,#7409,#7410,#7411));
#1754=EDGE_LOOP('',(#7412,#7413,#7414,#7415));
#1755=EDGE_LOOP('',(#7416,#7417,#7418,#7419));
#1756=EDGE_LOOP('',(#7420,#7421,#7422,#7423));
#1757=EDGE_LOOP('',(#7424,#7425,#7426,#7427,#7428,#7429,#7430,#7431,#7432,
#7433,#7434,#7435));
#1758=EDGE_LOOP('',(#7436,#7437,#7438,#7439));
#1759=EDGE_LOOP('',(#7440,#7441,#7442,#7443));
#1760=EDGE_LOOP('',(#7444,#7445,#7446,#7447));
#1761=EDGE_LOOP('',(#7448,#7449,#7450,#7451));
#1762=EDGE_LOOP('',(#7452,#7453,#7454,#7455));
#1763=EDGE_LOOP('',(#7456,#7457,#7458,#7459));
#1764=EDGE_LOOP('',(#7460,#7461,#7462,#7463));
#1765=EDGE_LOOP('',(#7464,#7465,#7466,#7467));
#1766=EDGE_LOOP('',(#7468,#7469,#7470,#7471));
#1767=EDGE_LOOP('',(#7472,#7473,#7474,#7475));
#1768=EDGE_LOOP('',(#7476,#7477,#7478,#7479));
#1769=EDGE_LOOP('',(#7480,#7481,#7482,#7483));
#1770=EDGE_LOOP('',(#7484,#7485,#7486,#7487));
#1771=EDGE_LOOP('',(#7488,#7489,#7490,#7491));
#1772=EDGE_LOOP('',(#7492,#7493,#7494,#7495));
#1773=EDGE_LOOP('',(#7496,#7497,#7498,#7499,#7500,#7501,#7502,#7503,#7504,
#7505,#7506,#7507));
#1774=EDGE_LOOP('',(#7508,#7509,#7510,#7511,#7512));
#1775=EDGE_LOOP('',(#7513,#7514,#7515,#7516,#7517,#7518,#7519,#7520,#7521,
#7522));
#1776=EDGE_LOOP('',(#7523));
#1777=EDGE_LOOP('',(#7524,#7525,#7526,#7527,#7528));
#1778=EDGE_LOOP('',(#7529,#7530,#7531,#7532));
#1779=EDGE_LOOP('',(#7533,#7534,#7535,#7536));
#1780=EDGE_LOOP('',(#7537,#7538,#7539,#7540));
#1781=EDGE_LOOP('',(#7541,#7542,#7543,#7544));
#1782=EDGE_LOOP('',(#7545,#7546,#7547,#7548));
#1783=EDGE_LOOP('',(#7549,#7550,#7551,#7552));
#1784=EDGE_LOOP('',(#7553,#7554,#7555,#7556));
#1785=EDGE_LOOP('',(#7557,#7558,#7559,#7560));
#1786=EDGE_LOOP('',(#7561,#7562,#7563,#7564));
#1787=EDGE_LOOP('',(#7565,#7566,#7567,#7568));
#1788=EDGE_LOOP('',(#7569,#7570,#7571,#7572));
#1789=EDGE_LOOP('',(#7573,#7574,#7575,#7576));
#1790=EDGE_LOOP('',(#7577,#7578,#7579,#7580));
#1791=EDGE_LOOP('',(#7581,#7582,#7583,#7584));
#1792=EDGE_LOOP('',(#7585,#7586,#7587,#7588));
#1793=EDGE_LOOP('',(#7589,#7590,#7591,#7592));
#1794=EDGE_LOOP('',(#7593,#7594,#7595,#7596));
#1795=EDGE_LOOP('',(#7597,#7598,#7599,#7600));
#1796=EDGE_LOOP('',(#7601,#7602,#7603,#7604,#7605,#7606,#7607,#7608,#7609,
#7610,#7611,#7612,#7613));
#1797=EDGE_LOOP('',(#7614,#7615,#7616,#7617));
#1798=EDGE_LOOP('',(#7618,#7619,#7620,#7621));
#1799=EDGE_LOOP('',(#7622,#7623,#7624,#7625));
#1800=EDGE_LOOP('',(#7626,#7627,#7628,#7629));
#1801=EDGE_LOOP('',(#7630,#7631,#7632,#7633));
#1802=EDGE_LOOP('',(#7634,#7635,#7636,#7637));
#1803=EDGE_LOOP('',(#7638,#7639,#7640,#7641));
#1804=EDGE_LOOP('',(#7642,#7643,#7644,#7645));
#1805=EDGE_LOOP('',(#7646,#7647,#7648,#7649));
#1806=EDGE_LOOP('',(#7650,#7651,#7652,#7653));
#1807=EDGE_LOOP('',(#7654,#7655,#7656,#7657));
#1808=EDGE_LOOP('',(#7658,#7659,#7660,#7661));
#1809=EDGE_LOOP('',(#7662,#7663,#7664,#7665));
#1810=EDGE_LOOP('',(#7666,#7667,#7668,#7669,#7670,#7671,#7672,#7673,#7674,
#7675,#7676,#7677,#7678));
#1811=EDGE_LOOP('',(#7679,#7680,#7681,#7682));
#1812=EDGE_LOOP('',(#7683,#7684,#7685,#7686));
#1813=EDGE_LOOP('',(#7687,#7688,#7689,#7690));
#1814=EDGE_LOOP('',(#7691,#7692,#7693,#7694));
#1815=EDGE_LOOP('',(#7695,#7696,#7697,#7698));
#1816=EDGE_LOOP('',(#7699,#7700,#7701,#7702));
#1817=EDGE_LOOP('',(#7703,#7704,#7705,#7706));
#1818=EDGE_LOOP('',(#7707,#7708,#7709,#7710));
#1819=EDGE_LOOP('',(#7711,#7712,#7713,#7714));
#1820=EDGE_LOOP('',(#7715,#7716,#7717,#7718));
#1821=EDGE_LOOP('',(#7719,#7720,#7721,#7722));
#1822=EDGE_LOOP('',(#7723,#7724,#7725,#7726));
#1823=EDGE_LOOP('',(#7727,#7728,#7729,#7730));
#1824=EDGE_LOOP('',(#7731));
#1825=EDGE_LOOP('',(#7732));
#1826=EDGE_LOOP('',(#7733));
#1827=EDGE_LOOP('',(#7734));
#1828=EDGE_LOOP('',(#7735,#7736,#7737,#7738));
#1829=EDGE_LOOP('',(#7739,#7740,#7741,#7742));
#1830=EDGE_LOOP('',(#7743,#7744,#7745,#7746));
#1831=EDGE_LOOP('',(#7747,#7748,#7749,#7750));
#1832=EDGE_LOOP('',(#7751,#7752,#7753,#7754));
#1833=EDGE_LOOP('',(#7755,#7756,#7757,#7758));
#1834=EDGE_LOOP('',(#7759,#7760,#7761,#7762));
#1835=EDGE_LOOP('',(#7763,#7764,#7765,#7766));
#1836=EDGE_LOOP('',(#7767,#7768,#7769,#7770));
#1837=EDGE_LOOP('',(#7771,#7772,#7773,#7774));
#1838=EDGE_LOOP('',(#7775,#7776,#7777,#7778));
#1839=EDGE_LOOP('',(#7779,#7780,#7781,#7782));
#1840=EDGE_LOOP('',(#7783,#7784,#7785,#7786));
#1841=EDGE_LOOP('',(#7787,#7788,#7789,#7790));
#1842=EDGE_LOOP('',(#7791,#7792,#7793,#7794));
#1843=EDGE_LOOP('',(#7795,#7796,#7797,#7798));
#1844=EDGE_LOOP('',(#7799,#7800,#7801,#7802));
#1845=EDGE_LOOP('',(#7803,#7804,#7805,#7806));
#1846=EDGE_LOOP('',(#7807,#7808,#7809,#7810));
#1847=EDGE_LOOP('',(#7811,#7812,#7813,#7814));
#1848=EDGE_LOOP('',(#7815,#7816,#7817,#7818));
#1849=EDGE_LOOP('',(#7819,#7820,#7821,#7822));
#1850=EDGE_LOOP('',(#7823,#7824,#7825,#7826));
#1851=EDGE_LOOP('',(#7827,#7828,#7829,#7830));
#1852=EDGE_LOOP('',(#7831,#7832,#7833,#7834));
#1853=EDGE_LOOP('',(#7835,#7836,#7837,#7838));
#1854=EDGE_LOOP('',(#7839,#7840,#7841,#7842));
#1855=EDGE_LOOP('',(#7843,#7844,#7845,#7846));
#1856=EDGE_LOOP('',(#7847,#7848,#7849,#7850));
#1857=EDGE_LOOP('',(#7851,#7852,#7853,#7854));
#1858=EDGE_LOOP('',(#7855,#7856,#7857,#7858));
#1859=EDGE_LOOP('',(#7859,#7860,#7861,#7862));
#1860=EDGE_LOOP('',(#7863,#7864,#7865,#7866));
#1861=EDGE_LOOP('',(#7867,#7868,#7869,#7870));
#1862=EDGE_LOOP('',(#7871,#7872,#7873,#7874));
#1863=EDGE_LOOP('',(#7875,#7876,#7877,#7878));
#1864=EDGE_LOOP('',(#7879,#7880,#7881,#7882));
#1865=EDGE_LOOP('',(#7883,#7884,#7885,#7886));
#1866=EDGE_LOOP('',(#7887,#7888,#7889,#7890));
#1867=EDGE_LOOP('',(#7891,#7892,#7893,#7894));
#1868=EDGE_LOOP('',(#7895,#7896,#7897,#7898));
#1869=EDGE_LOOP('',(#7899,#7900,#7901,#7902));
#1870=EDGE_LOOP('',(#7903,#7904,#7905,#7906));
#1871=EDGE_LOOP('',(#7907,#7908,#7909,#7910));
#1872=EDGE_LOOP('',(#7911,#7912,#7913,#7914));
#1873=EDGE_LOOP('',(#7915,#7916,#7917,#7918));
#1874=EDGE_LOOP('',(#7919,#7920,#7921,#7922));
#1875=EDGE_LOOP('',(#7923,#7924,#7925,#7926));
#1876=EDGE_LOOP('',(#7927,#7928,#7929,#7930));
#1877=EDGE_LOOP('',(#7931,#7932,#7933,#7934));
#1878=EDGE_LOOP('',(#7935,#7936,#7937,#7938));
#1879=EDGE_LOOP('',(#7939,#7940,#7941,#7942));
#1880=EDGE_LOOP('',(#7943,#7944,#7945,#7946));
#1881=EDGE_LOOP('',(#7947,#7948,#7949,#7950));
#1882=EDGE_LOOP('',(#7951,#7952,#7953,#7954));
#1883=EDGE_LOOP('',(#7955,#7956,#7957,#7958));
#1884=EDGE_LOOP('',(#7959,#7960,#7961,#7962));
#1885=EDGE_LOOP('',(#7963,#7964,#7965,#7966));
#1886=EDGE_LOOP('',(#7967,#7968,#7969,#7970));
#1887=LINE('',#11717,#2635);
#1888=LINE('',#11721,#2636);
#1889=LINE('',#11725,#2637);
#1890=LINE('',#11729,#2638);
#1891=LINE('',#11733,#2639);
#1892=LINE('',#11737,#2640);
#1893=LINE('',#11740,#2641);
#1894=LINE('',#11775,#2642);
#1895=LINE('',#11776,#2643);
#1896=LINE('',#11785,#2644);
#1897=LINE('',#11786,#2645);
#1898=LINE('',#11795,#2646);
#1899=LINE('',#11796,#2647);
#1900=LINE('',#11798,#2648);
#1901=LINE('',#11799,#2649);
#1902=LINE('',#11808,#2650);
#1903=LINE('',#11809,#2651);
#1904=LINE('',#11818,#2652);
#1905=LINE('',#11819,#2653);
#1906=LINE('',#11821,#2654);
#1907=LINE('',#11822,#2655);
#1908=LINE('',#11857,#2656);
#1909=LINE('',#11858,#2657);
#1910=LINE('',#11867,#2658);
#1911=LINE('',#11868,#2659);
#1912=LINE('',#11870,#2660);
#1913=LINE('',#11871,#2661);
#1914=LINE('',#11873,#2662);
#1915=LINE('',#11874,#2663);
#1916=LINE('',#11876,#2664);
#1917=LINE('',#11877,#2665);
#1918=LINE('',#11879,#2666);
#1919=LINE('',#11880,#2667);
#1920=LINE('',#11882,#2668);
#1921=LINE('',#11883,#2669);
#1922=LINE('',#11896,#2670);
#1923=LINE('',#11898,#2671);
#1924=LINE('',#11900,#2672);
#1925=LINE('',#11901,#2673);
#1926=LINE('',#11905,#2674);
#1927=LINE('',#11907,#2675);
#1928=LINE('',#11909,#2676);
#1929=LINE('',#11910,#2677);
#1930=LINE('',#11914,#2678);
#1931=LINE('',#11916,#2679);
#1932=LINE('',#11918,#2680);
#1933=LINE('',#11919,#2681);
#1934=LINE('',#11925,#2682);
#1935=LINE('',#11927,#2683);
#1936=LINE('',#11929,#2684);
#1937=LINE('',#11933,#2685);
#1938=LINE('',#11935,#2686);
#1939=LINE('',#11937,#2687);
#1940=LINE('',#11938,#2688);
#1941=LINE('',#11942,#2689);
#1942=LINE('',#11944,#2690);
#1943=LINE('',#11946,#2691);
#1944=LINE('',#11947,#2692);
#1945=LINE('',#11951,#2693);
#1946=LINE('',#11953,#2694);
#1947=LINE('',#11955,#2695);
#1948=LINE('',#11956,#2696);
#1949=LINE('',#11960,#2697);
#1950=LINE('',#11962,#2698);
#1951=LINE('',#11964,#2699);
#1952=LINE('',#11965,#2700);
#1953=LINE('',#11969,#2701);
#1954=LINE('',#11971,#2702);
#1955=LINE('',#11973,#2703);
#1956=LINE('',#11974,#2704);
#1957=LINE('',#12079,#2705);
#1958=LINE('',#12083,#2706);
#1959=LINE('',#12087,#2707);
#1960=LINE('',#12091,#2708);
#1961=LINE('',#12095,#2709);
#1962=LINE('',#12099,#2710);
#1963=LINE('',#12102,#2711);
#1964=LINE('',#12111,#2712);
#1965=LINE('',#12112,#2713);
#1966=LINE('',#12121,#2714);
#1967=LINE('',#12122,#2715);
#1968=LINE('',#12131,#2716);
#1969=LINE('',#12132,#2717);
#1970=LINE('',#12134,#2718);
#1971=LINE('',#12135,#2719);
#1972=LINE('',#12170,#2720);
#1973=LINE('',#12171,#2721);
#1974=LINE('',#12206,#2722);
#1975=LINE('',#12207,#2723);
#1976=LINE('',#12209,#2724);
#1977=LINE('',#12210,#2725);
#1978=LINE('',#12219,#2726);
#1979=LINE('',#12220,#2727);
#1980=LINE('',#12229,#2728);
#1981=LINE('',#12230,#2729);
#1982=LINE('',#12232,#2730);
#1983=LINE('',#12233,#2731);
#1984=LINE('',#12235,#2732);
#1985=LINE('',#12236,#2733);
#1986=LINE('',#12238,#2734);
#1987=LINE('',#12239,#2735);
#1988=LINE('',#12241,#2736);
#1989=LINE('',#12242,#2737);
#1990=LINE('',#12244,#2738);
#1991=LINE('',#12245,#2739);
#1992=LINE('',#12260,#2740);
#1993=LINE('',#12264,#2741);
#1994=LINE('',#12268,#2742);
#1995=LINE('',#12272,#2743);
#1996=LINE('',#12276,#2744);
#1997=LINE('',#12280,#2745);
#1998=LINE('',#12283,#2746);
#1999=LINE('',#12292,#2747);
#2000=LINE('',#12293,#2748);
#2001=LINE('',#12302,#2749);
#2002=LINE('',#12303,#2750);
#2003=LINE('',#12338,#2751);
#2004=LINE('',#12339,#2752);
#2005=LINE('',#12341,#2753);
#2006=LINE('',#12342,#2754);
#2007=LINE('',#12351,#2755);
#2008=LINE('',#12352,#2756);
#2009=LINE('',#12361,#2757);
#2010=LINE('',#12362,#2758);
#2011=LINE('',#12364,#2759);
#2012=LINE('',#12365,#2760);
#2013=LINE('',#12400,#2761);
#2014=LINE('',#12401,#2762);
#2015=LINE('',#12410,#2763);
#2016=LINE('',#12411,#2764);
#2017=LINE('',#12413,#2765);
#2018=LINE('',#12414,#2766);
#2019=LINE('',#12416,#2767);
#2020=LINE('',#12417,#2768);
#2021=LINE('',#12419,#2769);
#2022=LINE('',#12420,#2770);
#2023=LINE('',#12422,#2771);
#2024=LINE('',#12423,#2772);
#2025=LINE('',#12425,#2773);
#2026=LINE('',#12426,#2774);
#2027=LINE('',#12448,#2775);
#2028=LINE('',#12450,#2776);
#2029=LINE('',#12452,#2777);
#2030=LINE('',#12453,#2778);
#2031=LINE('',#12457,#2779);
#2032=LINE('',#12459,#2780);
#2033=LINE('',#12461,#2781);
#2034=LINE('',#12462,#2782);
#2035=LINE('',#12464,#2783);
#2036=LINE('',#12465,#2784);
#2037=LINE('',#12469,#2785);
#2038=LINE('',#12471,#2786);
#2039=LINE('',#12473,#2787);
#2040=LINE('',#12474,#2788);
#2041=LINE('',#12478,#2789);
#2042=LINE('',#12480,#2790);
#2043=LINE('',#12482,#2791);
#2044=LINE('',#12483,#2792);
#2045=LINE('',#12485,#2793);
#2046=LINE('',#12486,#2794);
#2047=LINE('',#12490,#2795);
#2048=LINE('',#12492,#2796);
#2049=LINE('',#12494,#2797);
#2050=LINE('',#12495,#2798);
#2051=LINE('',#12499,#2799);
#2052=LINE('',#12501,#2800);
#2053=LINE('',#12503,#2801);
#2054=LINE('',#12504,#2802);
#2055=LINE('',#12506,#2803);
#2056=LINE('',#12507,#2804);
#2057=LINE('',#12511,#2805);
#2058=LINE('',#12513,#2806);
#2059=LINE('',#12515,#2807);
#2060=LINE('',#12516,#2808);
#2061=LINE('',#12520,#2809);
#2062=LINE('',#12522,#2810);
#2063=LINE('',#12524,#2811);
#2064=LINE('',#12525,#2812);
#2065=LINE('',#12527,#2813);
#2066=LINE('',#12528,#2814);
#2067=LINE('',#12534,#2815);
#2068=LINE('',#12537,#2816);
#2069=LINE('',#12540,#2817);
#2070=LINE('',#12542,#2818);
#2071=LINE('',#12543,#2819);
#2072=LINE('',#12548,#2820);
#2073=LINE('',#12552,#2821);
#2074=LINE('',#12554,#2822);
#2075=LINE('',#12558,#2823);
#2076=LINE('',#12559,#2824);
#2077=LINE('',#12562,#2825);
#2078=LINE('',#12566,#2826);
#2079=LINE('',#12568,#2827);
#2080=LINE('',#12569,#2828);
#2081=LINE('',#12574,#2829);
#2082=LINE('',#12578,#2830);
#2083=LINE('',#12580,#2831);
#2084=LINE('',#12581,#2832);
#2085=LINE('',#12586,#2833);
#2086=LINE('',#12589,#2834);
#2087=LINE('',#12590,#2835);
#2088=LINE('',#12595,#2836);
#2089=LINE('',#12596,#2837);
#2090=LINE('',#12599,#2838);
#2091=LINE('',#12600,#2839);
#2092=LINE('',#12604,#2840);
#2093=LINE('',#12609,#2841);
#2094=LINE('',#12616,#2842);
#2095=LINE('',#12619,#2843);
#2096=LINE('',#12623,#2844);
#2097=LINE('',#12630,#2845);
#2098=LINE('',#12633,#2846);
#2099=LINE('',#12637,#2847);
#2100=LINE('',#12644,#2848);
#2101=LINE('',#12647,#2849);
#2102=LINE('',#12651,#2850);
#2103=LINE('',#12658,#2851);
#2104=LINE('',#12671,#2852);
#2105=LINE('',#12675,#2853);
#2106=LINE('',#12682,#2854);
#2107=LINE('',#12685,#2855);
#2108=LINE('',#12689,#2856);
#2109=LINE('',#12696,#2857);
#2110=LINE('',#12699,#2858);
#2111=LINE('',#12703,#2859);
#2112=LINE('',#12710,#2860);
#2113=LINE('',#12713,#2861);
#2114=LINE('',#12717,#2862);
#2115=LINE('',#12724,#2863);
#2116=LINE('',#12727,#2864);
#2117=LINE('',#12740,#2865);
#2118=LINE('',#12762,#2866);
#2119=LINE('',#12774,#2867);
#2120=LINE('',#12787,#2868);
#2121=LINE('',#12789,#2869);
#2122=LINE('',#12791,#2870);
#2123=LINE('',#12818,#2871);
#2124=LINE('',#12820,#2872);
#2125=LINE('',#12822,#2873);
#2126=LINE('',#12849,#2874);
#2127=LINE('',#12851,#2875);
#2128=LINE('',#12853,#2876);
#2129=LINE('',#12886,#2877);
#2130=LINE('',#12888,#2878);
#2131=LINE('',#12890,#2879);
#2132=LINE('',#12891,#2880);
#2133=LINE('',#12894,#2881);
#2134=LINE('',#12896,#2882);
#2135=LINE('',#12897,#2883);
#2136=LINE('',#12900,#2884);
#2137=LINE('',#12902,#2885);
#2138=LINE('',#12903,#2886);
#2139=LINE('',#12906,#2887);
#2140=LINE('',#12908,#2888);
#2141=LINE('',#12909,#2889);
#2142=LINE('',#12912,#2890);
#2143=LINE('',#12914,#2891);
#2144=LINE('',#12915,#2892);
#2145=LINE('',#12917,#2893);
#2146=LINE('',#12918,#2894);
#2147=LINE('',#12923,#2895);
#2148=LINE('',#12925,#2896);
#2149=LINE('',#12927,#2897);
#2150=LINE('',#12928,#2898);
#2151=LINE('',#12931,#2899);
#2152=LINE('',#12933,#2900);
#2153=LINE('',#12934,#2901);
#2154=LINE('',#12937,#2902);
#2155=LINE('',#12939,#2903);
#2156=LINE('',#12940,#2904);
#2157=LINE('',#12943,#2905);
#2158=LINE('',#12945,#2906);
#2159=LINE('',#12946,#2907);
#2160=LINE('',#12949,#2908);
#2161=LINE('',#12951,#2909);
#2162=LINE('',#12952,#2910);
#2163=LINE('',#12955,#2911);
#2164=LINE('',#12957,#2912);
#2165=LINE('',#12958,#2913);
#2166=LINE('',#12961,#2914);
#2167=LINE('',#12963,#2915);
#2168=LINE('',#12964,#2916);
#2169=LINE('',#12967,#2917);
#2170=LINE('',#12969,#2918);
#2171=LINE('',#12970,#2919);
#2172=LINE('',#12973,#2920);
#2173=LINE('',#12975,#2921);
#2174=LINE('',#12976,#2922);
#2175=LINE('',#12978,#2923);
#2176=LINE('',#12979,#2924);
#2177=LINE('',#12984,#2925);
#2178=LINE('',#12985,#2926);
#2179=LINE('',#12986,#2927);
#2180=LINE('',#12989,#2928);
#2181=LINE('',#12990,#2929);
#2182=LINE('',#13007,#2930);
#2183=LINE('',#13024,#2931);
#2184=LINE('',#13041,#2932);
#2185=LINE('',#13058,#2933);
#2186=LINE('',#13075,#2934);
#2187=LINE('',#13077,#2935);
#2188=LINE('',#13081,#2936);
#2189=LINE('',#13083,#2937);
#2190=LINE('',#13085,#2938);
#2191=LINE('',#13086,#2939);
#2192=LINE('',#13089,#2940);
#2193=LINE('',#13091,#2941);
#2194=LINE('',#13092,#2942);
#2195=LINE('',#13095,#2943);
#2196=LINE('',#13097,#2944);
#2197=LINE('',#13098,#2945);
#2198=LINE('',#13116,#2946);
#2199=LINE('',#13139,#2947);
#2200=LINE('',#13162,#2948);
#2201=LINE('',#13185,#2949);
#2202=LINE('',#13208,#2950);
#2203=LINE('',#13231,#2951);
#2204=LINE('',#13254,#2952);
#2205=LINE('',#13277,#2953);
#2206=LINE('',#13300,#2954);
#2207=LINE('',#13308,#2955);
#2208=LINE('',#13310,#2956);
#2209=LINE('',#13311,#2957);
#2210=LINE('',#13314,#2958);
#2211=LINE('',#13316,#2959);
#2212=LINE('',#13317,#2960);
#2213=LINE('',#13320,#2961);
#2214=LINE('',#13322,#2962);
#2215=LINE('',#13323,#2963);
#2216=LINE('',#13341,#2964);
#2217=LINE('',#13364,#2965);
#2218=LINE('',#13372,#2966);
#2219=LINE('',#13374,#2967);
#2220=LINE('',#13375,#2968);
#2221=LINE('',#13377,#2969);
#2222=LINE('',#13378,#2970);
#2223=LINE('',#13383,#2971);
#2224=LINE('',#13384,#2972);
#2225=LINE('',#13385,#2973);
#2226=LINE('',#13388,#2974);
#2227=LINE('',#13389,#2975);
#2228=LINE('',#13406,#2976);
#2229=LINE('',#13423,#2977);
#2230=LINE('',#13440,#2978);
#2231=LINE('',#13457,#2979);
#2232=LINE('',#13459,#2980);
#2233=LINE('',#13463,#2981);
#2234=LINE('',#13464,#2982);
#2235=LINE('',#13465,#2983);
#2236=LINE('',#13468,#2984);
#2237=LINE('',#13469,#2985);
#2238=LINE('',#13486,#2986);
#2239=LINE('',#13503,#2987);
#2240=LINE('',#13520,#2988);
#2241=LINE('',#13537,#2989);
#2242=LINE('',#13539,#2990);
#2243=LINE('',#13543,#2991);
#2244=LINE('',#13545,#2992);
#2245=LINE('',#13547,#2993);
#2246=LINE('',#13548,#2994);
#2247=LINE('',#13551,#2995);
#2248=LINE('',#13553,#2996);
#2249=LINE('',#13554,#2997);
#2250=LINE('',#13572,#2998);
#2251=LINE('',#13595,#2999);
#2252=LINE('',#13618,#3000);
#2253=LINE('',#13641,#3001);
#2254=LINE('',#13664,#3002);
#2255=LINE('',#13687,#3003);
#2256=LINE('',#13710,#3004);
#2257=LINE('',#13733,#3005);
#2258=LINE('',#13756,#3006);
#2259=LINE('',#13779,#3007);
#2260=LINE('',#13786,#3008);
#2261=LINE('',#13787,#3009);
#2262=LINE('',#13791,#3010);
#2263=LINE('',#13797,#3011);
#2264=LINE('',#13802,#3012);
#2265=LINE('',#13815,#3013);
#2266=LINE('',#13828,#3014);
#2267=LINE('',#13832,#3015);
#2268=LINE('',#13848,#3016);
#2269=LINE('',#13861,#3017);
#2270=LINE('',#13874,#3018);
#2271=LINE('',#13888,#3019);
#2272=LINE('',#13889,#3020);
#2273=LINE('',#13900,#3021);
#2274=LINE('',#13926,#3022);
#2275=LINE('',#13932,#3023);
#2276=LINE('',#13949,#3024);
#2277=LINE('',#13950,#3025);
#2278=LINE('',#13952,#3026);
#2279=LINE('',#13953,#3027);
#2280=LINE('',#13955,#3028);
#2281=LINE('',#13957,#3029);
#2282=LINE('',#13959,#3030);
#2283=LINE('',#13981,#3031);
#2284=LINE('',#13983,#3032);
#2285=LINE('',#14007,#3033);
#2286=LINE('',#14020,#3034);
#2287=LINE('',#14033,#3035);
#2288=LINE('',#14046,#3036);
#2289=LINE('',#14069,#3037);
#2290=LINE('',#14093,#3038);
#2291=LINE('',#14099,#3039);
#2292=LINE('',#14117,#3040);
#2293=LINE('',#14122,#3041);
#2294=LINE('',#14124,#3042);
#2295=LINE('',#14141,#3043);
#2296=LINE('',#14142,#3044);
#2297=LINE('',#14163,#3045);
#2298=LINE('',#14165,#3046);
#2299=LINE('',#14202,#3047);
#2300=LINE('',#14203,#3048);
#2301=LINE('',#14225,#3049);
#2302=LINE('',#14227,#3050);
#2303=LINE('',#14251,#3051);
#2304=LINE('',#14264,#3052);
#2305=LINE('',#14277,#3053);
#2306=LINE('',#14290,#3054);
#2307=LINE('',#14313,#3055);
#2308=LINE('',#14337,#3056);
#2309=LINE('',#14343,#3057);
#2310=LINE('',#14361,#3058);
#2311=LINE('',#14366,#3059);
#2312=LINE('',#14368,#3060);
#2313=LINE('',#14385,#3061);
#2314=LINE('',#14386,#3062);
#2315=LINE('',#14407,#3063);
#2316=LINE('',#14409,#3064);
#2317=LINE('',#14446,#3065);
#2318=LINE('',#14447,#3066);
#2319=LINE('',#14469,#3067);
#2320=LINE('',#14471,#3068);
#2321=LINE('',#14495,#3069);
#2322=LINE('',#14508,#3070);
#2323=LINE('',#14521,#3071);
#2324=LINE('',#14534,#3072);
#2325=LINE('',#14557,#3073);
#2326=LINE('',#14581,#3074);
#2327=LINE('',#14587,#3075);
#2328=LINE('',#14605,#3076);
#2329=LINE('',#14610,#3077);
#2330=LINE('',#14612,#3078);
#2331=LINE('',#14629,#3079);
#2332=LINE('',#14630,#3080);
#2333=LINE('',#14651,#3081);
#2334=LINE('',#14653,#3082);
#2335=LINE('',#14690,#3083);
#2336=LINE('',#14691,#3084);
#2337=LINE('',#14694,#3085);
#2338=LINE('',#14695,#3086);
#2339=LINE('',#14738,#3087);
#2340=LINE('',#14744,#3088);
#2341=LINE('',#14749,#3089);
#2342=LINE('',#14762,#3090);
#2343=LINE('',#14775,#3091);
#2344=LINE('',#14779,#3092);
#2345=LINE('',#14788,#3093);
#2346=LINE('',#14800,#3094);
#2347=LINE('',#14824,#3095);
#2348=LINE('',#14825,#3096);
#2349=LINE('',#14842,#3097);
#2350=LINE('',#14843,#3098);
#2351=LINE('',#14845,#3099);
#2352=LINE('',#14847,#3100);
#2353=LINE('',#14849,#3101);
#2354=LINE('',#14851,#3102);
#2355=LINE('',#14873,#3103);
#2356=LINE('',#14875,#3104);
#2357=LINE('',#14902,#3105);
#2358=LINE('',#14909,#3106);
#2359=LINE('',#14913,#3107);
#2360=LINE('',#14917,#3108);
#2361=LINE('',#14921,#3109);
#2362=LINE('',#14928,#3110);
#2363=LINE('',#14931,#3111);
#2364=LINE('',#14938,#3112);
#2365=LINE('',#14943,#3113);
#2366=LINE('',#14950,#3114);
#2367=LINE('',#14954,#3115);
#2368=LINE('',#14958,#3116);
#2369=LINE('',#14971,#3117);
#2370=LINE('',#14984,#3118);
#2371=LINE('',#15007,#3119);
#2372=LINE('',#15014,#3120);
#2373=LINE('',#15017,#3121);
#2374=LINE('',#15018,#3122);
#2375=LINE('',#15040,#3123);
#2376=LINE('',#15048,#3124);
#2377=LINE('',#15050,#3125);
#2378=LINE('',#15051,#3126);
#2379=LINE('',#15054,#3127);
#2380=LINE('',#15058,#3128);
#2381=LINE('',#15059,#3129);
#2382=LINE('',#15062,#3130);
#2383=LINE('',#15066,#3131);
#2384=LINE('',#15067,#3132);
#2385=LINE('',#15110,#3133);
#2386=LINE('',#15112,#3134);
#2387=LINE('',#15114,#3135);
#2388=LINE('',#15116,#3136);
#2389=LINE('',#15125,#3137);
#2390=LINE('',#15127,#3138);
#2391=LINE('',#15129,#3139);
#2392=LINE('',#15138,#3140);
#2393=LINE('',#15147,#3141);
#2394=LINE('',#15149,#3142);
#2395=LINE('',#15151,#3143);
#2396=LINE('',#15160,#3144);
#2397=LINE('',#15169,#3145);
#2398=LINE('',#15171,#3146);
#2399=LINE('',#15173,#3147);
#2400=LINE('',#15182,#3148);
#2401=LINE('',#15191,#3149);
#2402=LINE('',#15193,#3150);
#2403=LINE('',#15195,#3151);
#2404=LINE('',#15199,#3152);
#2405=LINE('',#15203,#3153);
#2406=LINE('',#15204,#3154);
#2407=LINE('',#15207,#3155);
#2408=LINE('',#15209,#3156);
#2409=LINE('',#15211,#3157);
#2410=LINE('',#15213,#3158);
#2411=LINE('',#15215,#3159);
#2412=LINE('',#15217,#3160);
#2413=LINE('',#15219,#3161);
#2414=LINE('',#15221,#3162);
#2415=LINE('',#15223,#3163);
#2416=LINE('',#15225,#3164);
#2417=LINE('',#15227,#3165);
#2418=LINE('',#15229,#3166);
#2419=LINE('',#15230,#3167);
#2420=LINE('',#15233,#3168);
#2421=LINE('',#15235,#3169);
#2422=LINE('',#15237,#3170);
#2423=LINE('',#15239,#3171);
#2424=LINE('',#15241,#3172);
#2425=LINE('',#15243,#3173);
#2426=LINE('',#15245,#3174);
#2427=LINE('',#15247,#3175);
#2428=LINE('',#15249,#3176);
#2429=LINE('',#15251,#3177);
#2430=LINE('',#15253,#3178);
#2431=LINE('',#15255,#3179);
#2432=LINE('',#15256,#3180);
#2433=LINE('',#15274,#3181);
#2434=LINE('',#15288,#3182);
#2435=LINE('',#15291,#3183);
#2436=LINE('',#15315,#3184);
#2437=LINE('',#15323,#3185);
#2438=LINE('',#15350,#3186);
#2439=LINE('',#15358,#3187);
#2440=LINE('',#15365,#3188);
#2441=LINE('',#15366,#3189);
#2442=LINE('',#15369,#3190);
#2443=LINE('',#15371,#3191);
#2444=LINE('',#15372,#3192);
#2445=LINE('',#15414,#3193);
#2446=LINE('',#15422,#3194);
#2447=LINE('',#15431,#3195);
#2448=LINE('',#15432,#3196);
#2449=LINE('',#15433,#3197);
#2450=LINE('',#15456,#3198);
#2451=LINE('',#15490,#3199);
#2452=LINE('',#15492,#3200);
#2453=LINE('',#15494,#3201);
#2454=LINE('',#15495,#3202);
#2455=LINE('',#15551,#3203);
#2456=LINE('',#15560,#3204);
#2457=LINE('',#15562,#3205);
#2458=LINE('',#15563,#3206);
#2459=LINE('',#15567,#3207);
#2460=LINE('',#15569,#3208);
#2461=LINE('',#15571,#3209);
#2462=LINE('',#15580,#3210);
#2463=LINE('',#15589,#3211);
#2464=LINE('',#15591,#3212);
#2465=LINE('',#15593,#3213);
#2466=LINE('',#15602,#3214);
#2467=LINE('',#15611,#3215);
#2468=LINE('',#15613,#3216);
#2469=LINE('',#15615,#3217);
#2470=LINE('',#15624,#3218);
#2471=LINE('',#15626,#3219);
#2472=LINE('',#15627,#3220);
#2473=LINE('',#15650,#3221);
#2474=LINE('',#15658,#3222);
#2475=LINE('',#15667,#3223);
#2476=LINE('',#15668,#3224);
#2477=LINE('',#15669,#3225);
#2478=LINE('',#15691,#3226);
#2479=LINE('',#15704,#3227);
#2480=LINE('',#15706,#3228);
#2481=LINE('',#15707,#3229);
#2482=LINE('',#15749,#3230);
#2483=LINE('',#15757,#3231);
#2484=LINE('',#15766,#3232);
#2485=LINE('',#15767,#3233);
#2486=LINE('',#15768,#3234);
#2487=LINE('',#15790,#3235);
#2488=LINE('',#15823,#3236);
#2489=LINE('',#15825,#3237);
#2490=LINE('',#15826,#3238);
#2491=LINE('',#15874,#3239);
#2492=LINE('',#15899,#3240);
#2493=LINE('',#15907,#3241);
#2494=LINE('',#15916,#3242);
#2495=LINE('',#15917,#3243);
#2496=LINE('',#15918,#3244);
#2497=LINE('',#15940,#3245);
#2498=LINE('',#15953,#3246);
#2499=LINE('',#15955,#3247);
#2500=LINE('',#15956,#3248);
#2501=LINE('',#15998,#3249);
#2502=LINE('',#16006,#3250);
#2503=LINE('',#16015,#3251);
#2504=LINE('',#16016,#3252);
#2505=LINE('',#16017,#3253);
#2506=LINE('',#16039,#3254);
#2507=LINE('',#16072,#3255);
#2508=LINE('',#16074,#3256);
#2509=LINE('',#16075,#3257);
#2510=LINE('',#16123,#3258);
#2511=LINE('',#16131,#3259);
#2512=LINE('',#16138,#3260);
#2513=LINE('',#16142,#3261);
#2514=LINE('',#16146,#3262);
#2515=LINE('',#16159,#3263);
#2516=LINE('',#16172,#3264);
#2517=LINE('',#16194,#3265);
#2518=LINE('',#16201,#3266);
#2519=LINE('',#16204,#3267);
#2520=LINE('',#16205,#3268);
#2521=LINE('',#16226,#3269);
#2522=LINE('',#16233,#3270);
#2523=LINE('',#16234,#3271);
#2524=LINE('',#16237,#3272);
#2525=LINE('',#16241,#3273);
#2526=LINE('',#16242,#3274);
#2527=LINE('',#16244,#3275);
#2528=LINE('',#16247,#3276);
#2529=LINE('',#16282,#3277);
#2530=LINE('',#16286,#3278);
#2531=LINE('',#16287,#3279);
#2532=LINE('',#16308,#3280);
#2533=LINE('',#16322,#3281);
#2534=LINE('',#16351,#3282);
#2535=LINE('',#16352,#3283);
#2536=LINE('',#16354,#3284);
#2537=LINE('',#16379,#3285);
#2538=LINE('',#16384,#3286);
#2539=LINE('',#16386,#3287);
#2540=LINE('',#16388,#3288);
#2541=LINE('',#16390,#3289);
#2542=LINE('',#16392,#3290);
#2543=LINE('',#16394,#3291);
#2544=LINE('',#16396,#3292);
#2545=LINE('',#16398,#3293);
#2546=LINE('',#16400,#3294);
#2547=LINE('',#16402,#3295);
#2548=LINE('',#16404,#3296);
#2549=LINE('',#16406,#3297);
#2550=LINE('',#16407,#3298);
#2551=LINE('',#16409,#3299);
#2552=LINE('',#16410,#3300);
#2553=LINE('',#16412,#3301);
#2554=LINE('',#16414,#3302);
#2555=LINE('',#16416,#3303);
#2556=LINE('',#16418,#3304);
#2557=LINE('',#16420,#3305);
#2558=LINE('',#16422,#3306);
#2559=LINE('',#16424,#3307);
#2560=LINE('',#16426,#3308);
#2561=LINE('',#16428,#3309);
#2562=LINE('',#16430,#3310);
#2563=LINE('',#16432,#3311);
#2564=LINE('',#16437,#3312);
#2565=LINE('',#16439,#3313);
#2566=LINE('',#16441,#3314);
#2567=LINE('',#16443,#3315);
#2568=LINE('',#16445,#3316);
#2569=LINE('',#16447,#3317);
#2570=LINE('',#16449,#3318);
#2571=LINE('',#16451,#3319);
#2572=LINE('',#16453,#3320);
#2573=LINE('',#16455,#3321);
#2574=LINE('',#16457,#3322);
#2575=LINE('',#16459,#3323);
#2576=LINE('',#16460,#3324);
#2577=LINE('',#16462,#3325);
#2578=LINE('',#16463,#3326);
#2579=LINE('',#16465,#3327);
#2580=LINE('',#16467,#3328);
#2581=LINE('',#16469,#3329);
#2582=LINE('',#16471,#3330);
#2583=LINE('',#16473,#3331);
#2584=LINE('',#16475,#3332);
#2585=LINE('',#16477,#3333);
#2586=LINE('',#16479,#3334);
#2587=LINE('',#16481,#3335);
#2588=LINE('',#16483,#3336);
#2589=LINE('',#16485,#3337);
#2590=LINE('',#16490,#3338);
#2591=LINE('',#16491,#3339);
#2592=LINE('',#16493,#3340);
#2593=LINE('',#16495,#3341);
#2594=LINE('',#16497,#3342);
#2595=LINE('',#16499,#3343);
#2596=LINE('',#16501,#3344);
#2597=LINE('',#16503,#3345);
#2598=LINE('',#16509,#3346);
#2599=LINE('',#16514,#3347);
#2600=LINE('',#16520,#3348);
#2601=LINE('',#16524,#3349);
#2602=LINE('',#16528,#3350);
#2603=LINE('',#16533,#3351);
#2604=LINE('',#16536,#3352);
#2605=LINE('',#16540,#3353);
#2606=LINE('',#16545,#3354);
#2607=LINE('',#16548,#3355);
#2608=LINE('',#16555,#3356);
#2609=LINE('',#16559,#3357);
#2610=LINE('',#16562,#3358);
#2611=LINE('',#16565,#3359);
#2612=LINE('',#16569,#3360);
#2613=LINE('',#16570,#3361);
#2614=LINE('',#16573,#3362);
#2615=LINE('',#16574,#3363);
#2616=LINE('',#16576,#3364);
#2617=LINE('',#16587,#3365);
#2618=LINE('',#16588,#3366);
#2619=LINE('',#16589,#3367);
#2620=LINE('',#16592,#3368);
#2621=LINE('',#16593,#3369);
#2622=LINE('',#16595,#3370);
#2623=LINE('',#16607,#3371);
#2624=LINE('',#16608,#3372);
#2625=LINE('',#16609,#3373);
#2626=LINE('',#16612,#3374);
#2627=LINE('',#16613,#3375);
#2628=LINE('',#16615,#3376);
#2629=LINE('',#16625,#3377);
#2630=LINE('',#16626,#3378);
#2631=LINE('',#16627,#3379);
#2632=LINE('',#16630,#3380);
#2633=LINE('',#16631,#3381);
#2634=LINE('',#16633,#3382);
#2635=VECTOR('',#9506,10.);
#2636=VECTOR('',#9509,10.);
#2637=VECTOR('',#9512,10.);
#2638=VECTOR('',#9515,10.);
#2639=VECTOR('',#9518,10.);
#2640=VECTOR('',#9521,10.);
#2641=VECTOR('',#9524,10.);
#2642=VECTOR('',#9535,10.);
#2643=VECTOR('',#9536,10.);
#2644=VECTOR('',#9547,10.);
#2645=VECTOR('',#9548,10.);
#2646=VECTOR('',#9559,10.);
#2647=VECTOR('',#9560,10.);
#2648=VECTOR('',#9563,10.);
#2649=VECTOR('',#9564,10.);
#2650=VECTOR('',#9575,10.);
#2651=VECTOR('',#9576,10.);
#2652=VECTOR('',#9587,10.);
#2653=VECTOR('',#9588,10.);
#2654=VECTOR('',#9591,10.);
#2655=VECTOR('',#9592,10.);
#2656=VECTOR('',#9603,10.);
#2657=VECTOR('',#9604,10.);
#2658=VECTOR('',#9615,10.);
#2659=VECTOR('',#9616,10.);
#2660=VECTOR('',#9619,10.);
#2661=VECTOR('',#9620,10.);
#2662=VECTOR('',#9623,10.);
#2663=VECTOR('',#9624,10.);
#2664=VECTOR('',#9627,10.);
#2665=VECTOR('',#9628,10.);
#2666=VECTOR('',#9631,10.);
#2667=VECTOR('',#9632,10.);
#2668=VECTOR('',#9635,10.);
#2669=VECTOR('',#9636,10.);
#2670=VECTOR('',#9657,10.);
#2671=VECTOR('',#9658,10.);
#2672=VECTOR('',#9659,10.);
#2673=VECTOR('',#9660,10.);
#2674=VECTOR('',#9663,10.);
#2675=VECTOR('',#9664,10.);
#2676=VECTOR('',#9665,10.);
#2677=VECTOR('',#9666,10.);
#2678=VECTOR('',#9669,10.);
#2679=VECTOR('',#9670,10.);
#2680=VECTOR('',#9671,10.);
#2681=VECTOR('',#9672,10.);
#2682=VECTOR('',#9677,10.);
#2683=VECTOR('',#9678,10.);
#2684=VECTOR('',#9679,10.);
#2685=VECTOR('',#9682,10.);
#2686=VECTOR('',#9683,10.);
#2687=VECTOR('',#9684,10.);
#2688=VECTOR('',#9685,10.);
#2689=VECTOR('',#9688,10.);
#2690=VECTOR('',#9689,10.);
#2691=VECTOR('',#9690,10.);
#2692=VECTOR('',#9691,10.);
#2693=VECTOR('',#9694,10.);
#2694=VECTOR('',#9695,10.);
#2695=VECTOR('',#9696,10.);
#2696=VECTOR('',#9697,10.);
#2697=VECTOR('',#9700,10.);
#2698=VECTOR('',#9701,10.);
#2699=VECTOR('',#9702,10.);
#2700=VECTOR('',#9703,10.);
#2701=VECTOR('',#9706,10.);
#2702=VECTOR('',#9707,10.);
#2703=VECTOR('',#9708,10.);
#2704=VECTOR('',#9709,10.);
#2705=VECTOR('',#9812,10.);
#2706=VECTOR('',#9815,10.);
#2707=VECTOR('',#9818,10.);
#2708=VECTOR('',#9821,10.);
#2709=VECTOR('',#9824,10.);
#2710=VECTOR('',#9827,10.);
#2711=VECTOR('',#9830,10.);
#2712=VECTOR('',#9841,10.);
#2713=VECTOR('',#9842,10.);
#2714=VECTOR('',#9853,10.);
#2715=VECTOR('',#9854,10.);
#2716=VECTOR('',#9865,10.);
#2717=VECTOR('',#9866,10.);
#2718=VECTOR('',#9869,10.);
#2719=VECTOR('',#9870,10.);
#2720=VECTOR('',#9881,10.);
#2721=VECTOR('',#9882,10.);
#2722=VECTOR('',#9893,10.);
#2723=VECTOR('',#9894,10.);
#2724=VECTOR('',#9897,10.);
#2725=VECTOR('',#9898,10.);
#2726=VECTOR('',#9909,10.);
#2727=VECTOR('',#9910,10.);
#2728=VECTOR('',#9921,10.);
#2729=VECTOR('',#9922,10.);
#2730=VECTOR('',#9925,10.);
#2731=VECTOR('',#9926,10.);
#2732=VECTOR('',#9929,10.);
#2733=VECTOR('',#9930,10.);
#2734=VECTOR('',#9933,10.);
#2735=VECTOR('',#9934,10.);
#2736=VECTOR('',#9937,10.);
#2737=VECTOR('',#9938,10.);
#2738=VECTOR('',#9941,10.);
#2739=VECTOR('',#9942,10.);
#2740=VECTOR('',#9965,10.);
#2741=VECTOR('',#9968,10.);
#2742=VECTOR('',#9971,10.);
#2743=VECTOR('',#9974,10.);
#2744=VECTOR('',#9977,10.);
#2745=VECTOR('',#9980,10.);
#2746=VECTOR('',#9983,10.);
#2747=VECTOR('',#9994,10.);
#2748=VECTOR('',#9995,10.);
#2749=VECTOR('',#10006,10.);
#2750=VECTOR('',#10007,10.);
#2751=VECTOR('',#10018,10.);
#2752=VECTOR('',#10019,10.);
#2753=VECTOR('',#10022,10.);
#2754=VECTOR('',#10023,10.);
#2755=VECTOR('',#10034,10.);
#2756=VECTOR('',#10035,10.);
#2757=VECTOR('',#10046,10.);
#2758=VECTOR('',#10047,10.);
#2759=VECTOR('',#10050,10.);
#2760=VECTOR('',#10051,10.);
#2761=VECTOR('',#10062,10.);
#2762=VECTOR('',#10063,10.);
#2763=VECTOR('',#10074,10.);
#2764=VECTOR('',#10075,10.);
#2765=VECTOR('',#10078,10.);
#2766=VECTOR('',#10079,10.);
#2767=VECTOR('',#10082,10.);
#2768=VECTOR('',#10083,10.);
#2769=VECTOR('',#10086,10.);
#2770=VECTOR('',#10087,10.);
#2771=VECTOR('',#10090,10.);
#2772=VECTOR('',#10091,10.);
#2773=VECTOR('',#10094,10.);
#2774=VECTOR('',#10095,10.);
#2775=VECTOR('',#10130,10.);
#2776=VECTOR('',#10131,10.);
#2777=VECTOR('',#10132,10.);
#2778=VECTOR('',#10133,10.);
#2779=VECTOR('',#10136,10.);
#2780=VECTOR('',#10137,10.);
#2781=VECTOR('',#10138,10.);
#2782=VECTOR('',#10139,10.);
#2783=VECTOR('',#10142,10.);
#2784=VECTOR('',#10143,10.);
#2785=VECTOR('',#10146,10.);
#2786=VECTOR('',#10147,10.);
#2787=VECTOR('',#10148,10.);
#2788=VECTOR('',#10149,10.);
#2789=VECTOR('',#10152,10.);
#2790=VECTOR('',#10153,10.);
#2791=VECTOR('',#10154,10.);
#2792=VECTOR('',#10155,10.);
#2793=VECTOR('',#10158,10.);
#2794=VECTOR('',#10159,10.);
#2795=VECTOR('',#10162,10.);
#2796=VECTOR('',#10163,10.);
#2797=VECTOR('',#10164,10.);
#2798=VECTOR('',#10165,10.);
#2799=VECTOR('',#10168,10.);
#2800=VECTOR('',#10169,10.);
#2801=VECTOR('',#10170,10.);
#2802=VECTOR('',#10171,10.);
#2803=VECTOR('',#10174,10.);
#2804=VECTOR('',#10175,10.);
#2805=VECTOR('',#10178,10.);
#2806=VECTOR('',#10179,10.);
#2807=VECTOR('',#10180,10.);
#2808=VECTOR('',#10181,10.);
#2809=VECTOR('',#10184,10.);
#2810=VECTOR('',#10185,10.);
#2811=VECTOR('',#10186,10.);
#2812=VECTOR('',#10187,10.);
#2813=VECTOR('',#10190,10.);
#2814=VECTOR('',#10191,10.);
#2815=VECTOR('',#10196,10.);
#2816=VECTOR('',#10199,10.);
#2817=VECTOR('',#10202,10.);
#2818=VECTOR('',#10203,10.);
#2819=VECTOR('',#10204,10.);
#2820=VECTOR('',#10209,10.);
#2821=VECTOR('',#10214,10.);
#2822=VECTOR('',#10215,10.);
#2823=VECTOR('',#10220,10.);
#2824=VECTOR('',#10221,10.);
#2825=VECTOR('',#10224,10.);
#2826=VECTOR('',#10229,10.);
#2827=VECTOR('',#10230,10.);
#2828=VECTOR('',#10231,10.);
#2829=VECTOR('',#10236,10.);
#2830=VECTOR('',#10241,10.);
#2831=VECTOR('',#10242,10.);
#2832=VECTOR('',#10243,10.);
#2833=VECTOR('',#10248,10.);
#2834=VECTOR('',#10253,10.);
#2835=VECTOR('',#10254,10.);
#2836=VECTOR('',#10259,10.);
#2837=VECTOR('',#10260,10.);
#2838=VECTOR('',#10263,10.);
#2839=VECTOR('',#10264,10.);
#2840=VECTOR('',#10269,10.);
#2841=VECTOR('',#10274,10.);
#2842=VECTOR('',#10283,10.);
#2843=VECTOR('',#10288,10.);
#2844=VECTOR('',#10291,10.);
#2845=VECTOR('',#10300,10.);
#2846=VECTOR('',#10305,10.);
#2847=VECTOR('',#10308,10.);
#2848=VECTOR('',#10317,10.);
#2849=VECTOR('',#10322,10.);
#2850=VECTOR('',#10325,10.);
#2851=VECTOR('',#10334,10.);
#2852=VECTOR('',#10345,10.);
#2853=VECTOR('',#10348,10.);
#2854=VECTOR('',#10357,10.);
#2855=VECTOR('',#10362,10.);
#2856=VECTOR('',#10365,10.);
#2857=VECTOR('',#10374,10.);
#2858=VECTOR('',#10379,10.);
#2859=VECTOR('',#10382,10.);
#2860=VECTOR('',#10391,10.);
#2861=VECTOR('',#10396,10.);
#2862=VECTOR('',#10399,10.);
#2863=VECTOR('',#10408,10.);
#2864=VECTOR('',#10413,10.);
#2865=VECTOR('',#10422,10.);
#2866=VECTOR('',#10437,10.);
#2867=VECTOR('',#10446,10.);
#2868=VECTOR('',#10455,10.);
#2869=VECTOR('',#10456,10.);
#2870=VECTOR('',#10457,10.);
#2871=VECTOR('',#10460,10.);
#2872=VECTOR('',#10461,10.);
#2873=VECTOR('',#10462,10.);
#2874=VECTOR('',#10465,10.);
#2875=VECTOR('',#10466,10.);
#2876=VECTOR('',#10467,10.);
#2877=VECTOR('',#10470,10.);
#2878=VECTOR('',#10471,10.);
#2879=VECTOR('',#10472,10.);
#2880=VECTOR('',#10473,10.);
#2881=VECTOR('',#10476,10.);
#2882=VECTOR('',#10477,10.);
#2883=VECTOR('',#10478,10.);
#2884=VECTOR('',#10481,10.);
#2885=VECTOR('',#10482,10.);
#2886=VECTOR('',#10483,10.);
#2887=VECTOR('',#10486,10.);
#2888=VECTOR('',#10487,10.);
#2889=VECTOR('',#10488,10.);
#2890=VECTOR('',#10491,10.);
#2891=VECTOR('',#10492,10.);
#2892=VECTOR('',#10493,10.);
#2893=VECTOR('',#10496,10.);
#2894=VECTOR('',#10497,10.);
#2895=VECTOR('',#10502,10.);
#2896=VECTOR('',#10503,10.);
#2897=VECTOR('',#10504,10.);
#2898=VECTOR('',#10505,10.);
#2899=VECTOR('',#10508,10.);
#2900=VECTOR('',#10509,10.);
#2901=VECTOR('',#10510,10.);
#2902=VECTOR('',#10513,10.);
#2903=VECTOR('',#10514,10.);
#2904=VECTOR('',#10515,10.);
#2905=VECTOR('',#10518,10.);
#2906=VECTOR('',#10519,10.);
#2907=VECTOR('',#10520,10.);
#2908=VECTOR('',#10523,10.);
#2909=VECTOR('',#10524,10.);
#2910=VECTOR('',#10525,10.);
#2911=VECTOR('',#10528,10.);
#2912=VECTOR('',#10529,10.);
#2913=VECTOR('',#10530,10.);
#2914=VECTOR('',#10533,10.);
#2915=VECTOR('',#10534,10.);
#2916=VECTOR('',#10535,10.);
#2917=VECTOR('',#10538,10.);
#2918=VECTOR('',#10539,10.);
#2919=VECTOR('',#10540,10.);
#2920=VECTOR('',#10543,10.);
#2921=VECTOR('',#10544,10.);
#2922=VECTOR('',#10545,10.);
#2923=VECTOR('',#10548,10.);
#2924=VECTOR('',#10549,10.);
#2925=VECTOR('',#10554,10.);
#2926=VECTOR('',#10555,10.);
#2927=VECTOR('',#10556,10.);
#2928=VECTOR('',#10559,10.);
#2929=VECTOR('',#10560,10.);
#2930=VECTOR('',#10561,10.);
#2931=VECTOR('',#10562,10.);
#2932=VECTOR('',#10563,10.);
#2933=VECTOR('',#10564,10.);
#2934=VECTOR('',#10565,10.);
#2935=VECTOR('',#10568,10.);
#2936=VECTOR('',#10571,10.);
#2937=VECTOR('',#10572,10.);
#2938=VECTOR('',#10573,10.);
#2939=VECTOR('',#10574,10.);
#2940=VECTOR('',#10577,10.);
#2941=VECTOR('',#10578,10.);
#2942=VECTOR('',#10579,10.);
#2943=VECTOR('',#10582,10.);
#2944=VECTOR('',#10583,10.);
#2945=VECTOR('',#10584,10.);
#2946=VECTOR('',#10585,10.);
#2947=VECTOR('',#10586,10.);
#2948=VECTOR('',#10587,10.);
#2949=VECTOR('',#10588,10.);
#2950=VECTOR('',#10589,10.);
#2951=VECTOR('',#10590,10.);
#2952=VECTOR('',#10591,10.);
#2953=VECTOR('',#10592,10.);
#2954=VECTOR('',#10593,10.);
#2955=VECTOR('',#10596,10.);
#2956=VECTOR('',#10597,10.);
#2957=VECTOR('',#10598,10.);
#2958=VECTOR('',#10601,10.);
#2959=VECTOR('',#10602,10.);
#2960=VECTOR('',#10603,10.);
#2961=VECTOR('',#10606,10.);
#2962=VECTOR('',#10607,10.);
#2963=VECTOR('',#10608,10.);
#2964=VECTOR('',#10609,10.);
#2965=VECTOR('',#10610,10.);
#2966=VECTOR('',#10613,10.);
#2967=VECTOR('',#10614,10.);
#2968=VECTOR('',#10615,10.);
#2969=VECTOR('',#10618,10.);
#2970=VECTOR('',#10619,10.);
#2971=VECTOR('',#10624,10.);
#2972=VECTOR('',#10625,10.);
#2973=VECTOR('',#10626,10.);
#2974=VECTOR('',#10629,10.);
#2975=VECTOR('',#10630,10.);
#2976=VECTOR('',#10631,10.);
#2977=VECTOR('',#10632,10.);
#2978=VECTOR('',#10633,10.);
#2979=VECTOR('',#10634,10.);
#2980=VECTOR('',#10637,10.);
#2981=VECTOR('',#10640,10.);
#2982=VECTOR('',#10641,10.);
#2983=VECTOR('',#10642,10.);
#2984=VECTOR('',#10645,10.);
#2985=VECTOR('',#10646,10.);
#2986=VECTOR('',#10647,10.);
#2987=VECTOR('',#10648,10.);
#2988=VECTOR('',#10649,10.);
#2989=VECTOR('',#10650,10.);
#2990=VECTOR('',#10653,10.);
#2991=VECTOR('',#10656,10.);
#2992=VECTOR('',#10657,10.);
#2993=VECTOR('',#10658,10.);
#2994=VECTOR('',#10659,10.);
#2995=VECTOR('',#10662,10.);
#2996=VECTOR('',#10663,10.);
#2997=VECTOR('',#10664,10.);
#2998=VECTOR('',#10665,10.);
#2999=VECTOR('',#10666,10.);
#3000=VECTOR('',#10667,10.);
#3001=VECTOR('',#10668,10.);
#3002=VECTOR('',#10669,10.);
#3003=VECTOR('',#10670,10.);
#3004=VECTOR('',#10671,10.);
#3005=VECTOR('',#10672,10.);
#3006=VECTOR('',#10673,10.);
#3007=VECTOR('',#10674,10.);
#3008=VECTOR('',#10677,10.);
#3009=VECTOR('',#10678,10.);
#3010=VECTOR('',#10683,1.34999999979152);
#3011=VECTOR('',#10690,1.45000000032234);
#3012=VECTOR('',#10695,10.);
#3013=VECTOR('',#10696,10.);
#3014=VECTOR('',#10697,10.);
#3015=VECTOR('',#10700,10.);
#3016=VECTOR('',#10707,10.);
#3017=VECTOR('',#10710,10.);
#3018=VECTOR('',#10713,10.);
#3019=VECTOR('',#10718,10.);
#3020=VECTOR('',#10719,10.);
#3021=VECTOR('',#10726,10.);
#3022=VECTOR('',#10733,10.);
#3023=VECTOR('',#10734,10.);
#3024=VECTOR('',#10735,10.);
#3025=VECTOR('',#10736,10.);
#3026=VECTOR('',#10739,10.);
#3027=VECTOR('',#10740,10.);
#3028=VECTOR('',#10743,10.);
#3029=VECTOR('',#10746,10.);
#3030=VECTOR('',#10749,10.);
#3031=VECTOR('',#10752,10.);
#3032=VECTOR('',#10755,10.);
#3033=VECTOR('',#10758,10.);
#3034=VECTOR('',#10759,10.);
#3035=VECTOR('',#10760,10.);
#3036=VECTOR('',#10761,10.);
#3037=VECTOR('',#10770,10.);
#3038=VECTOR('',#10775,10.);
#3039=VECTOR('',#10776,10.);
#3040=VECTOR('',#10777,10.);
#3041=VECTOR('',#10778,10.);
#3042=VECTOR('',#10781,10.);
#3043=VECTOR('',#10782,10.);
#3044=VECTOR('',#10783,10.);
#3045=VECTOR('',#10784,10.);
#3046=VECTOR('',#10787,10.);
#3047=VECTOR('',#10788,10.);
#3048=VECTOR('',#10789,10.);
#3049=VECTOR('',#10792,10.);
#3050=VECTOR('',#10795,10.);
#3051=VECTOR('',#10798,10.);
#3052=VECTOR('',#10799,10.);
#3053=VECTOR('',#10800,10.);
#3054=VECTOR('',#10801,10.);
#3055=VECTOR('',#10810,10.);
#3056=VECTOR('',#10815,10.);
#3057=VECTOR('',#10816,10.);
#3058=VECTOR('',#10817,10.);
#3059=VECTOR('',#10818,10.);
#3060=VECTOR('',#10821,10.);
#3061=VECTOR('',#10822,10.);
#3062=VECTOR('',#10823,10.);
#3063=VECTOR('',#10824,10.);
#3064=VECTOR('',#10827,10.);
#3065=VECTOR('',#10828,10.);
#3066=VECTOR('',#10829,10.);
#3067=VECTOR('',#10832,10.);
#3068=VECTOR('',#10835,10.);
#3069=VECTOR('',#10838,10.);
#3070=VECTOR('',#10839,10.);
#3071=VECTOR('',#10840,10.);
#3072=VECTOR('',#10841,10.);
#3073=VECTOR('',#10850,10.);
#3074=VECTOR('',#10855,10.);
#3075=VECTOR('',#10856,10.);
#3076=VECTOR('',#10857,10.);
#3077=VECTOR('',#10858,10.);
#3078=VECTOR('',#10861,10.);
#3079=VECTOR('',#10862,10.);
#3080=VECTOR('',#10863,10.);
#3081=VECTOR('',#10864,10.);
#3082=VECTOR('',#10867,10.);
#3083=VECTOR('',#10868,10.);
#3084=VECTOR('',#10869,10.);
#3085=VECTOR('',#10874,10.);
#3086=VECTOR('',#10875,10.);
#3087=VECTOR('',#10878,1.35000000041634);
#3088=VECTOR('',#10885,1.45000000093703);
#3089=VECTOR('',#10890,10.);
#3090=VECTOR('',#10891,10.);
#3091=VECTOR('',#10892,10.);
#3092=VECTOR('',#10895,10.);
#3093=VECTOR('',#10900,10.);
#3094=VECTOR('',#10909,10.);
#3095=VECTOR('',#10914,10.);
#3096=VECTOR('',#10915,10.);
#3097=VECTOR('',#10916,10.);
#3098=VECTOR('',#10917,10.);
#3099=VECTOR('',#10920,10.);
#3100=VECTOR('',#10923,10.);
#3101=VECTOR('',#10926,10.);
#3102=VECTOR('',#10929,10.);
#3103=VECTOR('',#10932,10.);
#3104=VECTOR('',#10935,10.);
#3105=VECTOR('',#10944,3.10000000153765);
#3106=VECTOR('',#10951,10.);
#3107=VECTOR('',#10954,10.);
#3108=VECTOR('',#10957,10.);
#3109=VECTOR('',#10960,10.);
#3110=VECTOR('',#10969,3.00000000153766);
#3111=VECTOR('',#10972,3.10000000212892);
#3112=VECTOR('',#10981,3.00000000067089);
#3113=VECTOR('',#10986,1.70000000155903);
#3114=VECTOR('',#10993,10.);
#3115=VECTOR('',#10996,10.);
#3116=VECTOR('',#10999,10.);
#3117=VECTOR('',#11000,10.);
#3118=VECTOR('',#11003,1.60000000153885);
#3119=VECTOR('',#11006,10.);
#3120=VECTOR('',#11007,10.);
#3121=VECTOR('',#11010,10.);
#3122=VECTOR('',#11011,10.);
#3123=VECTOR('',#11012,10.);
#3124=VECTOR('',#11015,10.);
#3125=VECTOR('',#11016,10.);
#3126=VECTOR('',#11017,10.);
#3127=VECTOR('',#11020,10.);
#3128=VECTOR('',#11025,10.);
#3129=VECTOR('',#11026,10.);
#3130=VECTOR('',#11029,10.);
#3131=VECTOR('',#11034,10.);
#3132=VECTOR('',#11035,10.);
#3133=VECTOR('',#11038,10.);
#3134=VECTOR('',#11039,10.);
#3135=VECTOR('',#11040,10.);
#3136=VECTOR('',#11041,10.);
#3137=VECTOR('',#11044,10.);
#3138=VECTOR('',#11045,10.);
#3139=VECTOR('',#11046,10.);
#3140=VECTOR('',#11049,10.);
#3141=VECTOR('',#11052,10.);
#3142=VECTOR('',#11053,10.);
#3143=VECTOR('',#11054,10.);
#3144=VECTOR('',#11057,10.);
#3145=VECTOR('',#11060,10.);
#3146=VECTOR('',#11061,10.);
#3147=VECTOR('',#11062,10.);
#3148=VECTOR('',#11065,10.);
#3149=VECTOR('',#11068,10.);
#3150=VECTOR('',#11069,10.);
#3151=VECTOR('',#11070,10.);
#3152=VECTOR('',#11075,10.);
#3153=VECTOR('',#11080,10.);
#3154=VECTOR('',#11081,10.);
#3155=VECTOR('',#11082,10.);
#3156=VECTOR('',#11083,10.);
#3157=VECTOR('',#11084,10.);
#3158=VECTOR('',#11085,10.);
#3159=VECTOR('',#11086,10.);
#3160=VECTOR('',#11087,10.);
#3161=VECTOR('',#11088,10.);
#3162=VECTOR('',#11089,10.);
#3163=VECTOR('',#11090,10.);
#3164=VECTOR('',#11091,10.);
#3165=VECTOR('',#11092,10.);
#3166=VECTOR('',#11093,10.);
#3167=VECTOR('',#11094,10.);
#3168=VECTOR('',#11095,10.);
#3169=VECTOR('',#11096,10.);
#3170=VECTOR('',#11097,10.);
#3171=VECTOR('',#11098,10.);
#3172=VECTOR('',#11099,10.);
#3173=VECTOR('',#11100,10.);
#3174=VECTOR('',#11101,10.);
#3175=VECTOR('',#11102,10.);
#3176=VECTOR('',#11103,10.);
#3177=VECTOR('',#11104,10.);
#3178=VECTOR('',#11105,10.);
#3179=VECTOR('',#11106,10.);
#3180=VECTOR('',#11107,10.);
#3181=VECTOR('',#11108,10.);
#3182=VECTOR('',#11109,10.);
#3183=VECTOR('',#11112,10.);
#3184=VECTOR('',#11115,10.);
#3185=VECTOR('',#11116,10.);
#3186=VECTOR('',#11117,10.);
#3187=VECTOR('',#11118,10.);
#3188=VECTOR('',#11121,10.);
#3189=VECTOR('',#11122,10.);
#3190=VECTOR('',#11125,10.);
#3191=VECTOR('',#11126,10.);
#3192=VECTOR('',#11127,10.);
#3193=VECTOR('',#11128,10.);
#3194=VECTOR('',#11129,10.);
#3195=VECTOR('',#11132,10.);
#3196=VECTOR('',#11133,10.);
#3197=VECTOR('',#11134,10.);
#3198=VECTOR('',#11135,10.);
#3199=VECTOR('',#11138,10.);
#3200=VECTOR('',#11139,10.);
#3201=VECTOR('',#11140,10.);
#3202=VECTOR('',#11141,10.);
#3203=VECTOR('',#11152,10.);
#3204=VECTOR('',#11163,10.);
#3205=VECTOR('',#11164,10.);
#3206=VECTOR('',#11165,10.);
#3207=VECTOR('',#11168,10.);
#3208=VECTOR('',#11169,10.);
#3209=VECTOR('',#11170,10.);
#3210=VECTOR('',#11173,10.);
#3211=VECTOR('',#11176,10.);
#3212=VECTOR('',#11177,10.);
#3213=VECTOR('',#11178,10.);
#3214=VECTOR('',#11181,10.);
#3215=VECTOR('',#11184,10.);
#3216=VECTOR('',#11185,10.);
#3217=VECTOR('',#11186,10.);
#3218=VECTOR('',#11189,10.);
#3219=VECTOR('',#11190,10.);
#3220=VECTOR('',#11191,10.);
#3221=VECTOR('',#11194,10.);
#3222=VECTOR('',#11195,10.);
#3223=VECTOR('',#11198,10.);
#3224=VECTOR('',#11199,10.);
#3225=VECTOR('',#11200,10.);
#3226=VECTOR('',#11201,10.);
#3227=VECTOR('',#11204,10.);
#3228=VECTOR('',#11205,10.);
#3229=VECTOR('',#11206,10.);
#3230=VECTOR('',#11207,10.);
#3231=VECTOR('',#11208,10.);
#3232=VECTOR('',#11211,10.);
#3233=VECTOR('',#11212,10.);
#3234=VECTOR('',#11213,10.);
#3235=VECTOR('',#11214,10.);
#3236=VECTOR('',#11217,10.);
#3237=VECTOR('',#11218,10.);
#3238=VECTOR('',#11219,10.);
#3239=VECTOR('',#11230,10.);
#3240=VECTOR('',#11237,10.);
#3241=VECTOR('',#11238,10.);
#3242=VECTOR('',#11241,10.);
#3243=VECTOR('',#11242,10.);
#3244=VECTOR('',#11243,10.);
#3245=VECTOR('',#11244,10.);
#3246=VECTOR('',#11247,10.);
#3247=VECTOR('',#11248,10.);
#3248=VECTOR('',#11249,10.);
#3249=VECTOR('',#11250,10.);
#3250=VECTOR('',#11251,10.);
#3251=VECTOR('',#11254,10.);
#3252=VECTOR('',#11255,10.);
#3253=VECTOR('',#11256,10.);
#3254=VECTOR('',#11257,10.);
#3255=VECTOR('',#11260,10.);
#3256=VECTOR('',#11261,10.);
#3257=VECTOR('',#11262,10.);
#3258=VECTOR('',#11273,10.);
#3259=VECTOR('',#11284,1.69999999993727);
#3260=VECTOR('',#11291,10.);
#3261=VECTOR('',#11294,10.);
#3262=VECTOR('',#11297,10.);
#3263=VECTOR('',#11298,10.);
#3264=VECTOR('',#11301,1.60000000042824);
#3265=VECTOR('',#11304,10.);
#3266=VECTOR('',#11305,10.);
#3267=VECTOR('',#11308,10.);
#3268=VECTOR('',#11309,10.);
#3269=VECTOR('',#11310,10.);
#3270=VECTOR('',#11313,10.);
#3271=VECTOR('',#11314,10.);
#3272=VECTOR('',#11317,10.);
#3273=VECTOR('',#11322,10.);
#3274=VECTOR('',#11323,10.);
#3275=VECTOR('',#11326,10.);
#3276=VECTOR('',#11331,10.);
#3277=VECTOR('',#11334,10.);
#3278=VECTOR('',#11339,10.);
#3279=VECTOR('',#11340,10.);
#3280=VECTOR('',#11347,10.);
#3281=VECTOR('',#11348,10.);
#3282=VECTOR('',#11349,10.);
#3283=VECTOR('',#11350,10.);
#3284=VECTOR('',#11353,10.);
#3285=VECTOR('',#11354,10.);
#3286=VECTOR('',#11359,10.);
#3287=VECTOR('',#11360,10.);
#3288=VECTOR('',#11361,10.);
#3289=VECTOR('',#11362,10.);
#3290=VECTOR('',#11363,10.);
#3291=VECTOR('',#11364,10.);
#3292=VECTOR('',#11365,10.);
#3293=VECTOR('',#11366,10.);
#3294=VECTOR('',#11367,10.);
#3295=VECTOR('',#11368,10.);
#3296=VECTOR('',#11369,10.);
#3297=VECTOR('',#11370,10.);
#3298=VECTOR('',#11371,10.);
#3299=VECTOR('',#11374,10.);
#3300=VECTOR('',#11375,10.);
#3301=VECTOR('',#11378,10.);
#3302=VECTOR('',#11381,10.);
#3303=VECTOR('',#11384,10.);
#3304=VECTOR('',#11387,10.);
#3305=VECTOR('',#11390,10.);
#3306=VECTOR('',#11393,10.);
#3307=VECTOR('',#11396,10.);
#3308=VECTOR('',#11399,10.);
#3309=VECTOR('',#11402,10.);
#3310=VECTOR('',#11405,10.);
#3311=VECTOR('',#11408,10.);
#3312=VECTOR('',#11413,10.);
#3313=VECTOR('',#11414,10.);
#3314=VECTOR('',#11415,10.);
#3315=VECTOR('',#11416,10.);
#3316=VECTOR('',#11417,10.);
#3317=VECTOR('',#11418,10.);
#3318=VECTOR('',#11419,10.);
#3319=VECTOR('',#11420,10.);
#3320=VECTOR('',#11421,10.);
#3321=VECTOR('',#11422,10.);
#3322=VECTOR('',#11423,10.);
#3323=VECTOR('',#11424,10.);
#3324=VECTOR('',#11425,10.);
#3325=VECTOR('',#11428,10.);
#3326=VECTOR('',#11429,10.);
#3327=VECTOR('',#11432,10.);
#3328=VECTOR('',#11435,10.);
#3329=VECTOR('',#11438,10.);
#3330=VECTOR('',#11441,10.);
#3331=VECTOR('',#11444,10.);
#3332=VECTOR('',#11447,10.);
#3333=VECTOR('',#11450,10.);
#3334=VECTOR('',#11453,10.);
#3335=VECTOR('',#11456,10.);
#3336=VECTOR('',#11459,10.);
#3337=VECTOR('',#11462,10.);
#3338=VECTOR('',#11471,10.);
#3339=VECTOR('',#11472,10.);
#3340=VECTOR('',#11475,10.);
#3341=VECTOR('',#11478,10.);
#3342=VECTOR('',#11481,10.);
#3343=VECTOR('',#11484,10.);
#3344=VECTOR('',#11487,10.);
#3345=VECTOR('',#11490,10.);
#3346=VECTOR('',#11497,10.);
#3347=VECTOR('',#11502,10.);
#3348=VECTOR('',#11511,10.);
#3349=VECTOR('',#11518,10.);
#3350=VECTOR('',#11521,10.);
#3351=VECTOR('',#11528,10.);
#3352=VECTOR('',#11533,10.);
#3353=VECTOR('',#11536,10.);
#3354=VECTOR('',#11543,10.);
#3355=VECTOR('',#11548,10.);
#3356=VECTOR('',#11557,10.);
#3357=VECTOR('',#11562,10.);
#3358=VECTOR('',#11567,10.);
#3359=VECTOR('',#11570,10.);
#3360=VECTOR('',#11575,10.);
#3361=VECTOR('',#11576,10.);
#3362=VECTOR('',#11579,10.);
#3363=VECTOR('',#11580,10.);
#3364=VECTOR('',#11583,10.);
#3365=VECTOR('',#11600,10.);
#3366=VECTOR('',#11601,10.);
#3367=VECTOR('',#11602,10.);
#3368=VECTOR('',#11605,10.);
#3369=VECTOR('',#11606,10.);
#3370=VECTOR('',#11609,10.);
#3371=VECTOR('',#11628,10.);
#3372=VECTOR('',#11629,10.);
#3373=VECTOR('',#11630,10.);
#3374=VECTOR('',#11633,10.);
#3375=VECTOR('',#11634,10.);
#3376=VECTOR('',#11637,10.);
#3377=VECTOR('',#11652,10.);
#3378=VECTOR('',#11653,10.);
#3379=VECTOR('',#11654,10.);
#3380=VECTOR('',#11657,10.);
#3381=VECTOR('',#11658,10.);
#3382=VECTOR('',#11661,10.);
#3383=ELLIPSE('',#8766,0.409222880475691,0.4);
#3384=ELLIPSE('',#8767,0.40305007778014,0.4);
#3385=ELLIPSE('',#8768,0.40305007778014,0.4);
#3386=ELLIPSE('',#8769,0.40305007778014,0.4);
#3387=ELLIPSE('',#8770,0.40305007778014,0.4);
#3388=ELLIPSE('',#8771,0.409222880475691,0.4);
#3389=ELLIPSE('',#8772,0.403377571342529,0.4);
#3390=ELLIPSE('',#8774,0.412064874497096,0.4);
#3391=ELLIPSE('',#8776,0.80610015556028,0.8);
#3392=ELLIPSE('',#8801,0.412064874497095,0.4);
#3393=ELLIPSE('',#8803,0.80610015556028,0.8);
#3394=ELLIPSE('',#8828,0.806100155560253,0.8);
#3395=ELLIPSE('',#8829,0.806100155560299,0.8);
#3396=ELLIPSE('',#8850,0.409222880475617,0.4);
#3397=ELLIPSE('',#8854,0.403377571342537,0.4);
#3398=ELLIPSE('',#8861,0.403050077780127,0.4);
#3399=ELLIPSE('',#8862,0.412064874497044,0.4);
#3400=ELLIPSE('',#8864,0.409222880475716,0.4);
#3401=ELLIPSE('',#8871,0.403050077780137,0.4);
#3402=ELLIPSE('',#8875,0.40305007778015,0.4);
#3403=ELLIPSE('',#8876,0.412064874497134,0.4);
#3404=ELLIPSE('',#8878,0.40305007778014,0.4);
#3405=ELLIPSE('',#8884,0.40305007778014,0.4);
#3406=ELLIPSE('',#8885,0.40305007778014,0.4);
#3407=ELLIPSE('',#8886,0.40305007778014,0.4);
#3408=ELLIPSE('',#8887,0.409222880475691,0.4);
#3409=ELLIPSE('',#8888,0.403377571342529,0.4);
#3410=ELLIPSE('',#8889,0.409222880475691,0.4);
#3411=ELLIPSE('',#8890,0.40305007778014,0.4);
#3412=ELLIPSE('',#8908,0.412064874497096,0.400000000000001);
#3413=ELLIPSE('',#8910,0.80610015556028,0.8);
#3414=ELLIPSE('',#8913,0.412064874497096,0.4);
#3415=ELLIPSE('',#8915,0.806100155560282,0.800000000000002);
#3416=ELLIPSE('',#8943,0.40305007778014,0.4);
#3417=ELLIPSE('',#8944,0.40305007778014,0.4);
#3418=ELLIPSE('',#8945,0.409222880475689,0.4);
#3419=ELLIPSE('',#8946,0.403377571342529,0.4);
#3420=ELLIPSE('',#8947,0.409222880475689,0.4);
#3421=ELLIPSE('',#8948,0.40305007778014,0.4);
#3422=ELLIPSE('',#8949,0.403050077780141,0.4);
#3423=ELLIPSE('',#8961,0.412064874497094,0.399999999999998);
#3424=ELLIPSE('',#8963,0.80610015556028,0.8);
#3425=ELLIPSE('',#8978,0.412064874497095,0.4);
#3426=ELLIPSE('',#8980,0.80610015556028,0.8);
#3427=ELLIPSE('',#9049,0.638506663482081,0.6);
#3428=ELLIPSE('',#9052,0.638506663486779,0.6);
#3429=ELLIPSE('',#9056,0.63850666349383,0.6);
#3430=ELLIPSE('',#9059,0.638506663474652,0.6);
#3431=ELLIPSE('',#9063,0.638506663484244,0.6);
#3432=ELLIPSE('',#9066,0.638506663484237,0.6);
#3433=ELLIPSE('',#9070,0.638506663484269,0.6);
#3434=ELLIPSE('',#9073,0.638506663484215,0.6);
#3435=ELLIPSE('',#9080,0.638506663484216,0.6);
#3436=ELLIPSE('',#9083,0.638506663484269,0.6);
#3437=ELLIPSE('',#9087,0.638506663484239,0.6);
#3438=ELLIPSE('',#9090,0.638506663484244,0.6);
#3439=ELLIPSE('',#9094,0.638506663474652,0.6);
#3440=ELLIPSE('',#9097,0.63850666349383,0.6);
#3441=ELLIPSE('',#9101,0.638506663486781,0.6);
#3442=ELLIPSE('',#9104,0.638506663482081,0.6);
#3443=ELLIPSE('',#9410,0.638506663482081,0.6);
#3444=ELLIPSE('',#9413,0.638506663486779,0.6);
#3445=ELLIPSE('',#9418,0.63850666349383,0.6);
#3446=ELLIPSE('',#9420,0.638506663474652,0.6);
#3447=ELLIPSE('',#9424,0.638506663484244,0.6);
#3448=ELLIPSE('',#9426,0.638506663484237,0.6);
#3449=ELLIPSE('',#9432,0.638506663484269,0.6);
#3450=ELLIPSE('',#9434,0.638506663484215,0.6);
#3451=ELLIPSE('',#9442,0.638506663484216,0.6);
#3452=ELLIPSE('',#9445,0.638506663484269,0.6);
#3453=ELLIPSE('',#9452,0.638506663484239,0.6);
#3454=ELLIPSE('',#9455,0.638506663484244,0.6);
#3455=ELLIPSE('',#9463,0.638506663474652,0.6);
#3456=ELLIPSE('',#9466,0.63850666349383,0.6);
#3457=ELLIPSE('',#9474,0.638506663486781,0.6);
#3458=ELLIPSE('',#9477,0.638506663482081,0.6);
#3459=VERTEX_POINT('',#11713);
#3460=VERTEX_POINT('',#11714);
#3461=VERTEX_POINT('',#11716);
#3462=VERTEX_POINT('',#11718);
#3463=VERTEX_POINT('',#11720);
#3464=VERTEX_POINT('',#11722);
#3465=VERTEX_POINT('',#11724);
#3466=VERTEX_POINT('',#11726);
#3467=VERTEX_POINT('',#11728);
#3468=VERTEX_POINT('',#11730);
#3469=VERTEX_POINT('',#11732);
#3470=VERTEX_POINT('',#11734);
#3471=VERTEX_POINT('',#11736);
#3472=VERTEX_POINT('',#11738);
#3473=VERTEX_POINT('',#11766);
#3474=VERTEX_POINT('',#11767);
#3475=VERTEX_POINT('',#11769);
#3476=VERTEX_POINT('',#11771);
#3477=VERTEX_POINT('',#11778);
#3478=VERTEX_POINT('',#11779);
#3479=VERTEX_POINT('',#11781);
#3480=VERTEX_POINT('',#11788);
#3481=VERTEX_POINT('',#11789);
#3482=VERTEX_POINT('',#11791);
#3483=VERTEX_POINT('',#11801);
#3484=VERTEX_POINT('',#11802);
#3485=VERTEX_POINT('',#11804);
#3486=VERTEX_POINT('',#11811);
#3487=VERTEX_POINT('',#11812);
#3488=VERTEX_POINT('',#11814);
#3489=VERTEX_POINT('',#11848);
#3490=VERTEX_POINT('',#11849);
#3491=VERTEX_POINT('',#11851);
#3492=VERTEX_POINT('',#11853);
#3493=VERTEX_POINT('',#11860);
#3494=VERTEX_POINT('',#11861);
#3495=VERTEX_POINT('',#11863);
#3496=VERTEX_POINT('',#11894);
#3497=VERTEX_POINT('',#11895);
#3498=VERTEX_POINT('',#11897);
#3499=VERTEX_POINT('',#11899);
#3500=VERTEX_POINT('',#11903);
#3501=VERTEX_POINT('',#11904);
#3502=VERTEX_POINT('',#11906);
#3503=VERTEX_POINT('',#11908);
#3504=VERTEX_POINT('',#11912);
#3505=VERTEX_POINT('',#11913);
#3506=VERTEX_POINT('',#11915);
#3507=VERTEX_POINT('',#11917);
#3508=VERTEX_POINT('',#11921);
#3509=VERTEX_POINT('',#11922);
#3510=VERTEX_POINT('',#11924);
#3511=VERTEX_POINT('',#11926);
#3512=VERTEX_POINT('',#11928);
#3513=VERTEX_POINT('',#11930);
#3514=VERTEX_POINT('',#11932);
#3515=VERTEX_POINT('',#11934);
#3516=VERTEX_POINT('',#11936);
#3517=VERTEX_POINT('',#11940);
#3518=VERTEX_POINT('',#11941);
#3519=VERTEX_POINT('',#11943);
#3520=VERTEX_POINT('',#11945);
#3521=VERTEX_POINT('',#11949);
#3522=VERTEX_POINT('',#11950);
#3523=VERTEX_POINT('',#11952);
#3524=VERTEX_POINT('',#11954);
#3525=VERTEX_POINT('',#11958);
#3526=VERTEX_POINT('',#11959);
#3527=VERTEX_POINT('',#11961);
#3528=VERTEX_POINT('',#11963);
#3529=VERTEX_POINT('',#11967);
#3530=VERTEX_POINT('',#11968);
#3531=VERTEX_POINT('',#11970);
#3532=VERTEX_POINT('',#11972);
#3533=VERTEX_POINT('',#12075);
#3534=VERTEX_POINT('',#12076);
#3535=VERTEX_POINT('',#12078);
#3536=VERTEX_POINT('',#12080);
#3537=VERTEX_POINT('',#12082);
#3538=VERTEX_POINT('',#12084);
#3539=VERTEX_POINT('',#12086);
#3540=VERTEX_POINT('',#12088);
#3541=VERTEX_POINT('',#12090);
#3542=VERTEX_POINT('',#12092);
#3543=VERTEX_POINT('',#12094);
#3544=VERTEX_POINT('',#12096);
#3545=VERTEX_POINT('',#12098);
#3546=VERTEX_POINT('',#12100);
#3547=VERTEX_POINT('',#12104);
#3548=VERTEX_POINT('',#12105);
#3549=VERTEX_POINT('',#12107);
#3550=VERTEX_POINT('',#12114);
#3551=VERTEX_POINT('',#12115);
#3552=VERTEX_POINT('',#12117);
#3553=VERTEX_POINT('',#12124);
#3554=VERTEX_POINT('',#12125);
#3555=VERTEX_POINT('',#12127);
#3556=VERTEX_POINT('',#12161);
#3557=VERTEX_POINT('',#12162);
#3558=VERTEX_POINT('',#12164);
#3559=VERTEX_POINT('',#12166);
#3560=VERTEX_POINT('',#12197);
#3561=VERTEX_POINT('',#12198);
#3562=VERTEX_POINT('',#12200);
#3563=VERTEX_POINT('',#12202);
#3564=VERTEX_POINT('',#12212);
#3565=VERTEX_POINT('',#12213);
#3566=VERTEX_POINT('',#12215);
#3567=VERTEX_POINT('',#12222);
#3568=VERTEX_POINT('',#12223);
#3569=VERTEX_POINT('',#12225);
#3570=VERTEX_POINT('',#12256);
#3571=VERTEX_POINT('',#12257);
#3572=VERTEX_POINT('',#12259);
#3573=VERTEX_POINT('',#12261);
#3574=VERTEX_POINT('',#12263);
#3575=VERTEX_POINT('',#12265);
#3576=VERTEX_POINT('',#12267);
#3577=VERTEX_POINT('',#12269);
#3578=VERTEX_POINT('',#12271);
#3579=VERTEX_POINT('',#12273);
#3580=VERTEX_POINT('',#12275);
#3581=VERTEX_POINT('',#12277);
#3582=VERTEX_POINT('',#12279);
#3583=VERTEX_POINT('',#12281);
#3584=VERTEX_POINT('',#12285);
#3585=VERTEX_POINT('',#12286);
#3586=VERTEX_POINT('',#12288);
#3587=VERTEX_POINT('',#12295);
#3588=VERTEX_POINT('',#12296);
#3589=VERTEX_POINT('',#12298);
#3590=VERTEX_POINT('',#12329);
#3591=VERTEX_POINT('',#12330);
#3592=VERTEX_POINT('',#12332);
#3593=VERTEX_POINT('',#12334);
#3594=VERTEX_POINT('',#12344);
#3595=VERTEX_POINT('',#12345);
#3596=VERTEX_POINT('',#12347);
#3597=VERTEX_POINT('',#12354);
#3598=VERTEX_POINT('',#12355);
#3599=VERTEX_POINT('',#12357);
#3600=VERTEX_POINT('',#12391);
#3601=VERTEX_POINT('',#12392);
#3602=VERTEX_POINT('',#12394);
#3603=VERTEX_POINT('',#12396);
#3604=VERTEX_POINT('',#12403);
#3605=VERTEX_POINT('',#12404);
#3606=VERTEX_POINT('',#12406);
#3607=VERTEX_POINT('',#12440);
#3608=VERTEX_POINT('',#12443);
#3609=VERTEX_POINT('',#12446);
#3610=VERTEX_POINT('',#12447);
#3611=VERTEX_POINT('',#12449);
#3612=VERTEX_POINT('',#12451);
#3613=VERTEX_POINT('',#12455);
#3614=VERTEX_POINT('',#12456);
#3615=VERTEX_POINT('',#12458);
#3616=VERTEX_POINT('',#12460);
#3617=VERTEX_POINT('',#12467);
#3618=VERTEX_POINT('',#12468);
#3619=VERTEX_POINT('',#12470);
#3620=VERTEX_POINT('',#12472);
#3621=VERTEX_POINT('',#12476);
#3622=VERTEX_POINT('',#12477);
#3623=VERTEX_POINT('',#12479);
#3624=VERTEX_POINT('',#12481);
#3625=VERTEX_POINT('',#12488);
#3626=VERTEX_POINT('',#12489);
#3627=VERTEX_POINT('',#12491);
#3628=VERTEX_POINT('',#12493);
#3629=VERTEX_POINT('',#12497);
#3630=VERTEX_POINT('',#12498);
#3631=VERTEX_POINT('',#12500);
#3632=VERTEX_POINT('',#12502);
#3633=VERTEX_POINT('',#12509);
#3634=VERTEX_POINT('',#12510);
#3635=VERTEX_POINT('',#12512);
#3636=VERTEX_POINT('',#12514);
#3637=VERTEX_POINT('',#12518);
#3638=VERTEX_POINT('',#12519);
#3639=VERTEX_POINT('',#12521);
#3640=VERTEX_POINT('',#12523);
#3641=VERTEX_POINT('',#12530);
#3642=VERTEX_POINT('',#12531);
#3643=VERTEX_POINT('',#12533);
#3644=VERTEX_POINT('',#12535);
#3645=VERTEX_POINT('',#12539);
#3646=VERTEX_POINT('',#12541);
#3647=VERTEX_POINT('',#12545);
#3648=VERTEX_POINT('',#12547);
#3649=VERTEX_POINT('',#12551);
#3650=VERTEX_POINT('',#12553);
#3651=VERTEX_POINT('',#12557);
#3652=VERTEX_POINT('',#12561);
#3653=VERTEX_POINT('',#12565);
#3654=VERTEX_POINT('',#12567);
#3655=VERTEX_POINT('',#12571);
#3656=VERTEX_POINT('',#12573);
#3657=VERTEX_POINT('',#12577);
#3658=VERTEX_POINT('',#12579);
#3659=VERTEX_POINT('',#12583);
#3660=VERTEX_POINT('',#12585);
#3661=VERTEX_POINT('',#12592);
#3662=VERTEX_POINT('',#12593);
#3663=VERTEX_POINT('',#12598);
#3664=VERTEX_POINT('',#12602);
#3665=VERTEX_POINT('',#12607);
#3666=VERTEX_POINT('',#12608);
#3667=VERTEX_POINT('',#12613);
#3668=VERTEX_POINT('',#12615);
#3669=VERTEX_POINT('',#12621);
#3670=VERTEX_POINT('',#12622);
#3671=VERTEX_POINT('',#12627);
#3672=VERTEX_POINT('',#12629);
#3673=VERTEX_POINT('',#12635);
#3674=VERTEX_POINT('',#12636);
#3675=VERTEX_POINT('',#12641);
#3676=VERTEX_POINT('',#12643);
#3677=VERTEX_POINT('',#12649);
#3678=VERTEX_POINT('',#12650);
#3679=VERTEX_POINT('',#12655);
#3680=VERTEX_POINT('',#12657);
#3681=VERTEX_POINT('',#12661);
#3682=VERTEX_POINT('',#12662);
#3683=VERTEX_POINT('',#12673);
#3684=VERTEX_POINT('',#12674);
#3685=VERTEX_POINT('',#12679);
#3686=VERTEX_POINT('',#12681);
#3687=VERTEX_POINT('',#12687);
#3688=VERTEX_POINT('',#12688);
#3689=VERTEX_POINT('',#12693);
#3690=VERTEX_POINT('',#12695);
#3691=VERTEX_POINT('',#12701);
#3692=VERTEX_POINT('',#12702);
#3693=VERTEX_POINT('',#12707);
#3694=VERTEX_POINT('',#12709);
#3695=VERTEX_POINT('',#12715);
#3696=VERTEX_POINT('',#12716);
#3697=VERTEX_POINT('',#12721);
#3698=VERTEX_POINT('',#12723);
#3699=VERTEX_POINT('',#12729);
#3700=VERTEX_POINT('',#12730);
#3701=VERTEX_POINT('',#12739);
#3702=VERTEX_POINT('',#12743);
#3703=VERTEX_POINT('',#12751);
#3704=VERTEX_POINT('',#12752);
#3705=VERTEX_POINT('',#12761);
#3706=VERTEX_POINT('',#12765);
#3707=VERTEX_POINT('',#12773);
#3708=VERTEX_POINT('',#12777);
#3709=VERTEX_POINT('',#12785);
#3710=VERTEX_POINT('',#12786);
#3711=VERTEX_POINT('',#12788);
#3712=VERTEX_POINT('',#12790);
#3713=VERTEX_POINT('',#12792);
#3714=VERTEX_POINT('',#12798);
#3715=VERTEX_POINT('',#12804);
#3716=VERTEX_POINT('',#12816);
#3717=VERTEX_POINT('',#12817);
#3718=VERTEX_POINT('',#12819);
#3719=VERTEX_POINT('',#12821);
#3720=VERTEX_POINT('',#12823);
#3721=VERTEX_POINT('',#12829);
#3722=VERTEX_POINT('',#12835);
#3723=VERTEX_POINT('',#12847);
#3724=VERTEX_POINT('',#12848);
#3725=VERTEX_POINT('',#12850);
#3726=VERTEX_POINT('',#12852);
#3727=VERTEX_POINT('',#12854);
#3728=VERTEX_POINT('',#12860);
#3729=VERTEX_POINT('',#12866);
#3730=VERTEX_POINT('',#12872);
#3731=VERTEX_POINT('',#12884);
#3732=VERTEX_POINT('',#12885);
#3733=VERTEX_POINT('',#12887);
#3734=VERTEX_POINT('',#12889);
#3735=VERTEX_POINT('',#12893);
#3736=VERTEX_POINT('',#12895);
#3737=VERTEX_POINT('',#12899);
#3738=VERTEX_POINT('',#12901);
#3739=VERTEX_POINT('',#12905);
#3740=VERTEX_POINT('',#12907);
#3741=VERTEX_POINT('',#12911);
#3742=VERTEX_POINT('',#12913);
#3743=VERTEX_POINT('',#12921);
#3744=VERTEX_POINT('',#12922);
#3745=VERTEX_POINT('',#12924);
#3746=VERTEX_POINT('',#12926);
#3747=VERTEX_POINT('',#12930);
#3748=VERTEX_POINT('',#12932);
#3749=VERTEX_POINT('',#12936);
#3750=VERTEX_POINT('',#12938);
#3751=VERTEX_POINT('',#12942);
#3752=VERTEX_POINT('',#12944);
#3753=VERTEX_POINT('',#12948);
#3754=VERTEX_POINT('',#12950);
#3755=VERTEX_POINT('',#12954);
#3756=VERTEX_POINT('',#12956);
#3757=VERTEX_POINT('',#12960);
#3758=VERTEX_POINT('',#12962);
#3759=VERTEX_POINT('',#12966);
#3760=VERTEX_POINT('',#12968);
#3761=VERTEX_POINT('',#12972);
#3762=VERTEX_POINT('',#12974);
#3763=VERTEX_POINT('',#12982);
#3764=VERTEX_POINT('',#12983);
#3765=VERTEX_POINT('',#12988);
#3766=VERTEX_POINT('',#13001);
#3767=VERTEX_POINT('',#13018);
#3768=VERTEX_POINT('',#13035);
#3769=VERTEX_POINT('',#13052);
#3770=VERTEX_POINT('',#13069);
#3771=VERTEX_POINT('',#13079);
#3772=VERTEX_POINT('',#13080);
#3773=VERTEX_POINT('',#13082);
#3774=VERTEX_POINT('',#13084);
#3775=VERTEX_POINT('',#13088);
#3776=VERTEX_POINT('',#13090);
#3777=VERTEX_POINT('',#13094);
#3778=VERTEX_POINT('',#13096);
#3779=VERTEX_POINT('',#13109);
#3780=VERTEX_POINT('',#13115);
#3781=VERTEX_POINT('',#13132);
#3782=VERTEX_POINT('',#13138);
#3783=VERTEX_POINT('',#13155);
#3784=VERTEX_POINT('',#13161);
#3785=VERTEX_POINT('',#13178);
#3786=VERTEX_POINT('',#13184);
#3787=VERTEX_POINT('',#13201);
#3788=VERTEX_POINT('',#13207);
#3789=VERTEX_POINT('',#13224);
#3790=VERTEX_POINT('',#13230);
#3791=VERTEX_POINT('',#13247);
#3792=VERTEX_POINT('',#13253);
#3793=VERTEX_POINT('',#13270);
#3794=VERTEX_POINT('',#13276);
#3795=VERTEX_POINT('',#13293);
#3796=VERTEX_POINT('',#13299);
#3797=VERTEX_POINT('',#13307);
#3798=VERTEX_POINT('',#13309);
#3799=VERTEX_POINT('',#13313);
#3800=VERTEX_POINT('',#13315);
#3801=VERTEX_POINT('',#13319);
#3802=VERTEX_POINT('',#13321);
#3803=VERTEX_POINT('',#13334);
#3804=VERTEX_POINT('',#13340);
#3805=VERTEX_POINT('',#13357);
#3806=VERTEX_POINT('',#13363);
#3807=VERTEX_POINT('',#13371);
#3808=VERTEX_POINT('',#13373);
#3809=VERTEX_POINT('',#13381);
#3810=VERTEX_POINT('',#13382);
#3811=VERTEX_POINT('',#13387);
#3812=VERTEX_POINT('',#13400);
#3813=VERTEX_POINT('',#13417);
#3814=VERTEX_POINT('',#13434);
#3815=VERTEX_POINT('',#13451);
#3816=VERTEX_POINT('',#13461);
#3817=VERTEX_POINT('',#13462);
#3818=VERTEX_POINT('',#13467);
#3819=VERTEX_POINT('',#13480);
#3820=VERTEX_POINT('',#13497);
#3821=VERTEX_POINT('',#13514);
#3822=VERTEX_POINT('',#13531);
#3823=VERTEX_POINT('',#13541);
#3824=VERTEX_POINT('',#13542);
#3825=VERTEX_POINT('',#13544);
#3826=VERTEX_POINT('',#13546);
#3827=VERTEX_POINT('',#13550);
#3828=VERTEX_POINT('',#13552);
#3829=VERTEX_POINT('',#13565);
#3830=VERTEX_POINT('',#13571);
#3831=VERTEX_POINT('',#13588);
#3832=VERTEX_POINT('',#13594);
#3833=VERTEX_POINT('',#13611);
#3834=VERTEX_POINT('',#13617);
#3835=VERTEX_POINT('',#13634);
#3836=VERTEX_POINT('',#13640);
#3837=VERTEX_POINT('',#13657);
#3838=VERTEX_POINT('',#13663);
#3839=VERTEX_POINT('',#13680);
#3840=VERTEX_POINT('',#13686);
#3841=VERTEX_POINT('',#13703);
#3842=VERTEX_POINT('',#13709);
#3843=VERTEX_POINT('',#13726);
#3844=VERTEX_POINT('',#13732);
#3845=VERTEX_POINT('',#13749);
#3846=VERTEX_POINT('',#13755);
#3847=VERTEX_POINT('',#13772);
#3848=VERTEX_POINT('',#13778);
#3849=VERTEX_POINT('',#13790);
#3850=VERTEX_POINT('',#13792);
#3851=VERTEX_POINT('',#13796);
#3852=VERTEX_POINT('',#13800);
#3853=VERTEX_POINT('',#13801);
#3854=VERTEX_POINT('',#13803);
#3855=VERTEX_POINT('',#13808);
#3856=VERTEX_POINT('',#13814);
#3857=VERTEX_POINT('',#13816);
#3858=VERTEX_POINT('',#13822);
#3859=VERTEX_POINT('',#13827);
#3860=VERTEX_POINT('',#13829);
#3861=VERTEX_POINT('',#13831);
#3862=VERTEX_POINT('',#13835);
#3863=VERTEX_POINT('',#13836);
#3864=VERTEX_POINT('',#13842);
#3865=VERTEX_POINT('',#13847);
#3866=VERTEX_POINT('',#13849);
#3867=VERTEX_POINT('',#13855);
#3868=VERTEX_POINT('',#13860);
#3869=VERTEX_POINT('',#13862);
#3870=VERTEX_POINT('',#13868);
#3871=VERTEX_POINT('',#13873);
#3872=VERTEX_POINT('',#13875);
#3873=VERTEX_POINT('',#13881);
#3874=VERTEX_POINT('',#13883);
#3875=VERTEX_POINT('',#13891);
#3876=VERTEX_POINT('',#13899);
#3877=VERTEX_POINT('',#13903);
#3878=VERTEX_POINT('',#13927);
#3879=VERTEX_POINT('',#14005);
#3880=VERTEX_POINT('',#14006);
#3881=VERTEX_POINT('',#14008);
#3882=VERTEX_POINT('',#14013);
#3883=VERTEX_POINT('',#14019);
#3884=VERTEX_POINT('',#14021);
#3885=VERTEX_POINT('',#14027);
#3886=VERTEX_POINT('',#14032);
#3887=VERTEX_POINT('',#14034);
#3888=VERTEX_POINT('',#14039);
#3889=VERTEX_POINT('',#14045);
#3890=VERTEX_POINT('',#14047);
#3891=VERTEX_POINT('',#14058);
#3892=VERTEX_POINT('',#14059);
#3893=VERTEX_POINT('',#14068);
#3894=VERTEX_POINT('',#14094);
#3895=VERTEX_POINT('',#14116);
#3896=VERTEX_POINT('',#14249);
#3897=VERTEX_POINT('',#14250);
#3898=VERTEX_POINT('',#14252);
#3899=VERTEX_POINT('',#14257);
#3900=VERTEX_POINT('',#14263);
#3901=VERTEX_POINT('',#14265);
#3902=VERTEX_POINT('',#14271);
#3903=VERTEX_POINT('',#14276);
#3904=VERTEX_POINT('',#14278);
#3905=VERTEX_POINT('',#14283);
#3906=VERTEX_POINT('',#14289);
#3907=VERTEX_POINT('',#14291);
#3908=VERTEX_POINT('',#14302);
#3909=VERTEX_POINT('',#14303);
#3910=VERTEX_POINT('',#14312);
#3911=VERTEX_POINT('',#14338);
#3912=VERTEX_POINT('',#14360);
#3913=VERTEX_POINT('',#14493);
#3914=VERTEX_POINT('',#14494);
#3915=VERTEX_POINT('',#14496);
#3916=VERTEX_POINT('',#14501);
#3917=VERTEX_POINT('',#14507);
#3918=VERTEX_POINT('',#14509);
#3919=VERTEX_POINT('',#14515);
#3920=VERTEX_POINT('',#14520);
#3921=VERTEX_POINT('',#14522);
#3922=VERTEX_POINT('',#14527);
#3923=VERTEX_POINT('',#14533);
#3924=VERTEX_POINT('',#14535);
#3925=VERTEX_POINT('',#14546);
#3926=VERTEX_POINT('',#14547);
#3927=VERTEX_POINT('',#14556);
#3928=VERTEX_POINT('',#14582);
#3929=VERTEX_POINT('',#14604);
#3930=VERTEX_POINT('',#14737);
#3931=VERTEX_POINT('',#14739);
#3932=VERTEX_POINT('',#14743);
#3933=VERTEX_POINT('',#14747);
#3934=VERTEX_POINT('',#14748);
#3935=VERTEX_POINT('',#14750);
#3936=VERTEX_POINT('',#14755);
#3937=VERTEX_POINT('',#14761);
#3938=VERTEX_POINT('',#14763);
#3939=VERTEX_POINT('',#14769);
#3940=VERTEX_POINT('',#14774);
#3941=VERTEX_POINT('',#14776);
#3942=VERTEX_POINT('',#14778);
#3943=VERTEX_POINT('',#14782);
#3944=VERTEX_POINT('',#14783);
#3945=VERTEX_POINT('',#14791);
#3946=VERTEX_POINT('',#14799);
#3947=VERTEX_POINT('',#14899);
#3948=VERTEX_POINT('',#14901);
#3949=VERTEX_POINT('',#14903);
#3950=VERTEX_POINT('',#14907);
#3951=VERTEX_POINT('',#14908);
#3952=VERTEX_POINT('',#14910);
#3953=VERTEX_POINT('',#14912);
#3954=VERTEX_POINT('',#14914);
#3955=VERTEX_POINT('',#14916);
#3956=VERTEX_POINT('',#14918);
#3957=VERTEX_POINT('',#14920);
#3958=VERTEX_POINT('',#14923);
#3959=VERTEX_POINT('',#14926);
#3960=VERTEX_POINT('',#14930);
#3961=VERTEX_POINT('',#14932);
#3962=VERTEX_POINT('',#14936);
#3963=VERTEX_POINT('',#14940);
#3964=VERTEX_POINT('',#14942);
#3965=VERTEX_POINT('',#14944);
#3966=VERTEX_POINT('',#14948);
#3967=VERTEX_POINT('',#14949);
#3968=VERTEX_POINT('',#14951);
#3969=VERTEX_POINT('',#14953);
#3970=VERTEX_POINT('',#14955);
#3971=VERTEX_POINT('',#14957);
#3972=VERTEX_POINT('',#14959);
#3973=VERTEX_POINT('',#14964);
#3974=VERTEX_POINT('',#14970);
#3975=VERTEX_POINT('',#14972);
#3976=VERTEX_POINT('',#14983);
#3977=VERTEX_POINT('',#15006);
#3978=VERTEX_POINT('',#15008);
#3979=VERTEX_POINT('',#15016);
#3980=VERTEX_POINT('',#15039);
#3981=VERTEX_POINT('',#15047);
#3982=VERTEX_POINT('',#15049);
#3983=VERTEX_POINT('',#15053);
#3984=VERTEX_POINT('',#15057);
#3985=VERTEX_POINT('',#15061);
#3986=VERTEX_POINT('',#15065);
#3987=VERTEX_POINT('',#15109);
#3988=VERTEX_POINT('',#15111);
#3989=VERTEX_POINT('',#15113);
#3990=VERTEX_POINT('',#15115);
#3991=VERTEX_POINT('',#15117);
#3992=VERTEX_POINT('',#15122);
#3993=VERTEX_POINT('',#15124);
#3994=VERTEX_POINT('',#15126);
#3995=VERTEX_POINT('',#15128);
#3996=VERTEX_POINT('',#15130);
#3997=VERTEX_POINT('',#15132);
#3998=VERTEX_POINT('',#15137);
#3999=VERTEX_POINT('',#15139);
#4000=VERTEX_POINT('',#15144);
#4001=VERTEX_POINT('',#15146);
#4002=VERTEX_POINT('',#15148);
#4003=VERTEX_POINT('',#15150);
#4004=VERTEX_POINT('',#15152);
#4005=VERTEX_POINT('',#15154);
#4006=VERTEX_POINT('',#15159);
#4007=VERTEX_POINT('',#15161);
#4008=VERTEX_POINT('',#15166);
#4009=VERTEX_POINT('',#15168);
#4010=VERTEX_POINT('',#15170);
#4011=VERTEX_POINT('',#15172);
#4012=VERTEX_POINT('',#15174);
#4013=VERTEX_POINT('',#15176);
#4014=VERTEX_POINT('',#15181);
#4015=VERTEX_POINT('',#15183);
#4016=VERTEX_POINT('',#15188);
#4017=VERTEX_POINT('',#15190);
#4018=VERTEX_POINT('',#15192);
#4019=VERTEX_POINT('',#15194);
#4020=VERTEX_POINT('',#15198);
#4021=VERTEX_POINT('',#15202);
#4022=VERTEX_POINT('',#15205);
#4023=VERTEX_POINT('',#15206);
#4024=VERTEX_POINT('',#15208);
#4025=VERTEX_POINT('',#15210);
#4026=VERTEX_POINT('',#15212);
#4027=VERTEX_POINT('',#15214);
#4028=VERTEX_POINT('',#15216);
#4029=VERTEX_POINT('',#15218);
#4030=VERTEX_POINT('',#15220);
#4031=VERTEX_POINT('',#15222);
#4032=VERTEX_POINT('',#15224);
#4033=VERTEX_POINT('',#15226);
#4034=VERTEX_POINT('',#15228);
#4035=VERTEX_POINT('',#15231);
#4036=VERTEX_POINT('',#15232);
#4037=VERTEX_POINT('',#15234);
#4038=VERTEX_POINT('',#15236);
#4039=VERTEX_POINT('',#15238);
#4040=VERTEX_POINT('',#15240);
#4041=VERTEX_POINT('',#15242);
#4042=VERTEX_POINT('',#15244);
#4043=VERTEX_POINT('',#15246);
#4044=VERTEX_POINT('',#15248);
#4045=VERTEX_POINT('',#15250);
#4046=VERTEX_POINT('',#15252);
#4047=VERTEX_POINT('',#15254);
#4048=VERTEX_POINT('',#15257);
#4049=VERTEX_POINT('',#15258);
#4050=VERTEX_POINT('',#15273);
#4051=VERTEX_POINT('',#15275);
#4052=VERTEX_POINT('',#15290);
#4053=VERTEX_POINT('',#15313);
#4054=VERTEX_POINT('',#15314);
#4055=VERTEX_POINT('',#15316);
#4056=VERTEX_POINT('',#15322);
#4057=VERTEX_POINT('',#15349);
#4058=VERTEX_POINT('',#15351);
#4059=VERTEX_POINT('',#15357);
#4060=VERTEX_POINT('',#15368);
#4061=VERTEX_POINT('',#15370);
#4062=VERTEX_POINT('',#15413);
#4063=VERTEX_POINT('',#15415);
#4064=VERTEX_POINT('',#15421);
#4065=VERTEX_POINT('',#15429);
#4066=VERTEX_POINT('',#15430);
#4067=VERTEX_POINT('',#15454);
#4068=VERTEX_POINT('',#15455);
#4069=VERTEX_POINT('',#15488);
#4070=VERTEX_POINT('',#15489);
#4071=VERTEX_POINT('',#15491);
#4072=VERTEX_POINT('',#15493);
#4073=VERTEX_POINT('',#15545);
#4074=VERTEX_POINT('',#15549);
#4075=VERTEX_POINT('',#15553);
#4076=VERTEX_POINT('',#15557);
#4077=VERTEX_POINT('',#15559);
#4078=VERTEX_POINT('',#15561);
#4079=VERTEX_POINT('',#15564);
#4080=VERTEX_POINT('',#15566);
#4081=VERTEX_POINT('',#15568);
#4082=VERTEX_POINT('',#15570);
#4083=VERTEX_POINT('',#15572);
#4084=VERTEX_POINT('',#15574);
#4085=VERTEX_POINT('',#15579);
#4086=VERTEX_POINT('',#15581);
#4087=VERTEX_POINT('',#15586);
#4088=VERTEX_POINT('',#15588);
#4089=VERTEX_POINT('',#15590);
#4090=VERTEX_POINT('',#15592);
#4091=VERTEX_POINT('',#15594);
#4092=VERTEX_POINT('',#15596);
#4093=VERTEX_POINT('',#15601);
#4094=VERTEX_POINT('',#15603);
#4095=VERTEX_POINT('',#15608);
#4096=VERTEX_POINT('',#15610);
#4097=VERTEX_POINT('',#15612);
#4098=VERTEX_POINT('',#15614);
#4099=VERTEX_POINT('',#15616);
#4100=VERTEX_POINT('',#15618);
#4101=VERTEX_POINT('',#15623);
#4102=VERTEX_POINT('',#15625);
#4103=VERTEX_POINT('',#15649);
#4104=VERTEX_POINT('',#15651);
#4105=VERTEX_POINT('',#15657);
#4106=VERTEX_POINT('',#15665);
#4107=VERTEX_POINT('',#15666);
#4108=VERTEX_POINT('',#15690);
#4109=VERTEX_POINT('',#15703);
#4110=VERTEX_POINT('',#15705);
#4111=VERTEX_POINT('',#15748);
#4112=VERTEX_POINT('',#15750);
#4113=VERTEX_POINT('',#15756);
#4114=VERTEX_POINT('',#15764);
#4115=VERTEX_POINT('',#15765);
#4116=VERTEX_POINT('',#15789);
#4117=VERTEX_POINT('',#15822);
#4118=VERTEX_POINT('',#15824);
#4119=VERTEX_POINT('',#15868);
#4120=VERTEX_POINT('',#15872);
#4121=VERTEX_POINT('',#15898);
#4122=VERTEX_POINT('',#15900);
#4123=VERTEX_POINT('',#15906);
#4124=VERTEX_POINT('',#15914);
#4125=VERTEX_POINT('',#15915);
#4126=VERTEX_POINT('',#15939);
#4127=VERTEX_POINT('',#15952);
#4128=VERTEX_POINT('',#15954);
#4129=VERTEX_POINT('',#15997);
#4130=VERTEX_POINT('',#15999);
#4131=VERTEX_POINT('',#16005);
#4132=VERTEX_POINT('',#16013);
#4133=VERTEX_POINT('',#16014);
#4134=VERTEX_POINT('',#16038);
#4135=VERTEX_POINT('',#16071);
#4136=VERTEX_POINT('',#16073);
#4137=VERTEX_POINT('',#16117);
#4138=VERTEX_POINT('',#16121);
#4139=VERTEX_POINT('',#16128);
#4140=VERTEX_POINT('',#16130);
#4141=VERTEX_POINT('',#16132);
#4142=VERTEX_POINT('',#16136);
#4143=VERTEX_POINT('',#16137);
#4144=VERTEX_POINT('',#16139);
#4145=VERTEX_POINT('',#16141);
#4146=VERTEX_POINT('',#16143);
#4147=VERTEX_POINT('',#16145);
#4148=VERTEX_POINT('',#16147);
#4149=VERTEX_POINT('',#16152);
#4150=VERTEX_POINT('',#16158);
#4151=VERTEX_POINT('',#16160);
#4152=VERTEX_POINT('',#16171);
#4153=VERTEX_POINT('',#16195);
#4154=VERTEX_POINT('',#16203);
#4155=VERTEX_POINT('',#16236);
#4156=VERTEX_POINT('',#16240);
#4157=VERTEX_POINT('',#16281);
#4158=VERTEX_POINT('',#16285);
#4159=VERTEX_POINT('',#16291);
#4160=VERTEX_POINT('',#16292);
#4161=VERTEX_POINT('',#16307);
#4162=VERTEX_POINT('',#16309);
#4163=VERTEX_POINT('',#16382);
#4164=VERTEX_POINT('',#16383);
#4165=VERTEX_POINT('',#16385);
#4166=VERTEX_POINT('',#16387);
#4167=VERTEX_POINT('',#16389);
#4168=VERTEX_POINT('',#16391);
#4169=VERTEX_POINT('',#16393);
#4170=VERTEX_POINT('',#16395);
#4171=VERTEX_POINT('',#16397);
#4172=VERTEX_POINT('',#16399);
#4173=VERTEX_POINT('',#16401);
#4174=VERTEX_POINT('',#16403);
#4175=VERTEX_POINT('',#16405);
#4176=VERTEX_POINT('',#16435);
#4177=VERTEX_POINT('',#16436);
#4178=VERTEX_POINT('',#16438);
#4179=VERTEX_POINT('',#16440);
#4180=VERTEX_POINT('',#16442);
#4181=VERTEX_POINT('',#16444);
#4182=VERTEX_POINT('',#16446);
#4183=VERTEX_POINT('',#16448);
#4184=VERTEX_POINT('',#16450);
#4185=VERTEX_POINT('',#16452);
#4186=VERTEX_POINT('',#16454);
#4187=VERTEX_POINT('',#16456);
#4188=VERTEX_POINT('',#16458);
#4189=VERTEX_POINT('',#16506);
#4190=VERTEX_POINT('',#16508);
#4191=VERTEX_POINT('',#16512);
#4192=VERTEX_POINT('',#16513);
#4193=VERTEX_POINT('',#16519);
#4194=VERTEX_POINT('',#16526);
#4195=VERTEX_POINT('',#16527);
#4196=VERTEX_POINT('',#16532);
#4197=VERTEX_POINT('',#16538);
#4198=VERTEX_POINT('',#16539);
#4199=VERTEX_POINT('',#16544);
#4200=VERTEX_POINT('',#16550);
#4201=VERTEX_POINT('',#16554);
#4202=VERTEX_POINT('',#16558);
#4203=VERTEX_POINT('',#16564);
#4204=VERTEX_POINT('',#16568);
#4205=VERTEX_POINT('',#16572);
#4206=VERTEX_POINT('',#16585);
#4207=VERTEX_POINT('',#16586);
#4208=VERTEX_POINT('',#16591);
#4209=VERTEX_POINT('',#16605);
#4210=VERTEX_POINT('',#16606);
#4211=VERTEX_POINT('',#16611);
#4212=VERTEX_POINT('',#16623);
#4213=VERTEX_POINT('',#16624);
#4214=VERTEX_POINT('',#16629);
#4215=EDGE_CURVE('',#3459,#3460,#3383,.F.);
#4216=EDGE_CURVE('',#3459,#3461,#1887,.T.);
#4217=EDGE_CURVE('',#3461,#3462,#3384,.T.);
#4218=EDGE_CURVE('',#3462,#3463,#1888,.T.);
#4219=EDGE_CURVE('',#3464,#3463,#3385,.F.);
#4220=EDGE_CURVE('',#3464,#3465,#1889,.T.);
#4221=EDGE_CURVE('',#3466,#3465,#3386,.F.);
#4222=EDGE_CURVE('',#3466,#3467,#1890,.T.);
#4223=EDGE_CURVE('',#3467,#3468,#3387,.T.);
#4224=EDGE_CURVE('',#3468,#3469,#1891,.T.);
#4225=EDGE_CURVE('',#3470,#3469,#3388,.F.);
#4226=EDGE_CURVE('',#3470,#3471,#1892,.T.);
#4227=EDGE_CURVE('',#3472,#3471,#3389,.F.);
#4228=EDGE_CURVE('',#3472,#3460,#1893,.T.);
#4229=EDGE_CURVE('',#3473,#3474,#489,.T.);
#4230=EDGE_CURVE('',#3475,#3473,#3390,.F.);
#4231=EDGE_CURVE('',#3476,#3475,#490,.T.);
#4232=EDGE_CURVE('',#3476,#3474,#3391,.T.);
#4233=EDGE_CURVE('',#3467,#3475,#1894,.T.);
#4234=EDGE_CURVE('',#3473,#3468,#1895,.T.);
#4235=EDGE_CURVE('',#3477,#3478,#491,.F.);
#4236=EDGE_CURVE('',#3479,#3477,#492,.F.);
#4237=EDGE_CURVE('',#3478,#3479,#493,.F.);
#4238=EDGE_CURVE('',#3465,#3479,#1896,.T.);
#4239=EDGE_CURVE('',#3477,#3466,#1897,.T.);
#4240=EDGE_CURVE('',#3480,#3481,#494,.F.);
#4241=EDGE_CURVE('',#3482,#3480,#495,.F.);
#4242=EDGE_CURVE('',#3481,#3482,#496,.F.);
#4243=EDGE_CURVE('',#3469,#3482,#1898,.T.);
#4244=EDGE_CURVE('',#3480,#3470,#1899,.T.);
#4245=EDGE_CURVE('',#3482,#3473,#1900,.T.);
#4246=EDGE_CURVE('',#3474,#3481,#1901,.T.);
#4247=EDGE_CURVE('',#3483,#3484,#497,.F.);
#4248=EDGE_CURVE('',#3485,#3483,#498,.F.);
#4249=EDGE_CURVE('',#3484,#3485,#499,.F.);
#4250=EDGE_CURVE('',#3463,#3485,#1902,.T.);
#4251=EDGE_CURVE('',#3483,#3464,#1903,.T.);
#4252=EDGE_CURVE('',#3486,#3487,#500,.F.);
#4253=EDGE_CURVE('',#3488,#3486,#501,.F.);
#4254=EDGE_CURVE('',#3487,#3488,#502,.F.);
#4255=EDGE_CURVE('',#3471,#3488,#1904,.T.);
#4256=EDGE_CURVE('',#3486,#3472,#1905,.T.);
#4257=EDGE_CURVE('',#3488,#3480,#1906,.T.);
#4258=EDGE_CURVE('',#3481,#3487,#1907,.T.);
#4259=EDGE_CURVE('',#3489,#3490,#503,.T.);
#4260=EDGE_CURVE('',#3491,#3489,#3392,.F.);
#4261=EDGE_CURVE('',#3492,#3491,#504,.T.);
#4262=EDGE_CURVE('',#3492,#3490,#3393,.T.);
#4263=EDGE_CURVE('',#3461,#3491,#1908,.T.);
#4264=EDGE_CURVE('',#3489,#3462,#1909,.T.);
#4265=EDGE_CURVE('',#3493,#3494,#505,.F.);
#4266=EDGE_CURVE('',#3495,#3493,#506,.F.);
#4267=EDGE_CURVE('',#3494,#3495,#507,.F.);
#4268=EDGE_CURVE('',#3460,#3495,#1910,.T.);
#4269=EDGE_CURVE('',#3493,#3459,#1911,.T.);
#4270=EDGE_CURVE('',#3495,#3486,#1912,.T.);
#4271=EDGE_CURVE('',#3487,#3494,#1913,.T.);
#4272=EDGE_CURVE('',#3491,#3493,#1914,.T.);
#4273=EDGE_CURVE('',#3494,#3492,#1915,.T.);
#4274=EDGE_CURVE('',#3485,#3489,#1916,.T.);
#4275=EDGE_CURVE('',#3490,#3484,#1917,.T.);
#4276=EDGE_CURVE('',#3479,#3483,#1918,.T.);
#4277=EDGE_CURVE('',#3484,#3478,#1919,.T.);
#4278=EDGE_CURVE('',#3475,#3477,#1920,.T.);
#4279=EDGE_CURVE('',#3478,#3476,#1921,.T.);
#4280=EDGE_CURVE('',#3496,#3497,#1922,.T.);
#4281=EDGE_CURVE('',#3498,#3496,#1923,.T.);
#4282=EDGE_CURVE('',#3499,#3498,#1924,.T.);
#4283=EDGE_CURVE('',#3497,#3499,#1925,.T.);
#4284=EDGE_CURVE('',#3500,#3501,#1926,.T.);
#4285=EDGE_CURVE('',#3502,#3500,#1927,.T.);
#4286=EDGE_CURVE('',#3503,#3502,#1928,.T.);
#4287=EDGE_CURVE('',#3501,#3503,#1929,.T.);
#4288=EDGE_CURVE('',#3504,#3505,#1930,.T.);
#4289=EDGE_CURVE('',#3506,#3504,#1931,.T.);
#4290=EDGE_CURVE('',#3507,#3506,#1932,.T.);
#4291=EDGE_CURVE('',#3505,#3507,#1933,.T.);
#4292=EDGE_CURVE('',#3508,#3509,#3394,.T.);
#4293=EDGE_CURVE('',#3510,#3508,#1934,.T.);
#4294=EDGE_CURVE('',#3511,#3510,#1935,.T.);
#4295=EDGE_CURVE('',#3512,#3511,#1936,.T.);
#4296=EDGE_CURVE('',#3513,#3512,#3395,.T.);
#4297=EDGE_CURVE('',#3514,#3513,#1937,.T.);
#4298=EDGE_CURVE('',#3515,#3514,#1938,.T.);
#4299=EDGE_CURVE('',#3516,#3515,#1939,.T.);
#4300=EDGE_CURVE('',#3509,#3516,#1940,.T.);
#4301=EDGE_CURVE('',#3517,#3518,#1941,.T.);
#4302=EDGE_CURVE('',#3519,#3517,#1942,.T.);
#4303=EDGE_CURVE('',#3520,#3519,#1943,.T.);
#4304=EDGE_CURVE('',#3518,#3520,#1944,.T.);
#4305=EDGE_CURVE('',#3521,#3522,#1945,.T.);
#4306=EDGE_CURVE('',#3523,#3521,#1946,.T.);
#4307=EDGE_CURVE('',#3524,#3523,#1947,.T.);
#4308=EDGE_CURVE('',#3522,#3524,#1948,.T.);
#4309=EDGE_CURVE('',#3525,#3526,#1949,.T.);
#4310=EDGE_CURVE('',#3527,#3525,#1950,.T.);
#4311=EDGE_CURVE('',#3528,#3527,#1951,.T.);
#4312=EDGE_CURVE('',#3526,#3528,#1952,.T.);
#4313=EDGE_CURVE('',#3529,#3530,#1953,.T.);
#4314=EDGE_CURVE('',#3531,#3529,#1954,.T.);
#4315=EDGE_CURVE('',#3532,#3531,#1955,.T.);
#4316=EDGE_CURVE('',#3530,#3532,#1956,.T.);
#4317=EDGE_CURVE('',#3511,#3531,#508,.F.);
#4318=EDGE_CURVE('',#3529,#3512,#509,.T.);
#4319=EDGE_CURVE('',#3513,#3501,#510,.T.);
#4320=EDGE_CURVE('',#3503,#3514,#511,.F.);
#4321=EDGE_CURVE('',#3514,#3505,#512,.F.);
#4322=EDGE_CURVE('',#3507,#3515,#513,.F.);
#4323=EDGE_CURVE('',#3515,#3497,#514,.F.);
#4324=EDGE_CURVE('',#3499,#3516,#515,.F.);
#4325=EDGE_CURVE('',#3516,#3519,#516,.F.);
#4326=EDGE_CURVE('',#3517,#3509,#517,.T.);
#4327=EDGE_CURVE('',#3498,#3520,#3396,.F.);
#4328=EDGE_CURVE('',#3519,#3499,#518,.F.);
#4329=EDGE_CURVE('',#3506,#3496,#3397,.F.);
#4330=EDGE_CURVE('',#3497,#3507,#519,.F.);
#4331=EDGE_CURVE('',#3508,#3523,#520,.T.);
#4332=EDGE_CURVE('',#3521,#3510,#521,.F.);
#4333=EDGE_CURVE('',#3524,#3518,#3398,.T.);
#4334=EDGE_CURVE('',#3523,#3517,#3399,.F.);
#4335=EDGE_CURVE('',#3502,#3504,#3400,.F.);
#4336=EDGE_CURVE('',#3505,#3503,#522,.F.);
#4337=EDGE_CURVE('',#3510,#3527,#523,.F.);
#4338=EDGE_CURVE('',#3525,#3511,#524,.F.);
#4339=EDGE_CURVE('',#3522,#3528,#3401,.F.);
#4340=EDGE_CURVE('',#3527,#3521,#525,.F.);
#4341=EDGE_CURVE('',#3500,#3530,#3402,.T.);
#4342=EDGE_CURVE('',#3501,#3529,#3403,.F.);
#4343=EDGE_CURVE('',#3526,#3532,#3404,.F.);
#4344=EDGE_CURVE('',#3531,#3525,#526,.F.);
#4345=EDGE_CURVE('',#3533,#3534,#3405,.F.);
#4346=EDGE_CURVE('',#3533,#3535,#1957,.T.);
#4347=EDGE_CURVE('',#3536,#3535,#3406,.F.);
#4348=EDGE_CURVE('',#3536,#3537,#1958,.T.);
#4349=EDGE_CURVE('',#3537,#3538,#3407,.T.);
#4350=EDGE_CURVE('',#3538,#3539,#1959,.T.);
#4351=EDGE_CURVE('',#3540,#3539,#3408,.F.);
#4352=EDGE_CURVE('',#3540,#3541,#1960,.T.);
#4353=EDGE_CURVE('',#3542,#3541,#3409,.F.);
#4354=EDGE_CURVE('',#3542,#3543,#1961,.T.);
#4355=EDGE_CURVE('',#3544,#3543,#3410,.F.);
#4356=EDGE_CURVE('',#3544,#3545,#1962,.T.);
#4357=EDGE_CURVE('',#3545,#3546,#3411,.T.);
#4358=EDGE_CURVE('',#3546,#3534,#1963,.T.);
#4359=EDGE_CURVE('',#3547,#3548,#527,.F.);
#4360=EDGE_CURVE('',#3549,#3547,#528,.F.);
#4361=EDGE_CURVE('',#3548,#3549,#529,.F.);
#4362=EDGE_CURVE('',#3541,#3549,#1964,.T.);
#4363=EDGE_CURVE('',#3547,#3542,#1965,.T.);
#4364=EDGE_CURVE('',#3550,#3551,#530,.F.);
#4365=EDGE_CURVE('',#3552,#3550,#531,.F.);
#4366=EDGE_CURVE('',#3551,#3552,#532,.F.);
#4367=EDGE_CURVE('',#3539,#3552,#1966,.T.);
#4368=EDGE_CURVE('',#3550,#3540,#1967,.T.);
#4369=EDGE_CURVE('',#3553,#3554,#533,.F.);
#4370=EDGE_CURVE('',#3555,#3553,#534,.F.);
#4371=EDGE_CURVE('',#3554,#3555,#535,.F.);
#4372=EDGE_CURVE('',#3543,#3555,#1968,.T.);
#4373=EDGE_CURVE('',#3553,#3544,#1969,.T.);
#4374=EDGE_CURVE('',#3555,#3547,#1970,.T.);
#4375=EDGE_CURVE('',#3548,#3554,#1971,.T.);
#4376=EDGE_CURVE('',#3556,#3557,#536,.T.);
#4377=EDGE_CURVE('',#3558,#3556,#3412,.F.);
#4378=EDGE_CURVE('',#3559,#3558,#537,.T.);
#4379=EDGE_CURVE('',#3559,#3557,#3413,.T.);
#4380=EDGE_CURVE('',#3537,#3558,#1972,.T.);
#4381=EDGE_CURVE('',#3556,#3538,#1973,.T.);
#4382=EDGE_CURVE('',#3560,#3561,#538,.T.);
#4383=EDGE_CURVE('',#3562,#3560,#3414,.F.);
#4384=EDGE_CURVE('',#3563,#3562,#539,.T.);
#4385=EDGE_CURVE('',#3563,#3561,#3415,.T.);
#4386=EDGE_CURVE('',#3545,#3562,#1974,.T.);
#4387=EDGE_CURVE('',#3560,#3546,#1975,.T.);
#4388=EDGE_CURVE('',#3562,#3553,#1976,.T.);
#4389=EDGE_CURVE('',#3554,#3563,#1977,.T.);
#4390=EDGE_CURVE('',#3564,#3565,#540,.F.);
#4391=EDGE_CURVE('',#3566,#3564,#541,.F.);
#4392=EDGE_CURVE('',#3565,#3566,#542,.F.);
#4393=EDGE_CURVE('',#3535,#3566,#1978,.T.);
#4394=EDGE_CURVE('',#3564,#3536,#1979,.T.);
#4395=EDGE_CURVE('',#3567,#3568,#543,.F.);
#4396=EDGE_CURVE('',#3569,#3567,#544,.F.);
#4397=EDGE_CURVE('',#3568,#3569,#545,.F.);
#4398=EDGE_CURVE('',#3534,#3569,#1980,.T.);
#4399=EDGE_CURVE('',#3567,#3533,#1981,.T.);
#4400=EDGE_CURVE('',#3569,#3560,#1982,.T.);
#4401=EDGE_CURVE('',#3561,#3568,#1983,.T.);
#4402=EDGE_CURVE('',#3566,#3567,#1984,.T.);
#4403=EDGE_CURVE('',#3568,#3565,#1985,.T.);
#4404=EDGE_CURVE('',#3558,#3564,#1986,.T.);
#4405=EDGE_CURVE('',#3565,#3559,#1987,.T.);
#4406=EDGE_CURVE('',#3552,#3556,#1988,.T.);
#4407=EDGE_CURVE('',#3557,#3551,#1989,.T.);
#4408=EDGE_CURVE('',#3549,#3550,#1990,.T.);
#4409=EDGE_CURVE('',#3551,#3548,#1991,.T.);
#4410=EDGE_CURVE('',#3570,#3571,#3416,.F.);
#4411=EDGE_CURVE('',#3570,#3572,#1992,.T.);
#4412=EDGE_CURVE('',#3572,#3573,#3417,.T.);
#4413=EDGE_CURVE('',#3573,#3574,#1993,.T.);
#4414=EDGE_CURVE('',#3575,#3574,#3418,.F.);
#4415=EDGE_CURVE('',#3575,#3576,#1994,.T.);
#4416=EDGE_CURVE('',#3577,#3576,#3419,.F.);
#4417=EDGE_CURVE('',#3577,#3578,#1995,.T.);
#4418=EDGE_CURVE('',#3579,#3578,#3420,.F.);
#4419=EDGE_CURVE('',#3579,#3580,#1996,.T.);
#4420=EDGE_CURVE('',#3580,#3581,#3421,.T.);
#4421=EDGE_CURVE('',#3581,#3582,#1997,.T.);
#4422=EDGE_CURVE('',#3583,#3582,#3422,.F.);
#4423=EDGE_CURVE('',#3583,#3571,#1998,.T.);
#4424=EDGE_CURVE('',#3584,#3585,#546,.F.);
#4425=EDGE_CURVE('',#3586,#3584,#547,.F.);
#4426=EDGE_CURVE('',#3585,#3586,#548,.F.);
#4427=EDGE_CURVE('',#3578,#3586,#1999,.T.);
#4428=EDGE_CURVE('',#3584,#3579,#2000,.T.);
#4429=EDGE_CURVE('',#3587,#3588,#549,.F.);
#4430=EDGE_CURVE('',#3589,#3587,#550,.F.);
#4431=EDGE_CURVE('',#3588,#3589,#551,.F.);
#4432=EDGE_CURVE('',#3576,#3589,#2001,.T.);
#4433=EDGE_CURVE('',#3587,#3577,#2002,.T.);
#4434=EDGE_CURVE('',#3590,#3591,#552,.T.);
#4435=EDGE_CURVE('',#3592,#3590,#3423,.F.);
#4436=EDGE_CURVE('',#3593,#3592,#553,.T.);
#4437=EDGE_CURVE('',#3593,#3591,#3424,.T.);
#4438=EDGE_CURVE('',#3580,#3592,#2003,.T.);
#4439=EDGE_CURVE('',#3590,#3581,#2004,.T.);
#4440=EDGE_CURVE('',#3592,#3584,#2005,.T.);
#4441=EDGE_CURVE('',#3585,#3593,#2006,.T.);
#4442=EDGE_CURVE('',#3594,#3595,#554,.F.);
#4443=EDGE_CURVE('',#3596,#3594,#555,.F.);
#4444=EDGE_CURVE('',#3595,#3596,#556,.F.);
#4445=EDGE_CURVE('',#3574,#3596,#2007,.T.);
#4446=EDGE_CURVE('',#3594,#3575,#2008,.T.);
#4447=EDGE_CURVE('',#3597,#3598,#557,.F.);
#4448=EDGE_CURVE('',#3599,#3597,#558,.F.);
#4449=EDGE_CURVE('',#3598,#3599,#559,.F.);
#4450=EDGE_CURVE('',#3582,#3599,#2009,.T.);
#4451=EDGE_CURVE('',#3597,#3583,#2010,.T.);
#4452=EDGE_CURVE('',#3599,#3590,#2011,.T.);
#4453=EDGE_CURVE('',#3591,#3598,#2012,.T.);
#4454=EDGE_CURVE('',#3600,#3601,#560,.T.);
#4455=EDGE_CURVE('',#3602,#3600,#3425,.F.);
#4456=EDGE_CURVE('',#3603,#3602,#561,.T.);
#4457=EDGE_CURVE('',#3603,#3601,#3426,.T.);
#4458=EDGE_CURVE('',#3572,#3602,#2013,.T.);
#4459=EDGE_CURVE('',#3600,#3573,#2014,.T.);
#4460=EDGE_CURVE('',#3604,#3605,#562,.F.);
#4461=EDGE_CURVE('',#3606,#3604,#563,.F.);
#4462=EDGE_CURVE('',#3605,#3606,#564,.F.);
#4463=EDGE_CURVE('',#3571,#3606,#2015,.T.);
#4464=EDGE_CURVE('',#3604,#3570,#2016,.T.);
#4465=EDGE_CURVE('',#3606,#3597,#2017,.T.);
#4466=EDGE_CURVE('',#3598,#3605,#2018,.T.);
#4467=EDGE_CURVE('',#3602,#3604,#2019,.T.);
#4468=EDGE_CURVE('',#3605,#3603,#2020,.T.);
#4469=EDGE_CURVE('',#3596,#3600,#2021,.T.);
#4470=EDGE_CURVE('',#3601,#3595,#2022,.T.);
#4471=EDGE_CURVE('',#3589,#3594,#2023,.T.);
#4472=EDGE_CURVE('',#3595,#3588,#2024,.T.);
#4473=EDGE_CURVE('',#3586,#3587,#2025,.T.);
#4474=EDGE_CURVE('',#3588,#3585,#2026,.T.);
#4475=EDGE_CURVE('',#3607,#3607,#565,.T.);
#4476=EDGE_CURVE('',#3608,#3608,#566,.T.);
#4477=EDGE_CURVE('',#3609,#3610,#2027,.T.);
#4478=EDGE_CURVE('',#3609,#3611,#2028,.T.);
#4479=EDGE_CURVE('',#3612,#3611,#2029,.T.);
#4480=EDGE_CURVE('',#3610,#3612,#2030,.T.);
#4481=EDGE_CURVE('',#3613,#3614,#2031,.T.);
#4482=EDGE_CURVE('',#3613,#3615,#2032,.T.);
#4483=EDGE_CURVE('',#3616,#3615,#2033,.T.);
#4484=EDGE_CURVE('',#3616,#3614,#2034,.T.);
#4485=EDGE_CURVE('',#3614,#3609,#2035,.T.);
#4486=EDGE_CURVE('',#3611,#3616,#2036,.T.);
#4487=EDGE_CURVE('',#3617,#3618,#2037,.T.);
#4488=EDGE_CURVE('',#3617,#3619,#2038,.T.);
#4489=EDGE_CURVE('',#3620,#3619,#2039,.T.);
#4490=EDGE_CURVE('',#3618,#3620,#2040,.T.);
#4491=EDGE_CURVE('',#3621,#3622,#2041,.T.);
#4492=EDGE_CURVE('',#3621,#3623,#2042,.T.);
#4493=EDGE_CURVE('',#3624,#3623,#2043,.T.);
#4494=EDGE_CURVE('',#3624,#3622,#2044,.T.);
#4495=EDGE_CURVE('',#3622,#3617,#2045,.T.);
#4496=EDGE_CURVE('',#3619,#3624,#2046,.T.);
#4497=EDGE_CURVE('',#3625,#3626,#2047,.T.);
#4498=EDGE_CURVE('',#3625,#3627,#2048,.T.);
#4499=EDGE_CURVE('',#3628,#3627,#2049,.T.);
#4500=EDGE_CURVE('',#3626,#3628,#2050,.T.);
#4501=EDGE_CURVE('',#3629,#3630,#2051,.T.);
#4502=EDGE_CURVE('',#3629,#3631,#2052,.T.);
#4503=EDGE_CURVE('',#3632,#3631,#2053,.T.);
#4504=EDGE_CURVE('',#3632,#3630,#2054,.T.);
#4505=EDGE_CURVE('',#3630,#3625,#2055,.T.);
#4506=EDGE_CURVE('',#3627,#3632,#2056,.T.);
#4507=EDGE_CURVE('',#3633,#3634,#2057,.T.);
#4508=EDGE_CURVE('',#3633,#3635,#2058,.T.);
#4509=EDGE_CURVE('',#3636,#3635,#2059,.T.);
#4510=EDGE_CURVE('',#3634,#3636,#2060,.T.);
#4511=EDGE_CURVE('',#3637,#3638,#2061,.T.);
#4512=EDGE_CURVE('',#3637,#3639,#2062,.T.);
#4513=EDGE_CURVE('',#3640,#3639,#2063,.T.);
#4514=EDGE_CURVE('',#3640,#3638,#2064,.T.);
#4515=EDGE_CURVE('',#3638,#3633,#2065,.T.);
#4516=EDGE_CURVE('',#3635,#3640,#2066,.T.);
#4517=EDGE_CURVE('',#3641,#3642,#567,.T.);
#4518=EDGE_CURVE('',#3641,#3643,#2067,.T.);
#4519=EDGE_CURVE('',#3644,#3643,#568,.T.);
#4520=EDGE_CURVE('',#3644,#3642,#2068,.T.);
#4521=EDGE_CURVE('',#3645,#3641,#2069,.T.);
#4522=EDGE_CURVE('',#3646,#3645,#2070,.T.);
#4523=EDGE_CURVE('',#3643,#3646,#2071,.T.);
#4524=EDGE_CURVE('',#3647,#3645,#569,.T.);
#4525=EDGE_CURVE('',#3647,#3648,#2072,.T.);
#4526=EDGE_CURVE('',#3646,#3648,#570,.T.);
#4527=EDGE_CURVE('',#3644,#3649,#2073,.T.);
#4528=EDGE_CURVE('',#3650,#3643,#2074,.T.);
#4529=EDGE_CURVE('',#3650,#3649,#571,.T.);
#4530=EDGE_CURVE('',#3651,#3646,#2075,.T.);
#4531=EDGE_CURVE('',#3651,#3650,#2076,.T.);
#4532=EDGE_CURVE('',#3652,#3648,#2077,.T.);
#4533=EDGE_CURVE('',#3652,#3651,#572,.T.);
#4534=EDGE_CURVE('',#3648,#3653,#2078,.T.);
#4535=EDGE_CURVE('',#3654,#3653,#2079,.T.);
#4536=EDGE_CURVE('',#3654,#3652,#2080,.T.);
#4537=EDGE_CURVE('',#3653,#3655,#573,.T.);
#4538=EDGE_CURVE('',#3656,#3655,#2081,.T.);
#4539=EDGE_CURVE('',#3656,#3654,#574,.T.);
#4540=EDGE_CURVE('',#3655,#3657,#2082,.T.);
#4541=EDGE_CURVE('',#3658,#3657,#2083,.T.);
#4542=EDGE_CURVE('',#3658,#3656,#2084,.T.);
#4543=EDGE_CURVE('',#3657,#3659,#575,.T.);
#4544=EDGE_CURVE('',#3660,#3659,#2085,.T.);
#4545=EDGE_CURVE('',#3660,#3658,#576,.T.);
#4546=EDGE_CURVE('',#3659,#3644,#2086,.T.);
#4547=EDGE_CURVE('',#3649,#3660,#2087,.T.);
#4548=EDGE_CURVE('',#3661,#3662,#577,.T.);
#4549=EDGE_CURVE('',#3661,#3659,#2088,.T.);
#4550=EDGE_CURVE('',#3657,#3662,#2089,.T.);
#4551=EDGE_CURVE('',#3662,#3663,#2090,.T.);
#4552=EDGE_CURVE('',#3663,#3655,#2091,.T.);
#4553=EDGE_CURVE('',#3663,#3664,#578,.T.);
#4554=EDGE_CURVE('',#3653,#3664,#2092,.T.);
#4555=EDGE_CURVE('',#3665,#3666,#2093,.T.);
#4556=EDGE_CURVE('',#3620,#3666,#579,.T.);
#4557=EDGE_CURVE('',#3665,#3619,#3427,.T.);
#4558=EDGE_CURVE('',#3667,#3623,#580,.T.);
#4559=EDGE_CURVE('',#3667,#3668,#2094,.T.);
#4560=EDGE_CURVE('',#3624,#3668,#3428,.T.);
#4561=EDGE_CURVE('',#3668,#3665,#2095,.T.);
#4562=EDGE_CURVE('',#3669,#3670,#2096,.T.);
#4563=EDGE_CURVE('',#3636,#3670,#581,.T.);
#4564=EDGE_CURVE('',#3669,#3635,#3429,.T.);
#4565=EDGE_CURVE('',#3671,#3639,#582,.T.);
#4566=EDGE_CURVE('',#3671,#3672,#2097,.T.);
#4567=EDGE_CURVE('',#3640,#3672,#3430,.T.);
#4568=EDGE_CURVE('',#3672,#3669,#2098,.T.);
#4569=EDGE_CURVE('',#3673,#3674,#2099,.T.);
#4570=EDGE_CURVE('',#3628,#3674,#583,.T.);
#4571=EDGE_CURVE('',#3673,#3627,#3431,.T.);
#4572=EDGE_CURVE('',#3675,#3631,#584,.T.);
#4573=EDGE_CURVE('',#3675,#3676,#2100,.T.);
#4574=EDGE_CURVE('',#3632,#3676,#3432,.T.);
#4575=EDGE_CURVE('',#3676,#3673,#2101,.T.);
#4576=EDGE_CURVE('',#3677,#3678,#2102,.T.);
#4577=EDGE_CURVE('',#3612,#3678,#585,.T.);
#4578=EDGE_CURVE('',#3677,#3611,#3433,.T.);
#4579=EDGE_CURVE('',#3679,#3615,#586,.T.);
#4580=EDGE_CURVE('',#3679,#3680,#2103,.T.);
#4581=EDGE_CURVE('',#3616,#3680,#3434,.T.);
#4582=EDGE_CURVE('',#3681,#3682,#29,.T.);
#4583=EDGE_CURVE('',#3681,#3679,#587,.T.);
#4584=EDGE_CURVE('',#3615,#3682,#588,.T.);
#4585=EDGE_CURVE('',#3680,#3677,#2104,.T.);
#4586=EDGE_CURVE('',#3683,#3684,#2105,.T.);
#4587=EDGE_CURVE('',#3613,#3684,#589,.T.);
#4588=EDGE_CURVE('',#3683,#3614,#3435,.T.);
#4589=EDGE_CURVE('',#3685,#3610,#590,.T.);
#4590=EDGE_CURVE('',#3685,#3686,#2106,.T.);
#4591=EDGE_CURVE('',#3609,#3686,#3436,.T.);
#4592=EDGE_CURVE('',#3686,#3683,#2107,.T.);
#4593=EDGE_CURVE('',#3687,#3688,#2108,.T.);
#4594=EDGE_CURVE('',#3629,#3688,#591,.T.);
#4595=EDGE_CURVE('',#3687,#3630,#3437,.T.);
#4596=EDGE_CURVE('',#3689,#3626,#592,.T.);
#4597=EDGE_CURVE('',#3689,#3690,#2109,.T.);
#4598=EDGE_CURVE('',#3625,#3690,#3438,.T.);
#4599=EDGE_CURVE('',#3690,#3687,#2110,.T.);
#4600=EDGE_CURVE('',#3691,#3692,#2111,.T.);
#4601=EDGE_CURVE('',#3637,#3692,#593,.T.);
#4602=EDGE_CURVE('',#3691,#3638,#3439,.T.);
#4603=EDGE_CURVE('',#3693,#3634,#594,.T.);
#4604=EDGE_CURVE('',#3693,#3694,#2112,.T.);
#4605=EDGE_CURVE('',#3633,#3694,#3440,.T.);
#4606=EDGE_CURVE('',#3694,#3691,#2113,.T.);
#4607=EDGE_CURVE('',#3695,#3696,#2114,.T.);
#4608=EDGE_CURVE('',#3621,#3696,#595,.T.);
#4609=EDGE_CURVE('',#3695,#3622,#3441,.T.);
#4610=EDGE_CURVE('',#3697,#3618,#596,.T.);
#4611=EDGE_CURVE('',#3697,#3698,#2115,.T.);
#4612=EDGE_CURVE('',#3617,#3698,#3442,.T.);
#4613=EDGE_CURVE('',#3698,#3695,#2116,.T.);
#4614=EDGE_CURVE('',#3699,#3700,#30,.T.);
#4615=EDGE_CURVE('',#3699,#3671,#597,.T.);
#4616=EDGE_CURVE('',#3639,#3700,#598,.T.);
#4617=EDGE_CURVE('',#3700,#3701,#2117,.T.);
#4618=EDGE_CURVE('',#3701,#3637,#599,.T.);
#4619=EDGE_CURVE('',#3701,#3702,#31,.T.);
#4620=EDGE_CURVE('',#3692,#3702,#600,.T.);
#4621=EDGE_CURVE('',#3703,#3704,#32,.T.);
#4622=EDGE_CURVE('',#3703,#3675,#601,.T.);
#4623=EDGE_CURVE('',#3631,#3704,#602,.T.);
#4624=EDGE_CURVE('',#3704,#3705,#2118,.T.);
#4625=EDGE_CURVE('',#3705,#3629,#603,.T.);
#4626=EDGE_CURVE('',#3705,#3706,#33,.T.);
#4627=EDGE_CURVE('',#3688,#3706,#604,.T.);
#4628=EDGE_CURVE('',#3682,#3707,#2119,.T.);
#4629=EDGE_CURVE('',#3707,#3613,#605,.T.);
#4630=EDGE_CURVE('',#3707,#3708,#34,.T.);
#4631=EDGE_CURVE('',#3684,#3708,#606,.T.);
#4632=EDGE_CURVE('',#3709,#3710,#2120,.T.);
#4633=EDGE_CURVE('',#3710,#3711,#2121,.T.);
#4634=EDGE_CURVE('',#3711,#3712,#2122,.T.);
#4635=EDGE_CURVE('',#3712,#3713,#35,.T.);
#4636=EDGE_CURVE('',#3713,#3714,#36,.T.);
#4637=EDGE_CURVE('',#3714,#3715,#37,.T.);
#4638=EDGE_CURVE('',#3715,#3709,#38,.T.);
#4639=EDGE_CURVE('',#3716,#3717,#2123,.T.);
#4640=EDGE_CURVE('',#3717,#3718,#2124,.T.);
#4641=EDGE_CURVE('',#3718,#3719,#2125,.T.);
#4642=EDGE_CURVE('',#3719,#3720,#39,.T.);
#4643=EDGE_CURVE('',#3720,#3721,#40,.T.);
#4644=EDGE_CURVE('',#3721,#3722,#41,.T.);
#4645=EDGE_CURVE('',#3722,#3716,#42,.T.);
#4646=EDGE_CURVE('',#3723,#3724,#2126,.T.);
#4647=EDGE_CURVE('',#3724,#3725,#2127,.T.);
#4648=EDGE_CURVE('',#3725,#3726,#2128,.T.);
#4649=EDGE_CURVE('',#3726,#3727,#43,.T.);
#4650=EDGE_CURVE('',#3727,#3728,#44,.T.);
#4651=EDGE_CURVE('',#3728,#3729,#45,.T.);
#4652=EDGE_CURVE('',#3729,#3730,#46,.T.);
#4653=EDGE_CURVE('',#3730,#3723,#47,.T.);
#4654=EDGE_CURVE('',#3731,#3732,#2129,.T.);
#4655=EDGE_CURVE('',#3732,#3733,#2130,.T.);
#4656=EDGE_CURVE('',#3734,#3733,#2131,.T.);
#4657=EDGE_CURVE('',#3731,#3734,#2132,.T.);
#4658=EDGE_CURVE('',#3732,#3735,#2133,.T.);
#4659=EDGE_CURVE('',#3735,#3736,#2134,.T.);
#4660=EDGE_CURVE('',#3733,#3736,#2135,.T.);
#4661=EDGE_CURVE('',#3735,#3737,#2136,.T.);
#4662=EDGE_CURVE('',#3737,#3738,#2137,.T.);
#4663=EDGE_CURVE('',#3736,#3738,#2138,.T.);
#4664=EDGE_CURVE('',#3737,#3739,#2139,.T.);
#4665=EDGE_CURVE('',#3739,#3740,#2140,.T.);
#4666=EDGE_CURVE('',#3738,#3740,#2141,.T.);
#4667=EDGE_CURVE('',#3739,#3741,#2142,.T.);
#4668=EDGE_CURVE('',#3741,#3742,#2143,.T.);
#4669=EDGE_CURVE('',#3740,#3742,#2144,.T.);
#4670=EDGE_CURVE('',#3741,#3731,#2145,.T.);
#4671=EDGE_CURVE('',#3742,#3734,#2146,.T.);
#4672=EDGE_CURVE('',#3743,#3744,#2147,.T.);
#4673=EDGE_CURVE('',#3744,#3745,#2148,.T.);
#4674=EDGE_CURVE('',#3746,#3745,#2149,.T.);
#4675=EDGE_CURVE('',#3743,#3746,#2150,.T.);
#4676=EDGE_CURVE('',#3744,#3747,#2151,.T.);
#4677=EDGE_CURVE('',#3747,#3748,#2152,.T.);
#4678=EDGE_CURVE('',#3745,#3748,#2153,.T.);
#4679=EDGE_CURVE('',#3747,#3749,#2154,.T.);
#4680=EDGE_CURVE('',#3749,#3750,#2155,.T.);
#4681=EDGE_CURVE('',#3748,#3750,#2156,.T.);
#4682=EDGE_CURVE('',#3749,#3751,#2157,.T.);
#4683=EDGE_CURVE('',#3751,#3752,#2158,.T.);
#4684=EDGE_CURVE('',#3750,#3752,#2159,.T.);
#4685=EDGE_CURVE('',#3751,#3753,#2160,.T.);
#4686=EDGE_CURVE('',#3753,#3754,#2161,.T.);
#4687=EDGE_CURVE('',#3752,#3754,#2162,.T.);
#4688=EDGE_CURVE('',#3753,#3755,#2163,.T.);
#4689=EDGE_CURVE('',#3755,#3756,#2164,.T.);
#4690=EDGE_CURVE('',#3754,#3756,#2165,.T.);
#4691=EDGE_CURVE('',#3755,#3757,#2166,.T.);
#4692=EDGE_CURVE('',#3757,#3758,#2167,.T.);
#4693=EDGE_CURVE('',#3756,#3758,#2168,.T.);
#4694=EDGE_CURVE('',#3757,#3759,#2169,.T.);
#4695=EDGE_CURVE('',#3759,#3760,#2170,.T.);
#4696=EDGE_CURVE('',#3758,#3760,#2171,.T.);
#4697=EDGE_CURVE('',#3759,#3761,#2172,.T.);
#4698=EDGE_CURVE('',#3761,#3762,#2173,.T.);
#4699=EDGE_CURVE('',#3760,#3762,#2174,.T.);
#4700=EDGE_CURVE('',#3761,#3743,#2175,.T.);
#4701=EDGE_CURVE('',#3762,#3746,#2176,.T.);
#4702=EDGE_CURVE('',#3763,#3764,#2177,.T.);
#4703=EDGE_CURVE('',#3764,#3725,#2178,.T.);
#4704=EDGE_CURVE('',#3763,#3724,#2179,.T.);
#4705=EDGE_CURVE('',#3764,#3765,#2180,.T.);
#4706=EDGE_CURVE('',#3765,#3726,#2181,.T.);
#4707=EDGE_CURVE('',#3765,#3766,#48,.T.);
#4708=EDGE_CURVE('',#3766,#3727,#2182,.T.);
#4709=EDGE_CURVE('',#3766,#3767,#49,.T.);
#4710=EDGE_CURVE('',#3767,#3728,#2183,.T.);
#4711=EDGE_CURVE('',#3767,#3768,#50,.T.);
#4712=EDGE_CURVE('',#3768,#3729,#2184,.T.);
#4713=EDGE_CURVE('',#3768,#3769,#51,.T.);
#4714=EDGE_CURVE('',#3769,#3730,#2185,.T.);
#4715=EDGE_CURVE('',#3769,#3770,#52,.T.);
#4716=EDGE_CURVE('',#3770,#3723,#2186,.T.);
#4717=EDGE_CURVE('',#3770,#3763,#2187,.T.);
#4718=EDGE_CURVE('',#3771,#3772,#2188,.T.);
#4719=EDGE_CURVE('',#3772,#3773,#2189,.T.);
#4720=EDGE_CURVE('',#3774,#3773,#2190,.T.);
#4721=EDGE_CURVE('',#3771,#3774,#2191,.T.);
#4722=EDGE_CURVE('',#3772,#3775,#2192,.T.);
#4723=EDGE_CURVE('',#3775,#3776,#2193,.T.);
#4724=EDGE_CURVE('',#3773,#3776,#2194,.T.);
#4725=EDGE_CURVE('',#3775,#3777,#2195,.T.);
#4726=EDGE_CURVE('',#3777,#3778,#2196,.T.);
#4727=EDGE_CURVE('',#3776,#3778,#2197,.T.);
#4728=EDGE_CURVE('',#3777,#3779,#53,.T.);
#4729=EDGE_CURVE('',#3779,#3780,#2198,.T.);
#4730=EDGE_CURVE('',#3778,#3780,#54,.T.);
#4731=EDGE_CURVE('',#3779,#3781,#55,.T.);
#4732=EDGE_CURVE('',#3781,#3782,#2199,.T.);
#4733=EDGE_CURVE('',#3780,#3782,#56,.T.);
#4734=EDGE_CURVE('',#3781,#3783,#57,.T.);
#4735=EDGE_CURVE('',#3783,#3784,#2200,.T.);
#4736=EDGE_CURVE('',#3782,#3784,#58,.T.);
#4737=EDGE_CURVE('',#3783,#3785,#59,.T.);
#4738=EDGE_CURVE('',#3785,#3786,#2201,.T.);
#4739=EDGE_CURVE('',#3784,#3786,#60,.T.);
#4740=EDGE_CURVE('',#3785,#3787,#61,.T.);
#4741=EDGE_CURVE('',#3787,#3788,#2202,.T.);
#4742=EDGE_CURVE('',#3786,#3788,#62,.T.);
#4743=EDGE_CURVE('',#3787,#3789,#63,.T.);
#4744=EDGE_CURVE('',#3789,#3790,#2203,.T.);
#4745=EDGE_CURVE('',#3788,#3790,#64,.T.);
#4746=EDGE_CURVE('',#3789,#3791,#65,.T.);
#4747=EDGE_CURVE('',#3791,#3792,#2204,.T.);
#4748=EDGE_CURVE('',#3790,#3792,#66,.T.);
#4749=EDGE_CURVE('',#3791,#3793,#67,.T.);
#4750=EDGE_CURVE('',#3793,#3794,#2205,.T.);
#4751=EDGE_CURVE('',#3792,#3794,#68,.T.);
#4752=EDGE_CURVE('',#3793,#3795,#69,.T.);
#4753=EDGE_CURVE('',#3795,#3796,#2206,.T.);
#4754=EDGE_CURVE('',#3794,#3796,#70,.T.);
#4755=EDGE_CURVE('',#3795,#3797,#2207,.T.);
#4756=EDGE_CURVE('',#3797,#3798,#2208,.T.);
#4757=EDGE_CURVE('',#3796,#3798,#2209,.T.);
#4758=EDGE_CURVE('',#3797,#3799,#2210,.T.);
#4759=EDGE_CURVE('',#3799,#3800,#2211,.T.);
#4760=EDGE_CURVE('',#3798,#3800,#2212,.T.);
#4761=EDGE_CURVE('',#3799,#3801,#2213,.T.);
#4762=EDGE_CURVE('',#3801,#3802,#2214,.T.);
#4763=EDGE_CURVE('',#3800,#3802,#2215,.T.);
#4764=EDGE_CURVE('',#3801,#3803,#71,.T.);
#4765=EDGE_CURVE('',#3803,#3804,#2216,.T.);
#4766=EDGE_CURVE('',#3802,#3804,#72,.T.);
#4767=EDGE_CURVE('',#3803,#3805,#73,.T.);
#4768=EDGE_CURVE('',#3805,#3806,#2217,.T.);
#4769=EDGE_CURVE('',#3804,#3806,#74,.T.);
#4770=EDGE_CURVE('',#3805,#3807,#2218,.T.);
#4771=EDGE_CURVE('',#3807,#3808,#2219,.T.);
#4772=EDGE_CURVE('',#3806,#3808,#2220,.T.);
#4773=EDGE_CURVE('',#3807,#3771,#2221,.T.);
#4774=EDGE_CURVE('',#3808,#3774,#2222,.T.);
#4775=EDGE_CURVE('',#3809,#3810,#2223,.T.);
#4776=EDGE_CURVE('',#3810,#3718,#2224,.T.);
#4777=EDGE_CURVE('',#3809,#3717,#2225,.T.);
#4778=EDGE_CURVE('',#3810,#3811,#2226,.T.);
#4779=EDGE_CURVE('',#3811,#3719,#2227,.T.);
#4780=EDGE_CURVE('',#3811,#3812,#75,.T.);
#4781=EDGE_CURVE('',#3812,#3720,#2228,.T.);
#4782=EDGE_CURVE('',#3812,#3813,#76,.T.);
#4783=EDGE_CURVE('',#3813,#3721,#2229,.T.);
#4784=EDGE_CURVE('',#3813,#3814,#77,.T.);
#4785=EDGE_CURVE('',#3814,#3722,#2230,.T.);
#4786=EDGE_CURVE('',#3814,#3815,#78,.T.);
#4787=EDGE_CURVE('',#3815,#3716,#2231,.T.);
#4788=EDGE_CURVE('',#3815,#3809,#2232,.T.);
#4789=EDGE_CURVE('',#3816,#3817,#2233,.T.);
#4790=EDGE_CURVE('',#3817,#3711,#2234,.T.);
#4791=EDGE_CURVE('',#3816,#3710,#2235,.T.);
#4792=EDGE_CURVE('',#3817,#3818,#2236,.T.);
#4793=EDGE_CURVE('',#3818,#3712,#2237,.T.);
#4794=EDGE_CURVE('',#3818,#3819,#79,.T.);
#4795=EDGE_CURVE('',#3819,#3713,#2238,.T.);
#4796=EDGE_CURVE('',#3819,#3820,#80,.T.);
#4797=EDGE_CURVE('',#3820,#3714,#2239,.T.);
#4798=EDGE_CURVE('',#3820,#3821,#81,.T.);
#4799=EDGE_CURVE('',#3821,#3715,#2240,.T.);
#4800=EDGE_CURVE('',#3821,#3822,#82,.T.);
#4801=EDGE_CURVE('',#3822,#3709,#2241,.T.);
#4802=EDGE_CURVE('',#3822,#3816,#2242,.T.);
#4803=EDGE_CURVE('',#3823,#3824,#2243,.T.);
#4804=EDGE_CURVE('',#3824,#3825,#2244,.T.);
#4805=EDGE_CURVE('',#3826,#3825,#2245,.T.);
#4806=EDGE_CURVE('',#3823,#3826,#2246,.T.);
#4807=EDGE_CURVE('',#3824,#3827,#2247,.T.);
#4808=EDGE_CURVE('',#3827,#3828,#2248,.T.);
#4809=EDGE_CURVE('',#3825,#3828,#2249,.T.);
#4810=EDGE_CURVE('',#3827,#3829,#83,.T.);
#4811=EDGE_CURVE('',#3829,#3830,#2250,.T.);
#4812=EDGE_CURVE('',#3828,#3830,#84,.T.);
#4813=EDGE_CURVE('',#3829,#3831,#85,.T.);
#4814=EDGE_CURVE('',#3831,#3832,#2251,.T.);
#4815=EDGE_CURVE('',#3830,#3832,#86,.T.);
#4816=EDGE_CURVE('',#3831,#3833,#87,.T.);
#4817=EDGE_CURVE('',#3833,#3834,#2252,.T.);
#4818=EDGE_CURVE('',#3832,#3834,#88,.T.);
#4819=EDGE_CURVE('',#3833,#3835,#89,.T.);
#4820=EDGE_CURVE('',#3835,#3836,#2253,.T.);
#4821=EDGE_CURVE('',#3834,#3836,#90,.T.);
#4822=EDGE_CURVE('',#3835,#3837,#91,.T.);
#4823=EDGE_CURVE('',#3837,#3838,#2254,.T.);
#4824=EDGE_CURVE('',#3836,#3838,#92,.T.);
#4825=EDGE_CURVE('',#3837,#3839,#93,.T.);
#4826=EDGE_CURVE('',#3839,#3840,#2255,.T.);
#4827=EDGE_CURVE('',#3838,#3840,#94,.T.);
#4828=EDGE_CURVE('',#3839,#3841,#95,.T.);
#4829=EDGE_CURVE('',#3841,#3842,#2256,.T.);
#4830=EDGE_CURVE('',#3840,#3842,#96,.T.);
#4831=EDGE_CURVE('',#3841,#3843,#97,.T.);
#4832=EDGE_CURVE('',#3843,#3844,#2257,.T.);
#4833=EDGE_CURVE('',#3842,#3844,#98,.T.);
#4834=EDGE_CURVE('',#3843,#3845,#99,.T.);
#4835=EDGE_CURVE('',#3845,#3846,#2258,.T.);
#4836=EDGE_CURVE('',#3844,#3846,#100,.T.);
#4837=EDGE_CURVE('',#3845,#3847,#101,.T.);
#4838=EDGE_CURVE('',#3847,#3848,#2259,.T.);
#4839=EDGE_CURVE('',#3846,#3848,#102,.T.);
#4840=EDGE_CURVE('',#3847,#3823,#2260,.T.);
#4841=EDGE_CURVE('',#3848,#3826,#2261,.T.);
#4842=EDGE_CURVE('',#3608,#3849,#2262,.T.);
#4843=EDGE_CURVE('',#3850,#3849,#607,.T.);
#4844=EDGE_CURVE('',#3849,#3850,#608,.T.);
#4845=EDGE_CURVE('',#3850,#3851,#2263,.T.);
#4846=EDGE_CURVE('',#3851,#3851,#609,.T.);
#4847=EDGE_CURVE('',#3852,#3853,#2264,.T.);
#4848=EDGE_CURVE('',#3854,#3852,#103,.T.);
#4849=EDGE_CURVE('',#3855,#3854,#104,.T.);
#4850=EDGE_CURVE('',#3856,#3855,#2265,.T.);
#4851=EDGE_CURVE('',#3857,#3856,#105,.T.);
#4852=EDGE_CURVE('',#3858,#3857,#106,.T.);
#4853=EDGE_CURVE('',#3859,#3858,#2266,.T.);
#4854=EDGE_CURVE('',#3860,#3859,#610,.T.);
#4855=EDGE_CURVE('',#3861,#3860,#2267,.T.);
#4856=EDGE_CURVE('',#3853,#3861,#611,.T.);
#4857=EDGE_CURVE('',#3862,#3863,#107,.T.);
#4858=EDGE_CURVE('',#3678,#3862,#612,.T.);
#4859=EDGE_CURVE('',#3864,#3681,#108,.T.);
#4860=EDGE_CURVE('',#3865,#3864,#2268,.T.);
#4861=EDGE_CURVE('',#3866,#3865,#109,.T.);
#4862=EDGE_CURVE('',#3674,#3866,#613,.T.);
#4863=EDGE_CURVE('',#3867,#3703,#110,.T.);
#4864=EDGE_CURVE('',#3868,#3867,#2269,.T.);
#4865=EDGE_CURVE('',#3869,#3868,#111,.T.);
#4866=EDGE_CURVE('',#3670,#3869,#614,.T.);
#4867=EDGE_CURVE('',#3870,#3699,#112,.T.);
#4868=EDGE_CURVE('',#3871,#3870,#2270,.T.);
#4869=EDGE_CURVE('',#3872,#3871,#113,.T.);
#4870=EDGE_CURVE('',#3666,#3872,#615,.T.);
#4871=EDGE_CURVE('',#3873,#3667,#616,.T.);
#4872=EDGE_CURVE('',#3874,#3873,#114,.T.);
#4873=EDGE_CURVE('',#3664,#3874,#2271,.T.);
#4874=EDGE_CURVE('',#3863,#3647,#2272,.T.);
#4875=EDGE_CURVE('',#3873,#3875,#115,.T.);
#4876=EDGE_CURVE('',#3623,#3875,#617,.T.);
#4877=EDGE_CURVE('',#3875,#3876,#2273,.T.);
#4878=EDGE_CURVE('',#3876,#3621,#618,.T.);
#4879=EDGE_CURVE('',#3876,#3877,#116,.T.);
#4880=EDGE_CURVE('',#3696,#3877,#619,.T.);
#4881=EDGE_CURVE('',#3877,#3857,#2274,.T.);
#4882=EDGE_CURVE('',#3877,#3878,#117,.T.);
#4883=EDGE_CURVE('',#3858,#3878,#2275,.T.);
#4884=EDGE_CURVE('',#3874,#3852,#2276,.T.);
#4885=EDGE_CURVE('',#3854,#3873,#2277,.T.);
#4886=EDGE_CURVE('',#3878,#3661,#2278,.T.);
#4887=EDGE_CURVE('',#3859,#3661,#2279,.T.);
#4888=EDGE_CURVE('',#3860,#3662,#2280,.T.);
#4889=EDGE_CURVE('',#3861,#3663,#2281,.T.);
#4890=EDGE_CURVE('',#3853,#3664,#2282,.T.);
#4891=EDGE_CURVE('',#3855,#3875,#2283,.T.);
#4892=EDGE_CURVE('',#3856,#3876,#2284,.T.);
#4893=EDGE_CURVE('',#3879,#3880,#2285,.T.);
#4894=EDGE_CURVE('',#3881,#3879,#118,.T.);
#4895=EDGE_CURVE('',#3882,#3881,#119,.T.);
#4896=EDGE_CURVE('',#3883,#3882,#2286,.T.);
#4897=EDGE_CURVE('',#3884,#3883,#120,.T.);
#4898=EDGE_CURVE('',#3885,#3884,#121,.T.);
#4899=EDGE_CURVE('',#3886,#3885,#2287,.T.);
#4900=EDGE_CURVE('',#3887,#3886,#122,.T.);
#4901=EDGE_CURVE('',#3888,#3887,#123,.T.);
#4902=EDGE_CURVE('',#3889,#3888,#2288,.T.);
#4903=EDGE_CURVE('',#3890,#3889,#124,.T.);
#4904=EDGE_CURVE('',#3880,#3890,#125,.T.);
#4905=EDGE_CURVE('',#3891,#3892,#126,.T.);
#4906=EDGE_CURVE('',#3891,#3697,#620,.T.);
#4907=EDGE_CURVE('',#3618,#3892,#621,.T.);
#4908=EDGE_CURVE('',#3892,#3893,#2289,.T.);
#4909=EDGE_CURVE('',#3893,#3620,#622,.T.);
#4910=EDGE_CURVE('',#3893,#3872,#127,.T.);
#4911=EDGE_CURVE('',#3702,#3890,#2290,.T.);
#4912=EDGE_CURVE('',#3702,#3894,#128,.T.);
#4913=EDGE_CURVE('',#3880,#3894,#2291,.T.);
#4914=EDGE_CURVE('',#3895,#3879,#2292,.T.);
#4915=EDGE_CURVE('',#3895,#3891,#129,.T.);
#4916=EDGE_CURVE('',#3881,#3891,#2293,.T.);
#4917=EDGE_CURVE('',#3894,#3895,#2294,.T.);
#4918=EDGE_CURVE('',#3872,#3884,#2295,.T.);
#4919=EDGE_CURVE('',#3885,#3871,#2296,.T.);
#4920=EDGE_CURVE('',#3882,#3892,#2297,.T.);
#4921=EDGE_CURVE('',#3883,#3893,#2298,.T.);
#4922=EDGE_CURVE('',#3870,#3886,#2299,.T.);
#4923=EDGE_CURVE('',#3887,#3699,#2300,.T.);
#4924=EDGE_CURVE('',#3888,#3700,#2301,.T.);
#4925=EDGE_CURVE('',#3889,#3701,#2302,.T.);
#4926=EDGE_CURVE('',#3896,#3897,#2303,.T.);
#4927=EDGE_CURVE('',#3898,#3896,#130,.T.);
#4928=EDGE_CURVE('',#3899,#3898,#131,.T.);
#4929=EDGE_CURVE('',#3900,#3899,#2304,.T.);
#4930=EDGE_CURVE('',#3901,#3900,#132,.T.);
#4931=EDGE_CURVE('',#3902,#3901,#133,.T.);
#4932=EDGE_CURVE('',#3903,#3902,#2305,.T.);
#4933=EDGE_CURVE('',#3904,#3903,#134,.T.);
#4934=EDGE_CURVE('',#3905,#3904,#135,.T.);
#4935=EDGE_CURVE('',#3906,#3905,#2306,.T.);
#4936=EDGE_CURVE('',#3907,#3906,#136,.T.);
#4937=EDGE_CURVE('',#3897,#3907,#137,.T.);
#4938=EDGE_CURVE('',#3908,#3909,#138,.T.);
#4939=EDGE_CURVE('',#3908,#3693,#623,.T.);
#4940=EDGE_CURVE('',#3634,#3909,#624,.T.);
#4941=EDGE_CURVE('',#3909,#3910,#2307,.T.);
#4942=EDGE_CURVE('',#3910,#3636,#625,.T.);
#4943=EDGE_CURVE('',#3910,#3869,#139,.T.);
#4944=EDGE_CURVE('',#3706,#3907,#2308,.T.);
#4945=EDGE_CURVE('',#3706,#3911,#140,.T.);
#4946=EDGE_CURVE('',#3897,#3911,#2309,.T.);
#4947=EDGE_CURVE('',#3912,#3896,#2310,.T.);
#4948=EDGE_CURVE('',#3912,#3908,#141,.T.);
#4949=EDGE_CURVE('',#3898,#3908,#2311,.T.);
#4950=EDGE_CURVE('',#3911,#3912,#2312,.T.);
#4951=EDGE_CURVE('',#3869,#3901,#2313,.T.);
#4952=EDGE_CURVE('',#3902,#3868,#2314,.T.);
#4953=EDGE_CURVE('',#3899,#3909,#2315,.T.);
#4954=EDGE_CURVE('',#3900,#3910,#2316,.T.);
#4955=EDGE_CURVE('',#3867,#3903,#2317,.T.);
#4956=EDGE_CURVE('',#3904,#3703,#2318,.T.);
#4957=EDGE_CURVE('',#3905,#3704,#2319,.T.);
#4958=EDGE_CURVE('',#3906,#3705,#2320,.T.);
#4959=EDGE_CURVE('',#3913,#3914,#2321,.T.);
#4960=EDGE_CURVE('',#3915,#3913,#142,.T.);
#4961=EDGE_CURVE('',#3916,#3915,#143,.T.);
#4962=EDGE_CURVE('',#3917,#3916,#2322,.T.);
#4963=EDGE_CURVE('',#3918,#3917,#144,.T.);
#4964=EDGE_CURVE('',#3919,#3918,#145,.T.);
#4965=EDGE_CURVE('',#3920,#3919,#2323,.T.);
#4966=EDGE_CURVE('',#3921,#3920,#146,.T.);
#4967=EDGE_CURVE('',#3922,#3921,#147,.T.);
#4968=EDGE_CURVE('',#3923,#3922,#2324,.T.);
#4969=EDGE_CURVE('',#3924,#3923,#148,.T.);
#4970=EDGE_CURVE('',#3914,#3924,#149,.T.);
#4971=EDGE_CURVE('',#3925,#3926,#150,.T.);
#4972=EDGE_CURVE('',#3925,#3689,#626,.T.);
#4973=EDGE_CURVE('',#3626,#3926,#627,.T.);
#4974=EDGE_CURVE('',#3926,#3927,#2325,.T.);
#4975=EDGE_CURVE('',#3927,#3628,#628,.T.);
#4976=EDGE_CURVE('',#3927,#3866,#151,.T.);
#4977=EDGE_CURVE('',#3708,#3924,#2326,.T.);
#4978=EDGE_CURVE('',#3708,#3928,#152,.T.);
#4979=EDGE_CURVE('',#3914,#3928,#2327,.T.);
#4980=EDGE_CURVE('',#3929,#3913,#2328,.T.);
#4981=EDGE_CURVE('',#3929,#3925,#153,.T.);
#4982=EDGE_CURVE('',#3915,#3925,#2329,.T.);
#4983=EDGE_CURVE('',#3928,#3929,#2330,.T.);
#4984=EDGE_CURVE('',#3866,#3918,#2331,.T.);
#4985=EDGE_CURVE('',#3919,#3865,#2332,.T.);
#4986=EDGE_CURVE('',#3916,#3926,#2333,.T.);
#4987=EDGE_CURVE('',#3917,#3927,#2334,.T.);
#4988=EDGE_CURVE('',#3864,#3920,#2335,.T.);
#4989=EDGE_CURVE('',#3921,#3681,#2336,.T.);
#4990=EDGE_CURVE('',#3682,#3922,#2337,.T.);
#4991=EDGE_CURVE('',#3923,#3707,#2338,.T.);
#4992=EDGE_CURVE('',#3607,#3930,#2339,.T.);
#4993=EDGE_CURVE('',#3931,#3930,#629,.T.);
#4994=EDGE_CURVE('',#3930,#3931,#630,.T.);
#4995=EDGE_CURVE('',#3931,#3932,#2340,.T.);
#4996=EDGE_CURVE('',#3932,#3932,#631,.T.);
#4997=EDGE_CURVE('',#3933,#3934,#2341,.T.);
#4998=EDGE_CURVE('',#3935,#3933,#154,.T.);
#4999=EDGE_CURVE('',#3936,#3935,#155,.T.);
#5000=EDGE_CURVE('',#3937,#3936,#2342,.T.);
#5001=EDGE_CURVE('',#3938,#3937,#156,.T.);
#5002=EDGE_CURVE('',#3939,#3938,#157,.T.);
#5003=EDGE_CURVE('',#3940,#3939,#2343,.T.);
#5004=EDGE_CURVE('',#3941,#3940,#632,.T.);
#5005=EDGE_CURVE('',#3942,#3941,#2344,.T.);
#5006=EDGE_CURVE('',#3934,#3942,#633,.T.);
#5007=EDGE_CURVE('',#3943,#3944,#158,.T.);
#5008=EDGE_CURVE('',#3642,#3943,#2345,.T.);
#5009=EDGE_CURVE('',#3944,#3685,#634,.T.);
#5010=EDGE_CURVE('',#3944,#3945,#159,.T.);
#5011=EDGE_CURVE('',#3610,#3945,#635,.T.);
#5012=EDGE_CURVE('',#3945,#3946,#2346,.T.);
#5013=EDGE_CURVE('',#3946,#3612,#636,.T.);
#5014=EDGE_CURVE('',#3946,#3862,#160,.T.);
#5015=EDGE_CURVE('',#3862,#3938,#2347,.T.);
#5016=EDGE_CURVE('',#3939,#3863,#2348,.T.);
#5017=EDGE_CURVE('',#3943,#3933,#2349,.T.);
#5018=EDGE_CURVE('',#3935,#3944,#2350,.T.);
#5019=EDGE_CURVE('',#3940,#3647,#2351,.T.);
#5020=EDGE_CURVE('',#3941,#3645,#2352,.T.);
#5021=EDGE_CURVE('',#3942,#3641,#2353,.T.);
#5022=EDGE_CURVE('',#3934,#3642,#2354,.T.);
#5023=EDGE_CURVE('',#3936,#3945,#2355,.T.);
#5024=EDGE_CURVE('',#3937,#3946,#2356,.T.);
#5025=EDGE_CURVE('',#3947,#3947,#637,.T.);
#5026=EDGE_CURVE('',#3947,#3948,#2357,.T.);
#5027=EDGE_CURVE('',#3948,#3949,#638,.T.);
#5028=EDGE_CURVE('',#3949,#3948,#639,.T.);
#5029=EDGE_CURVE('',#3950,#3951,#2358,.T.);
#5030=EDGE_CURVE('',#3952,#3950,#640,.T.);
#5031=EDGE_CURVE('',#3953,#3952,#2359,.T.);
#5032=EDGE_CURVE('',#3954,#3953,#641,.T.);
#5033=EDGE_CURVE('',#3955,#3954,#2360,.T.);
#5034=EDGE_CURVE('',#3956,#3955,#642,.T.);
#5035=EDGE_CURVE('',#3957,#3956,#2361,.T.);
#5036=EDGE_CURVE('',#3951,#3957,#643,.T.);
#5037=EDGE_CURVE('',#3958,#3958,#644,.T.);
#5038=EDGE_CURVE('',#3959,#3959,#645,.T.);
#5039=EDGE_CURVE('',#3959,#3949,#2362,.T.);
#5040=EDGE_CURVE('',#3958,#3960,#2363,.T.);
#5041=EDGE_CURVE('',#3960,#3961,#646,.T.);
#5042=EDGE_CURVE('',#3961,#3960,#647,.T.);
#5043=EDGE_CURVE('',#3962,#3962,#648,.T.);
#5044=EDGE_CURVE('',#3962,#3961,#2364,.T.);
#5045=EDGE_CURVE('',#3963,#3963,#649,.T.);
#5046=EDGE_CURVE('',#3963,#3964,#2365,.T.);
#5047=EDGE_CURVE('',#3964,#3965,#650,.T.);
#5048=EDGE_CURVE('',#3965,#3964,#651,.T.);
#5049=EDGE_CURVE('',#3966,#3967,#2366,.T.);
#5050=EDGE_CURVE('',#3968,#3966,#652,.T.);
#5051=EDGE_CURVE('',#3969,#3968,#2367,.T.);
#5052=EDGE_CURVE('',#3970,#3969,#653,.T.);
#5053=EDGE_CURVE('',#3971,#3970,#2368,.T.);
#5054=EDGE_CURVE('',#3972,#3971,#161,.T.);
#5055=EDGE_CURVE('',#3973,#3972,#162,.T.);
#5056=EDGE_CURVE('',#3974,#3973,#2369,.T.);
#5057=EDGE_CURVE('',#3975,#3974,#163,.T.);
#5058=EDGE_CURVE('',#3967,#3975,#164,.T.);
#5059=EDGE_CURVE('',#3965,#3976,#2370,.T.);
#5060=EDGE_CURVE('',#3976,#3976,#654,.T.);
#5061=EDGE_CURVE('',#3972,#3977,#2371,.T.);
#5062=EDGE_CURVE('',#3977,#3978,#165,.T.);
#5063=EDGE_CURVE('',#3978,#3973,#2372,.T.);
#5064=EDGE_CURVE('',#3979,#3974,#2373,.T.);
#5065=EDGE_CURVE('',#3978,#3979,#2374,.T.);
#5066=EDGE_CURVE('',#3980,#3975,#2375,.T.);
#5067=EDGE_CURVE('',#3979,#3980,#166,.T.);
#5068=EDGE_CURVE('',#3981,#3966,#2376,.T.);
#5069=EDGE_CURVE('',#3967,#3982,#2377,.T.);
#5070=EDGE_CURVE('',#3982,#3981,#2378,.T.);
#5071=EDGE_CURVE('',#3983,#3968,#2379,.T.);
#5072=EDGE_CURVE('',#3981,#3983,#655,.T.);
#5073=EDGE_CURVE('',#3984,#3969,#2380,.T.);
#5074=EDGE_CURVE('',#3983,#3984,#2381,.T.);
#5075=EDGE_CURVE('',#3985,#3970,#2382,.T.);
#5076=EDGE_CURVE('',#3984,#3985,#656,.T.);
#5077=EDGE_CURVE('',#3986,#3971,#2383,.T.);
#5078=EDGE_CURVE('',#3985,#3986,#2384,.T.);
#5079=EDGE_CURVE('',#3980,#3982,#167,.T.);
#5080=EDGE_CURVE('',#3986,#3977,#168,.T.);
#5081=EDGE_CURVE('',#3987,#3985,#2385,.T.);
#5082=EDGE_CURVE('',#3988,#3987,#2386,.T.);
#5083=EDGE_CURVE('',#3989,#3988,#2387,.T.);
#5084=EDGE_CURVE('',#3990,#3989,#2388,.T.);
#5085=EDGE_CURVE('',#3991,#3990,#169,.T.);
#5086=EDGE_CURVE('',#3992,#3991,#657,.T.);
#5087=EDGE_CURVE('',#3993,#3992,#2389,.T.);
#5088=EDGE_CURVE('',#3994,#3993,#2390,.T.);
#5089=EDGE_CURVE('',#3995,#3994,#2391,.T.);
#5090=EDGE_CURVE('',#3996,#3995,#658,.T.);
#5091=EDGE_CURVE('',#3997,#3996,#170,.T.);
#5092=EDGE_CURVE('',#3998,#3997,#2392,.T.);
#5093=EDGE_CURVE('',#3999,#3998,#171,.T.);
#5094=EDGE_CURVE('',#4000,#3999,#659,.T.);
#5095=EDGE_CURVE('',#4001,#4000,#2393,.T.);
#5096=EDGE_CURVE('',#4002,#4001,#2394,.T.);
#5097=EDGE_CURVE('',#4003,#4002,#2395,.T.);
#5098=EDGE_CURVE('',#4004,#4003,#660,.T.);
#5099=EDGE_CURVE('',#4005,#4004,#172,.T.);
#5100=EDGE_CURVE('',#4006,#4005,#2396,.T.);
#5101=EDGE_CURVE('',#4007,#4006,#173,.T.);
#5102=EDGE_CURVE('',#4008,#4007,#661,.T.);
#5103=EDGE_CURVE('',#4009,#4008,#2397,.T.);
#5104=EDGE_CURVE('',#4010,#4009,#2398,.T.);
#5105=EDGE_CURVE('',#4011,#4010,#2399,.T.);
#5106=EDGE_CURVE('',#4012,#4011,#662,.T.);
#5107=EDGE_CURVE('',#4013,#4012,#174,.T.);
#5108=EDGE_CURVE('',#4014,#4013,#2400,.T.);
#5109=EDGE_CURVE('',#4015,#4014,#175,.T.);
#5110=EDGE_CURVE('',#4016,#4015,#663,.T.);
#5111=EDGE_CURVE('',#4017,#4016,#2401,.T.);
#5112=EDGE_CURVE('',#4018,#4017,#2402,.T.);
#5113=EDGE_CURVE('',#4019,#4018,#2403,.T.);
#5114=EDGE_CURVE('',#3977,#4019,#664,.T.);
#5115=EDGE_CURVE('',#3984,#4020,#2404,.T.);
#5116=EDGE_CURVE('',#3987,#4020,#665,.T.);
#5117=EDGE_CURVE('',#4021,#3983,#2405,.T.);
#5118=EDGE_CURVE('',#4020,#4021,#2406,.T.);
#5119=EDGE_CURVE('',#4022,#4023,#2407,.T.);
#5120=EDGE_CURVE('',#4023,#4024,#2408,.T.);
#5121=EDGE_CURVE('',#4024,#4025,#2409,.T.);
#5122=EDGE_CURVE('',#4025,#4026,#2410,.T.);
#5123=EDGE_CURVE('',#4026,#4027,#2411,.T.);
#5124=EDGE_CURVE('',#4027,#4028,#2412,.T.);
#5125=EDGE_CURVE('',#4028,#4029,#2413,.T.);
#5126=EDGE_CURVE('',#4029,#4030,#2414,.T.);
#5127=EDGE_CURVE('',#4030,#4031,#2415,.T.);
#5128=EDGE_CURVE('',#4031,#4032,#2416,.T.);
#5129=EDGE_CURVE('',#4032,#4033,#2417,.T.);
#5130=EDGE_CURVE('',#4033,#4034,#2418,.T.);
#5131=EDGE_CURVE('',#4034,#4022,#2419,.T.);
#5132=EDGE_CURVE('',#4035,#4036,#2420,.T.);
#5133=EDGE_CURVE('',#4036,#4037,#2421,.T.);
#5134=EDGE_CURVE('',#4037,#4038,#2422,.T.);
#5135=EDGE_CURVE('',#4038,#4039,#2423,.T.);
#5136=EDGE_CURVE('',#4039,#4040,#2424,.T.);
#5137=EDGE_CURVE('',#4040,#4041,#2425,.T.);
#5138=EDGE_CURVE('',#4041,#4042,#2426,.T.);
#5139=EDGE_CURVE('',#4042,#4043,#2427,.T.);
#5140=EDGE_CURVE('',#4043,#4044,#2428,.T.);
#5141=EDGE_CURVE('',#4044,#4045,#2429,.T.);
#5142=EDGE_CURVE('',#4045,#4046,#2430,.T.);
#5143=EDGE_CURVE('',#4046,#4047,#2431,.T.);
#5144=EDGE_CURVE('',#4047,#4035,#2432,.T.);
#5145=EDGE_CURVE('',#4048,#4049,#176,.T.);
#5146=EDGE_CURVE('',#4049,#4050,#2433,.T.);
#5147=EDGE_CURVE('',#4050,#4051,#177,.T.);
#5148=EDGE_CURVE('',#4051,#4048,#2434,.T.);
#5149=EDGE_CURVE('',#3981,#4052,#2435,.T.);
#5150=EDGE_CURVE('',#4021,#4052,#666,.T.);
#5151=EDGE_CURVE('',#4053,#4054,#2436,.T.);
#5152=EDGE_CURVE('',#4054,#4055,#178,.T.);
#5153=EDGE_CURVE('',#4055,#4056,#2437,.T.);
#5154=EDGE_CURVE('',#4056,#4053,#179,.T.);
#5155=EDGE_CURVE('',#4015,#4057,#2438,.T.);
#5156=EDGE_CURVE('',#4057,#4058,#180,.T.);
#5157=EDGE_CURVE('',#4058,#4059,#2439,.T.);
#5158=EDGE_CURVE('',#4059,#4015,#181,.T.);
#5159=EDGE_CURVE('',#4058,#4056,#2440,.T.);
#5160=EDGE_CURVE('',#4055,#4059,#2441,.T.);
#5161=EDGE_CURVE('',#4013,#4060,#2442,.T.);
#5162=EDGE_CURVE('',#4060,#4061,#2443,.T.);
#5163=EDGE_CURVE('',#4061,#4014,#2444,.T.);
#5164=EDGE_CURVE('',#4061,#4057,#182,.T.);
#5165=EDGE_CURVE('',#4062,#4012,#2445,.T.);
#5166=EDGE_CURVE('',#4012,#4063,#183,.T.);
#5167=EDGE_CURVE('',#4063,#4064,#2446,.T.);
#5168=EDGE_CURVE('',#4064,#4062,#184,.T.);
#5169=EDGE_CURVE('',#4065,#4066,#2447,.T.);
#5170=EDGE_CURVE('',#4066,#4064,#2448,.T.);
#5171=EDGE_CURVE('',#4063,#4065,#2449,.T.);
#5172=EDGE_CURVE('',#4067,#4068,#2450,.T.);
#5173=EDGE_CURVE('',#4068,#4066,#185,.T.);
#5174=EDGE_CURVE('',#4065,#4067,#186,.T.);
#5175=EDGE_CURVE('',#4062,#4060,#187,.T.);
#5176=EDGE_CURVE('',#4069,#4070,#2451,.T.);
#5177=EDGE_CURVE('',#4070,#4071,#2452,.T.);
#5178=EDGE_CURVE('',#4071,#4072,#2453,.T.);
#5179=EDGE_CURVE('',#4072,#4069,#2454,.T.);
#5180=EDGE_CURVE('',#4071,#4068,#188,.T.);
#5181=EDGE_CURVE('',#4067,#4072,#189,.T.);
#5182=EDGE_CURVE('',#4053,#4070,#190,.T.);
#5183=EDGE_CURVE('',#4069,#4054,#191,.T.);
#5184=EDGE_CURVE('',#4059,#4073,#667,.T.);
#5185=EDGE_CURVE('',#4073,#4016,#668,.T.);
#5186=EDGE_CURVE('',#4074,#4055,#669,.T.);
#5187=EDGE_CURVE('',#4074,#4073,#2455,.T.);
#5188=EDGE_CURVE('',#4054,#4075,#670,.T.);
#5189=EDGE_CURVE('',#4074,#4075,#671,.T.);
#5190=EDGE_CURVE('',#4076,#3980,#672,.T.);
#5191=EDGE_CURVE('',#4077,#4076,#2456,.T.);
#5192=EDGE_CURVE('',#4078,#4077,#2457,.T.);
#5193=EDGE_CURVE('',#4075,#4078,#2458,.T.);
#5194=EDGE_CURVE('',#4079,#4067,#673,.T.);
#5195=EDGE_CURVE('',#4080,#4079,#2459,.T.);
#5196=EDGE_CURVE('',#4081,#4080,#2460,.T.);
#5197=EDGE_CURVE('',#4082,#4081,#2461,.T.);
#5198=EDGE_CURVE('',#4083,#4082,#674,.T.);
#5199=EDGE_CURVE('',#4084,#4083,#192,.T.);
#5200=EDGE_CURVE('',#4085,#4084,#2462,.T.);
#5201=EDGE_CURVE('',#4086,#4085,#193,.T.);
#5202=EDGE_CURVE('',#4087,#4086,#675,.T.);
#5203=EDGE_CURVE('',#4088,#4087,#2463,.T.);
#5204=EDGE_CURVE('',#4089,#4088,#2464,.T.);
#5205=EDGE_CURVE('',#4090,#4089,#2465,.T.);
#5206=EDGE_CURVE('',#4091,#4090,#676,.T.);
#5207=EDGE_CURVE('',#4092,#4091,#194,.T.);
#5208=EDGE_CURVE('',#4093,#4092,#2466,.T.);
#5209=EDGE_CURVE('',#4094,#4093,#195,.T.);
#5210=EDGE_CURVE('',#4095,#4094,#677,.T.);
#5211=EDGE_CURVE('',#4096,#4095,#2467,.T.);
#5212=EDGE_CURVE('',#4097,#4096,#2468,.T.);
#5213=EDGE_CURVE('',#4098,#4097,#2469,.T.);
#5214=EDGE_CURVE('',#4099,#4098,#678,.T.);
#5215=EDGE_CURVE('',#4100,#4099,#196,.T.);
#5216=EDGE_CURVE('',#4101,#4100,#2470,.T.);
#5217=EDGE_CURVE('',#4102,#4101,#2471,.T.);
#5218=EDGE_CURVE('',#4052,#4102,#2472,.T.);
#5219=EDGE_CURVE('',#4103,#4083,#2473,.T.);
#5220=EDGE_CURVE('',#4083,#4104,#197,.T.);
#5221=EDGE_CURVE('',#4104,#4105,#2474,.T.);
#5222=EDGE_CURVE('',#4105,#4103,#198,.T.);
#5223=EDGE_CURVE('',#4106,#4107,#2475,.T.);
#5224=EDGE_CURVE('',#4107,#4105,#2476,.T.);
#5225=EDGE_CURVE('',#4104,#4106,#2477,.T.);
#5226=EDGE_CURVE('',#4007,#4108,#2478,.T.);
#5227=EDGE_CURVE('',#4108,#4107,#199,.T.);
#5228=EDGE_CURVE('',#4106,#4007,#200,.T.);
#5229=EDGE_CURVE('',#4005,#4109,#2479,.T.);
#5230=EDGE_CURVE('',#4109,#4110,#2480,.T.);
#5231=EDGE_CURVE('',#4110,#4006,#2481,.T.);
#5232=EDGE_CURVE('',#4110,#4108,#201,.T.);
#5233=EDGE_CURVE('',#4111,#4004,#2482,.T.);
#5234=EDGE_CURVE('',#4004,#4112,#202,.T.);
#5235=EDGE_CURVE('',#4112,#4113,#2483,.T.);
#5236=EDGE_CURVE('',#4113,#4111,#203,.T.);
#5237=EDGE_CURVE('',#4114,#4115,#2484,.T.);
#5238=EDGE_CURVE('',#4115,#4113,#2485,.T.);
#5239=EDGE_CURVE('',#4112,#4114,#2486,.T.);
#5240=EDGE_CURVE('',#4086,#4116,#2487,.T.);
#5241=EDGE_CURVE('',#4116,#4115,#204,.T.);
#5242=EDGE_CURVE('',#4114,#4086,#205,.T.);
#5243=EDGE_CURVE('',#4111,#4109,#206,.T.);
#5244=EDGE_CURVE('',#4084,#4117,#2488,.T.);
#5245=EDGE_CURVE('',#4117,#4118,#2489,.T.);
#5246=EDGE_CURVE('',#4118,#4085,#2490,.T.);
#5247=EDGE_CURVE('',#4118,#4116,#207,.T.);
#5248=EDGE_CURVE('',#4103,#4117,#208,.T.);
#5249=EDGE_CURVE('',#4106,#4119,#679,.T.);
#5250=EDGE_CURVE('',#4119,#4008,#680,.T.);
#5251=EDGE_CURVE('',#4120,#4104,#681,.T.);
#5252=EDGE_CURVE('',#4120,#4119,#2491,.T.);
#5253=EDGE_CURVE('',#4120,#4082,#682,.T.);
#5254=EDGE_CURVE('',#4121,#4091,#2492,.T.);
#5255=EDGE_CURVE('',#4091,#4122,#209,.T.);
#5256=EDGE_CURVE('',#4122,#4123,#2493,.T.);
#5257=EDGE_CURVE('',#4123,#4121,#210,.T.);
#5258=EDGE_CURVE('',#4124,#4125,#2494,.T.);
#5259=EDGE_CURVE('',#4125,#4123,#2495,.T.);
#5260=EDGE_CURVE('',#4122,#4124,#2496,.T.);
#5261=EDGE_CURVE('',#3999,#4126,#2497,.T.);
#5262=EDGE_CURVE('',#4126,#4125,#211,.T.);
#5263=EDGE_CURVE('',#4124,#3999,#212,.T.);
#5264=EDGE_CURVE('',#3997,#4127,#2498,.T.);
#5265=EDGE_CURVE('',#4127,#4128,#2499,.T.);
#5266=EDGE_CURVE('',#4128,#3998,#2500,.T.);
#5267=EDGE_CURVE('',#4128,#4126,#213,.T.);
#5268=EDGE_CURVE('',#4129,#3996,#2501,.T.);
#5269=EDGE_CURVE('',#3996,#4130,#214,.T.);
#5270=EDGE_CURVE('',#4130,#4131,#2502,.T.);
#5271=EDGE_CURVE('',#4131,#4129,#215,.T.);
#5272=EDGE_CURVE('',#4132,#4133,#2503,.T.);
#5273=EDGE_CURVE('',#4133,#4131,#2504,.T.);
#5274=EDGE_CURVE('',#4130,#4132,#2505,.T.);
#5275=EDGE_CURVE('',#4094,#4134,#2506,.T.);
#5276=EDGE_CURVE('',#4134,#4133,#216,.T.);
#5277=EDGE_CURVE('',#4132,#4094,#217,.T.);
#5278=EDGE_CURVE('',#4129,#4127,#218,.T.);
#5279=EDGE_CURVE('',#4092,#4135,#2507,.T.);
#5280=EDGE_CURVE('',#4135,#4136,#2508,.T.);
#5281=EDGE_CURVE('',#4136,#4093,#2509,.T.);
#5282=EDGE_CURVE('',#4136,#4134,#219,.T.);
#5283=EDGE_CURVE('',#4121,#4135,#220,.T.);
#5284=EDGE_CURVE('',#4124,#4137,#683,.T.);
#5285=EDGE_CURVE('',#4137,#4000,#684,.T.);
#5286=EDGE_CURVE('',#4138,#4122,#685,.T.);
#5287=EDGE_CURVE('',#4138,#4137,#2510,.T.);
#5288=EDGE_CURVE('',#4138,#4090,#686,.T.);
#5289=EDGE_CURVE('',#4139,#4139,#687,.T.);
#5290=EDGE_CURVE('',#4139,#4140,#2511,.T.);
#5291=EDGE_CURVE('',#4140,#4141,#688,.T.);
#5292=EDGE_CURVE('',#4141,#4140,#689,.T.);
#5293=EDGE_CURVE('',#4142,#4143,#2512,.T.);
#5294=EDGE_CURVE('',#4144,#4142,#690,.T.);
#5295=EDGE_CURVE('',#4145,#4144,#2513,.T.);
#5296=EDGE_CURVE('',#4146,#4145,#691,.T.);
#5297=EDGE_CURVE('',#4147,#4146,#2514,.T.);
#5298=EDGE_CURVE('',#4148,#4147,#221,.T.);
#5299=EDGE_CURVE('',#4149,#4148,#222,.T.);
#5300=EDGE_CURVE('',#4150,#4149,#2515,.T.);
#5301=EDGE_CURVE('',#4151,#4150,#223,.T.);
#5302=EDGE_CURVE('',#4143,#4151,#224,.T.);
#5303=EDGE_CURVE('',#4141,#4152,#2516,.T.);
#5304=EDGE_CURVE('',#4152,#4152,#692,.T.);
#5305=EDGE_CURVE('',#4148,#4099,#2517,.T.);
#5306=EDGE_CURVE('',#4099,#4153,#225,.T.);
#5307=EDGE_CURVE('',#4153,#4149,#2518,.T.);
#5308=EDGE_CURVE('',#4154,#4150,#2519,.T.);
#5309=EDGE_CURVE('',#4153,#4154,#2520,.T.);
#5310=EDGE_CURVE('',#3991,#4151,#2521,.T.);
#5311=EDGE_CURVE('',#4154,#3991,#226,.T.);
#5312=EDGE_CURVE('',#3989,#4142,#2522,.T.);
#5313=EDGE_CURVE('',#4143,#3990,#2523,.T.);
#5314=EDGE_CURVE('',#4155,#4144,#2524,.T.);
#5315=EDGE_CURVE('',#3989,#4155,#693,.T.);
#5316=EDGE_CURVE('',#4156,#4145,#2525,.T.);
#5317=EDGE_CURVE('',#4155,#4156,#2526,.T.);
#5318=EDGE_CURVE('',#4101,#4146,#2527,.T.);
#5319=EDGE_CURVE('',#4156,#4101,#694,.T.);
#5320=EDGE_CURVE('',#4100,#4147,#2528,.T.);
#5321=EDGE_CURVE('',#4156,#4157,#2529,.T.);
#5322=EDGE_CURVE('',#4102,#4157,#695,.T.);
#5323=EDGE_CURVE('',#4158,#4155,#2530,.T.);
#5324=EDGE_CURVE('',#4157,#4158,#2531,.T.);
#5325=EDGE_CURVE('',#4158,#3988,#696,.T.);
#5326=EDGE_CURVE('',#4159,#4160,#227,.T.);
#5327=EDGE_CURVE('',#4160,#4161,#2532,.T.);
#5328=EDGE_CURVE('',#4161,#4162,#228,.T.);
#5329=EDGE_CURVE('',#4162,#4159,#2533,.T.);
#5330=EDGE_CURVE('',#4159,#4049,#2534,.T.);
#5331=EDGE_CURVE('',#4160,#4048,#2535,.T.);
#5332=EDGE_CURVE('',#4161,#4051,#2536,.T.);
#5333=EDGE_CURVE('',#4162,#4050,#2537,.T.);
#5334=EDGE_CURVE('',#4163,#4164,#2538,.T.);
#5335=EDGE_CURVE('',#4164,#4165,#2539,.T.);
#5336=EDGE_CURVE('',#4165,#4166,#2540,.T.);
#5337=EDGE_CURVE('',#4166,#4167,#2541,.T.);
#5338=EDGE_CURVE('',#4167,#4168,#2542,.T.);
#5339=EDGE_CURVE('',#4168,#4169,#2543,.T.);
#5340=EDGE_CURVE('',#4169,#4170,#2544,.T.);
#5341=EDGE_CURVE('',#4170,#4171,#2545,.T.);
#5342=EDGE_CURVE('',#4171,#4172,#2546,.T.);
#5343=EDGE_CURVE('',#4172,#4173,#2547,.T.);
#5344=EDGE_CURVE('',#4173,#4174,#2548,.T.);
#5345=EDGE_CURVE('',#4174,#4175,#2549,.T.);
#5346=EDGE_CURVE('',#4175,#4163,#2550,.T.);
#5347=EDGE_CURVE('',#4163,#4036,#2551,.T.);
#5348=EDGE_CURVE('',#4164,#4035,#2552,.T.);
#5349=EDGE_CURVE('',#4165,#4047,#2553,.T.);
#5350=EDGE_CURVE('',#4166,#4046,#2554,.T.);
#5351=EDGE_CURVE('',#4167,#4045,#2555,.T.);
#5352=EDGE_CURVE('',#4168,#4044,#2556,.T.);
#5353=EDGE_CURVE('',#4169,#4043,#2557,.T.);
#5354=EDGE_CURVE('',#4170,#4042,#2558,.T.);
#5355=EDGE_CURVE('',#4171,#4041,#2559,.T.);
#5356=EDGE_CURVE('',#4172,#4040,#2560,.T.);
#5357=EDGE_CURVE('',#4173,#4039,#2561,.T.);
#5358=EDGE_CURVE('',#4174,#4038,#2562,.T.);
#5359=EDGE_CURVE('',#4175,#4037,#2563,.T.);
#5360=EDGE_CURVE('',#4176,#4177,#2564,.T.);
#5361=EDGE_CURVE('',#4177,#4178,#2565,.T.);
#5362=EDGE_CURVE('',#4178,#4179,#2566,.T.);
#5363=EDGE_CURVE('',#4179,#4180,#2567,.T.);
#5364=EDGE_CURVE('',#4180,#4181,#2568,.T.);
#5365=EDGE_CURVE('',#4181,#4182,#2569,.T.);
#5366=EDGE_CURVE('',#4182,#4183,#2570,.T.);
#5367=EDGE_CURVE('',#4183,#4184,#2571,.T.);
#5368=EDGE_CURVE('',#4184,#4185,#2572,.T.);
#5369=EDGE_CURVE('',#4185,#4186,#2573,.T.);
#5370=EDGE_CURVE('',#4186,#4187,#2574,.T.);
#5371=EDGE_CURVE('',#4187,#4188,#2575,.T.);
#5372=EDGE_CURVE('',#4188,#4176,#2576,.T.);
#5373=EDGE_CURVE('',#4176,#4023,#2577,.T.);
#5374=EDGE_CURVE('',#4177,#4022,#2578,.T.);
#5375=EDGE_CURVE('',#4178,#4034,#2579,.T.);
#5376=EDGE_CURVE('',#4179,#4033,#2580,.T.);
#5377=EDGE_CURVE('',#4180,#4032,#2581,.T.);
#5378=EDGE_CURVE('',#4181,#4031,#2582,.T.);
#5379=EDGE_CURVE('',#4182,#4030,#2583,.T.);
#5380=EDGE_CURVE('',#4183,#4029,#2584,.T.);
#5381=EDGE_CURVE('',#4184,#4028,#2585,.T.);
#5382=EDGE_CURVE('',#4185,#4027,#2586,.T.);
#5383=EDGE_CURVE('',#4186,#4026,#2587,.T.);
#5384=EDGE_CURVE('',#4187,#4025,#2588,.T.);
#5385=EDGE_CURVE('',#4188,#4024,#2589,.T.);
#5386=EDGE_CURVE('',#4102,#3950,#2590,.T.);
#5387=EDGE_CURVE('',#3952,#4157,#2591,.T.);
#5388=EDGE_CURVE('',#3953,#4158,#2592,.T.);
#5389=EDGE_CURVE('',#3954,#3988,#2593,.T.);
#5390=EDGE_CURVE('',#3955,#3987,#2594,.T.);
#5391=EDGE_CURVE('',#3956,#4020,#2595,.T.);
#5392=EDGE_CURVE('',#3957,#4021,#2596,.T.);
#5393=EDGE_CURVE('',#3951,#4052,#2597,.T.);
#5394=EDGE_CURVE('',#4189,#4153,#697,.T.);
#5395=EDGE_CURVE('',#4189,#4190,#2598,.T.);
#5396=EDGE_CURVE('',#4154,#4190,#698,.T.);
#5397=EDGE_CURVE('',#4191,#4192,#2599,.T.);
#5398=EDGE_CURVE('',#4192,#3995,#699,.T.);
#5399=EDGE_CURVE('',#4191,#3994,#3443,.T.);
#5400=EDGE_CURVE('',#4190,#3992,#700,.T.);
#5401=EDGE_CURVE('',#4190,#4193,#2600,.T.);
#5402=EDGE_CURVE('',#3993,#4193,#3444,.T.);
#5403=EDGE_CURVE('',#4193,#4191,#2601,.T.);
#5404=EDGE_CURVE('',#4194,#4195,#2602,.T.);
#5405=EDGE_CURVE('',#4195,#4003,#701,.T.);
#5406=EDGE_CURVE('',#4194,#4002,#3445,.T.);
#5407=EDGE_CURVE('',#4137,#4196,#2603,.T.);
#5408=EDGE_CURVE('',#4001,#4196,#3446,.T.);
#5409=EDGE_CURVE('',#4196,#4194,#2604,.T.);
#5410=EDGE_CURVE('',#4197,#4198,#2605,.T.);
#5411=EDGE_CURVE('',#4198,#4011,#702,.T.);
#5412=EDGE_CURVE('',#4197,#4010,#3447,.T.);
#5413=EDGE_CURVE('',#4119,#4199,#2606,.T.);
#5414=EDGE_CURVE('',#4009,#4199,#3448,.T.);
#5415=EDGE_CURVE('',#4199,#4197,#2607,.T.);
#5416=EDGE_CURVE('',#4200,#4019,#703,.T.);
#5417=EDGE_CURVE('',#4200,#3978,#704,.T.);
#5418=EDGE_CURVE('',#4201,#4200,#2608,.T.);
#5419=EDGE_CURVE('',#4201,#4018,#3449,.T.);
#5420=EDGE_CURVE('',#4073,#4202,#2609,.T.);
#5421=EDGE_CURVE('',#4017,#4202,#3450,.T.);
#5422=EDGE_CURVE('',#4202,#4201,#2610,.T.);
#5423=EDGE_CURVE('',#4203,#4200,#2611,.T.);
#5424=EDGE_CURVE('',#3979,#4203,#705,.T.);
#5425=EDGE_CURVE('',#4203,#4204,#2612,.T.);
#5426=EDGE_CURVE('',#4204,#4201,#2613,.T.);
#5427=EDGE_CURVE('',#4204,#4205,#2614,.T.);
#5428=EDGE_CURVE('',#4202,#4205,#2615,.T.);
#5429=EDGE_CURVE('',#4205,#4074,#2616,.T.);
#5430=EDGE_CURVE('',#4205,#4078,#3451,.T.);
#5431=EDGE_CURVE('',#4203,#4076,#706,.T.);
#5432=EDGE_CURVE('',#4077,#4204,#3452,.T.);
#5433=EDGE_CURVE('',#4206,#4207,#2617,.T.);
#5434=EDGE_CURVE('',#4206,#4198,#2618,.T.);
#5435=EDGE_CURVE('',#4207,#4197,#2619,.T.);
#5436=EDGE_CURVE('',#4207,#4208,#2620,.T.);
#5437=EDGE_CURVE('',#4199,#4208,#2621,.T.);
#5438=EDGE_CURVE('',#4208,#4120,#2622,.T.);
#5439=EDGE_CURVE('',#4208,#4081,#3453,.T.);
#5440=EDGE_CURVE('',#4206,#4079,#707,.T.);
#5441=EDGE_CURVE('',#4080,#4207,#3454,.T.);
#5442=EDGE_CURVE('',#4065,#4206,#708,.T.);
#5443=EDGE_CURVE('',#4209,#4210,#2623,.T.);
#5444=EDGE_CURVE('',#4209,#4195,#2624,.T.);
#5445=EDGE_CURVE('',#4210,#4194,#2625,.T.);
#5446=EDGE_CURVE('',#4210,#4211,#2626,.T.);
#5447=EDGE_CURVE('',#4196,#4211,#2627,.T.);
#5448=EDGE_CURVE('',#4211,#4138,#2628,.T.);
#5449=EDGE_CURVE('',#4211,#4089,#3455,.T.);
#5450=EDGE_CURVE('',#4209,#4087,#709,.T.);
#5451=EDGE_CURVE('',#4088,#4210,#3456,.T.);
#5452=EDGE_CURVE('',#4212,#4213,#2629,.T.);
#5453=EDGE_CURVE('',#4212,#4192,#2630,.T.);
#5454=EDGE_CURVE('',#4213,#4191,#2631,.T.);
#5455=EDGE_CURVE('',#4213,#4214,#2632,.T.);
#5456=EDGE_CURVE('',#4193,#4214,#2633,.T.);
#5457=EDGE_CURVE('',#4214,#4189,#2634,.T.);
#5458=EDGE_CURVE('',#4189,#4098,#710,.T.);
#5459=EDGE_CURVE('',#4214,#4097,#3457,.T.);
#5460=EDGE_CURVE('',#4212,#4095,#711,.T.);
#5461=EDGE_CURVE('',#4096,#4213,#3458,.T.);
#5462=EDGE_CURVE('',#4192,#4130,#712,.T.);
#5463=EDGE_CURVE('',#4132,#4212,#713,.T.);
#5464=EDGE_CURVE('',#4195,#4112,#714,.T.);
#5465=EDGE_CURVE('',#4114,#4209,#715,.T.);
#5466=EDGE_CURVE('',#4198,#4063,#716,.T.);
#5467=ORIENTED_EDGE('',*,*,#4215,.F.);
#5468=ORIENTED_EDGE('',*,*,#4216,.T.);
#5469=ORIENTED_EDGE('',*,*,#4217,.T.);
#5470=ORIENTED_EDGE('',*,*,#4218,.T.);
#5471=ORIENTED_EDGE('',*,*,#4219,.F.);
#5472=ORIENTED_EDGE('',*,*,#4220,.T.);
#5473=ORIENTED_EDGE('',*,*,#4221,.F.);
#5474=ORIENTED_EDGE('',*,*,#4222,.T.);
#5475=ORIENTED_EDGE('',*,*,#4223,.T.);
#5476=ORIENTED_EDGE('',*,*,#4224,.T.);
#5477=ORIENTED_EDGE('',*,*,#4225,.F.);
#5478=ORIENTED_EDGE('',*,*,#4226,.T.);
#5479=ORIENTED_EDGE('',*,*,#4227,.F.);
#5480=ORIENTED_EDGE('',*,*,#4228,.T.);
#5481=ORIENTED_EDGE('',*,*,#4229,.F.);
#5482=ORIENTED_EDGE('',*,*,#4230,.F.);
#5483=ORIENTED_EDGE('',*,*,#4231,.F.);
#5484=ORIENTED_EDGE('',*,*,#4232,.T.);
#5485=ORIENTED_EDGE('',*,*,#4223,.F.);
#5486=ORIENTED_EDGE('',*,*,#4233,.T.);
#5487=ORIENTED_EDGE('',*,*,#4230,.T.);
#5488=ORIENTED_EDGE('',*,*,#4234,.T.);
#5489=ORIENTED_EDGE('',*,*,#4235,.F.);
#5490=ORIENTED_EDGE('',*,*,#4236,.F.);
#5491=ORIENTED_EDGE('',*,*,#4237,.F.);
#5492=ORIENTED_EDGE('',*,*,#4221,.T.);
#5493=ORIENTED_EDGE('',*,*,#4238,.T.);
#5494=ORIENTED_EDGE('',*,*,#4236,.T.);
#5495=ORIENTED_EDGE('',*,*,#4239,.T.);
#5496=ORIENTED_EDGE('',*,*,#4240,.F.);
#5497=ORIENTED_EDGE('',*,*,#4241,.F.);
#5498=ORIENTED_EDGE('',*,*,#4242,.F.);
#5499=ORIENTED_EDGE('',*,*,#4225,.T.);
#5500=ORIENTED_EDGE('',*,*,#4243,.T.);
#5501=ORIENTED_EDGE('',*,*,#4241,.T.);
#5502=ORIENTED_EDGE('',*,*,#4244,.T.);
#5503=ORIENTED_EDGE('',*,*,#4242,.T.);
#5504=ORIENTED_EDGE('',*,*,#4245,.T.);
#5505=ORIENTED_EDGE('',*,*,#4229,.T.);
#5506=ORIENTED_EDGE('',*,*,#4246,.T.);
#5507=ORIENTED_EDGE('',*,*,#4247,.F.);
#5508=ORIENTED_EDGE('',*,*,#4248,.F.);
#5509=ORIENTED_EDGE('',*,*,#4249,.F.);
#5510=ORIENTED_EDGE('',*,*,#4219,.T.);
#5511=ORIENTED_EDGE('',*,*,#4250,.T.);
#5512=ORIENTED_EDGE('',*,*,#4248,.T.);
#5513=ORIENTED_EDGE('',*,*,#4251,.T.);
#5514=ORIENTED_EDGE('',*,*,#4252,.F.);
#5515=ORIENTED_EDGE('',*,*,#4253,.F.);
#5516=ORIENTED_EDGE('',*,*,#4254,.F.);
#5517=ORIENTED_EDGE('',*,*,#4227,.T.);
#5518=ORIENTED_EDGE('',*,*,#4255,.T.);
#5519=ORIENTED_EDGE('',*,*,#4253,.T.);
#5520=ORIENTED_EDGE('',*,*,#4256,.T.);
#5521=ORIENTED_EDGE('',*,*,#4254,.T.);
#5522=ORIENTED_EDGE('',*,*,#4257,.T.);
#5523=ORIENTED_EDGE('',*,*,#4240,.T.);
#5524=ORIENTED_EDGE('',*,*,#4258,.T.);
#5525=ORIENTED_EDGE('',*,*,#4259,.F.);
#5526=ORIENTED_EDGE('',*,*,#4260,.F.);
#5527=ORIENTED_EDGE('',*,*,#4261,.F.);
#5528=ORIENTED_EDGE('',*,*,#4262,.T.);
#5529=ORIENTED_EDGE('',*,*,#4217,.F.);
#5530=ORIENTED_EDGE('',*,*,#4263,.T.);
#5531=ORIENTED_EDGE('',*,*,#4260,.T.);
#5532=ORIENTED_EDGE('',*,*,#4264,.T.);
#5533=ORIENTED_EDGE('',*,*,#4265,.F.);
#5534=ORIENTED_EDGE('',*,*,#4266,.F.);
#5535=ORIENTED_EDGE('',*,*,#4267,.F.);
#5536=ORIENTED_EDGE('',*,*,#4215,.T.);
#5537=ORIENTED_EDGE('',*,*,#4268,.T.);
#5538=ORIENTED_EDGE('',*,*,#4266,.T.);
#5539=ORIENTED_EDGE('',*,*,#4269,.T.);
#5540=ORIENTED_EDGE('',*,*,#4267,.T.);
#5541=ORIENTED_EDGE('',*,*,#4270,.T.);
#5542=ORIENTED_EDGE('',*,*,#4252,.T.);
#5543=ORIENTED_EDGE('',*,*,#4271,.T.);
#5544=ORIENTED_EDGE('',*,*,#4261,.T.);
#5545=ORIENTED_EDGE('',*,*,#4272,.T.);
#5546=ORIENTED_EDGE('',*,*,#4265,.T.);
#5547=ORIENTED_EDGE('',*,*,#4273,.T.);
#5548=ORIENTED_EDGE('',*,*,#4249,.T.);
#5549=ORIENTED_EDGE('',*,*,#4274,.T.);
#5550=ORIENTED_EDGE('',*,*,#4259,.T.);
#5551=ORIENTED_EDGE('',*,*,#4275,.T.);
#5552=ORIENTED_EDGE('',*,*,#4237,.T.);
#5553=ORIENTED_EDGE('',*,*,#4276,.T.);
#5554=ORIENTED_EDGE('',*,*,#4247,.T.);
#5555=ORIENTED_EDGE('',*,*,#4277,.T.);
#5556=ORIENTED_EDGE('',*,*,#4231,.T.);
#5557=ORIENTED_EDGE('',*,*,#4278,.T.);
#5558=ORIENTED_EDGE('',*,*,#4235,.T.);
#5559=ORIENTED_EDGE('',*,*,#4279,.T.);
#5560=ORIENTED_EDGE('',*,*,#4239,.F.);
#5561=ORIENTED_EDGE('',*,*,#4278,.F.);
#5562=ORIENTED_EDGE('',*,*,#4233,.F.);
#5563=ORIENTED_EDGE('',*,*,#4222,.F.);
#5564=ORIENTED_EDGE('',*,*,#4234,.F.);
#5565=ORIENTED_EDGE('',*,*,#4245,.F.);
#5566=ORIENTED_EDGE('',*,*,#4243,.F.);
#5567=ORIENTED_EDGE('',*,*,#4224,.F.);
#5568=ORIENTED_EDGE('',*,*,#4244,.F.);
#5569=ORIENTED_EDGE('',*,*,#4257,.F.);
#5570=ORIENTED_EDGE('',*,*,#4255,.F.);
#5571=ORIENTED_EDGE('',*,*,#4226,.F.);
#5572=ORIENTED_EDGE('',*,*,#4256,.F.);
#5573=ORIENTED_EDGE('',*,*,#4270,.F.);
#5574=ORIENTED_EDGE('',*,*,#4268,.F.);
#5575=ORIENTED_EDGE('',*,*,#4228,.F.);
#5576=ORIENTED_EDGE('',*,*,#4262,.F.);
#5577=ORIENTED_EDGE('',*,*,#4273,.F.);
#5578=ORIENTED_EDGE('',*,*,#4271,.F.);
#5579=ORIENTED_EDGE('',*,*,#4258,.F.);
#5580=ORIENTED_EDGE('',*,*,#4246,.F.);
#5581=ORIENTED_EDGE('',*,*,#4232,.F.);
#5582=ORIENTED_EDGE('',*,*,#4279,.F.);
#5583=ORIENTED_EDGE('',*,*,#4277,.F.);
#5584=ORIENTED_EDGE('',*,*,#4275,.F.);
#5585=ORIENTED_EDGE('',*,*,#4263,.F.);
#5586=ORIENTED_EDGE('',*,*,#4216,.F.);
#5587=ORIENTED_EDGE('',*,*,#4269,.F.);
#5588=ORIENTED_EDGE('',*,*,#4272,.F.);
#5589=ORIENTED_EDGE('',*,*,#4250,.F.);
#5590=ORIENTED_EDGE('',*,*,#4218,.F.);
#5591=ORIENTED_EDGE('',*,*,#4264,.F.);
#5592=ORIENTED_EDGE('',*,*,#4274,.F.);
#5593=ORIENTED_EDGE('',*,*,#4238,.F.);
#5594=ORIENTED_EDGE('',*,*,#4220,.F.);
#5595=ORIENTED_EDGE('',*,*,#4251,.F.);
#5596=ORIENTED_EDGE('',*,*,#4276,.F.);
#5597=ORIENTED_EDGE('',*,*,#4280,.F.);
#5598=ORIENTED_EDGE('',*,*,#4281,.F.);
#5599=ORIENTED_EDGE('',*,*,#4282,.F.);
#5600=ORIENTED_EDGE('',*,*,#4283,.F.);
#5601=ORIENTED_EDGE('',*,*,#4284,.F.);
#5602=ORIENTED_EDGE('',*,*,#4285,.F.);
#5603=ORIENTED_EDGE('',*,*,#4286,.F.);
#5604=ORIENTED_EDGE('',*,*,#4287,.F.);
#5605=ORIENTED_EDGE('',*,*,#4288,.F.);
#5606=ORIENTED_EDGE('',*,*,#4289,.F.);
#5607=ORIENTED_EDGE('',*,*,#4290,.F.);
#5608=ORIENTED_EDGE('',*,*,#4291,.F.);
#5609=ORIENTED_EDGE('',*,*,#4292,.F.);
#5610=ORIENTED_EDGE('',*,*,#4293,.F.);
#5611=ORIENTED_EDGE('',*,*,#4294,.F.);
#5612=ORIENTED_EDGE('',*,*,#4295,.F.);
#5613=ORIENTED_EDGE('',*,*,#4296,.F.);
#5614=ORIENTED_EDGE('',*,*,#4297,.F.);
#5615=ORIENTED_EDGE('',*,*,#4298,.F.);
#5616=ORIENTED_EDGE('',*,*,#4299,.F.);
#5617=ORIENTED_EDGE('',*,*,#4300,.F.);
#5618=ORIENTED_EDGE('',*,*,#4301,.F.);
#5619=ORIENTED_EDGE('',*,*,#4302,.F.);
#5620=ORIENTED_EDGE('',*,*,#4303,.F.);
#5621=ORIENTED_EDGE('',*,*,#4304,.F.);
#5622=ORIENTED_EDGE('',*,*,#4305,.F.);
#5623=ORIENTED_EDGE('',*,*,#4306,.F.);
#5624=ORIENTED_EDGE('',*,*,#4307,.F.);
#5625=ORIENTED_EDGE('',*,*,#4308,.F.);
#5626=ORIENTED_EDGE('',*,*,#4309,.F.);
#5627=ORIENTED_EDGE('',*,*,#4310,.F.);
#5628=ORIENTED_EDGE('',*,*,#4311,.F.);
#5629=ORIENTED_EDGE('',*,*,#4312,.F.);
#5630=ORIENTED_EDGE('',*,*,#4313,.F.);
#5631=ORIENTED_EDGE('',*,*,#4314,.F.);
#5632=ORIENTED_EDGE('',*,*,#4315,.F.);
#5633=ORIENTED_EDGE('',*,*,#4316,.F.);
#5634=ORIENTED_EDGE('',*,*,#4317,.T.);
#5635=ORIENTED_EDGE('',*,*,#4314,.T.);
#5636=ORIENTED_EDGE('',*,*,#4318,.T.);
#5637=ORIENTED_EDGE('',*,*,#4295,.T.);
#5638=ORIENTED_EDGE('',*,*,#4319,.T.);
#5639=ORIENTED_EDGE('',*,*,#4287,.T.);
#5640=ORIENTED_EDGE('',*,*,#4320,.T.);
#5641=ORIENTED_EDGE('',*,*,#4297,.T.);
#5642=ORIENTED_EDGE('',*,*,#4321,.T.);
#5643=ORIENTED_EDGE('',*,*,#4291,.T.);
#5644=ORIENTED_EDGE('',*,*,#4322,.T.);
#5645=ORIENTED_EDGE('',*,*,#4298,.T.);
#5646=ORIENTED_EDGE('',*,*,#4323,.T.);
#5647=ORIENTED_EDGE('',*,*,#4283,.T.);
#5648=ORIENTED_EDGE('',*,*,#4324,.T.);
#5649=ORIENTED_EDGE('',*,*,#4299,.T.);
#5650=ORIENTED_EDGE('',*,*,#4325,.T.);
#5651=ORIENTED_EDGE('',*,*,#4302,.T.);
#5652=ORIENTED_EDGE('',*,*,#4326,.T.);
#5653=ORIENTED_EDGE('',*,*,#4300,.T.);
#5654=ORIENTED_EDGE('',*,*,#4327,.T.);
#5655=ORIENTED_EDGE('',*,*,#4303,.T.);
#5656=ORIENTED_EDGE('',*,*,#4328,.T.);
#5657=ORIENTED_EDGE('',*,*,#4282,.T.);
#5658=ORIENTED_EDGE('',*,*,#4324,.F.);
#5659=ORIENTED_EDGE('',*,*,#4328,.F.);
#5660=ORIENTED_EDGE('',*,*,#4325,.F.);
#5661=ORIENTED_EDGE('',*,*,#4329,.T.);
#5662=ORIENTED_EDGE('',*,*,#4280,.T.);
#5663=ORIENTED_EDGE('',*,*,#4330,.T.);
#5664=ORIENTED_EDGE('',*,*,#4290,.T.);
#5665=ORIENTED_EDGE('',*,*,#4322,.F.);
#5666=ORIENTED_EDGE('',*,*,#4330,.F.);
#5667=ORIENTED_EDGE('',*,*,#4323,.F.);
#5668=ORIENTED_EDGE('',*,*,#4331,.T.);
#5669=ORIENTED_EDGE('',*,*,#4306,.T.);
#5670=ORIENTED_EDGE('',*,*,#4332,.T.);
#5671=ORIENTED_EDGE('',*,*,#4293,.T.);
#5672=ORIENTED_EDGE('',*,*,#4333,.F.);
#5673=ORIENTED_EDGE('',*,*,#4307,.T.);
#5674=ORIENTED_EDGE('',*,*,#4334,.T.);
#5675=ORIENTED_EDGE('',*,*,#4301,.T.);
#5676=ORIENTED_EDGE('',*,*,#4326,.F.);
#5677=ORIENTED_EDGE('',*,*,#4334,.F.);
#5678=ORIENTED_EDGE('',*,*,#4331,.F.);
#5679=ORIENTED_EDGE('',*,*,#4292,.T.);
#5680=ORIENTED_EDGE('',*,*,#4335,.T.);
#5681=ORIENTED_EDGE('',*,*,#4288,.T.);
#5682=ORIENTED_EDGE('',*,*,#4336,.T.);
#5683=ORIENTED_EDGE('',*,*,#4286,.T.);
#5684=ORIENTED_EDGE('',*,*,#4320,.F.);
#5685=ORIENTED_EDGE('',*,*,#4336,.F.);
#5686=ORIENTED_EDGE('',*,*,#4321,.F.);
#5687=ORIENTED_EDGE('',*,*,#4337,.T.);
#5688=ORIENTED_EDGE('',*,*,#4310,.T.);
#5689=ORIENTED_EDGE('',*,*,#4338,.T.);
#5690=ORIENTED_EDGE('',*,*,#4294,.T.);
#5691=ORIENTED_EDGE('',*,*,#4339,.T.);
#5692=ORIENTED_EDGE('',*,*,#4311,.T.);
#5693=ORIENTED_EDGE('',*,*,#4340,.T.);
#5694=ORIENTED_EDGE('',*,*,#4305,.T.);
#5695=ORIENTED_EDGE('',*,*,#4332,.F.);
#5696=ORIENTED_EDGE('',*,*,#4340,.F.);
#5697=ORIENTED_EDGE('',*,*,#4337,.F.);
#5698=ORIENTED_EDGE('',*,*,#4341,.F.);
#5699=ORIENTED_EDGE('',*,*,#4284,.T.);
#5700=ORIENTED_EDGE('',*,*,#4342,.T.);
#5701=ORIENTED_EDGE('',*,*,#4313,.T.);
#5702=ORIENTED_EDGE('',*,*,#4318,.F.);
#5703=ORIENTED_EDGE('',*,*,#4342,.F.);
#5704=ORIENTED_EDGE('',*,*,#4319,.F.);
#5705=ORIENTED_EDGE('',*,*,#4296,.T.);
#5706=ORIENTED_EDGE('',*,*,#4343,.T.);
#5707=ORIENTED_EDGE('',*,*,#4315,.T.);
#5708=ORIENTED_EDGE('',*,*,#4344,.T.);
#5709=ORIENTED_EDGE('',*,*,#4309,.T.);
#5710=ORIENTED_EDGE('',*,*,#4338,.F.);
#5711=ORIENTED_EDGE('',*,*,#4344,.F.);
#5712=ORIENTED_EDGE('',*,*,#4317,.F.);
#5713=ORIENTED_EDGE('',*,*,#4327,.F.);
#5714=ORIENTED_EDGE('',*,*,#4281,.T.);
#5715=ORIENTED_EDGE('',*,*,#4329,.F.);
#5716=ORIENTED_EDGE('',*,*,#4289,.T.);
#5717=ORIENTED_EDGE('',*,*,#4335,.F.);
#5718=ORIENTED_EDGE('',*,*,#4285,.T.);
#5719=ORIENTED_EDGE('',*,*,#4341,.T.);
#5720=ORIENTED_EDGE('',*,*,#4316,.T.);
#5721=ORIENTED_EDGE('',*,*,#4343,.F.);
#5722=ORIENTED_EDGE('',*,*,#4312,.T.);
#5723=ORIENTED_EDGE('',*,*,#4339,.F.);
#5724=ORIENTED_EDGE('',*,*,#4308,.T.);
#5725=ORIENTED_EDGE('',*,*,#4333,.T.);
#5726=ORIENTED_EDGE('',*,*,#4304,.T.);
#5727=ORIENTED_EDGE('',*,*,#4345,.F.);
#5728=ORIENTED_EDGE('',*,*,#4346,.T.);
#5729=ORIENTED_EDGE('',*,*,#4347,.F.);
#5730=ORIENTED_EDGE('',*,*,#4348,.T.);
#5731=ORIENTED_EDGE('',*,*,#4349,.T.);
#5732=ORIENTED_EDGE('',*,*,#4350,.T.);
#5733=ORIENTED_EDGE('',*,*,#4351,.F.);
#5734=ORIENTED_EDGE('',*,*,#4352,.T.);
#5735=ORIENTED_EDGE('',*,*,#4353,.F.);
#5736=ORIENTED_EDGE('',*,*,#4354,.T.);
#5737=ORIENTED_EDGE('',*,*,#4355,.F.);
#5738=ORIENTED_EDGE('',*,*,#4356,.T.);
#5739=ORIENTED_EDGE('',*,*,#4357,.T.);
#5740=ORIENTED_EDGE('',*,*,#4358,.T.);
#5741=ORIENTED_EDGE('',*,*,#4359,.F.);
#5742=ORIENTED_EDGE('',*,*,#4360,.F.);
#5743=ORIENTED_EDGE('',*,*,#4361,.F.);
#5744=ORIENTED_EDGE('',*,*,#4353,.T.);
#5745=ORIENTED_EDGE('',*,*,#4362,.T.);
#5746=ORIENTED_EDGE('',*,*,#4360,.T.);
#5747=ORIENTED_EDGE('',*,*,#4363,.T.);
#5748=ORIENTED_EDGE('',*,*,#4364,.F.);
#5749=ORIENTED_EDGE('',*,*,#4365,.F.);
#5750=ORIENTED_EDGE('',*,*,#4366,.F.);
#5751=ORIENTED_EDGE('',*,*,#4351,.T.);
#5752=ORIENTED_EDGE('',*,*,#4367,.T.);
#5753=ORIENTED_EDGE('',*,*,#4365,.T.);
#5754=ORIENTED_EDGE('',*,*,#4368,.T.);
#5755=ORIENTED_EDGE('',*,*,#4369,.F.);
#5756=ORIENTED_EDGE('',*,*,#4370,.F.);
#5757=ORIENTED_EDGE('',*,*,#4371,.F.);
#5758=ORIENTED_EDGE('',*,*,#4355,.T.);
#5759=ORIENTED_EDGE('',*,*,#4372,.T.);
#5760=ORIENTED_EDGE('',*,*,#4370,.T.);
#5761=ORIENTED_EDGE('',*,*,#4373,.T.);
#5762=ORIENTED_EDGE('',*,*,#4371,.T.);
#5763=ORIENTED_EDGE('',*,*,#4374,.T.);
#5764=ORIENTED_EDGE('',*,*,#4359,.T.);
#5765=ORIENTED_EDGE('',*,*,#4375,.T.);
#5766=ORIENTED_EDGE('',*,*,#4376,.F.);
#5767=ORIENTED_EDGE('',*,*,#4377,.F.);
#5768=ORIENTED_EDGE('',*,*,#4378,.F.);
#5769=ORIENTED_EDGE('',*,*,#4379,.T.);
#5770=ORIENTED_EDGE('',*,*,#4349,.F.);
#5771=ORIENTED_EDGE('',*,*,#4380,.T.);
#5772=ORIENTED_EDGE('',*,*,#4377,.T.);
#5773=ORIENTED_EDGE('',*,*,#4381,.T.);
#5774=ORIENTED_EDGE('',*,*,#4382,.F.);
#5775=ORIENTED_EDGE('',*,*,#4383,.F.);
#5776=ORIENTED_EDGE('',*,*,#4384,.F.);
#5777=ORIENTED_EDGE('',*,*,#4385,.T.);
#5778=ORIENTED_EDGE('',*,*,#4357,.F.);
#5779=ORIENTED_EDGE('',*,*,#4386,.T.);
#5780=ORIENTED_EDGE('',*,*,#4383,.T.);
#5781=ORIENTED_EDGE('',*,*,#4387,.T.);
#5782=ORIENTED_EDGE('',*,*,#4384,.T.);
#5783=ORIENTED_EDGE('',*,*,#4388,.T.);
#5784=ORIENTED_EDGE('',*,*,#4369,.T.);
#5785=ORIENTED_EDGE('',*,*,#4389,.T.);
#5786=ORIENTED_EDGE('',*,*,#4390,.F.);
#5787=ORIENTED_EDGE('',*,*,#4391,.F.);
#5788=ORIENTED_EDGE('',*,*,#4392,.F.);
#5789=ORIENTED_EDGE('',*,*,#4347,.T.);
#5790=ORIENTED_EDGE('',*,*,#4393,.T.);
#5791=ORIENTED_EDGE('',*,*,#4391,.T.);
#5792=ORIENTED_EDGE('',*,*,#4394,.T.);
#5793=ORIENTED_EDGE('',*,*,#4395,.F.);
#5794=ORIENTED_EDGE('',*,*,#4396,.F.);
#5795=ORIENTED_EDGE('',*,*,#4397,.F.);
#5796=ORIENTED_EDGE('',*,*,#4345,.T.);
#5797=ORIENTED_EDGE('',*,*,#4398,.T.);
#5798=ORIENTED_EDGE('',*,*,#4396,.T.);
#5799=ORIENTED_EDGE('',*,*,#4399,.T.);
#5800=ORIENTED_EDGE('',*,*,#4397,.T.);
#5801=ORIENTED_EDGE('',*,*,#4400,.T.);
#5802=ORIENTED_EDGE('',*,*,#4382,.T.);
#5803=ORIENTED_EDGE('',*,*,#4401,.T.);
#5804=ORIENTED_EDGE('',*,*,#4392,.T.);
#5805=ORIENTED_EDGE('',*,*,#4402,.T.);
#5806=ORIENTED_EDGE('',*,*,#4395,.T.);
#5807=ORIENTED_EDGE('',*,*,#4403,.T.);
#5808=ORIENTED_EDGE('',*,*,#4378,.T.);
#5809=ORIENTED_EDGE('',*,*,#4404,.T.);
#5810=ORIENTED_EDGE('',*,*,#4390,.T.);
#5811=ORIENTED_EDGE('',*,*,#4405,.T.);
#5812=ORIENTED_EDGE('',*,*,#4366,.T.);
#5813=ORIENTED_EDGE('',*,*,#4406,.T.);
#5814=ORIENTED_EDGE('',*,*,#4376,.T.);
#5815=ORIENTED_EDGE('',*,*,#4407,.T.);
#5816=ORIENTED_EDGE('',*,*,#4361,.T.);
#5817=ORIENTED_EDGE('',*,*,#4408,.T.);
#5818=ORIENTED_EDGE('',*,*,#4364,.T.);
#5819=ORIENTED_EDGE('',*,*,#4409,.T.);
#5820=ORIENTED_EDGE('',*,*,#4368,.F.);
#5821=ORIENTED_EDGE('',*,*,#4408,.F.);
#5822=ORIENTED_EDGE('',*,*,#4362,.F.);
#5823=ORIENTED_EDGE('',*,*,#4352,.F.);
#5824=ORIENTED_EDGE('',*,*,#4363,.F.);
#5825=ORIENTED_EDGE('',*,*,#4374,.F.);
#5826=ORIENTED_EDGE('',*,*,#4372,.F.);
#5827=ORIENTED_EDGE('',*,*,#4354,.F.);
#5828=ORIENTED_EDGE('',*,*,#4373,.F.);
#5829=ORIENTED_EDGE('',*,*,#4388,.F.);
#5830=ORIENTED_EDGE('',*,*,#4386,.F.);
#5831=ORIENTED_EDGE('',*,*,#4356,.F.);
#5832=ORIENTED_EDGE('',*,*,#4387,.F.);
#5833=ORIENTED_EDGE('',*,*,#4400,.F.);
#5834=ORIENTED_EDGE('',*,*,#4398,.F.);
#5835=ORIENTED_EDGE('',*,*,#4358,.F.);
#5836=ORIENTED_EDGE('',*,*,#4385,.F.);
#5837=ORIENTED_EDGE('',*,*,#4389,.F.);
#5838=ORIENTED_EDGE('',*,*,#4375,.F.);
#5839=ORIENTED_EDGE('',*,*,#4409,.F.);
#5840=ORIENTED_EDGE('',*,*,#4407,.F.);
#5841=ORIENTED_EDGE('',*,*,#4379,.F.);
#5842=ORIENTED_EDGE('',*,*,#4405,.F.);
#5843=ORIENTED_EDGE('',*,*,#4403,.F.);
#5844=ORIENTED_EDGE('',*,*,#4401,.F.);
#5845=ORIENTED_EDGE('',*,*,#4393,.F.);
#5846=ORIENTED_EDGE('',*,*,#4346,.F.);
#5847=ORIENTED_EDGE('',*,*,#4399,.F.);
#5848=ORIENTED_EDGE('',*,*,#4402,.F.);
#5849=ORIENTED_EDGE('',*,*,#4380,.F.);
#5850=ORIENTED_EDGE('',*,*,#4348,.F.);
#5851=ORIENTED_EDGE('',*,*,#4394,.F.);
#5852=ORIENTED_EDGE('',*,*,#4404,.F.);
#5853=ORIENTED_EDGE('',*,*,#4367,.F.);
#5854=ORIENTED_EDGE('',*,*,#4350,.F.);
#5855=ORIENTED_EDGE('',*,*,#4381,.F.);
#5856=ORIENTED_EDGE('',*,*,#4406,.F.);
#5857=ORIENTED_EDGE('',*,*,#4410,.F.);
#5858=ORIENTED_EDGE('',*,*,#4411,.T.);
#5859=ORIENTED_EDGE('',*,*,#4412,.T.);
#5860=ORIENTED_EDGE('',*,*,#4413,.T.);
#5861=ORIENTED_EDGE('',*,*,#4414,.F.);
#5862=ORIENTED_EDGE('',*,*,#4415,.T.);
#5863=ORIENTED_EDGE('',*,*,#4416,.F.);
#5864=ORIENTED_EDGE('',*,*,#4417,.T.);
#5865=ORIENTED_EDGE('',*,*,#4418,.F.);
#5866=ORIENTED_EDGE('',*,*,#4419,.T.);
#5867=ORIENTED_EDGE('',*,*,#4420,.T.);
#5868=ORIENTED_EDGE('',*,*,#4421,.T.);
#5869=ORIENTED_EDGE('',*,*,#4422,.F.);
#5870=ORIENTED_EDGE('',*,*,#4423,.T.);
#5871=ORIENTED_EDGE('',*,*,#4424,.F.);
#5872=ORIENTED_EDGE('',*,*,#4425,.F.);
#5873=ORIENTED_EDGE('',*,*,#4426,.F.);
#5874=ORIENTED_EDGE('',*,*,#4418,.T.);
#5875=ORIENTED_EDGE('',*,*,#4427,.T.);
#5876=ORIENTED_EDGE('',*,*,#4425,.T.);
#5877=ORIENTED_EDGE('',*,*,#4428,.T.);
#5878=ORIENTED_EDGE('',*,*,#4429,.F.);
#5879=ORIENTED_EDGE('',*,*,#4430,.F.);
#5880=ORIENTED_EDGE('',*,*,#4431,.F.);
#5881=ORIENTED_EDGE('',*,*,#4416,.T.);
#5882=ORIENTED_EDGE('',*,*,#4432,.T.);
#5883=ORIENTED_EDGE('',*,*,#4430,.T.);
#5884=ORIENTED_EDGE('',*,*,#4433,.T.);
#5885=ORIENTED_EDGE('',*,*,#4434,.F.);
#5886=ORIENTED_EDGE('',*,*,#4435,.F.);
#5887=ORIENTED_EDGE('',*,*,#4436,.F.);
#5888=ORIENTED_EDGE('',*,*,#4437,.T.);
#5889=ORIENTED_EDGE('',*,*,#4420,.F.);
#5890=ORIENTED_EDGE('',*,*,#4438,.T.);
#5891=ORIENTED_EDGE('',*,*,#4435,.T.);
#5892=ORIENTED_EDGE('',*,*,#4439,.T.);
#5893=ORIENTED_EDGE('',*,*,#4436,.T.);
#5894=ORIENTED_EDGE('',*,*,#4440,.T.);
#5895=ORIENTED_EDGE('',*,*,#4424,.T.);
#5896=ORIENTED_EDGE('',*,*,#4441,.T.);
#5897=ORIENTED_EDGE('',*,*,#4442,.F.);
#5898=ORIENTED_EDGE('',*,*,#4443,.F.);
#5899=ORIENTED_EDGE('',*,*,#4444,.F.);
#5900=ORIENTED_EDGE('',*,*,#4414,.T.);
#5901=ORIENTED_EDGE('',*,*,#4445,.T.);
#5902=ORIENTED_EDGE('',*,*,#4443,.T.);
#5903=ORIENTED_EDGE('',*,*,#4446,.T.);
#5904=ORIENTED_EDGE('',*,*,#4447,.F.);
#5905=ORIENTED_EDGE('',*,*,#4448,.F.);
#5906=ORIENTED_EDGE('',*,*,#4449,.F.);
#5907=ORIENTED_EDGE('',*,*,#4422,.T.);
#5908=ORIENTED_EDGE('',*,*,#4450,.T.);
#5909=ORIENTED_EDGE('',*,*,#4448,.T.);
#5910=ORIENTED_EDGE('',*,*,#4451,.T.);
#5911=ORIENTED_EDGE('',*,*,#4449,.T.);
#5912=ORIENTED_EDGE('',*,*,#4452,.T.);
#5913=ORIENTED_EDGE('',*,*,#4434,.T.);
#5914=ORIENTED_EDGE('',*,*,#4453,.T.);
#5915=ORIENTED_EDGE('',*,*,#4454,.F.);
#5916=ORIENTED_EDGE('',*,*,#4455,.F.);
#5917=ORIENTED_EDGE('',*,*,#4456,.F.);
#5918=ORIENTED_EDGE('',*,*,#4457,.T.);
#5919=ORIENTED_EDGE('',*,*,#4412,.F.);
#5920=ORIENTED_EDGE('',*,*,#4458,.T.);
#5921=ORIENTED_EDGE('',*,*,#4455,.T.);
#5922=ORIENTED_EDGE('',*,*,#4459,.T.);
#5923=ORIENTED_EDGE('',*,*,#4460,.F.);
#5924=ORIENTED_EDGE('',*,*,#4461,.F.);
#5925=ORIENTED_EDGE('',*,*,#4462,.F.);
#5926=ORIENTED_EDGE('',*,*,#4410,.T.);
#5927=ORIENTED_EDGE('',*,*,#4463,.T.);
#5928=ORIENTED_EDGE('',*,*,#4461,.T.);
#5929=ORIENTED_EDGE('',*,*,#4464,.T.);
#5930=ORIENTED_EDGE('',*,*,#4462,.T.);
#5931=ORIENTED_EDGE('',*,*,#4465,.T.);
#5932=ORIENTED_EDGE('',*,*,#4447,.T.);
#5933=ORIENTED_EDGE('',*,*,#4466,.T.);
#5934=ORIENTED_EDGE('',*,*,#4456,.T.);
#5935=ORIENTED_EDGE('',*,*,#4467,.T.);
#5936=ORIENTED_EDGE('',*,*,#4460,.T.);
#5937=ORIENTED_EDGE('',*,*,#4468,.T.);
#5938=ORIENTED_EDGE('',*,*,#4444,.T.);
#5939=ORIENTED_EDGE('',*,*,#4469,.T.);
#5940=ORIENTED_EDGE('',*,*,#4454,.T.);
#5941=ORIENTED_EDGE('',*,*,#4470,.T.);
#5942=ORIENTED_EDGE('',*,*,#4431,.T.);
#5943=ORIENTED_EDGE('',*,*,#4471,.T.);
#5944=ORIENTED_EDGE('',*,*,#4442,.T.);
#5945=ORIENTED_EDGE('',*,*,#4472,.T.);
#5946=ORIENTED_EDGE('',*,*,#4426,.T.);
#5947=ORIENTED_EDGE('',*,*,#4473,.T.);
#5948=ORIENTED_EDGE('',*,*,#4429,.T.);
#5949=ORIENTED_EDGE('',*,*,#4474,.T.);
#5950=ORIENTED_EDGE('',*,*,#4433,.F.);
#5951=ORIENTED_EDGE('',*,*,#4473,.F.);
#5952=ORIENTED_EDGE('',*,*,#4427,.F.);
#5953=ORIENTED_EDGE('',*,*,#4417,.F.);
#5954=ORIENTED_EDGE('',*,*,#4428,.F.);
#5955=ORIENTED_EDGE('',*,*,#4440,.F.);
#5956=ORIENTED_EDGE('',*,*,#4438,.F.);
#5957=ORIENTED_EDGE('',*,*,#4419,.F.);
#5958=ORIENTED_EDGE('',*,*,#4439,.F.);
#5959=ORIENTED_EDGE('',*,*,#4452,.F.);
#5960=ORIENTED_EDGE('',*,*,#4450,.F.);
#5961=ORIENTED_EDGE('',*,*,#4421,.F.);
#5962=ORIENTED_EDGE('',*,*,#4451,.F.);
#5963=ORIENTED_EDGE('',*,*,#4465,.F.);
#5964=ORIENTED_EDGE('',*,*,#4463,.F.);
#5965=ORIENTED_EDGE('',*,*,#4423,.F.);
#5966=ORIENTED_EDGE('',*,*,#4457,.F.);
#5967=ORIENTED_EDGE('',*,*,#4468,.F.);
#5968=ORIENTED_EDGE('',*,*,#4466,.F.);
#5969=ORIENTED_EDGE('',*,*,#4453,.F.);
#5970=ORIENTED_EDGE('',*,*,#4437,.F.);
#5971=ORIENTED_EDGE('',*,*,#4441,.F.);
#5972=ORIENTED_EDGE('',*,*,#4474,.F.);
#5973=ORIENTED_EDGE('',*,*,#4472,.F.);
#5974=ORIENTED_EDGE('',*,*,#4470,.F.);
#5975=ORIENTED_EDGE('',*,*,#4445,.F.);
#5976=ORIENTED_EDGE('',*,*,#4413,.F.);
#5977=ORIENTED_EDGE('',*,*,#4459,.F.);
#5978=ORIENTED_EDGE('',*,*,#4469,.F.);
#5979=ORIENTED_EDGE('',*,*,#4432,.F.);
#5980=ORIENTED_EDGE('',*,*,#4415,.F.);
#5981=ORIENTED_EDGE('',*,*,#4446,.F.);
#5982=ORIENTED_EDGE('',*,*,#4471,.F.);
#5983=ORIENTED_EDGE('',*,*,#4458,.F.);
#5984=ORIENTED_EDGE('',*,*,#4411,.F.);
#5985=ORIENTED_EDGE('',*,*,#4464,.F.);
#5986=ORIENTED_EDGE('',*,*,#4467,.F.);
#5987=ORIENTED_EDGE('',*,*,#4475,.T.);
#5988=ORIENTED_EDGE('',*,*,#4476,.T.);
#5989=ORIENTED_EDGE('',*,*,#4477,.F.);
#5990=ORIENTED_EDGE('',*,*,#4478,.T.);
#5991=ORIENTED_EDGE('',*,*,#4479,.F.);
#5992=ORIENTED_EDGE('',*,*,#4480,.F.);
#5993=ORIENTED_EDGE('',*,*,#4481,.F.);
#5994=ORIENTED_EDGE('',*,*,#4482,.T.);
#5995=ORIENTED_EDGE('',*,*,#4483,.F.);
#5996=ORIENTED_EDGE('',*,*,#4484,.T.);
#5997=ORIENTED_EDGE('',*,*,#4485,.F.);
#5998=ORIENTED_EDGE('',*,*,#4484,.F.);
#5999=ORIENTED_EDGE('',*,*,#4486,.F.);
#6000=ORIENTED_EDGE('',*,*,#4478,.F.);
#6001=ORIENTED_EDGE('',*,*,#4487,.F.);
#6002=ORIENTED_EDGE('',*,*,#4488,.T.);
#6003=ORIENTED_EDGE('',*,*,#4489,.F.);
#6004=ORIENTED_EDGE('',*,*,#4490,.F.);
#6005=ORIENTED_EDGE('',*,*,#4491,.F.);
#6006=ORIENTED_EDGE('',*,*,#4492,.T.);
#6007=ORIENTED_EDGE('',*,*,#4493,.F.);
#6008=ORIENTED_EDGE('',*,*,#4494,.T.);
#6009=ORIENTED_EDGE('',*,*,#4495,.F.);
#6010=ORIENTED_EDGE('',*,*,#4494,.F.);
#6011=ORIENTED_EDGE('',*,*,#4496,.F.);
#6012=ORIENTED_EDGE('',*,*,#4488,.F.);
#6013=ORIENTED_EDGE('',*,*,#4497,.F.);
#6014=ORIENTED_EDGE('',*,*,#4498,.T.);
#6015=ORIENTED_EDGE('',*,*,#4499,.F.);
#6016=ORIENTED_EDGE('',*,*,#4500,.F.);
#6017=ORIENTED_EDGE('',*,*,#4501,.F.);
#6018=ORIENTED_EDGE('',*,*,#4502,.T.);
#6019=ORIENTED_EDGE('',*,*,#4503,.F.);
#6020=ORIENTED_EDGE('',*,*,#4504,.T.);
#6021=ORIENTED_EDGE('',*,*,#4505,.F.);
#6022=ORIENTED_EDGE('',*,*,#4504,.F.);
#6023=ORIENTED_EDGE('',*,*,#4506,.F.);
#6024=ORIENTED_EDGE('',*,*,#4498,.F.);
#6025=ORIENTED_EDGE('',*,*,#4507,.F.);
#6026=ORIENTED_EDGE('',*,*,#4508,.T.);
#6027=ORIENTED_EDGE('',*,*,#4509,.F.);
#6028=ORIENTED_EDGE('',*,*,#4510,.F.);
#6029=ORIENTED_EDGE('',*,*,#4511,.F.);
#6030=ORIENTED_EDGE('',*,*,#4512,.T.);
#6031=ORIENTED_EDGE('',*,*,#4513,.F.);
#6032=ORIENTED_EDGE('',*,*,#4514,.T.);
#6033=ORIENTED_EDGE('',*,*,#4515,.F.);
#6034=ORIENTED_EDGE('',*,*,#4514,.F.);
#6035=ORIENTED_EDGE('',*,*,#4516,.F.);
#6036=ORIENTED_EDGE('',*,*,#4508,.F.);
#6037=ORIENTED_EDGE('',*,*,#4517,.F.);
#6038=ORIENTED_EDGE('',*,*,#4518,.T.);
#6039=ORIENTED_EDGE('',*,*,#4519,.F.);
#6040=ORIENTED_EDGE('',*,*,#4520,.T.);
#6041=ORIENTED_EDGE('',*,*,#4521,.F.);
#6042=ORIENTED_EDGE('',*,*,#4522,.F.);
#6043=ORIENTED_EDGE('',*,*,#4523,.F.);
#6044=ORIENTED_EDGE('',*,*,#4518,.F.);
#6045=ORIENTED_EDGE('',*,*,#4524,.F.);
#6046=ORIENTED_EDGE('',*,*,#4525,.T.);
#6047=ORIENTED_EDGE('',*,*,#4526,.F.);
#6048=ORIENTED_EDGE('',*,*,#4522,.T.);
#6049=ORIENTED_EDGE('',*,*,#4527,.F.);
#6050=ORIENTED_EDGE('',*,*,#4519,.T.);
#6051=ORIENTED_EDGE('',*,*,#4528,.F.);
#6052=ORIENTED_EDGE('',*,*,#4529,.T.);
#6053=ORIENTED_EDGE('',*,*,#4528,.T.);
#6054=ORIENTED_EDGE('',*,*,#4523,.T.);
#6055=ORIENTED_EDGE('',*,*,#4530,.F.);
#6056=ORIENTED_EDGE('',*,*,#4531,.T.);
#6057=ORIENTED_EDGE('',*,*,#4530,.T.);
#6058=ORIENTED_EDGE('',*,*,#4526,.T.);
#6059=ORIENTED_EDGE('',*,*,#4532,.F.);
#6060=ORIENTED_EDGE('',*,*,#4533,.T.);
#6061=ORIENTED_EDGE('',*,*,#4532,.T.);
#6062=ORIENTED_EDGE('',*,*,#4534,.T.);
#6063=ORIENTED_EDGE('',*,*,#4535,.F.);
#6064=ORIENTED_EDGE('',*,*,#4536,.T.);
#6065=ORIENTED_EDGE('',*,*,#4535,.T.);
#6066=ORIENTED_EDGE('',*,*,#4537,.T.);
#6067=ORIENTED_EDGE('',*,*,#4538,.F.);
#6068=ORIENTED_EDGE('',*,*,#4539,.T.);
#6069=ORIENTED_EDGE('',*,*,#4538,.T.);
#6070=ORIENTED_EDGE('',*,*,#4540,.T.);
#6071=ORIENTED_EDGE('',*,*,#4541,.F.);
#6072=ORIENTED_EDGE('',*,*,#4542,.T.);
#6073=ORIENTED_EDGE('',*,*,#4541,.T.);
#6074=ORIENTED_EDGE('',*,*,#4543,.T.);
#6075=ORIENTED_EDGE('',*,*,#4544,.F.);
#6076=ORIENTED_EDGE('',*,*,#4545,.T.);
#6077=ORIENTED_EDGE('',*,*,#4544,.T.);
#6078=ORIENTED_EDGE('',*,*,#4546,.T.);
#6079=ORIENTED_EDGE('',*,*,#4527,.T.);
#6080=ORIENTED_EDGE('',*,*,#4547,.T.);
#6081=ORIENTED_EDGE('',*,*,#4548,.F.);
#6082=ORIENTED_EDGE('',*,*,#4549,.T.);
#6083=ORIENTED_EDGE('',*,*,#4543,.F.);
#6084=ORIENTED_EDGE('',*,*,#4550,.T.);
#6085=ORIENTED_EDGE('',*,*,#4551,.F.);
#6086=ORIENTED_EDGE('',*,*,#4550,.F.);
#6087=ORIENTED_EDGE('',*,*,#4540,.F.);
#6088=ORIENTED_EDGE('',*,*,#4552,.F.);
#6089=ORIENTED_EDGE('',*,*,#4553,.F.);
#6090=ORIENTED_EDGE('',*,*,#4552,.T.);
#6091=ORIENTED_EDGE('',*,*,#4537,.F.);
#6092=ORIENTED_EDGE('',*,*,#4554,.T.);
#6093=ORIENTED_EDGE('',*,*,#4547,.F.);
#6094=ORIENTED_EDGE('',*,*,#4529,.F.);
#6095=ORIENTED_EDGE('',*,*,#4531,.F.);
#6096=ORIENTED_EDGE('',*,*,#4533,.F.);
#6097=ORIENTED_EDGE('',*,*,#4536,.F.);
#6098=ORIENTED_EDGE('',*,*,#4539,.F.);
#6099=ORIENTED_EDGE('',*,*,#4542,.F.);
#6100=ORIENTED_EDGE('',*,*,#4545,.F.);
#6101=ORIENTED_EDGE('',*,*,#4555,.T.);
#6102=ORIENTED_EDGE('',*,*,#4556,.F.);
#6103=ORIENTED_EDGE('',*,*,#4489,.T.);
#6104=ORIENTED_EDGE('',*,*,#4557,.F.);
#6105=ORIENTED_EDGE('',*,*,#4493,.T.);
#6106=ORIENTED_EDGE('',*,*,#4558,.F.);
#6107=ORIENTED_EDGE('',*,*,#4559,.T.);
#6108=ORIENTED_EDGE('',*,*,#4560,.F.);
#6109=ORIENTED_EDGE('',*,*,#4496,.T.);
#6110=ORIENTED_EDGE('',*,*,#4560,.T.);
#6111=ORIENTED_EDGE('',*,*,#4561,.T.);
#6112=ORIENTED_EDGE('',*,*,#4557,.T.);
#6113=ORIENTED_EDGE('',*,*,#4562,.T.);
#6114=ORIENTED_EDGE('',*,*,#4563,.F.);
#6115=ORIENTED_EDGE('',*,*,#4509,.T.);
#6116=ORIENTED_EDGE('',*,*,#4564,.F.);
#6117=ORIENTED_EDGE('',*,*,#4513,.T.);
#6118=ORIENTED_EDGE('',*,*,#4565,.F.);
#6119=ORIENTED_EDGE('',*,*,#4566,.T.);
#6120=ORIENTED_EDGE('',*,*,#4567,.F.);
#6121=ORIENTED_EDGE('',*,*,#4516,.T.);
#6122=ORIENTED_EDGE('',*,*,#4567,.T.);
#6123=ORIENTED_EDGE('',*,*,#4568,.T.);
#6124=ORIENTED_EDGE('',*,*,#4564,.T.);
#6125=ORIENTED_EDGE('',*,*,#4569,.T.);
#6126=ORIENTED_EDGE('',*,*,#4570,.F.);
#6127=ORIENTED_EDGE('',*,*,#4499,.T.);
#6128=ORIENTED_EDGE('',*,*,#4571,.F.);
#6129=ORIENTED_EDGE('',*,*,#4503,.T.);
#6130=ORIENTED_EDGE('',*,*,#4572,.F.);
#6131=ORIENTED_EDGE('',*,*,#4573,.T.);
#6132=ORIENTED_EDGE('',*,*,#4574,.F.);
#6133=ORIENTED_EDGE('',*,*,#4506,.T.);
#6134=ORIENTED_EDGE('',*,*,#4574,.T.);
#6135=ORIENTED_EDGE('',*,*,#4575,.T.);
#6136=ORIENTED_EDGE('',*,*,#4571,.T.);
#6137=ORIENTED_EDGE('',*,*,#4576,.T.);
#6138=ORIENTED_EDGE('',*,*,#4577,.F.);
#6139=ORIENTED_EDGE('',*,*,#4479,.T.);
#6140=ORIENTED_EDGE('',*,*,#4578,.F.);
#6141=ORIENTED_EDGE('',*,*,#4483,.T.);
#6142=ORIENTED_EDGE('',*,*,#4579,.F.);
#6143=ORIENTED_EDGE('',*,*,#4580,.T.);
#6144=ORIENTED_EDGE('',*,*,#4581,.F.);
#6145=ORIENTED_EDGE('',*,*,#4582,.F.);
#6146=ORIENTED_EDGE('',*,*,#4583,.T.);
#6147=ORIENTED_EDGE('',*,*,#4579,.T.);
#6148=ORIENTED_EDGE('',*,*,#4584,.T.);
#6149=ORIENTED_EDGE('',*,*,#4486,.T.);
#6150=ORIENTED_EDGE('',*,*,#4581,.T.);
#6151=ORIENTED_EDGE('',*,*,#4585,.T.);
#6152=ORIENTED_EDGE('',*,*,#4578,.T.);
#6153=ORIENTED_EDGE('',*,*,#4586,.T.);
#6154=ORIENTED_EDGE('',*,*,#4587,.F.);
#6155=ORIENTED_EDGE('',*,*,#4481,.T.);
#6156=ORIENTED_EDGE('',*,*,#4588,.F.);
#6157=ORIENTED_EDGE('',*,*,#4477,.T.);
#6158=ORIENTED_EDGE('',*,*,#4589,.F.);
#6159=ORIENTED_EDGE('',*,*,#4590,.T.);
#6160=ORIENTED_EDGE('',*,*,#4591,.F.);
#6161=ORIENTED_EDGE('',*,*,#4485,.T.);
#6162=ORIENTED_EDGE('',*,*,#4591,.T.);
#6163=ORIENTED_EDGE('',*,*,#4592,.T.);
#6164=ORIENTED_EDGE('',*,*,#4588,.T.);
#6165=ORIENTED_EDGE('',*,*,#4593,.T.);
#6166=ORIENTED_EDGE('',*,*,#4594,.F.);
#6167=ORIENTED_EDGE('',*,*,#4501,.T.);
#6168=ORIENTED_EDGE('',*,*,#4595,.F.);
#6169=ORIENTED_EDGE('',*,*,#4497,.T.);
#6170=ORIENTED_EDGE('',*,*,#4596,.F.);
#6171=ORIENTED_EDGE('',*,*,#4597,.T.);
#6172=ORIENTED_EDGE('',*,*,#4598,.F.);
#6173=ORIENTED_EDGE('',*,*,#4505,.T.);
#6174=ORIENTED_EDGE('',*,*,#4598,.T.);
#6175=ORIENTED_EDGE('',*,*,#4599,.T.);
#6176=ORIENTED_EDGE('',*,*,#4595,.T.);
#6177=ORIENTED_EDGE('',*,*,#4600,.T.);
#6178=ORIENTED_EDGE('',*,*,#4601,.F.);
#6179=ORIENTED_EDGE('',*,*,#4511,.T.);
#6180=ORIENTED_EDGE('',*,*,#4602,.F.);
#6181=ORIENTED_EDGE('',*,*,#4507,.T.);
#6182=ORIENTED_EDGE('',*,*,#4603,.F.);
#6183=ORIENTED_EDGE('',*,*,#4604,.T.);
#6184=ORIENTED_EDGE('',*,*,#4605,.F.);
#6185=ORIENTED_EDGE('',*,*,#4515,.T.);
#6186=ORIENTED_EDGE('',*,*,#4605,.T.);
#6187=ORIENTED_EDGE('',*,*,#4606,.T.);
#6188=ORIENTED_EDGE('',*,*,#4602,.T.);
#6189=ORIENTED_EDGE('',*,*,#4607,.T.);
#6190=ORIENTED_EDGE('',*,*,#4608,.F.);
#6191=ORIENTED_EDGE('',*,*,#4491,.T.);
#6192=ORIENTED_EDGE('',*,*,#4609,.F.);
#6193=ORIENTED_EDGE('',*,*,#4487,.T.);
#6194=ORIENTED_EDGE('',*,*,#4610,.F.);
#6195=ORIENTED_EDGE('',*,*,#4611,.T.);
#6196=ORIENTED_EDGE('',*,*,#4612,.F.);
#6197=ORIENTED_EDGE('',*,*,#4495,.T.);
#6198=ORIENTED_EDGE('',*,*,#4612,.T.);
#6199=ORIENTED_EDGE('',*,*,#4613,.T.);
#6200=ORIENTED_EDGE('',*,*,#4609,.T.);
#6201=ORIENTED_EDGE('',*,*,#4614,.F.);
#6202=ORIENTED_EDGE('',*,*,#4615,.T.);
#6203=ORIENTED_EDGE('',*,*,#4565,.T.);
#6204=ORIENTED_EDGE('',*,*,#4616,.T.);
#6205=ORIENTED_EDGE('',*,*,#4617,.F.);
#6206=ORIENTED_EDGE('',*,*,#4616,.F.);
#6207=ORIENTED_EDGE('',*,*,#4512,.F.);
#6208=ORIENTED_EDGE('',*,*,#4618,.F.);
#6209=ORIENTED_EDGE('',*,*,#4619,.F.);
#6210=ORIENTED_EDGE('',*,*,#4618,.T.);
#6211=ORIENTED_EDGE('',*,*,#4601,.T.);
#6212=ORIENTED_EDGE('',*,*,#4620,.T.);
#6213=ORIENTED_EDGE('',*,*,#4621,.F.);
#6214=ORIENTED_EDGE('',*,*,#4622,.T.);
#6215=ORIENTED_EDGE('',*,*,#4572,.T.);
#6216=ORIENTED_EDGE('',*,*,#4623,.T.);
#6217=ORIENTED_EDGE('',*,*,#4624,.F.);
#6218=ORIENTED_EDGE('',*,*,#4623,.F.);
#6219=ORIENTED_EDGE('',*,*,#4502,.F.);
#6220=ORIENTED_EDGE('',*,*,#4625,.F.);
#6221=ORIENTED_EDGE('',*,*,#4626,.F.);
#6222=ORIENTED_EDGE('',*,*,#4625,.T.);
#6223=ORIENTED_EDGE('',*,*,#4594,.T.);
#6224=ORIENTED_EDGE('',*,*,#4627,.T.);
#6225=ORIENTED_EDGE('',*,*,#4628,.F.);
#6226=ORIENTED_EDGE('',*,*,#4584,.F.);
#6227=ORIENTED_EDGE('',*,*,#4482,.F.);
#6228=ORIENTED_EDGE('',*,*,#4629,.F.);
#6229=ORIENTED_EDGE('',*,*,#4630,.F.);
#6230=ORIENTED_EDGE('',*,*,#4629,.T.);
#6231=ORIENTED_EDGE('',*,*,#4587,.T.);
#6232=ORIENTED_EDGE('',*,*,#4631,.T.);
#6233=ORIENTED_EDGE('',*,*,#4632,.T.);
#6234=ORIENTED_EDGE('',*,*,#4633,.T.);
#6235=ORIENTED_EDGE('',*,*,#4634,.T.);
#6236=ORIENTED_EDGE('',*,*,#4635,.T.);
#6237=ORIENTED_EDGE('',*,*,#4636,.T.);
#6238=ORIENTED_EDGE('',*,*,#4637,.T.);
#6239=ORIENTED_EDGE('',*,*,#4638,.T.);
#6240=ORIENTED_EDGE('',*,*,#4639,.T.);
#6241=ORIENTED_EDGE('',*,*,#4640,.T.);
#6242=ORIENTED_EDGE('',*,*,#4641,.T.);
#6243=ORIENTED_EDGE('',*,*,#4642,.T.);
#6244=ORIENTED_EDGE('',*,*,#4643,.T.);
#6245=ORIENTED_EDGE('',*,*,#4644,.T.);
#6246=ORIENTED_EDGE('',*,*,#4645,.T.);
#6247=ORIENTED_EDGE('',*,*,#4646,.T.);
#6248=ORIENTED_EDGE('',*,*,#4647,.T.);
#6249=ORIENTED_EDGE('',*,*,#4648,.T.);
#6250=ORIENTED_EDGE('',*,*,#4649,.T.);
#6251=ORIENTED_EDGE('',*,*,#4650,.T.);
#6252=ORIENTED_EDGE('',*,*,#4651,.T.);
#6253=ORIENTED_EDGE('',*,*,#4652,.T.);
#6254=ORIENTED_EDGE('',*,*,#4653,.T.);
#6255=ORIENTED_EDGE('',*,*,#4654,.T.);
#6256=ORIENTED_EDGE('',*,*,#4655,.T.);
#6257=ORIENTED_EDGE('',*,*,#4656,.F.);
#6258=ORIENTED_EDGE('',*,*,#4657,.F.);
#6259=ORIENTED_EDGE('',*,*,#4658,.T.);
#6260=ORIENTED_EDGE('',*,*,#4659,.T.);
#6261=ORIENTED_EDGE('',*,*,#4660,.F.);
#6262=ORIENTED_EDGE('',*,*,#4655,.F.);
#6263=ORIENTED_EDGE('',*,*,#4661,.T.);
#6264=ORIENTED_EDGE('',*,*,#4662,.T.);
#6265=ORIENTED_EDGE('',*,*,#4663,.F.);
#6266=ORIENTED_EDGE('',*,*,#4659,.F.);
#6267=ORIENTED_EDGE('',*,*,#4664,.T.);
#6268=ORIENTED_EDGE('',*,*,#4665,.T.);
#6269=ORIENTED_EDGE('',*,*,#4666,.F.);
#6270=ORIENTED_EDGE('',*,*,#4662,.F.);
#6271=ORIENTED_EDGE('',*,*,#4667,.T.);
#6272=ORIENTED_EDGE('',*,*,#4668,.T.);
#6273=ORIENTED_EDGE('',*,*,#4669,.F.);
#6274=ORIENTED_EDGE('',*,*,#4665,.F.);
#6275=ORIENTED_EDGE('',*,*,#4670,.T.);
#6276=ORIENTED_EDGE('',*,*,#4657,.T.);
#6277=ORIENTED_EDGE('',*,*,#4671,.F.);
#6278=ORIENTED_EDGE('',*,*,#4668,.F.);
#6279=ORIENTED_EDGE('',*,*,#4670,.F.);
#6280=ORIENTED_EDGE('',*,*,#4667,.F.);
#6281=ORIENTED_EDGE('',*,*,#4664,.F.);
#6282=ORIENTED_EDGE('',*,*,#4661,.F.);
#6283=ORIENTED_EDGE('',*,*,#4658,.F.);
#6284=ORIENTED_EDGE('',*,*,#4654,.F.);
#6285=ORIENTED_EDGE('',*,*,#4672,.T.);
#6286=ORIENTED_EDGE('',*,*,#4673,.T.);
#6287=ORIENTED_EDGE('',*,*,#4674,.F.);
#6288=ORIENTED_EDGE('',*,*,#4675,.F.);
#6289=ORIENTED_EDGE('',*,*,#4676,.T.);
#6290=ORIENTED_EDGE('',*,*,#4677,.T.);
#6291=ORIENTED_EDGE('',*,*,#4678,.F.);
#6292=ORIENTED_EDGE('',*,*,#4673,.F.);
#6293=ORIENTED_EDGE('',*,*,#4679,.T.);
#6294=ORIENTED_EDGE('',*,*,#4680,.T.);
#6295=ORIENTED_EDGE('',*,*,#4681,.F.);
#6296=ORIENTED_EDGE('',*,*,#4677,.F.);
#6297=ORIENTED_EDGE('',*,*,#4682,.T.);
#6298=ORIENTED_EDGE('',*,*,#4683,.T.);
#6299=ORIENTED_EDGE('',*,*,#4684,.F.);
#6300=ORIENTED_EDGE('',*,*,#4680,.F.);
#6301=ORIENTED_EDGE('',*,*,#4685,.T.);
#6302=ORIENTED_EDGE('',*,*,#4686,.T.);
#6303=ORIENTED_EDGE('',*,*,#4687,.F.);
#6304=ORIENTED_EDGE('',*,*,#4683,.F.);
#6305=ORIENTED_EDGE('',*,*,#4688,.T.);
#6306=ORIENTED_EDGE('',*,*,#4689,.T.);
#6307=ORIENTED_EDGE('',*,*,#4690,.F.);
#6308=ORIENTED_EDGE('',*,*,#4686,.F.);
#6309=ORIENTED_EDGE('',*,*,#4691,.T.);
#6310=ORIENTED_EDGE('',*,*,#4692,.T.);
#6311=ORIENTED_EDGE('',*,*,#4693,.F.);
#6312=ORIENTED_EDGE('',*,*,#4689,.F.);
#6313=ORIENTED_EDGE('',*,*,#4694,.T.);
#6314=ORIENTED_EDGE('',*,*,#4695,.T.);
#6315=ORIENTED_EDGE('',*,*,#4696,.F.);
#6316=ORIENTED_EDGE('',*,*,#4692,.F.);
#6317=ORIENTED_EDGE('',*,*,#4697,.T.);
#6318=ORIENTED_EDGE('',*,*,#4698,.T.);
#6319=ORIENTED_EDGE('',*,*,#4699,.F.);
#6320=ORIENTED_EDGE('',*,*,#4695,.F.);
#6321=ORIENTED_EDGE('',*,*,#4700,.T.);
#6322=ORIENTED_EDGE('',*,*,#4675,.T.);
#6323=ORIENTED_EDGE('',*,*,#4701,.F.);
#6324=ORIENTED_EDGE('',*,*,#4698,.F.);
#6325=ORIENTED_EDGE('',*,*,#4700,.F.);
#6326=ORIENTED_EDGE('',*,*,#4697,.F.);
#6327=ORIENTED_EDGE('',*,*,#4694,.F.);
#6328=ORIENTED_EDGE('',*,*,#4691,.F.);
#6329=ORIENTED_EDGE('',*,*,#4688,.F.);
#6330=ORIENTED_EDGE('',*,*,#4685,.F.);
#6331=ORIENTED_EDGE('',*,*,#4682,.F.);
#6332=ORIENTED_EDGE('',*,*,#4679,.F.);
#6333=ORIENTED_EDGE('',*,*,#4676,.F.);
#6334=ORIENTED_EDGE('',*,*,#4672,.F.);
#6335=ORIENTED_EDGE('',*,*,#4702,.T.);
#6336=ORIENTED_EDGE('',*,*,#4703,.T.);
#6337=ORIENTED_EDGE('',*,*,#4647,.F.);
#6338=ORIENTED_EDGE('',*,*,#4704,.F.);
#6339=ORIENTED_EDGE('',*,*,#4705,.T.);
#6340=ORIENTED_EDGE('',*,*,#4706,.T.);
#6341=ORIENTED_EDGE('',*,*,#4648,.F.);
#6342=ORIENTED_EDGE('',*,*,#4703,.F.);
#6343=ORIENTED_EDGE('',*,*,#4707,.T.);
#6344=ORIENTED_EDGE('',*,*,#4708,.T.);
#6345=ORIENTED_EDGE('',*,*,#4649,.F.);
#6346=ORIENTED_EDGE('',*,*,#4706,.F.);
#6347=ORIENTED_EDGE('',*,*,#4709,.T.);
#6348=ORIENTED_EDGE('',*,*,#4710,.T.);
#6349=ORIENTED_EDGE('',*,*,#4650,.F.);
#6350=ORIENTED_EDGE('',*,*,#4708,.F.);
#6351=ORIENTED_EDGE('',*,*,#4711,.T.);
#6352=ORIENTED_EDGE('',*,*,#4712,.T.);
#6353=ORIENTED_EDGE('',*,*,#4651,.F.);
#6354=ORIENTED_EDGE('',*,*,#4710,.F.);
#6355=ORIENTED_EDGE('',*,*,#4713,.T.);
#6356=ORIENTED_EDGE('',*,*,#4714,.T.);
#6357=ORIENTED_EDGE('',*,*,#4652,.F.);
#6358=ORIENTED_EDGE('',*,*,#4712,.F.);
#6359=ORIENTED_EDGE('',*,*,#4715,.T.);
#6360=ORIENTED_EDGE('',*,*,#4716,.T.);
#6361=ORIENTED_EDGE('',*,*,#4653,.F.);
#6362=ORIENTED_EDGE('',*,*,#4714,.F.);
#6363=ORIENTED_EDGE('',*,*,#4717,.T.);
#6364=ORIENTED_EDGE('',*,*,#4704,.T.);
#6365=ORIENTED_EDGE('',*,*,#4646,.F.);
#6366=ORIENTED_EDGE('',*,*,#4716,.F.);
#6367=ORIENTED_EDGE('',*,*,#4718,.T.);
#6368=ORIENTED_EDGE('',*,*,#4719,.T.);
#6369=ORIENTED_EDGE('',*,*,#4720,.F.);
#6370=ORIENTED_EDGE('',*,*,#4721,.F.);
#6371=ORIENTED_EDGE('',*,*,#4722,.T.);
#6372=ORIENTED_EDGE('',*,*,#4723,.T.);
#6373=ORIENTED_EDGE('',*,*,#4724,.F.);
#6374=ORIENTED_EDGE('',*,*,#4719,.F.);
#6375=ORIENTED_EDGE('',*,*,#4725,.T.);
#6376=ORIENTED_EDGE('',*,*,#4726,.T.);
#6377=ORIENTED_EDGE('',*,*,#4727,.F.);
#6378=ORIENTED_EDGE('',*,*,#4723,.F.);
#6379=ORIENTED_EDGE('',*,*,#4728,.T.);
#6380=ORIENTED_EDGE('',*,*,#4729,.T.);
#6381=ORIENTED_EDGE('',*,*,#4730,.F.);
#6382=ORIENTED_EDGE('',*,*,#4726,.F.);
#6383=ORIENTED_EDGE('',*,*,#4731,.T.);
#6384=ORIENTED_EDGE('',*,*,#4732,.T.);
#6385=ORIENTED_EDGE('',*,*,#4733,.F.);
#6386=ORIENTED_EDGE('',*,*,#4729,.F.);
#6387=ORIENTED_EDGE('',*,*,#4734,.T.);
#6388=ORIENTED_EDGE('',*,*,#4735,.T.);
#6389=ORIENTED_EDGE('',*,*,#4736,.F.);
#6390=ORIENTED_EDGE('',*,*,#4732,.F.);
#6391=ORIENTED_EDGE('',*,*,#4737,.T.);
#6392=ORIENTED_EDGE('',*,*,#4738,.T.);
#6393=ORIENTED_EDGE('',*,*,#4739,.F.);
#6394=ORIENTED_EDGE('',*,*,#4735,.F.);
#6395=ORIENTED_EDGE('',*,*,#4740,.T.);
#6396=ORIENTED_EDGE('',*,*,#4741,.T.);
#6397=ORIENTED_EDGE('',*,*,#4742,.F.);
#6398=ORIENTED_EDGE('',*,*,#4738,.F.);
#6399=ORIENTED_EDGE('',*,*,#4743,.T.);
#6400=ORIENTED_EDGE('',*,*,#4744,.T.);
#6401=ORIENTED_EDGE('',*,*,#4745,.F.);
#6402=ORIENTED_EDGE('',*,*,#4741,.F.);
#6403=ORIENTED_EDGE('',*,*,#4746,.T.);
#6404=ORIENTED_EDGE('',*,*,#4747,.T.);
#6405=ORIENTED_EDGE('',*,*,#4748,.F.);
#6406=ORIENTED_EDGE('',*,*,#4744,.F.);
#6407=ORIENTED_EDGE('',*,*,#4749,.T.);
#6408=ORIENTED_EDGE('',*,*,#4750,.T.);
#6409=ORIENTED_EDGE('',*,*,#4751,.F.);
#6410=ORIENTED_EDGE('',*,*,#4747,.F.);
#6411=ORIENTED_EDGE('',*,*,#4752,.T.);
#6412=ORIENTED_EDGE('',*,*,#4753,.T.);
#6413=ORIENTED_EDGE('',*,*,#4754,.F.);
#6414=ORIENTED_EDGE('',*,*,#4750,.F.);
#6415=ORIENTED_EDGE('',*,*,#4755,.T.);
#6416=ORIENTED_EDGE('',*,*,#4756,.T.);
#6417=ORIENTED_EDGE('',*,*,#4757,.F.);
#6418=ORIENTED_EDGE('',*,*,#4753,.F.);
#6419=ORIENTED_EDGE('',*,*,#4758,.T.);
#6420=ORIENTED_EDGE('',*,*,#4759,.T.);
#6421=ORIENTED_EDGE('',*,*,#4760,.F.);
#6422=ORIENTED_EDGE('',*,*,#4756,.F.);
#6423=ORIENTED_EDGE('',*,*,#4761,.T.);
#6424=ORIENTED_EDGE('',*,*,#4762,.T.);
#6425=ORIENTED_EDGE('',*,*,#4763,.F.);
#6426=ORIENTED_EDGE('',*,*,#4759,.F.);
#6427=ORIENTED_EDGE('',*,*,#4764,.T.);
#6428=ORIENTED_EDGE('',*,*,#4765,.T.);
#6429=ORIENTED_EDGE('',*,*,#4766,.F.);
#6430=ORIENTED_EDGE('',*,*,#4762,.F.);
#6431=ORIENTED_EDGE('',*,*,#4767,.T.);
#6432=ORIENTED_EDGE('',*,*,#4768,.T.);
#6433=ORIENTED_EDGE('',*,*,#4769,.F.);
#6434=ORIENTED_EDGE('',*,*,#4765,.F.);
#6435=ORIENTED_EDGE('',*,*,#4770,.T.);
#6436=ORIENTED_EDGE('',*,*,#4771,.T.);
#6437=ORIENTED_EDGE('',*,*,#4772,.F.);
#6438=ORIENTED_EDGE('',*,*,#4768,.F.);
#6439=ORIENTED_EDGE('',*,*,#4773,.T.);
#6440=ORIENTED_EDGE('',*,*,#4721,.T.);
#6441=ORIENTED_EDGE('',*,*,#4774,.F.);
#6442=ORIENTED_EDGE('',*,*,#4771,.F.);
#6443=ORIENTED_EDGE('',*,*,#4773,.F.);
#6444=ORIENTED_EDGE('',*,*,#4770,.F.);
#6445=ORIENTED_EDGE('',*,*,#4767,.F.);
#6446=ORIENTED_EDGE('',*,*,#4764,.F.);
#6447=ORIENTED_EDGE('',*,*,#4761,.F.);
#6448=ORIENTED_EDGE('',*,*,#4758,.F.);
#6449=ORIENTED_EDGE('',*,*,#4755,.F.);
#6450=ORIENTED_EDGE('',*,*,#4752,.F.);
#6451=ORIENTED_EDGE('',*,*,#4749,.F.);
#6452=ORIENTED_EDGE('',*,*,#4746,.F.);
#6453=ORIENTED_EDGE('',*,*,#4743,.F.);
#6454=ORIENTED_EDGE('',*,*,#4740,.F.);
#6455=ORIENTED_EDGE('',*,*,#4737,.F.);
#6456=ORIENTED_EDGE('',*,*,#4734,.F.);
#6457=ORIENTED_EDGE('',*,*,#4731,.F.);
#6458=ORIENTED_EDGE('',*,*,#4728,.F.);
#6459=ORIENTED_EDGE('',*,*,#4725,.F.);
#6460=ORIENTED_EDGE('',*,*,#4722,.F.);
#6461=ORIENTED_EDGE('',*,*,#4718,.F.);
#6462=ORIENTED_EDGE('',*,*,#4717,.F.);
#6463=ORIENTED_EDGE('',*,*,#4715,.F.);
#6464=ORIENTED_EDGE('',*,*,#4713,.F.);
#6465=ORIENTED_EDGE('',*,*,#4711,.F.);
#6466=ORIENTED_EDGE('',*,*,#4709,.F.);
#6467=ORIENTED_EDGE('',*,*,#4707,.F.);
#6468=ORIENTED_EDGE('',*,*,#4705,.F.);
#6469=ORIENTED_EDGE('',*,*,#4702,.F.);
#6470=ORIENTED_EDGE('',*,*,#4775,.T.);
#6471=ORIENTED_EDGE('',*,*,#4776,.T.);
#6472=ORIENTED_EDGE('',*,*,#4640,.F.);
#6473=ORIENTED_EDGE('',*,*,#4777,.F.);
#6474=ORIENTED_EDGE('',*,*,#4778,.T.);
#6475=ORIENTED_EDGE('',*,*,#4779,.T.);
#6476=ORIENTED_EDGE('',*,*,#4641,.F.);
#6477=ORIENTED_EDGE('',*,*,#4776,.F.);
#6478=ORIENTED_EDGE('',*,*,#4780,.T.);
#6479=ORIENTED_EDGE('',*,*,#4781,.T.);
#6480=ORIENTED_EDGE('',*,*,#4642,.F.);
#6481=ORIENTED_EDGE('',*,*,#4779,.F.);
#6482=ORIENTED_EDGE('',*,*,#4782,.T.);
#6483=ORIENTED_EDGE('',*,*,#4783,.T.);
#6484=ORIENTED_EDGE('',*,*,#4643,.F.);
#6485=ORIENTED_EDGE('',*,*,#4781,.F.);
#6486=ORIENTED_EDGE('',*,*,#4784,.T.);
#6487=ORIENTED_EDGE('',*,*,#4785,.T.);
#6488=ORIENTED_EDGE('',*,*,#4644,.F.);
#6489=ORIENTED_EDGE('',*,*,#4783,.F.);
#6490=ORIENTED_EDGE('',*,*,#4786,.T.);
#6491=ORIENTED_EDGE('',*,*,#4787,.T.);
#6492=ORIENTED_EDGE('',*,*,#4645,.F.);
#6493=ORIENTED_EDGE('',*,*,#4785,.F.);
#6494=ORIENTED_EDGE('',*,*,#4788,.T.);
#6495=ORIENTED_EDGE('',*,*,#4777,.T.);
#6496=ORIENTED_EDGE('',*,*,#4639,.F.);
#6497=ORIENTED_EDGE('',*,*,#4787,.F.);
#6498=ORIENTED_EDGE('',*,*,#4789,.T.);
#6499=ORIENTED_EDGE('',*,*,#4790,.T.);
#6500=ORIENTED_EDGE('',*,*,#4633,.F.);
#6501=ORIENTED_EDGE('',*,*,#4791,.F.);
#6502=ORIENTED_EDGE('',*,*,#4792,.T.);
#6503=ORIENTED_EDGE('',*,*,#4793,.T.);
#6504=ORIENTED_EDGE('',*,*,#4634,.F.);
#6505=ORIENTED_EDGE('',*,*,#4790,.F.);
#6506=ORIENTED_EDGE('',*,*,#4794,.T.);
#6507=ORIENTED_EDGE('',*,*,#4795,.T.);
#6508=ORIENTED_EDGE('',*,*,#4635,.F.);
#6509=ORIENTED_EDGE('',*,*,#4793,.F.);
#6510=ORIENTED_EDGE('',*,*,#4796,.T.);
#6511=ORIENTED_EDGE('',*,*,#4797,.T.);
#6512=ORIENTED_EDGE('',*,*,#4636,.F.);
#6513=ORIENTED_EDGE('',*,*,#4795,.F.);
#6514=ORIENTED_EDGE('',*,*,#4798,.T.);
#6515=ORIENTED_EDGE('',*,*,#4799,.T.);
#6516=ORIENTED_EDGE('',*,*,#4637,.F.);
#6517=ORIENTED_EDGE('',*,*,#4797,.F.);
#6518=ORIENTED_EDGE('',*,*,#4800,.T.);
#6519=ORIENTED_EDGE('',*,*,#4801,.T.);
#6520=ORIENTED_EDGE('',*,*,#4638,.F.);
#6521=ORIENTED_EDGE('',*,*,#4799,.F.);
#6522=ORIENTED_EDGE('',*,*,#4802,.T.);
#6523=ORIENTED_EDGE('',*,*,#4791,.T.);
#6524=ORIENTED_EDGE('',*,*,#4632,.F.);
#6525=ORIENTED_EDGE('',*,*,#4801,.F.);
#6526=ORIENTED_EDGE('',*,*,#4803,.T.);
#6527=ORIENTED_EDGE('',*,*,#4804,.T.);
#6528=ORIENTED_EDGE('',*,*,#4805,.F.);
#6529=ORIENTED_EDGE('',*,*,#4806,.F.);
#6530=ORIENTED_EDGE('',*,*,#4807,.T.);
#6531=ORIENTED_EDGE('',*,*,#4808,.T.);
#6532=ORIENTED_EDGE('',*,*,#4809,.F.);
#6533=ORIENTED_EDGE('',*,*,#4804,.F.);
#6534=ORIENTED_EDGE('',*,*,#4810,.T.);
#6535=ORIENTED_EDGE('',*,*,#4811,.T.);
#6536=ORIENTED_EDGE('',*,*,#4812,.F.);
#6537=ORIENTED_EDGE('',*,*,#4808,.F.);
#6538=ORIENTED_EDGE('',*,*,#4813,.T.);
#6539=ORIENTED_EDGE('',*,*,#4814,.T.);
#6540=ORIENTED_EDGE('',*,*,#4815,.F.);
#6541=ORIENTED_EDGE('',*,*,#4811,.F.);
#6542=ORIENTED_EDGE('',*,*,#4816,.T.);
#6543=ORIENTED_EDGE('',*,*,#4817,.T.);
#6544=ORIENTED_EDGE('',*,*,#4818,.F.);
#6545=ORIENTED_EDGE('',*,*,#4814,.F.);
#6546=ORIENTED_EDGE('',*,*,#4819,.T.);
#6547=ORIENTED_EDGE('',*,*,#4820,.T.);
#6548=ORIENTED_EDGE('',*,*,#4821,.F.);
#6549=ORIENTED_EDGE('',*,*,#4817,.F.);
#6550=ORIENTED_EDGE('',*,*,#4822,.T.);
#6551=ORIENTED_EDGE('',*,*,#4823,.T.);
#6552=ORIENTED_EDGE('',*,*,#4824,.F.);
#6553=ORIENTED_EDGE('',*,*,#4820,.F.);
#6554=ORIENTED_EDGE('',*,*,#4825,.T.);
#6555=ORIENTED_EDGE('',*,*,#4826,.T.);
#6556=ORIENTED_EDGE('',*,*,#4827,.F.);
#6557=ORIENTED_EDGE('',*,*,#4823,.F.);
#6558=ORIENTED_EDGE('',*,*,#4828,.T.);
#6559=ORIENTED_EDGE('',*,*,#4829,.T.);
#6560=ORIENTED_EDGE('',*,*,#4830,.F.);
#6561=ORIENTED_EDGE('',*,*,#4826,.F.);
#6562=ORIENTED_EDGE('',*,*,#4831,.T.);
#6563=ORIENTED_EDGE('',*,*,#4832,.T.);
#6564=ORIENTED_EDGE('',*,*,#4833,.F.);
#6565=ORIENTED_EDGE('',*,*,#4829,.F.);
#6566=ORIENTED_EDGE('',*,*,#4834,.T.);
#6567=ORIENTED_EDGE('',*,*,#4835,.T.);
#6568=ORIENTED_EDGE('',*,*,#4836,.F.);
#6569=ORIENTED_EDGE('',*,*,#4832,.F.);
#6570=ORIENTED_EDGE('',*,*,#4837,.T.);
#6571=ORIENTED_EDGE('',*,*,#4838,.T.);
#6572=ORIENTED_EDGE('',*,*,#4839,.F.);
#6573=ORIENTED_EDGE('',*,*,#4835,.F.);
#6574=ORIENTED_EDGE('',*,*,#4840,.T.);
#6575=ORIENTED_EDGE('',*,*,#4806,.T.);
#6576=ORIENTED_EDGE('',*,*,#4841,.F.);
#6577=ORIENTED_EDGE('',*,*,#4838,.F.);
#6578=ORIENTED_EDGE('',*,*,#4840,.F.);
#6579=ORIENTED_EDGE('',*,*,#4837,.F.);
#6580=ORIENTED_EDGE('',*,*,#4834,.F.);
#6581=ORIENTED_EDGE('',*,*,#4831,.F.);
#6582=ORIENTED_EDGE('',*,*,#4828,.F.);
#6583=ORIENTED_EDGE('',*,*,#4825,.F.);
#6584=ORIENTED_EDGE('',*,*,#4822,.F.);
#6585=ORIENTED_EDGE('',*,*,#4819,.F.);
#6586=ORIENTED_EDGE('',*,*,#4816,.F.);
#6587=ORIENTED_EDGE('',*,*,#4813,.F.);
#6588=ORIENTED_EDGE('',*,*,#4810,.F.);
#6589=ORIENTED_EDGE('',*,*,#4807,.F.);
#6590=ORIENTED_EDGE('',*,*,#4803,.F.);
#6591=ORIENTED_EDGE('',*,*,#4802,.F.);
#6592=ORIENTED_EDGE('',*,*,#4800,.F.);
#6593=ORIENTED_EDGE('',*,*,#4798,.F.);
#6594=ORIENTED_EDGE('',*,*,#4796,.F.);
#6595=ORIENTED_EDGE('',*,*,#4794,.F.);
#6596=ORIENTED_EDGE('',*,*,#4792,.F.);
#6597=ORIENTED_EDGE('',*,*,#4789,.F.);
#6598=ORIENTED_EDGE('',*,*,#4788,.F.);
#6599=ORIENTED_EDGE('',*,*,#4786,.F.);
#6600=ORIENTED_EDGE('',*,*,#4784,.F.);
#6601=ORIENTED_EDGE('',*,*,#4782,.F.);
#6602=ORIENTED_EDGE('',*,*,#4780,.F.);
#6603=ORIENTED_EDGE('',*,*,#4778,.F.);
#6604=ORIENTED_EDGE('',*,*,#4775,.F.);
#6605=ORIENTED_EDGE('',*,*,#4476,.F.);
#6606=ORIENTED_EDGE('',*,*,#4842,.T.);
#6607=ORIENTED_EDGE('',*,*,#4843,.F.);
#6608=ORIENTED_EDGE('',*,*,#4844,.F.);
#6609=ORIENTED_EDGE('',*,*,#4842,.F.);
#6610=ORIENTED_EDGE('',*,*,#4843,.T.);
#6611=ORIENTED_EDGE('',*,*,#4844,.T.);
#6612=ORIENTED_EDGE('',*,*,#4845,.T.);
#6613=ORIENTED_EDGE('',*,*,#4846,.T.);
#6614=ORIENTED_EDGE('',*,*,#4845,.F.);
#6615=ORIENTED_EDGE('',*,*,#4847,.F.);
#6616=ORIENTED_EDGE('',*,*,#4848,.F.);
#6617=ORIENTED_EDGE('',*,*,#4849,.F.);
#6618=ORIENTED_EDGE('',*,*,#4850,.F.);
#6619=ORIENTED_EDGE('',*,*,#4851,.F.);
#6620=ORIENTED_EDGE('',*,*,#4852,.F.);
#6621=ORIENTED_EDGE('',*,*,#4853,.F.);
#6622=ORIENTED_EDGE('',*,*,#4854,.F.);
#6623=ORIENTED_EDGE('',*,*,#4855,.F.);
#6624=ORIENTED_EDGE('',*,*,#4856,.F.);
#6625=ORIENTED_EDGE('',*,*,#4846,.F.);
#6626=ORIENTED_EDGE('',*,*,#4857,.F.);
#6627=ORIENTED_EDGE('',*,*,#4858,.F.);
#6628=ORIENTED_EDGE('',*,*,#4576,.F.);
#6629=ORIENTED_EDGE('',*,*,#4585,.F.);
#6630=ORIENTED_EDGE('',*,*,#4580,.F.);
#6631=ORIENTED_EDGE('',*,*,#4583,.F.);
#6632=ORIENTED_EDGE('',*,*,#4859,.F.);
#6633=ORIENTED_EDGE('',*,*,#4860,.F.);
#6634=ORIENTED_EDGE('',*,*,#4861,.F.);
#6635=ORIENTED_EDGE('',*,*,#4862,.F.);
#6636=ORIENTED_EDGE('',*,*,#4569,.F.);
#6637=ORIENTED_EDGE('',*,*,#4575,.F.);
#6638=ORIENTED_EDGE('',*,*,#4573,.F.);
#6639=ORIENTED_EDGE('',*,*,#4622,.F.);
#6640=ORIENTED_EDGE('',*,*,#4863,.F.);
#6641=ORIENTED_EDGE('',*,*,#4864,.F.);
#6642=ORIENTED_EDGE('',*,*,#4865,.F.);
#6643=ORIENTED_EDGE('',*,*,#4866,.F.);
#6644=ORIENTED_EDGE('',*,*,#4562,.F.);
#6645=ORIENTED_EDGE('',*,*,#4568,.F.);
#6646=ORIENTED_EDGE('',*,*,#4566,.F.);
#6647=ORIENTED_EDGE('',*,*,#4615,.F.);
#6648=ORIENTED_EDGE('',*,*,#4867,.F.);
#6649=ORIENTED_EDGE('',*,*,#4868,.F.);
#6650=ORIENTED_EDGE('',*,*,#4869,.F.);
#6651=ORIENTED_EDGE('',*,*,#4870,.F.);
#6652=ORIENTED_EDGE('',*,*,#4555,.F.);
#6653=ORIENTED_EDGE('',*,*,#4561,.F.);
#6654=ORIENTED_EDGE('',*,*,#4559,.F.);
#6655=ORIENTED_EDGE('',*,*,#4871,.F.);
#6656=ORIENTED_EDGE('',*,*,#4872,.F.);
#6657=ORIENTED_EDGE('',*,*,#4873,.F.);
#6658=ORIENTED_EDGE('',*,*,#4554,.F.);
#6659=ORIENTED_EDGE('',*,*,#4534,.F.);
#6660=ORIENTED_EDGE('',*,*,#4525,.F.);
#6661=ORIENTED_EDGE('',*,*,#4874,.F.);
#6662=ORIENTED_EDGE('',*,*,#4875,.F.);
#6663=ORIENTED_EDGE('',*,*,#4871,.T.);
#6664=ORIENTED_EDGE('',*,*,#4558,.T.);
#6665=ORIENTED_EDGE('',*,*,#4876,.T.);
#6666=ORIENTED_EDGE('',*,*,#4877,.F.);
#6667=ORIENTED_EDGE('',*,*,#4876,.F.);
#6668=ORIENTED_EDGE('',*,*,#4492,.F.);
#6669=ORIENTED_EDGE('',*,*,#4878,.F.);
#6670=ORIENTED_EDGE('',*,*,#4879,.F.);
#6671=ORIENTED_EDGE('',*,*,#4878,.T.);
#6672=ORIENTED_EDGE('',*,*,#4608,.T.);
#6673=ORIENTED_EDGE('',*,*,#4880,.T.);
#6674=ORIENTED_EDGE('',*,*,#4881,.F.);
#6675=ORIENTED_EDGE('',*,*,#4882,.T.);
#6676=ORIENTED_EDGE('',*,*,#4883,.F.);
#6677=ORIENTED_EDGE('',*,*,#4852,.T.);
#6678=ORIENTED_EDGE('',*,*,#4884,.F.);
#6679=ORIENTED_EDGE('',*,*,#4872,.T.);
#6680=ORIENTED_EDGE('',*,*,#4885,.F.);
#6681=ORIENTED_EDGE('',*,*,#4848,.T.);
#6682=ORIENTED_EDGE('',*,*,#4883,.T.);
#6683=ORIENTED_EDGE('',*,*,#4886,.T.);
#6684=ORIENTED_EDGE('',*,*,#4887,.F.);
#6685=ORIENTED_EDGE('',*,*,#4853,.T.);
#6686=ORIENTED_EDGE('',*,*,#4887,.T.);
#6687=ORIENTED_EDGE('',*,*,#4548,.T.);
#6688=ORIENTED_EDGE('',*,*,#4888,.F.);
#6689=ORIENTED_EDGE('',*,*,#4854,.T.);
#6690=ORIENTED_EDGE('',*,*,#4888,.T.);
#6691=ORIENTED_EDGE('',*,*,#4551,.T.);
#6692=ORIENTED_EDGE('',*,*,#4889,.F.);
#6693=ORIENTED_EDGE('',*,*,#4855,.T.);
#6694=ORIENTED_EDGE('',*,*,#4889,.T.);
#6695=ORIENTED_EDGE('',*,*,#4553,.T.);
#6696=ORIENTED_EDGE('',*,*,#4890,.F.);
#6697=ORIENTED_EDGE('',*,*,#4856,.T.);
#6698=ORIENTED_EDGE('',*,*,#4890,.T.);
#6699=ORIENTED_EDGE('',*,*,#4873,.T.);
#6700=ORIENTED_EDGE('',*,*,#4884,.T.);
#6701=ORIENTED_EDGE('',*,*,#4847,.T.);
#6702=ORIENTED_EDGE('',*,*,#4885,.T.);
#6703=ORIENTED_EDGE('',*,*,#4875,.T.);
#6704=ORIENTED_EDGE('',*,*,#4891,.F.);
#6705=ORIENTED_EDGE('',*,*,#4849,.T.);
#6706=ORIENTED_EDGE('',*,*,#4891,.T.);
#6707=ORIENTED_EDGE('',*,*,#4877,.T.);
#6708=ORIENTED_EDGE('',*,*,#4892,.F.);
#6709=ORIENTED_EDGE('',*,*,#4850,.T.);
#6710=ORIENTED_EDGE('',*,*,#4881,.T.);
#6711=ORIENTED_EDGE('',*,*,#4851,.T.);
#6712=ORIENTED_EDGE('',*,*,#4892,.T.);
#6713=ORIENTED_EDGE('',*,*,#4879,.T.);
#6714=ORIENTED_EDGE('',*,*,#4893,.F.);
#6715=ORIENTED_EDGE('',*,*,#4894,.F.);
#6716=ORIENTED_EDGE('',*,*,#4895,.F.);
#6717=ORIENTED_EDGE('',*,*,#4896,.F.);
#6718=ORIENTED_EDGE('',*,*,#4897,.F.);
#6719=ORIENTED_EDGE('',*,*,#4898,.F.);
#6720=ORIENTED_EDGE('',*,*,#4899,.F.);
#6721=ORIENTED_EDGE('',*,*,#4900,.F.);
#6722=ORIENTED_EDGE('',*,*,#4901,.F.);
#6723=ORIENTED_EDGE('',*,*,#4902,.F.);
#6724=ORIENTED_EDGE('',*,*,#4903,.F.);
#6725=ORIENTED_EDGE('',*,*,#4904,.F.);
#6726=ORIENTED_EDGE('',*,*,#4905,.F.);
#6727=ORIENTED_EDGE('',*,*,#4906,.T.);
#6728=ORIENTED_EDGE('',*,*,#4610,.T.);
#6729=ORIENTED_EDGE('',*,*,#4907,.T.);
#6730=ORIENTED_EDGE('',*,*,#4908,.F.);
#6731=ORIENTED_EDGE('',*,*,#4907,.F.);
#6732=ORIENTED_EDGE('',*,*,#4490,.T.);
#6733=ORIENTED_EDGE('',*,*,#4909,.F.);
#6734=ORIENTED_EDGE('',*,*,#4910,.F.);
#6735=ORIENTED_EDGE('',*,*,#4909,.T.);
#6736=ORIENTED_EDGE('',*,*,#4556,.T.);
#6737=ORIENTED_EDGE('',*,*,#4870,.T.);
#6738=ORIENTED_EDGE('',*,*,#4911,.F.);
#6739=ORIENTED_EDGE('',*,*,#4912,.T.);
#6740=ORIENTED_EDGE('',*,*,#4913,.F.);
#6741=ORIENTED_EDGE('',*,*,#4904,.T.);
#6742=ORIENTED_EDGE('',*,*,#4914,.F.);
#6743=ORIENTED_EDGE('',*,*,#4915,.T.);
#6744=ORIENTED_EDGE('',*,*,#4916,.F.);
#6745=ORIENTED_EDGE('',*,*,#4894,.T.);
#6746=ORIENTED_EDGE('',*,*,#4913,.T.);
#6747=ORIENTED_EDGE('',*,*,#4917,.T.);
#6748=ORIENTED_EDGE('',*,*,#4914,.T.);
#6749=ORIENTED_EDGE('',*,*,#4893,.T.);
#6750=ORIENTED_EDGE('',*,*,#4918,.F.);
#6751=ORIENTED_EDGE('',*,*,#4869,.T.);
#6752=ORIENTED_EDGE('',*,*,#4919,.F.);
#6753=ORIENTED_EDGE('',*,*,#4898,.T.);
#6754=ORIENTED_EDGE('',*,*,#4916,.T.);
#6755=ORIENTED_EDGE('',*,*,#4905,.T.);
#6756=ORIENTED_EDGE('',*,*,#4920,.F.);
#6757=ORIENTED_EDGE('',*,*,#4895,.T.);
#6758=ORIENTED_EDGE('',*,*,#4920,.T.);
#6759=ORIENTED_EDGE('',*,*,#4908,.T.);
#6760=ORIENTED_EDGE('',*,*,#4921,.F.);
#6761=ORIENTED_EDGE('',*,*,#4896,.T.);
#6762=ORIENTED_EDGE('',*,*,#4918,.T.);
#6763=ORIENTED_EDGE('',*,*,#4897,.T.);
#6764=ORIENTED_EDGE('',*,*,#4921,.T.);
#6765=ORIENTED_EDGE('',*,*,#4910,.T.);
#6766=ORIENTED_EDGE('',*,*,#4922,.F.);
#6767=ORIENTED_EDGE('',*,*,#4867,.T.);
#6768=ORIENTED_EDGE('',*,*,#4923,.F.);
#6769=ORIENTED_EDGE('',*,*,#4900,.T.);
#6770=ORIENTED_EDGE('',*,*,#4919,.T.);
#6771=ORIENTED_EDGE('',*,*,#4868,.T.);
#6772=ORIENTED_EDGE('',*,*,#4922,.T.);
#6773=ORIENTED_EDGE('',*,*,#4899,.T.);
#6774=ORIENTED_EDGE('',*,*,#4923,.T.);
#6775=ORIENTED_EDGE('',*,*,#4614,.T.);
#6776=ORIENTED_EDGE('',*,*,#4924,.F.);
#6777=ORIENTED_EDGE('',*,*,#4901,.T.);
#6778=ORIENTED_EDGE('',*,*,#4924,.T.);
#6779=ORIENTED_EDGE('',*,*,#4617,.T.);
#6780=ORIENTED_EDGE('',*,*,#4925,.F.);
#6781=ORIENTED_EDGE('',*,*,#4902,.T.);
#6782=ORIENTED_EDGE('',*,*,#4911,.T.);
#6783=ORIENTED_EDGE('',*,*,#4903,.T.);
#6784=ORIENTED_EDGE('',*,*,#4925,.T.);
#6785=ORIENTED_EDGE('',*,*,#4619,.T.);
#6786=ORIENTED_EDGE('',*,*,#4926,.F.);
#6787=ORIENTED_EDGE('',*,*,#4927,.F.);
#6788=ORIENTED_EDGE('',*,*,#4928,.F.);
#6789=ORIENTED_EDGE('',*,*,#4929,.F.);
#6790=ORIENTED_EDGE('',*,*,#4930,.F.);
#6791=ORIENTED_EDGE('',*,*,#4931,.F.);
#6792=ORIENTED_EDGE('',*,*,#4932,.F.);
#6793=ORIENTED_EDGE('',*,*,#4933,.F.);
#6794=ORIENTED_EDGE('',*,*,#4934,.F.);
#6795=ORIENTED_EDGE('',*,*,#4935,.F.);
#6796=ORIENTED_EDGE('',*,*,#4936,.F.);
#6797=ORIENTED_EDGE('',*,*,#4937,.F.);
#6798=ORIENTED_EDGE('',*,*,#4938,.F.);
#6799=ORIENTED_EDGE('',*,*,#4939,.T.);
#6800=ORIENTED_EDGE('',*,*,#4603,.T.);
#6801=ORIENTED_EDGE('',*,*,#4940,.T.);
#6802=ORIENTED_EDGE('',*,*,#4941,.F.);
#6803=ORIENTED_EDGE('',*,*,#4940,.F.);
#6804=ORIENTED_EDGE('',*,*,#4510,.T.);
#6805=ORIENTED_EDGE('',*,*,#4942,.F.);
#6806=ORIENTED_EDGE('',*,*,#4943,.F.);
#6807=ORIENTED_EDGE('',*,*,#4942,.T.);
#6808=ORIENTED_EDGE('',*,*,#4563,.T.);
#6809=ORIENTED_EDGE('',*,*,#4866,.T.);
#6810=ORIENTED_EDGE('',*,*,#4944,.F.);
#6811=ORIENTED_EDGE('',*,*,#4945,.T.);
#6812=ORIENTED_EDGE('',*,*,#4946,.F.);
#6813=ORIENTED_EDGE('',*,*,#4937,.T.);
#6814=ORIENTED_EDGE('',*,*,#4947,.F.);
#6815=ORIENTED_EDGE('',*,*,#4948,.T.);
#6816=ORIENTED_EDGE('',*,*,#4949,.F.);
#6817=ORIENTED_EDGE('',*,*,#4927,.T.);
#6818=ORIENTED_EDGE('',*,*,#4946,.T.);
#6819=ORIENTED_EDGE('',*,*,#4950,.T.);
#6820=ORIENTED_EDGE('',*,*,#4947,.T.);
#6821=ORIENTED_EDGE('',*,*,#4926,.T.);
#6822=ORIENTED_EDGE('',*,*,#4951,.F.);
#6823=ORIENTED_EDGE('',*,*,#4865,.T.);
#6824=ORIENTED_EDGE('',*,*,#4952,.F.);
#6825=ORIENTED_EDGE('',*,*,#4931,.T.);
#6826=ORIENTED_EDGE('',*,*,#4949,.T.);
#6827=ORIENTED_EDGE('',*,*,#4938,.T.);
#6828=ORIENTED_EDGE('',*,*,#4953,.F.);
#6829=ORIENTED_EDGE('',*,*,#4928,.T.);
#6830=ORIENTED_EDGE('',*,*,#4953,.T.);
#6831=ORIENTED_EDGE('',*,*,#4941,.T.);
#6832=ORIENTED_EDGE('',*,*,#4954,.F.);
#6833=ORIENTED_EDGE('',*,*,#4929,.T.);
#6834=ORIENTED_EDGE('',*,*,#4951,.T.);
#6835=ORIENTED_EDGE('',*,*,#4930,.T.);
#6836=ORIENTED_EDGE('',*,*,#4954,.T.);
#6837=ORIENTED_EDGE('',*,*,#4943,.T.);
#6838=ORIENTED_EDGE('',*,*,#4955,.F.);
#6839=ORIENTED_EDGE('',*,*,#4863,.T.);
#6840=ORIENTED_EDGE('',*,*,#4956,.F.);
#6841=ORIENTED_EDGE('',*,*,#4933,.T.);
#6842=ORIENTED_EDGE('',*,*,#4952,.T.);
#6843=ORIENTED_EDGE('',*,*,#4864,.T.);
#6844=ORIENTED_EDGE('',*,*,#4955,.T.);
#6845=ORIENTED_EDGE('',*,*,#4932,.T.);
#6846=ORIENTED_EDGE('',*,*,#4956,.T.);
#6847=ORIENTED_EDGE('',*,*,#4621,.T.);
#6848=ORIENTED_EDGE('',*,*,#4957,.F.);
#6849=ORIENTED_EDGE('',*,*,#4934,.T.);
#6850=ORIENTED_EDGE('',*,*,#4957,.T.);
#6851=ORIENTED_EDGE('',*,*,#4624,.T.);
#6852=ORIENTED_EDGE('',*,*,#4958,.F.);
#6853=ORIENTED_EDGE('',*,*,#4935,.T.);
#6854=ORIENTED_EDGE('',*,*,#4944,.T.);
#6855=ORIENTED_EDGE('',*,*,#4936,.T.);
#6856=ORIENTED_EDGE('',*,*,#4958,.T.);
#6857=ORIENTED_EDGE('',*,*,#4626,.T.);
#6858=ORIENTED_EDGE('',*,*,#4959,.F.);
#6859=ORIENTED_EDGE('',*,*,#4960,.F.);
#6860=ORIENTED_EDGE('',*,*,#4961,.F.);
#6861=ORIENTED_EDGE('',*,*,#4962,.F.);
#6862=ORIENTED_EDGE('',*,*,#4963,.F.);
#6863=ORIENTED_EDGE('',*,*,#4964,.F.);
#6864=ORIENTED_EDGE('',*,*,#4965,.F.);
#6865=ORIENTED_EDGE('',*,*,#4966,.F.);
#6866=ORIENTED_EDGE('',*,*,#4967,.F.);
#6867=ORIENTED_EDGE('',*,*,#4968,.F.);
#6868=ORIENTED_EDGE('',*,*,#4969,.F.);
#6869=ORIENTED_EDGE('',*,*,#4970,.F.);
#6870=ORIENTED_EDGE('',*,*,#4971,.F.);
#6871=ORIENTED_EDGE('',*,*,#4972,.T.);
#6872=ORIENTED_EDGE('',*,*,#4596,.T.);
#6873=ORIENTED_EDGE('',*,*,#4973,.T.);
#6874=ORIENTED_EDGE('',*,*,#4974,.F.);
#6875=ORIENTED_EDGE('',*,*,#4973,.F.);
#6876=ORIENTED_EDGE('',*,*,#4500,.T.);
#6877=ORIENTED_EDGE('',*,*,#4975,.F.);
#6878=ORIENTED_EDGE('',*,*,#4976,.F.);
#6879=ORIENTED_EDGE('',*,*,#4975,.T.);
#6880=ORIENTED_EDGE('',*,*,#4570,.T.);
#6881=ORIENTED_EDGE('',*,*,#4862,.T.);
#6882=ORIENTED_EDGE('',*,*,#4977,.F.);
#6883=ORIENTED_EDGE('',*,*,#4978,.T.);
#6884=ORIENTED_EDGE('',*,*,#4979,.F.);
#6885=ORIENTED_EDGE('',*,*,#4970,.T.);
#6886=ORIENTED_EDGE('',*,*,#4980,.F.);
#6887=ORIENTED_EDGE('',*,*,#4981,.T.);
#6888=ORIENTED_EDGE('',*,*,#4982,.F.);
#6889=ORIENTED_EDGE('',*,*,#4960,.T.);
#6890=ORIENTED_EDGE('',*,*,#4979,.T.);
#6891=ORIENTED_EDGE('',*,*,#4983,.T.);
#6892=ORIENTED_EDGE('',*,*,#4980,.T.);
#6893=ORIENTED_EDGE('',*,*,#4959,.T.);
#6894=ORIENTED_EDGE('',*,*,#4984,.F.);
#6895=ORIENTED_EDGE('',*,*,#4861,.T.);
#6896=ORIENTED_EDGE('',*,*,#4985,.F.);
#6897=ORIENTED_EDGE('',*,*,#4964,.T.);
#6898=ORIENTED_EDGE('',*,*,#4982,.T.);
#6899=ORIENTED_EDGE('',*,*,#4971,.T.);
#6900=ORIENTED_EDGE('',*,*,#4986,.F.);
#6901=ORIENTED_EDGE('',*,*,#4961,.T.);
#6902=ORIENTED_EDGE('',*,*,#4986,.T.);
#6903=ORIENTED_EDGE('',*,*,#4974,.T.);
#6904=ORIENTED_EDGE('',*,*,#4987,.F.);
#6905=ORIENTED_EDGE('',*,*,#4962,.T.);
#6906=ORIENTED_EDGE('',*,*,#4984,.T.);
#6907=ORIENTED_EDGE('',*,*,#4963,.T.);
#6908=ORIENTED_EDGE('',*,*,#4987,.T.);
#6909=ORIENTED_EDGE('',*,*,#4976,.T.);
#6910=ORIENTED_EDGE('',*,*,#4988,.F.);
#6911=ORIENTED_EDGE('',*,*,#4859,.T.);
#6912=ORIENTED_EDGE('',*,*,#4989,.F.);
#6913=ORIENTED_EDGE('',*,*,#4966,.T.);
#6914=ORIENTED_EDGE('',*,*,#4985,.T.);
#6915=ORIENTED_EDGE('',*,*,#4860,.T.);
#6916=ORIENTED_EDGE('',*,*,#4988,.T.);
#6917=ORIENTED_EDGE('',*,*,#4965,.T.);
#6918=ORIENTED_EDGE('',*,*,#4990,.F.);
#6919=ORIENTED_EDGE('',*,*,#4628,.T.);
#6920=ORIENTED_EDGE('',*,*,#4991,.F.);
#6921=ORIENTED_EDGE('',*,*,#4968,.T.);
#6922=ORIENTED_EDGE('',*,*,#4989,.T.);
#6923=ORIENTED_EDGE('',*,*,#4582,.T.);
#6924=ORIENTED_EDGE('',*,*,#4990,.T.);
#6925=ORIENTED_EDGE('',*,*,#4967,.T.);
#6926=ORIENTED_EDGE('',*,*,#4977,.T.);
#6927=ORIENTED_EDGE('',*,*,#4969,.T.);
#6928=ORIENTED_EDGE('',*,*,#4991,.T.);
#6929=ORIENTED_EDGE('',*,*,#4630,.T.);
#6930=ORIENTED_EDGE('',*,*,#4475,.F.);
#6931=ORIENTED_EDGE('',*,*,#4992,.T.);
#6932=ORIENTED_EDGE('',*,*,#4993,.F.);
#6933=ORIENTED_EDGE('',*,*,#4994,.F.);
#6934=ORIENTED_EDGE('',*,*,#4992,.F.);
#6935=ORIENTED_EDGE('',*,*,#4993,.T.);
#6936=ORIENTED_EDGE('',*,*,#4994,.T.);
#6937=ORIENTED_EDGE('',*,*,#4995,.T.);
#6938=ORIENTED_EDGE('',*,*,#4996,.T.);
#6939=ORIENTED_EDGE('',*,*,#4995,.F.);
#6940=ORIENTED_EDGE('',*,*,#4997,.F.);
#6941=ORIENTED_EDGE('',*,*,#4998,.F.);
#6942=ORIENTED_EDGE('',*,*,#4999,.F.);
#6943=ORIENTED_EDGE('',*,*,#5000,.F.);
#6944=ORIENTED_EDGE('',*,*,#5001,.F.);
#6945=ORIENTED_EDGE('',*,*,#5002,.F.);
#6946=ORIENTED_EDGE('',*,*,#5003,.F.);
#6947=ORIENTED_EDGE('',*,*,#5004,.F.);
#6948=ORIENTED_EDGE('',*,*,#5005,.F.);
#6949=ORIENTED_EDGE('',*,*,#5006,.F.);
#6950=ORIENTED_EDGE('',*,*,#4996,.F.);
#6951=ORIENTED_EDGE('',*,*,#5007,.F.);
#6952=ORIENTED_EDGE('',*,*,#5008,.F.);
#6953=ORIENTED_EDGE('',*,*,#4520,.F.);
#6954=ORIENTED_EDGE('',*,*,#4546,.F.);
#6955=ORIENTED_EDGE('',*,*,#4549,.F.);
#6956=ORIENTED_EDGE('',*,*,#4886,.F.);
#6957=ORIENTED_EDGE('',*,*,#4882,.F.);
#6958=ORIENTED_EDGE('',*,*,#4880,.F.);
#6959=ORIENTED_EDGE('',*,*,#4607,.F.);
#6960=ORIENTED_EDGE('',*,*,#4613,.F.);
#6961=ORIENTED_EDGE('',*,*,#4611,.F.);
#6962=ORIENTED_EDGE('',*,*,#4906,.F.);
#6963=ORIENTED_EDGE('',*,*,#4915,.F.);
#6964=ORIENTED_EDGE('',*,*,#4917,.F.);
#6965=ORIENTED_EDGE('',*,*,#4912,.F.);
#6966=ORIENTED_EDGE('',*,*,#4620,.F.);
#6967=ORIENTED_EDGE('',*,*,#4600,.F.);
#6968=ORIENTED_EDGE('',*,*,#4606,.F.);
#6969=ORIENTED_EDGE('',*,*,#4604,.F.);
#6970=ORIENTED_EDGE('',*,*,#4939,.F.);
#6971=ORIENTED_EDGE('',*,*,#4948,.F.);
#6972=ORIENTED_EDGE('',*,*,#4950,.F.);
#6973=ORIENTED_EDGE('',*,*,#4945,.F.);
#6974=ORIENTED_EDGE('',*,*,#4627,.F.);
#6975=ORIENTED_EDGE('',*,*,#4593,.F.);
#6976=ORIENTED_EDGE('',*,*,#4599,.F.);
#6977=ORIENTED_EDGE('',*,*,#4597,.F.);
#6978=ORIENTED_EDGE('',*,*,#4972,.F.);
#6979=ORIENTED_EDGE('',*,*,#4981,.F.);
#6980=ORIENTED_EDGE('',*,*,#4983,.F.);
#6981=ORIENTED_EDGE('',*,*,#4978,.F.);
#6982=ORIENTED_EDGE('',*,*,#4631,.F.);
#6983=ORIENTED_EDGE('',*,*,#4586,.F.);
#6984=ORIENTED_EDGE('',*,*,#4592,.F.);
#6985=ORIENTED_EDGE('',*,*,#4590,.F.);
#6986=ORIENTED_EDGE('',*,*,#5009,.F.);
#6987=ORIENTED_EDGE('',*,*,#4671,.T.);
#6988=ORIENTED_EDGE('',*,*,#4656,.T.);
#6989=ORIENTED_EDGE('',*,*,#4660,.T.);
#6990=ORIENTED_EDGE('',*,*,#4663,.T.);
#6991=ORIENTED_EDGE('',*,*,#4666,.T.);
#6992=ORIENTED_EDGE('',*,*,#4669,.T.);
#6993=ORIENTED_EDGE('',*,*,#4701,.T.);
#6994=ORIENTED_EDGE('',*,*,#4674,.T.);
#6995=ORIENTED_EDGE('',*,*,#4678,.T.);
#6996=ORIENTED_EDGE('',*,*,#4681,.T.);
#6997=ORIENTED_EDGE('',*,*,#4684,.T.);
#6998=ORIENTED_EDGE('',*,*,#4687,.T.);
#6999=ORIENTED_EDGE('',*,*,#4690,.T.);
#7000=ORIENTED_EDGE('',*,*,#4693,.T.);
#7001=ORIENTED_EDGE('',*,*,#4696,.T.);
#7002=ORIENTED_EDGE('',*,*,#4699,.T.);
#7003=ORIENTED_EDGE('',*,*,#4774,.T.);
#7004=ORIENTED_EDGE('',*,*,#4720,.T.);
#7005=ORIENTED_EDGE('',*,*,#4724,.T.);
#7006=ORIENTED_EDGE('',*,*,#4727,.T.);
#7007=ORIENTED_EDGE('',*,*,#4730,.T.);
#7008=ORIENTED_EDGE('',*,*,#4733,.T.);
#7009=ORIENTED_EDGE('',*,*,#4736,.T.);
#7010=ORIENTED_EDGE('',*,*,#4739,.T.);
#7011=ORIENTED_EDGE('',*,*,#4742,.T.);
#7012=ORIENTED_EDGE('',*,*,#4745,.T.);
#7013=ORIENTED_EDGE('',*,*,#4748,.T.);
#7014=ORIENTED_EDGE('',*,*,#4751,.T.);
#7015=ORIENTED_EDGE('',*,*,#4754,.T.);
#7016=ORIENTED_EDGE('',*,*,#4757,.T.);
#7017=ORIENTED_EDGE('',*,*,#4760,.T.);
#7018=ORIENTED_EDGE('',*,*,#4763,.T.);
#7019=ORIENTED_EDGE('',*,*,#4766,.T.);
#7020=ORIENTED_EDGE('',*,*,#4769,.T.);
#7021=ORIENTED_EDGE('',*,*,#4772,.T.);
#7022=ORIENTED_EDGE('',*,*,#4841,.T.);
#7023=ORIENTED_EDGE('',*,*,#4805,.T.);
#7024=ORIENTED_EDGE('',*,*,#4809,.T.);
#7025=ORIENTED_EDGE('',*,*,#4812,.T.);
#7026=ORIENTED_EDGE('',*,*,#4815,.T.);
#7027=ORIENTED_EDGE('',*,*,#4818,.T.);
#7028=ORIENTED_EDGE('',*,*,#4821,.T.);
#7029=ORIENTED_EDGE('',*,*,#4824,.T.);
#7030=ORIENTED_EDGE('',*,*,#4827,.T.);
#7031=ORIENTED_EDGE('',*,*,#4830,.T.);
#7032=ORIENTED_EDGE('',*,*,#4833,.T.);
#7033=ORIENTED_EDGE('',*,*,#4836,.T.);
#7034=ORIENTED_EDGE('',*,*,#4839,.T.);
#7035=ORIENTED_EDGE('',*,*,#5010,.F.);
#7036=ORIENTED_EDGE('',*,*,#5009,.T.);
#7037=ORIENTED_EDGE('',*,*,#4589,.T.);
#7038=ORIENTED_EDGE('',*,*,#5011,.T.);
#7039=ORIENTED_EDGE('',*,*,#5012,.F.);
#7040=ORIENTED_EDGE('',*,*,#5011,.F.);
#7041=ORIENTED_EDGE('',*,*,#4480,.T.);
#7042=ORIENTED_EDGE('',*,*,#5013,.F.);
#7043=ORIENTED_EDGE('',*,*,#5014,.F.);
#7044=ORIENTED_EDGE('',*,*,#5013,.T.);
#7045=ORIENTED_EDGE('',*,*,#4577,.T.);
#7046=ORIENTED_EDGE('',*,*,#4858,.T.);
#7047=ORIENTED_EDGE('',*,*,#5015,.F.);
#7048=ORIENTED_EDGE('',*,*,#4857,.T.);
#7049=ORIENTED_EDGE('',*,*,#5016,.F.);
#7050=ORIENTED_EDGE('',*,*,#5002,.T.);
#7051=ORIENTED_EDGE('',*,*,#5017,.F.);
#7052=ORIENTED_EDGE('',*,*,#5007,.T.);
#7053=ORIENTED_EDGE('',*,*,#5018,.F.);
#7054=ORIENTED_EDGE('',*,*,#4998,.T.);
#7055=ORIENTED_EDGE('',*,*,#5016,.T.);
#7056=ORIENTED_EDGE('',*,*,#4874,.T.);
#7057=ORIENTED_EDGE('',*,*,#5019,.F.);
#7058=ORIENTED_EDGE('',*,*,#5003,.T.);
#7059=ORIENTED_EDGE('',*,*,#5019,.T.);
#7060=ORIENTED_EDGE('',*,*,#4524,.T.);
#7061=ORIENTED_EDGE('',*,*,#5020,.F.);
#7062=ORIENTED_EDGE('',*,*,#5004,.T.);
#7063=ORIENTED_EDGE('',*,*,#5020,.T.);
#7064=ORIENTED_EDGE('',*,*,#4521,.T.);
#7065=ORIENTED_EDGE('',*,*,#5021,.F.);
#7066=ORIENTED_EDGE('',*,*,#5005,.T.);
#7067=ORIENTED_EDGE('',*,*,#5021,.T.);
#7068=ORIENTED_EDGE('',*,*,#4517,.T.);
#7069=ORIENTED_EDGE('',*,*,#5022,.F.);
#7070=ORIENTED_EDGE('',*,*,#5006,.T.);
#7071=ORIENTED_EDGE('',*,*,#5022,.T.);
#7072=ORIENTED_EDGE('',*,*,#5008,.T.);
#7073=ORIENTED_EDGE('',*,*,#5017,.T.);
#7074=ORIENTED_EDGE('',*,*,#4997,.T.);
#7075=ORIENTED_EDGE('',*,*,#5018,.T.);
#7076=ORIENTED_EDGE('',*,*,#5010,.T.);
#7077=ORIENTED_EDGE('',*,*,#5023,.F.);
#7078=ORIENTED_EDGE('',*,*,#4999,.T.);
#7079=ORIENTED_EDGE('',*,*,#5023,.T.);
#7080=ORIENTED_EDGE('',*,*,#5012,.T.);
#7081=ORIENTED_EDGE('',*,*,#5024,.F.);
#7082=ORIENTED_EDGE('',*,*,#5000,.T.);
#7083=ORIENTED_EDGE('',*,*,#5015,.T.);
#7084=ORIENTED_EDGE('',*,*,#5001,.T.);
#7085=ORIENTED_EDGE('',*,*,#5024,.T.);
#7086=ORIENTED_EDGE('',*,*,#5014,.T.);
#7087=ORIENTED_EDGE('',*,*,#5025,.T.);
#7088=ORIENTED_EDGE('',*,*,#5026,.T.);
#7089=ORIENTED_EDGE('',*,*,#5027,.T.);
#7090=ORIENTED_EDGE('',*,*,#5028,.T.);
#7091=ORIENTED_EDGE('',*,*,#5026,.F.);
#7092=ORIENTED_EDGE('',*,*,#5029,.F.);
#7093=ORIENTED_EDGE('',*,*,#5030,.F.);
#7094=ORIENTED_EDGE('',*,*,#5031,.F.);
#7095=ORIENTED_EDGE('',*,*,#5032,.F.);
#7096=ORIENTED_EDGE('',*,*,#5033,.F.);
#7097=ORIENTED_EDGE('',*,*,#5034,.F.);
#7098=ORIENTED_EDGE('',*,*,#5035,.F.);
#7099=ORIENTED_EDGE('',*,*,#5036,.F.);
#7100=ORIENTED_EDGE('',*,*,#5037,.F.);
#7101=ORIENTED_EDGE('',*,*,#5025,.F.);
#7102=ORIENTED_EDGE('',*,*,#5038,.F.);
#7103=ORIENTED_EDGE('',*,*,#5039,.T.);
#7104=ORIENTED_EDGE('',*,*,#5027,.F.);
#7105=ORIENTED_EDGE('',*,*,#5028,.F.);
#7106=ORIENTED_EDGE('',*,*,#5039,.F.);
#7107=ORIENTED_EDGE('',*,*,#5037,.T.);
#7108=ORIENTED_EDGE('',*,*,#5040,.T.);
#7109=ORIENTED_EDGE('',*,*,#5041,.T.);
#7110=ORIENTED_EDGE('',*,*,#5042,.T.);
#7111=ORIENTED_EDGE('',*,*,#5040,.F.);
#7112=ORIENTED_EDGE('',*,*,#5043,.F.);
#7113=ORIENTED_EDGE('',*,*,#5044,.T.);
#7114=ORIENTED_EDGE('',*,*,#5041,.F.);
#7115=ORIENTED_EDGE('',*,*,#5042,.F.);
#7116=ORIENTED_EDGE('',*,*,#5044,.F.);
#7117=ORIENTED_EDGE('',*,*,#5045,.T.);
#7118=ORIENTED_EDGE('',*,*,#5046,.T.);
#7119=ORIENTED_EDGE('',*,*,#5047,.T.);
#7120=ORIENTED_EDGE('',*,*,#5048,.T.);
#7121=ORIENTED_EDGE('',*,*,#5046,.F.);
#7122=ORIENTED_EDGE('',*,*,#5049,.F.);
#7123=ORIENTED_EDGE('',*,*,#5050,.F.);
#7124=ORIENTED_EDGE('',*,*,#5051,.F.);
#7125=ORIENTED_EDGE('',*,*,#5052,.F.);
#7126=ORIENTED_EDGE('',*,*,#5053,.F.);
#7127=ORIENTED_EDGE('',*,*,#5054,.F.);
#7128=ORIENTED_EDGE('',*,*,#5055,.F.);
#7129=ORIENTED_EDGE('',*,*,#5056,.F.);
#7130=ORIENTED_EDGE('',*,*,#5057,.F.);
#7131=ORIENTED_EDGE('',*,*,#5058,.F.);
#7132=ORIENTED_EDGE('',*,*,#5045,.F.);
#7133=ORIENTED_EDGE('',*,*,#5047,.F.);
#7134=ORIENTED_EDGE('',*,*,#5048,.F.);
#7135=ORIENTED_EDGE('',*,*,#5059,.T.);
#7136=ORIENTED_EDGE('',*,*,#5060,.T.);
#7137=ORIENTED_EDGE('',*,*,#5059,.F.);
#7138=ORIENTED_EDGE('',*,*,#5061,.T.);
#7139=ORIENTED_EDGE('',*,*,#5062,.T.);
#7140=ORIENTED_EDGE('',*,*,#5063,.T.);
#7141=ORIENTED_EDGE('',*,*,#5055,.T.);
#7142=ORIENTED_EDGE('',*,*,#5064,.T.);
#7143=ORIENTED_EDGE('',*,*,#5056,.T.);
#7144=ORIENTED_EDGE('',*,*,#5063,.F.);
#7145=ORIENTED_EDGE('',*,*,#5065,.T.);
#7146=ORIENTED_EDGE('',*,*,#5066,.T.);
#7147=ORIENTED_EDGE('',*,*,#5057,.T.);
#7148=ORIENTED_EDGE('',*,*,#5064,.F.);
#7149=ORIENTED_EDGE('',*,*,#5067,.T.);
#7150=ORIENTED_EDGE('',*,*,#5068,.T.);
#7151=ORIENTED_EDGE('',*,*,#5049,.T.);
#7152=ORIENTED_EDGE('',*,*,#5069,.T.);
#7153=ORIENTED_EDGE('',*,*,#5070,.T.);
#7154=ORIENTED_EDGE('',*,*,#5071,.T.);
#7155=ORIENTED_EDGE('',*,*,#5050,.T.);
#7156=ORIENTED_EDGE('',*,*,#5068,.F.);
#7157=ORIENTED_EDGE('',*,*,#5072,.T.);
#7158=ORIENTED_EDGE('',*,*,#5073,.T.);
#7159=ORIENTED_EDGE('',*,*,#5051,.T.);
#7160=ORIENTED_EDGE('',*,*,#5071,.F.);
#7161=ORIENTED_EDGE('',*,*,#5074,.T.);
#7162=ORIENTED_EDGE('',*,*,#5075,.T.);
#7163=ORIENTED_EDGE('',*,*,#5052,.T.);
#7164=ORIENTED_EDGE('',*,*,#5073,.F.);
#7165=ORIENTED_EDGE('',*,*,#5076,.T.);
#7166=ORIENTED_EDGE('',*,*,#5077,.T.);
#7167=ORIENTED_EDGE('',*,*,#5053,.T.);
#7168=ORIENTED_EDGE('',*,*,#5075,.F.);
#7169=ORIENTED_EDGE('',*,*,#5078,.T.);
#7170=ORIENTED_EDGE('',*,*,#5069,.F.);
#7171=ORIENTED_EDGE('',*,*,#5058,.T.);
#7172=ORIENTED_EDGE('',*,*,#5066,.F.);
#7173=ORIENTED_EDGE('',*,*,#5079,.T.);
#7174=ORIENTED_EDGE('',*,*,#5061,.F.);
#7175=ORIENTED_EDGE('',*,*,#5054,.T.);
#7176=ORIENTED_EDGE('',*,*,#5077,.F.);
#7177=ORIENTED_EDGE('',*,*,#5080,.T.);
#7178=ORIENTED_EDGE('',*,*,#5080,.F.);
#7179=ORIENTED_EDGE('',*,*,#5078,.F.);
#7180=ORIENTED_EDGE('',*,*,#5081,.F.);
#7181=ORIENTED_EDGE('',*,*,#5082,.F.);
#7182=ORIENTED_EDGE('',*,*,#5083,.F.);
#7183=ORIENTED_EDGE('',*,*,#5084,.F.);
#7184=ORIENTED_EDGE('',*,*,#5085,.F.);
#7185=ORIENTED_EDGE('',*,*,#5086,.F.);
#7186=ORIENTED_EDGE('',*,*,#5087,.F.);
#7187=ORIENTED_EDGE('',*,*,#5088,.F.);
#7188=ORIENTED_EDGE('',*,*,#5089,.F.);
#7189=ORIENTED_EDGE('',*,*,#5090,.F.);
#7190=ORIENTED_EDGE('',*,*,#5091,.F.);
#7191=ORIENTED_EDGE('',*,*,#5092,.F.);
#7192=ORIENTED_EDGE('',*,*,#5093,.F.);
#7193=ORIENTED_EDGE('',*,*,#5094,.F.);
#7194=ORIENTED_EDGE('',*,*,#5095,.F.);
#7195=ORIENTED_EDGE('',*,*,#5096,.F.);
#7196=ORIENTED_EDGE('',*,*,#5097,.F.);
#7197=ORIENTED_EDGE('',*,*,#5098,.F.);
#7198=ORIENTED_EDGE('',*,*,#5099,.F.);
#7199=ORIENTED_EDGE('',*,*,#5100,.F.);
#7200=ORIENTED_EDGE('',*,*,#5101,.F.);
#7201=ORIENTED_EDGE('',*,*,#5102,.F.);
#7202=ORIENTED_EDGE('',*,*,#5103,.F.);
#7203=ORIENTED_EDGE('',*,*,#5104,.F.);
#7204=ORIENTED_EDGE('',*,*,#5105,.F.);
#7205=ORIENTED_EDGE('',*,*,#5106,.F.);
#7206=ORIENTED_EDGE('',*,*,#5107,.F.);
#7207=ORIENTED_EDGE('',*,*,#5108,.F.);
#7208=ORIENTED_EDGE('',*,*,#5109,.F.);
#7209=ORIENTED_EDGE('',*,*,#5110,.F.);
#7210=ORIENTED_EDGE('',*,*,#5111,.F.);
#7211=ORIENTED_EDGE('',*,*,#5112,.F.);
#7212=ORIENTED_EDGE('',*,*,#5113,.F.);
#7213=ORIENTED_EDGE('',*,*,#5114,.F.);
#7214=ORIENTED_EDGE('',*,*,#5076,.F.);
#7215=ORIENTED_EDGE('',*,*,#5115,.T.);
#7216=ORIENTED_EDGE('',*,*,#5116,.F.);
#7217=ORIENTED_EDGE('',*,*,#5081,.T.);
#7218=ORIENTED_EDGE('',*,*,#5074,.F.);
#7219=ORIENTED_EDGE('',*,*,#5117,.F.);
#7220=ORIENTED_EDGE('',*,*,#5118,.F.);
#7221=ORIENTED_EDGE('',*,*,#5115,.F.);
#7222=ORIENTED_EDGE('',*,*,#5119,.T.);
#7223=ORIENTED_EDGE('',*,*,#5120,.T.);
#7224=ORIENTED_EDGE('',*,*,#5121,.T.);
#7225=ORIENTED_EDGE('',*,*,#5122,.T.);
#7226=ORIENTED_EDGE('',*,*,#5123,.T.);
#7227=ORIENTED_EDGE('',*,*,#5124,.T.);
#7228=ORIENTED_EDGE('',*,*,#5125,.T.);
#7229=ORIENTED_EDGE('',*,*,#5126,.T.);
#7230=ORIENTED_EDGE('',*,*,#5127,.T.);
#7231=ORIENTED_EDGE('',*,*,#5128,.T.);
#7232=ORIENTED_EDGE('',*,*,#5129,.T.);
#7233=ORIENTED_EDGE('',*,*,#5130,.T.);
#7234=ORIENTED_EDGE('',*,*,#5131,.T.);
#7235=ORIENTED_EDGE('',*,*,#5132,.T.);
#7236=ORIENTED_EDGE('',*,*,#5133,.T.);
#7237=ORIENTED_EDGE('',*,*,#5134,.T.);
#7238=ORIENTED_EDGE('',*,*,#5135,.T.);
#7239=ORIENTED_EDGE('',*,*,#5136,.T.);
#7240=ORIENTED_EDGE('',*,*,#5137,.T.);
#7241=ORIENTED_EDGE('',*,*,#5138,.T.);
#7242=ORIENTED_EDGE('',*,*,#5139,.T.);
#7243=ORIENTED_EDGE('',*,*,#5140,.T.);
#7244=ORIENTED_EDGE('',*,*,#5141,.T.);
#7245=ORIENTED_EDGE('',*,*,#5142,.T.);
#7246=ORIENTED_EDGE('',*,*,#5143,.T.);
#7247=ORIENTED_EDGE('',*,*,#5144,.T.);
#7248=ORIENTED_EDGE('',*,*,#5145,.T.);
#7249=ORIENTED_EDGE('',*,*,#5146,.T.);
#7250=ORIENTED_EDGE('',*,*,#5147,.T.);
#7251=ORIENTED_EDGE('',*,*,#5148,.T.);
#7252=ORIENTED_EDGE('',*,*,#5072,.F.);
#7253=ORIENTED_EDGE('',*,*,#5149,.T.);
#7254=ORIENTED_EDGE('',*,*,#5150,.F.);
#7255=ORIENTED_EDGE('',*,*,#5117,.T.);
#7256=ORIENTED_EDGE('',*,*,#5151,.T.);
#7257=ORIENTED_EDGE('',*,*,#5152,.T.);
#7258=ORIENTED_EDGE('',*,*,#5153,.T.);
#7259=ORIENTED_EDGE('',*,*,#5154,.T.);
#7260=ORIENTED_EDGE('',*,*,#5155,.T.);
#7261=ORIENTED_EDGE('',*,*,#5156,.T.);
#7262=ORIENTED_EDGE('',*,*,#5157,.T.);
#7263=ORIENTED_EDGE('',*,*,#5158,.T.);
#7264=ORIENTED_EDGE('',*,*,#5157,.F.);
#7265=ORIENTED_EDGE('',*,*,#5159,.T.);
#7266=ORIENTED_EDGE('',*,*,#5153,.F.);
#7267=ORIENTED_EDGE('',*,*,#5160,.T.);
#7268=ORIENTED_EDGE('',*,*,#5161,.T.);
#7269=ORIENTED_EDGE('',*,*,#5162,.T.);
#7270=ORIENTED_EDGE('',*,*,#5163,.T.);
#7271=ORIENTED_EDGE('',*,*,#5108,.T.);
#7272=ORIENTED_EDGE('',*,*,#5163,.F.);
#7273=ORIENTED_EDGE('',*,*,#5164,.T.);
#7274=ORIENTED_EDGE('',*,*,#5155,.F.);
#7275=ORIENTED_EDGE('',*,*,#5109,.T.);
#7276=ORIENTED_EDGE('',*,*,#5165,.T.);
#7277=ORIENTED_EDGE('',*,*,#5166,.T.);
#7278=ORIENTED_EDGE('',*,*,#5167,.T.);
#7279=ORIENTED_EDGE('',*,*,#5168,.T.);
#7280=ORIENTED_EDGE('',*,*,#5169,.T.);
#7281=ORIENTED_EDGE('',*,*,#5170,.T.);
#7282=ORIENTED_EDGE('',*,*,#5167,.F.);
#7283=ORIENTED_EDGE('',*,*,#5171,.T.);
#7284=ORIENTED_EDGE('',*,*,#5172,.T.);
#7285=ORIENTED_EDGE('',*,*,#5173,.T.);
#7286=ORIENTED_EDGE('',*,*,#5169,.F.);
#7287=ORIENTED_EDGE('',*,*,#5174,.T.);
#7288=ORIENTED_EDGE('',*,*,#5165,.F.);
#7289=ORIENTED_EDGE('',*,*,#5175,.T.);
#7290=ORIENTED_EDGE('',*,*,#5161,.F.);
#7291=ORIENTED_EDGE('',*,*,#5107,.T.);
#7292=ORIENTED_EDGE('',*,*,#5176,.T.);
#7293=ORIENTED_EDGE('',*,*,#5177,.T.);
#7294=ORIENTED_EDGE('',*,*,#5178,.T.);
#7295=ORIENTED_EDGE('',*,*,#5179,.T.);
#7296=ORIENTED_EDGE('',*,*,#5178,.F.);
#7297=ORIENTED_EDGE('',*,*,#5180,.T.);
#7298=ORIENTED_EDGE('',*,*,#5172,.F.);
#7299=ORIENTED_EDGE('',*,*,#5181,.T.);
#7300=ORIENTED_EDGE('',*,*,#5151,.F.);
#7301=ORIENTED_EDGE('',*,*,#5182,.T.);
#7302=ORIENTED_EDGE('',*,*,#5176,.F.);
#7303=ORIENTED_EDGE('',*,*,#5183,.T.);
#7304=ORIENTED_EDGE('',*,*,#5158,.F.);
#7305=ORIENTED_EDGE('',*,*,#5184,.T.);
#7306=ORIENTED_EDGE('',*,*,#5185,.T.);
#7307=ORIENTED_EDGE('',*,*,#5110,.T.);
#7308=ORIENTED_EDGE('',*,*,#5160,.F.);
#7309=ORIENTED_EDGE('',*,*,#5186,.F.);
#7310=ORIENTED_EDGE('',*,*,#5187,.T.);
#7311=ORIENTED_EDGE('',*,*,#5184,.F.);
#7312=ORIENTED_EDGE('',*,*,#5152,.F.);
#7313=ORIENTED_EDGE('',*,*,#5188,.T.);
#7314=ORIENTED_EDGE('',*,*,#5189,.F.);
#7315=ORIENTED_EDGE('',*,*,#5186,.T.);
#7316=ORIENTED_EDGE('',*,*,#5079,.F.);
#7317=ORIENTED_EDGE('',*,*,#5190,.F.);
#7318=ORIENTED_EDGE('',*,*,#5191,.F.);
#7319=ORIENTED_EDGE('',*,*,#5192,.F.);
#7320=ORIENTED_EDGE('',*,*,#5193,.F.);
#7321=ORIENTED_EDGE('',*,*,#5188,.F.);
#7322=ORIENTED_EDGE('',*,*,#5183,.F.);
#7323=ORIENTED_EDGE('',*,*,#5179,.F.);
#7324=ORIENTED_EDGE('',*,*,#5181,.F.);
#7325=ORIENTED_EDGE('',*,*,#5194,.F.);
#7326=ORIENTED_EDGE('',*,*,#5195,.F.);
#7327=ORIENTED_EDGE('',*,*,#5196,.F.);
#7328=ORIENTED_EDGE('',*,*,#5197,.F.);
#7329=ORIENTED_EDGE('',*,*,#5198,.F.);
#7330=ORIENTED_EDGE('',*,*,#5199,.F.);
#7331=ORIENTED_EDGE('',*,*,#5200,.F.);
#7332=ORIENTED_EDGE('',*,*,#5201,.F.);
#7333=ORIENTED_EDGE('',*,*,#5202,.F.);
#7334=ORIENTED_EDGE('',*,*,#5203,.F.);
#7335=ORIENTED_EDGE('',*,*,#5204,.F.);
#7336=ORIENTED_EDGE('',*,*,#5205,.F.);
#7337=ORIENTED_EDGE('',*,*,#5206,.F.);
#7338=ORIENTED_EDGE('',*,*,#5207,.F.);
#7339=ORIENTED_EDGE('',*,*,#5208,.F.);
#7340=ORIENTED_EDGE('',*,*,#5209,.F.);
#7341=ORIENTED_EDGE('',*,*,#5210,.F.);
#7342=ORIENTED_EDGE('',*,*,#5211,.F.);
#7343=ORIENTED_EDGE('',*,*,#5212,.F.);
#7344=ORIENTED_EDGE('',*,*,#5213,.F.);
#7345=ORIENTED_EDGE('',*,*,#5214,.F.);
#7346=ORIENTED_EDGE('',*,*,#5215,.F.);
#7347=ORIENTED_EDGE('',*,*,#5216,.F.);
#7348=ORIENTED_EDGE('',*,*,#5217,.F.);
#7349=ORIENTED_EDGE('',*,*,#5218,.F.);
#7350=ORIENTED_EDGE('',*,*,#5149,.F.);
#7351=ORIENTED_EDGE('',*,*,#5070,.F.);
#7352=ORIENTED_EDGE('',*,*,#5177,.F.);
#7353=ORIENTED_EDGE('',*,*,#5182,.F.);
#7354=ORIENTED_EDGE('',*,*,#5154,.F.);
#7355=ORIENTED_EDGE('',*,*,#5159,.F.);
#7356=ORIENTED_EDGE('',*,*,#5156,.F.);
#7357=ORIENTED_EDGE('',*,*,#5164,.F.);
#7358=ORIENTED_EDGE('',*,*,#5162,.F.);
#7359=ORIENTED_EDGE('',*,*,#5175,.F.);
#7360=ORIENTED_EDGE('',*,*,#5168,.F.);
#7361=ORIENTED_EDGE('',*,*,#5170,.F.);
#7362=ORIENTED_EDGE('',*,*,#5173,.F.);
#7363=ORIENTED_EDGE('',*,*,#5180,.F.);
#7364=ORIENTED_EDGE('',*,*,#5219,.T.);
#7365=ORIENTED_EDGE('',*,*,#5220,.T.);
#7366=ORIENTED_EDGE('',*,*,#5221,.T.);
#7367=ORIENTED_EDGE('',*,*,#5222,.T.);
#7368=ORIENTED_EDGE('',*,*,#5223,.T.);
#7369=ORIENTED_EDGE('',*,*,#5224,.T.);
#7370=ORIENTED_EDGE('',*,*,#5221,.F.);
#7371=ORIENTED_EDGE('',*,*,#5225,.T.);
#7372=ORIENTED_EDGE('',*,*,#5226,.T.);
#7373=ORIENTED_EDGE('',*,*,#5227,.T.);
#7374=ORIENTED_EDGE('',*,*,#5223,.F.);
#7375=ORIENTED_EDGE('',*,*,#5228,.T.);
#7376=ORIENTED_EDGE('',*,*,#5229,.T.);
#7377=ORIENTED_EDGE('',*,*,#5230,.T.);
#7378=ORIENTED_EDGE('',*,*,#5231,.T.);
#7379=ORIENTED_EDGE('',*,*,#5100,.T.);
#7380=ORIENTED_EDGE('',*,*,#5231,.F.);
#7381=ORIENTED_EDGE('',*,*,#5232,.T.);
#7382=ORIENTED_EDGE('',*,*,#5226,.F.);
#7383=ORIENTED_EDGE('',*,*,#5101,.T.);
#7384=ORIENTED_EDGE('',*,*,#5233,.T.);
#7385=ORIENTED_EDGE('',*,*,#5234,.T.);
#7386=ORIENTED_EDGE('',*,*,#5235,.T.);
#7387=ORIENTED_EDGE('',*,*,#5236,.T.);
#7388=ORIENTED_EDGE('',*,*,#5237,.T.);
#7389=ORIENTED_EDGE('',*,*,#5238,.T.);
#7390=ORIENTED_EDGE('',*,*,#5235,.F.);
#7391=ORIENTED_EDGE('',*,*,#5239,.T.);
#7392=ORIENTED_EDGE('',*,*,#5240,.T.);
#7393=ORIENTED_EDGE('',*,*,#5241,.T.);
#7394=ORIENTED_EDGE('',*,*,#5237,.F.);
#7395=ORIENTED_EDGE('',*,*,#5242,.T.);
#7396=ORIENTED_EDGE('',*,*,#5233,.F.);
#7397=ORIENTED_EDGE('',*,*,#5243,.T.);
#7398=ORIENTED_EDGE('',*,*,#5229,.F.);
#7399=ORIENTED_EDGE('',*,*,#5099,.T.);
#7400=ORIENTED_EDGE('',*,*,#5244,.T.);
#7401=ORIENTED_EDGE('',*,*,#5245,.T.);
#7402=ORIENTED_EDGE('',*,*,#5246,.T.);
#7403=ORIENTED_EDGE('',*,*,#5200,.T.);
#7404=ORIENTED_EDGE('',*,*,#5246,.F.);
#7405=ORIENTED_EDGE('',*,*,#5247,.T.);
#7406=ORIENTED_EDGE('',*,*,#5240,.F.);
#7407=ORIENTED_EDGE('',*,*,#5201,.T.);
#7408=ORIENTED_EDGE('',*,*,#5219,.F.);
#7409=ORIENTED_EDGE('',*,*,#5248,.T.);
#7410=ORIENTED_EDGE('',*,*,#5244,.F.);
#7411=ORIENTED_EDGE('',*,*,#5199,.T.);
#7412=ORIENTED_EDGE('',*,*,#5228,.F.);
#7413=ORIENTED_EDGE('',*,*,#5249,.T.);
#7414=ORIENTED_EDGE('',*,*,#5250,.T.);
#7415=ORIENTED_EDGE('',*,*,#5102,.T.);
#7416=ORIENTED_EDGE('',*,*,#5225,.F.);
#7417=ORIENTED_EDGE('',*,*,#5251,.F.);
#7418=ORIENTED_EDGE('',*,*,#5252,.T.);
#7419=ORIENTED_EDGE('',*,*,#5249,.F.);
#7420=ORIENTED_EDGE('',*,*,#5220,.F.);
#7421=ORIENTED_EDGE('',*,*,#5198,.T.);
#7422=ORIENTED_EDGE('',*,*,#5253,.F.);
#7423=ORIENTED_EDGE('',*,*,#5251,.T.);
#7424=ORIENTED_EDGE('',*,*,#5245,.F.);
#7425=ORIENTED_EDGE('',*,*,#5248,.F.);
#7426=ORIENTED_EDGE('',*,*,#5222,.F.);
#7427=ORIENTED_EDGE('',*,*,#5224,.F.);
#7428=ORIENTED_EDGE('',*,*,#5227,.F.);
#7429=ORIENTED_EDGE('',*,*,#5232,.F.);
#7430=ORIENTED_EDGE('',*,*,#5230,.F.);
#7431=ORIENTED_EDGE('',*,*,#5243,.F.);
#7432=ORIENTED_EDGE('',*,*,#5236,.F.);
#7433=ORIENTED_EDGE('',*,*,#5238,.F.);
#7434=ORIENTED_EDGE('',*,*,#5241,.F.);
#7435=ORIENTED_EDGE('',*,*,#5247,.F.);
#7436=ORIENTED_EDGE('',*,*,#5254,.T.);
#7437=ORIENTED_EDGE('',*,*,#5255,.T.);
#7438=ORIENTED_EDGE('',*,*,#5256,.T.);
#7439=ORIENTED_EDGE('',*,*,#5257,.T.);
#7440=ORIENTED_EDGE('',*,*,#5258,.T.);
#7441=ORIENTED_EDGE('',*,*,#5259,.T.);
#7442=ORIENTED_EDGE('',*,*,#5256,.F.);
#7443=ORIENTED_EDGE('',*,*,#5260,.T.);
#7444=ORIENTED_EDGE('',*,*,#5261,.T.);
#7445=ORIENTED_EDGE('',*,*,#5262,.T.);
#7446=ORIENTED_EDGE('',*,*,#5258,.F.);
#7447=ORIENTED_EDGE('',*,*,#5263,.T.);
#7448=ORIENTED_EDGE('',*,*,#5264,.T.);
#7449=ORIENTED_EDGE('',*,*,#5265,.T.);
#7450=ORIENTED_EDGE('',*,*,#5266,.T.);
#7451=ORIENTED_EDGE('',*,*,#5092,.T.);
#7452=ORIENTED_EDGE('',*,*,#5266,.F.);
#7453=ORIENTED_EDGE('',*,*,#5267,.T.);
#7454=ORIENTED_EDGE('',*,*,#5261,.F.);
#7455=ORIENTED_EDGE('',*,*,#5093,.T.);
#7456=ORIENTED_EDGE('',*,*,#5268,.T.);
#7457=ORIENTED_EDGE('',*,*,#5269,.T.);
#7458=ORIENTED_EDGE('',*,*,#5270,.T.);
#7459=ORIENTED_EDGE('',*,*,#5271,.T.);
#7460=ORIENTED_EDGE('',*,*,#5272,.T.);
#7461=ORIENTED_EDGE('',*,*,#5273,.T.);
#7462=ORIENTED_EDGE('',*,*,#5270,.F.);
#7463=ORIENTED_EDGE('',*,*,#5274,.T.);
#7464=ORIENTED_EDGE('',*,*,#5275,.T.);
#7465=ORIENTED_EDGE('',*,*,#5276,.T.);
#7466=ORIENTED_EDGE('',*,*,#5272,.F.);
#7467=ORIENTED_EDGE('',*,*,#5277,.T.);
#7468=ORIENTED_EDGE('',*,*,#5268,.F.);
#7469=ORIENTED_EDGE('',*,*,#5278,.T.);
#7470=ORIENTED_EDGE('',*,*,#5264,.F.);
#7471=ORIENTED_EDGE('',*,*,#5091,.T.);
#7472=ORIENTED_EDGE('',*,*,#5279,.T.);
#7473=ORIENTED_EDGE('',*,*,#5280,.T.);
#7474=ORIENTED_EDGE('',*,*,#5281,.T.);
#7475=ORIENTED_EDGE('',*,*,#5208,.T.);
#7476=ORIENTED_EDGE('',*,*,#5281,.F.);
#7477=ORIENTED_EDGE('',*,*,#5282,.T.);
#7478=ORIENTED_EDGE('',*,*,#5275,.F.);
#7479=ORIENTED_EDGE('',*,*,#5209,.T.);
#7480=ORIENTED_EDGE('',*,*,#5254,.F.);
#7481=ORIENTED_EDGE('',*,*,#5283,.T.);
#7482=ORIENTED_EDGE('',*,*,#5279,.F.);
#7483=ORIENTED_EDGE('',*,*,#5207,.T.);
#7484=ORIENTED_EDGE('',*,*,#5263,.F.);
#7485=ORIENTED_EDGE('',*,*,#5284,.T.);
#7486=ORIENTED_EDGE('',*,*,#5285,.T.);
#7487=ORIENTED_EDGE('',*,*,#5094,.T.);
#7488=ORIENTED_EDGE('',*,*,#5260,.F.);
#7489=ORIENTED_EDGE('',*,*,#5286,.F.);
#7490=ORIENTED_EDGE('',*,*,#5287,.T.);
#7491=ORIENTED_EDGE('',*,*,#5284,.F.);
#7492=ORIENTED_EDGE('',*,*,#5255,.F.);
#7493=ORIENTED_EDGE('',*,*,#5206,.T.);
#7494=ORIENTED_EDGE('',*,*,#5288,.F.);
#7495=ORIENTED_EDGE('',*,*,#5286,.T.);
#7496=ORIENTED_EDGE('',*,*,#5280,.F.);
#7497=ORIENTED_EDGE('',*,*,#5283,.F.);
#7498=ORIENTED_EDGE('',*,*,#5257,.F.);
#7499=ORIENTED_EDGE('',*,*,#5259,.F.);
#7500=ORIENTED_EDGE('',*,*,#5262,.F.);
#7501=ORIENTED_EDGE('',*,*,#5267,.F.);
#7502=ORIENTED_EDGE('',*,*,#5265,.F.);
#7503=ORIENTED_EDGE('',*,*,#5278,.F.);
#7504=ORIENTED_EDGE('',*,*,#5271,.F.);
#7505=ORIENTED_EDGE('',*,*,#5273,.F.);
#7506=ORIENTED_EDGE('',*,*,#5276,.F.);
#7507=ORIENTED_EDGE('',*,*,#5282,.F.);
#7508=ORIENTED_EDGE('',*,*,#5289,.T.);
#7509=ORIENTED_EDGE('',*,*,#5290,.T.);
#7510=ORIENTED_EDGE('',*,*,#5291,.T.);
#7511=ORIENTED_EDGE('',*,*,#5292,.T.);
#7512=ORIENTED_EDGE('',*,*,#5290,.F.);
#7513=ORIENTED_EDGE('',*,*,#5293,.F.);
#7514=ORIENTED_EDGE('',*,*,#5294,.F.);
#7515=ORIENTED_EDGE('',*,*,#5295,.F.);
#7516=ORIENTED_EDGE('',*,*,#5296,.F.);
#7517=ORIENTED_EDGE('',*,*,#5297,.F.);
#7518=ORIENTED_EDGE('',*,*,#5298,.F.);
#7519=ORIENTED_EDGE('',*,*,#5299,.F.);
#7520=ORIENTED_EDGE('',*,*,#5300,.F.);
#7521=ORIENTED_EDGE('',*,*,#5301,.F.);
#7522=ORIENTED_EDGE('',*,*,#5302,.F.);
#7523=ORIENTED_EDGE('',*,*,#5289,.F.);
#7524=ORIENTED_EDGE('',*,*,#5291,.F.);
#7525=ORIENTED_EDGE('',*,*,#5292,.F.);
#7526=ORIENTED_EDGE('',*,*,#5303,.T.);
#7527=ORIENTED_EDGE('',*,*,#5304,.T.);
#7528=ORIENTED_EDGE('',*,*,#5303,.F.);
#7529=ORIENTED_EDGE('',*,*,#5305,.T.);
#7530=ORIENTED_EDGE('',*,*,#5306,.T.);
#7531=ORIENTED_EDGE('',*,*,#5307,.T.);
#7532=ORIENTED_EDGE('',*,*,#5299,.T.);
#7533=ORIENTED_EDGE('',*,*,#5308,.T.);
#7534=ORIENTED_EDGE('',*,*,#5300,.T.);
#7535=ORIENTED_EDGE('',*,*,#5307,.F.);
#7536=ORIENTED_EDGE('',*,*,#5309,.T.);
#7537=ORIENTED_EDGE('',*,*,#5310,.T.);
#7538=ORIENTED_EDGE('',*,*,#5301,.T.);
#7539=ORIENTED_EDGE('',*,*,#5308,.F.);
#7540=ORIENTED_EDGE('',*,*,#5311,.T.);
#7541=ORIENTED_EDGE('',*,*,#5312,.T.);
#7542=ORIENTED_EDGE('',*,*,#5293,.T.);
#7543=ORIENTED_EDGE('',*,*,#5313,.T.);
#7544=ORIENTED_EDGE('',*,*,#5084,.T.);
#7545=ORIENTED_EDGE('',*,*,#5314,.T.);
#7546=ORIENTED_EDGE('',*,*,#5294,.T.);
#7547=ORIENTED_EDGE('',*,*,#5312,.F.);
#7548=ORIENTED_EDGE('',*,*,#5315,.T.);
#7549=ORIENTED_EDGE('',*,*,#5316,.T.);
#7550=ORIENTED_EDGE('',*,*,#5295,.T.);
#7551=ORIENTED_EDGE('',*,*,#5314,.F.);
#7552=ORIENTED_EDGE('',*,*,#5317,.T.);
#7553=ORIENTED_EDGE('',*,*,#5318,.T.);
#7554=ORIENTED_EDGE('',*,*,#5296,.T.);
#7555=ORIENTED_EDGE('',*,*,#5316,.F.);
#7556=ORIENTED_EDGE('',*,*,#5319,.T.);
#7557=ORIENTED_EDGE('',*,*,#5320,.T.);
#7558=ORIENTED_EDGE('',*,*,#5297,.T.);
#7559=ORIENTED_EDGE('',*,*,#5318,.F.);
#7560=ORIENTED_EDGE('',*,*,#5216,.T.);
#7561=ORIENTED_EDGE('',*,*,#5313,.F.);
#7562=ORIENTED_EDGE('',*,*,#5302,.T.);
#7563=ORIENTED_EDGE('',*,*,#5310,.F.);
#7564=ORIENTED_EDGE('',*,*,#5085,.T.);
#7565=ORIENTED_EDGE('',*,*,#5305,.F.);
#7566=ORIENTED_EDGE('',*,*,#5298,.T.);
#7567=ORIENTED_EDGE('',*,*,#5320,.F.);
#7568=ORIENTED_EDGE('',*,*,#5215,.T.);
#7569=ORIENTED_EDGE('',*,*,#5319,.F.);
#7570=ORIENTED_EDGE('',*,*,#5321,.T.);
#7571=ORIENTED_EDGE('',*,*,#5322,.F.);
#7572=ORIENTED_EDGE('',*,*,#5217,.T.);
#7573=ORIENTED_EDGE('',*,*,#5317,.F.);
#7574=ORIENTED_EDGE('',*,*,#5323,.F.);
#7575=ORIENTED_EDGE('',*,*,#5324,.F.);
#7576=ORIENTED_EDGE('',*,*,#5321,.F.);
#7577=ORIENTED_EDGE('',*,*,#5315,.F.);
#7578=ORIENTED_EDGE('',*,*,#5083,.T.);
#7579=ORIENTED_EDGE('',*,*,#5325,.F.);
#7580=ORIENTED_EDGE('',*,*,#5323,.T.);
#7581=ORIENTED_EDGE('',*,*,#5326,.T.);
#7582=ORIENTED_EDGE('',*,*,#5327,.T.);
#7583=ORIENTED_EDGE('',*,*,#5328,.T.);
#7584=ORIENTED_EDGE('',*,*,#5329,.T.);
#7585=ORIENTED_EDGE('',*,*,#5326,.F.);
#7586=ORIENTED_EDGE('',*,*,#5330,.T.);
#7587=ORIENTED_EDGE('',*,*,#5145,.F.);
#7588=ORIENTED_EDGE('',*,*,#5331,.F.);
#7589=ORIENTED_EDGE('',*,*,#5327,.F.);
#7590=ORIENTED_EDGE('',*,*,#5331,.T.);
#7591=ORIENTED_EDGE('',*,*,#5148,.F.);
#7592=ORIENTED_EDGE('',*,*,#5332,.F.);
#7593=ORIENTED_EDGE('',*,*,#5328,.F.);
#7594=ORIENTED_EDGE('',*,*,#5332,.T.);
#7595=ORIENTED_EDGE('',*,*,#5147,.F.);
#7596=ORIENTED_EDGE('',*,*,#5333,.F.);
#7597=ORIENTED_EDGE('',*,*,#5329,.F.);
#7598=ORIENTED_EDGE('',*,*,#5333,.T.);
#7599=ORIENTED_EDGE('',*,*,#5146,.F.);
#7600=ORIENTED_EDGE('',*,*,#5330,.F.);
#7601=ORIENTED_EDGE('',*,*,#5334,.T.);
#7602=ORIENTED_EDGE('',*,*,#5335,.T.);
#7603=ORIENTED_EDGE('',*,*,#5336,.T.);
#7604=ORIENTED_EDGE('',*,*,#5337,.T.);
#7605=ORIENTED_EDGE('',*,*,#5338,.T.);
#7606=ORIENTED_EDGE('',*,*,#5339,.T.);
#7607=ORIENTED_EDGE('',*,*,#5340,.T.);
#7608=ORIENTED_EDGE('',*,*,#5341,.T.);
#7609=ORIENTED_EDGE('',*,*,#5342,.T.);
#7610=ORIENTED_EDGE('',*,*,#5343,.T.);
#7611=ORIENTED_EDGE('',*,*,#5344,.T.);
#7612=ORIENTED_EDGE('',*,*,#5345,.T.);
#7613=ORIENTED_EDGE('',*,*,#5346,.T.);
#7614=ORIENTED_EDGE('',*,*,#5334,.F.);
#7615=ORIENTED_EDGE('',*,*,#5347,.T.);
#7616=ORIENTED_EDGE('',*,*,#5132,.F.);
#7617=ORIENTED_EDGE('',*,*,#5348,.F.);
#7618=ORIENTED_EDGE('',*,*,#5335,.F.);
#7619=ORIENTED_EDGE('',*,*,#5348,.T.);
#7620=ORIENTED_EDGE('',*,*,#5144,.F.);
#7621=ORIENTED_EDGE('',*,*,#5349,.F.);
#7622=ORIENTED_EDGE('',*,*,#5336,.F.);
#7623=ORIENTED_EDGE('',*,*,#5349,.T.);
#7624=ORIENTED_EDGE('',*,*,#5143,.F.);
#7625=ORIENTED_EDGE('',*,*,#5350,.F.);
#7626=ORIENTED_EDGE('',*,*,#5337,.F.);
#7627=ORIENTED_EDGE('',*,*,#5350,.T.);
#7628=ORIENTED_EDGE('',*,*,#5142,.F.);
#7629=ORIENTED_EDGE('',*,*,#5351,.F.);
#7630=ORIENTED_EDGE('',*,*,#5338,.F.);
#7631=ORIENTED_EDGE('',*,*,#5351,.T.);
#7632=ORIENTED_EDGE('',*,*,#5141,.F.);
#7633=ORIENTED_EDGE('',*,*,#5352,.F.);
#7634=ORIENTED_EDGE('',*,*,#5339,.F.);
#7635=ORIENTED_EDGE('',*,*,#5352,.T.);
#7636=ORIENTED_EDGE('',*,*,#5140,.F.);
#7637=ORIENTED_EDGE('',*,*,#5353,.F.);
#7638=ORIENTED_EDGE('',*,*,#5340,.F.);
#7639=ORIENTED_EDGE('',*,*,#5353,.T.);
#7640=ORIENTED_EDGE('',*,*,#5139,.F.);
#7641=ORIENTED_EDGE('',*,*,#5354,.F.);
#7642=ORIENTED_EDGE('',*,*,#5341,.F.);
#7643=ORIENTED_EDGE('',*,*,#5354,.T.);
#7644=ORIENTED_EDGE('',*,*,#5138,.F.);
#7645=ORIENTED_EDGE('',*,*,#5355,.F.);
#7646=ORIENTED_EDGE('',*,*,#5342,.F.);
#7647=ORIENTED_EDGE('',*,*,#5355,.T.);
#7648=ORIENTED_EDGE('',*,*,#5137,.F.);
#7649=ORIENTED_EDGE('',*,*,#5356,.F.);
#7650=ORIENTED_EDGE('',*,*,#5343,.F.);
#7651=ORIENTED_EDGE('',*,*,#5356,.T.);
#7652=ORIENTED_EDGE('',*,*,#5136,.F.);
#7653=ORIENTED_EDGE('',*,*,#5357,.F.);
#7654=ORIENTED_EDGE('',*,*,#5344,.F.);
#7655=ORIENTED_EDGE('',*,*,#5357,.T.);
#7656=ORIENTED_EDGE('',*,*,#5135,.F.);
#7657=ORIENTED_EDGE('',*,*,#5358,.F.);
#7658=ORIENTED_EDGE('',*,*,#5345,.F.);
#7659=ORIENTED_EDGE('',*,*,#5358,.T.);
#7660=ORIENTED_EDGE('',*,*,#5134,.F.);
#7661=ORIENTED_EDGE('',*,*,#5359,.F.);
#7662=ORIENTED_EDGE('',*,*,#5346,.F.);
#7663=ORIENTED_EDGE('',*,*,#5359,.T.);
#7664=ORIENTED_EDGE('',*,*,#5133,.F.);
#7665=ORIENTED_EDGE('',*,*,#5347,.F.);
#7666=ORIENTED_EDGE('',*,*,#5360,.T.);
#7667=ORIENTED_EDGE('',*,*,#5361,.T.);
#7668=ORIENTED_EDGE('',*,*,#5362,.T.);
#7669=ORIENTED_EDGE('',*,*,#5363,.T.);
#7670=ORIENTED_EDGE('',*,*,#5364,.T.);
#7671=ORIENTED_EDGE('',*,*,#5365,.T.);
#7672=ORIENTED_EDGE('',*,*,#5366,.T.);
#7673=ORIENTED_EDGE('',*,*,#5367,.T.);
#7674=ORIENTED_EDGE('',*,*,#5368,.T.);
#7675=ORIENTED_EDGE('',*,*,#5369,.T.);
#7676=ORIENTED_EDGE('',*,*,#5370,.T.);
#7677=ORIENTED_EDGE('',*,*,#5371,.T.);
#7678=ORIENTED_EDGE('',*,*,#5372,.T.);
#7679=ORIENTED_EDGE('',*,*,#5360,.F.);
#7680=ORIENTED_EDGE('',*,*,#5373,.T.);
#7681=ORIENTED_EDGE('',*,*,#5119,.F.);
#7682=ORIENTED_EDGE('',*,*,#5374,.F.);
#7683=ORIENTED_EDGE('',*,*,#5361,.F.);
#7684=ORIENTED_EDGE('',*,*,#5374,.T.);
#7685=ORIENTED_EDGE('',*,*,#5131,.F.);
#7686=ORIENTED_EDGE('',*,*,#5375,.F.);
#7687=ORIENTED_EDGE('',*,*,#5362,.F.);
#7688=ORIENTED_EDGE('',*,*,#5375,.T.);
#7689=ORIENTED_EDGE('',*,*,#5130,.F.);
#7690=ORIENTED_EDGE('',*,*,#5376,.F.);
#7691=ORIENTED_EDGE('',*,*,#5363,.F.);
#7692=ORIENTED_EDGE('',*,*,#5376,.T.);
#7693=ORIENTED_EDGE('',*,*,#5129,.F.);
#7694=ORIENTED_EDGE('',*,*,#5377,.F.);
#7695=ORIENTED_EDGE('',*,*,#5364,.F.);
#7696=ORIENTED_EDGE('',*,*,#5377,.T.);
#7697=ORIENTED_EDGE('',*,*,#5128,.F.);
#7698=ORIENTED_EDGE('',*,*,#5378,.F.);
#7699=ORIENTED_EDGE('',*,*,#5365,.F.);
#7700=ORIENTED_EDGE('',*,*,#5378,.T.);
#7701=ORIENTED_EDGE('',*,*,#5127,.F.);
#7702=ORIENTED_EDGE('',*,*,#5379,.F.);
#7703=ORIENTED_EDGE('',*,*,#5366,.F.);
#7704=ORIENTED_EDGE('',*,*,#5379,.T.);
#7705=ORIENTED_EDGE('',*,*,#5126,.F.);
#7706=ORIENTED_EDGE('',*,*,#5380,.F.);
#7707=ORIENTED_EDGE('',*,*,#5367,.F.);
#7708=ORIENTED_EDGE('',*,*,#5380,.T.);
#7709=ORIENTED_EDGE('',*,*,#5125,.F.);
#7710=ORIENTED_EDGE('',*,*,#5381,.F.);
#7711=ORIENTED_EDGE('',*,*,#5368,.F.);
#7712=ORIENTED_EDGE('',*,*,#5381,.T.);
#7713=ORIENTED_EDGE('',*,*,#5124,.F.);
#7714=ORIENTED_EDGE('',*,*,#5382,.F.);
#7715=ORIENTED_EDGE('',*,*,#5369,.F.);
#7716=ORIENTED_EDGE('',*,*,#5382,.T.);
#7717=ORIENTED_EDGE('',*,*,#5123,.F.);
#7718=ORIENTED_EDGE('',*,*,#5383,.F.);
#7719=ORIENTED_EDGE('',*,*,#5370,.F.);
#7720=ORIENTED_EDGE('',*,*,#5383,.T.);
#7721=ORIENTED_EDGE('',*,*,#5122,.F.);
#7722=ORIENTED_EDGE('',*,*,#5384,.F.);
#7723=ORIENTED_EDGE('',*,*,#5371,.F.);
#7724=ORIENTED_EDGE('',*,*,#5384,.T.);
#7725=ORIENTED_EDGE('',*,*,#5121,.F.);
#7726=ORIENTED_EDGE('',*,*,#5385,.F.);
#7727=ORIENTED_EDGE('',*,*,#5372,.F.);
#7728=ORIENTED_EDGE('',*,*,#5385,.T.);
#7729=ORIENTED_EDGE('',*,*,#5120,.F.);
#7730=ORIENTED_EDGE('',*,*,#5373,.F.);
#7731=ORIENTED_EDGE('',*,*,#5038,.T.);
#7732=ORIENTED_EDGE('',*,*,#5060,.F.);
#7733=ORIENTED_EDGE('',*,*,#5043,.T.);
#7734=ORIENTED_EDGE('',*,*,#5304,.F.);
#7735=ORIENTED_EDGE('',*,*,#5386,.F.);
#7736=ORIENTED_EDGE('',*,*,#5322,.T.);
#7737=ORIENTED_EDGE('',*,*,#5387,.F.);
#7738=ORIENTED_EDGE('',*,*,#5030,.T.);
#7739=ORIENTED_EDGE('',*,*,#5387,.T.);
#7740=ORIENTED_EDGE('',*,*,#5324,.T.);
#7741=ORIENTED_EDGE('',*,*,#5388,.F.);
#7742=ORIENTED_EDGE('',*,*,#5031,.T.);
#7743=ORIENTED_EDGE('',*,*,#5388,.T.);
#7744=ORIENTED_EDGE('',*,*,#5325,.T.);
#7745=ORIENTED_EDGE('',*,*,#5389,.F.);
#7746=ORIENTED_EDGE('',*,*,#5032,.T.);
#7747=ORIENTED_EDGE('',*,*,#5389,.T.);
#7748=ORIENTED_EDGE('',*,*,#5082,.T.);
#7749=ORIENTED_EDGE('',*,*,#5390,.F.);
#7750=ORIENTED_EDGE('',*,*,#5033,.T.);
#7751=ORIENTED_EDGE('',*,*,#5390,.T.);
#7752=ORIENTED_EDGE('',*,*,#5116,.T.);
#7753=ORIENTED_EDGE('',*,*,#5391,.F.);
#7754=ORIENTED_EDGE('',*,*,#5034,.T.);
#7755=ORIENTED_EDGE('',*,*,#5391,.T.);
#7756=ORIENTED_EDGE('',*,*,#5118,.T.);
#7757=ORIENTED_EDGE('',*,*,#5392,.F.);
#7758=ORIENTED_EDGE('',*,*,#5035,.T.);
#7759=ORIENTED_EDGE('',*,*,#5392,.T.);
#7760=ORIENTED_EDGE('',*,*,#5150,.T.);
#7761=ORIENTED_EDGE('',*,*,#5393,.F.);
#7762=ORIENTED_EDGE('',*,*,#5036,.T.);
#7763=ORIENTED_EDGE('',*,*,#5393,.T.);
#7764=ORIENTED_EDGE('',*,*,#5218,.T.);
#7765=ORIENTED_EDGE('',*,*,#5386,.T.);
#7766=ORIENTED_EDGE('',*,*,#5029,.T.);
#7767=ORIENTED_EDGE('',*,*,#5309,.F.);
#7768=ORIENTED_EDGE('',*,*,#5394,.F.);
#7769=ORIENTED_EDGE('',*,*,#5395,.T.);
#7770=ORIENTED_EDGE('',*,*,#5396,.F.);
#7771=ORIENTED_EDGE('',*,*,#5397,.T.);
#7772=ORIENTED_EDGE('',*,*,#5398,.T.);
#7773=ORIENTED_EDGE('',*,*,#5089,.T.);
#7774=ORIENTED_EDGE('',*,*,#5399,.F.);
#7775=ORIENTED_EDGE('',*,*,#5087,.T.);
#7776=ORIENTED_EDGE('',*,*,#5400,.F.);
#7777=ORIENTED_EDGE('',*,*,#5401,.T.);
#7778=ORIENTED_EDGE('',*,*,#5402,.F.);
#7779=ORIENTED_EDGE('',*,*,#5311,.F.);
#7780=ORIENTED_EDGE('',*,*,#5396,.T.);
#7781=ORIENTED_EDGE('',*,*,#5400,.T.);
#7782=ORIENTED_EDGE('',*,*,#5086,.T.);
#7783=ORIENTED_EDGE('',*,*,#5088,.T.);
#7784=ORIENTED_EDGE('',*,*,#5402,.T.);
#7785=ORIENTED_EDGE('',*,*,#5403,.T.);
#7786=ORIENTED_EDGE('',*,*,#5399,.T.);
#7787=ORIENTED_EDGE('',*,*,#5404,.T.);
#7788=ORIENTED_EDGE('',*,*,#5405,.T.);
#7789=ORIENTED_EDGE('',*,*,#5097,.T.);
#7790=ORIENTED_EDGE('',*,*,#5406,.F.);
#7791=ORIENTED_EDGE('',*,*,#5095,.T.);
#7792=ORIENTED_EDGE('',*,*,#5285,.F.);
#7793=ORIENTED_EDGE('',*,*,#5407,.T.);
#7794=ORIENTED_EDGE('',*,*,#5408,.F.);
#7795=ORIENTED_EDGE('',*,*,#5096,.T.);
#7796=ORIENTED_EDGE('',*,*,#5408,.T.);
#7797=ORIENTED_EDGE('',*,*,#5409,.T.);
#7798=ORIENTED_EDGE('',*,*,#5406,.T.);
#7799=ORIENTED_EDGE('',*,*,#5410,.T.);
#7800=ORIENTED_EDGE('',*,*,#5411,.T.);
#7801=ORIENTED_EDGE('',*,*,#5105,.T.);
#7802=ORIENTED_EDGE('',*,*,#5412,.F.);
#7803=ORIENTED_EDGE('',*,*,#5103,.T.);
#7804=ORIENTED_EDGE('',*,*,#5250,.F.);
#7805=ORIENTED_EDGE('',*,*,#5413,.T.);
#7806=ORIENTED_EDGE('',*,*,#5414,.F.);
#7807=ORIENTED_EDGE('',*,*,#5104,.T.);
#7808=ORIENTED_EDGE('',*,*,#5414,.T.);
#7809=ORIENTED_EDGE('',*,*,#5415,.T.);
#7810=ORIENTED_EDGE('',*,*,#5412,.T.);
#7811=ORIENTED_EDGE('',*,*,#5062,.F.);
#7812=ORIENTED_EDGE('',*,*,#5114,.T.);
#7813=ORIENTED_EDGE('',*,*,#5416,.F.);
#7814=ORIENTED_EDGE('',*,*,#5417,.T.);
#7815=ORIENTED_EDGE('',*,*,#5418,.T.);
#7816=ORIENTED_EDGE('',*,*,#5416,.T.);
#7817=ORIENTED_EDGE('',*,*,#5113,.T.);
#7818=ORIENTED_EDGE('',*,*,#5419,.F.);
#7819=ORIENTED_EDGE('',*,*,#5111,.T.);
#7820=ORIENTED_EDGE('',*,*,#5185,.F.);
#7821=ORIENTED_EDGE('',*,*,#5420,.T.);
#7822=ORIENTED_EDGE('',*,*,#5421,.F.);
#7823=ORIENTED_EDGE('',*,*,#5112,.T.);
#7824=ORIENTED_EDGE('',*,*,#5421,.T.);
#7825=ORIENTED_EDGE('',*,*,#5422,.T.);
#7826=ORIENTED_EDGE('',*,*,#5419,.T.);
#7827=ORIENTED_EDGE('',*,*,#5065,.F.);
#7828=ORIENTED_EDGE('',*,*,#5417,.F.);
#7829=ORIENTED_EDGE('',*,*,#5423,.F.);
#7830=ORIENTED_EDGE('',*,*,#5424,.F.);
#7831=ORIENTED_EDGE('',*,*,#5425,.F.);
#7832=ORIENTED_EDGE('',*,*,#5423,.T.);
#7833=ORIENTED_EDGE('',*,*,#5418,.F.);
#7834=ORIENTED_EDGE('',*,*,#5426,.F.);
#7835=ORIENTED_EDGE('',*,*,#5427,.F.);
#7836=ORIENTED_EDGE('',*,*,#5426,.T.);
#7837=ORIENTED_EDGE('',*,*,#5422,.F.);
#7838=ORIENTED_EDGE('',*,*,#5428,.T.);
#7839=ORIENTED_EDGE('',*,*,#5429,.F.);
#7840=ORIENTED_EDGE('',*,*,#5428,.F.);
#7841=ORIENTED_EDGE('',*,*,#5420,.F.);
#7842=ORIENTED_EDGE('',*,*,#5187,.F.);
#7843=ORIENTED_EDGE('',*,*,#5429,.T.);
#7844=ORIENTED_EDGE('',*,*,#5189,.T.);
#7845=ORIENTED_EDGE('',*,*,#5193,.T.);
#7846=ORIENTED_EDGE('',*,*,#5430,.F.);
#7847=ORIENTED_EDGE('',*,*,#5191,.T.);
#7848=ORIENTED_EDGE('',*,*,#5431,.F.);
#7849=ORIENTED_EDGE('',*,*,#5425,.T.);
#7850=ORIENTED_EDGE('',*,*,#5432,.F.);
#7851=ORIENTED_EDGE('',*,*,#5067,.F.);
#7852=ORIENTED_EDGE('',*,*,#5424,.T.);
#7853=ORIENTED_EDGE('',*,*,#5431,.T.);
#7854=ORIENTED_EDGE('',*,*,#5190,.T.);
#7855=ORIENTED_EDGE('',*,*,#5192,.T.);
#7856=ORIENTED_EDGE('',*,*,#5432,.T.);
#7857=ORIENTED_EDGE('',*,*,#5427,.T.);
#7858=ORIENTED_EDGE('',*,*,#5430,.T.);
#7859=ORIENTED_EDGE('',*,*,#5433,.F.);
#7860=ORIENTED_EDGE('',*,*,#5434,.T.);
#7861=ORIENTED_EDGE('',*,*,#5410,.F.);
#7862=ORIENTED_EDGE('',*,*,#5435,.F.);
#7863=ORIENTED_EDGE('',*,*,#5436,.F.);
#7864=ORIENTED_EDGE('',*,*,#5435,.T.);
#7865=ORIENTED_EDGE('',*,*,#5415,.F.);
#7866=ORIENTED_EDGE('',*,*,#5437,.T.);
#7867=ORIENTED_EDGE('',*,*,#5438,.F.);
#7868=ORIENTED_EDGE('',*,*,#5437,.F.);
#7869=ORIENTED_EDGE('',*,*,#5413,.F.);
#7870=ORIENTED_EDGE('',*,*,#5252,.F.);
#7871=ORIENTED_EDGE('',*,*,#5438,.T.);
#7872=ORIENTED_EDGE('',*,*,#5253,.T.);
#7873=ORIENTED_EDGE('',*,*,#5197,.T.);
#7874=ORIENTED_EDGE('',*,*,#5439,.F.);
#7875=ORIENTED_EDGE('',*,*,#5195,.T.);
#7876=ORIENTED_EDGE('',*,*,#5440,.F.);
#7877=ORIENTED_EDGE('',*,*,#5433,.T.);
#7878=ORIENTED_EDGE('',*,*,#5441,.F.);
#7879=ORIENTED_EDGE('',*,*,#5174,.F.);
#7880=ORIENTED_EDGE('',*,*,#5442,.T.);
#7881=ORIENTED_EDGE('',*,*,#5440,.T.);
#7882=ORIENTED_EDGE('',*,*,#5194,.T.);
#7883=ORIENTED_EDGE('',*,*,#5196,.T.);
#7884=ORIENTED_EDGE('',*,*,#5441,.T.);
#7885=ORIENTED_EDGE('',*,*,#5436,.T.);
#7886=ORIENTED_EDGE('',*,*,#5439,.T.);
#7887=ORIENTED_EDGE('',*,*,#5443,.F.);
#7888=ORIENTED_EDGE('',*,*,#5444,.T.);
#7889=ORIENTED_EDGE('',*,*,#5404,.F.);
#7890=ORIENTED_EDGE('',*,*,#5445,.F.);
#7891=ORIENTED_EDGE('',*,*,#5446,.F.);
#7892=ORIENTED_EDGE('',*,*,#5445,.T.);
#7893=ORIENTED_EDGE('',*,*,#5409,.F.);
#7894=ORIENTED_EDGE('',*,*,#5447,.T.);
#7895=ORIENTED_EDGE('',*,*,#5448,.F.);
#7896=ORIENTED_EDGE('',*,*,#5447,.F.);
#7897=ORIENTED_EDGE('',*,*,#5407,.F.);
#7898=ORIENTED_EDGE('',*,*,#5287,.F.);
#7899=ORIENTED_EDGE('',*,*,#5448,.T.);
#7900=ORIENTED_EDGE('',*,*,#5288,.T.);
#7901=ORIENTED_EDGE('',*,*,#5205,.T.);
#7902=ORIENTED_EDGE('',*,*,#5449,.F.);
#7903=ORIENTED_EDGE('',*,*,#5203,.T.);
#7904=ORIENTED_EDGE('',*,*,#5450,.F.);
#7905=ORIENTED_EDGE('',*,*,#5443,.T.);
#7906=ORIENTED_EDGE('',*,*,#5451,.F.);
#7907=ORIENTED_EDGE('',*,*,#5204,.T.);
#7908=ORIENTED_EDGE('',*,*,#5451,.T.);
#7909=ORIENTED_EDGE('',*,*,#5446,.T.);
#7910=ORIENTED_EDGE('',*,*,#5449,.T.);
#7911=ORIENTED_EDGE('',*,*,#5452,.F.);
#7912=ORIENTED_EDGE('',*,*,#5453,.T.);
#7913=ORIENTED_EDGE('',*,*,#5397,.F.);
#7914=ORIENTED_EDGE('',*,*,#5454,.F.);
#7915=ORIENTED_EDGE('',*,*,#5455,.F.);
#7916=ORIENTED_EDGE('',*,*,#5454,.T.);
#7917=ORIENTED_EDGE('',*,*,#5403,.F.);
#7918=ORIENTED_EDGE('',*,*,#5456,.T.);
#7919=ORIENTED_EDGE('',*,*,#5457,.F.);
#7920=ORIENTED_EDGE('',*,*,#5456,.F.);
#7921=ORIENTED_EDGE('',*,*,#5401,.F.);
#7922=ORIENTED_EDGE('',*,*,#5395,.F.);
#7923=ORIENTED_EDGE('',*,*,#5306,.F.);
#7924=ORIENTED_EDGE('',*,*,#5214,.T.);
#7925=ORIENTED_EDGE('',*,*,#5458,.F.);
#7926=ORIENTED_EDGE('',*,*,#5394,.T.);
#7927=ORIENTED_EDGE('',*,*,#5457,.T.);
#7928=ORIENTED_EDGE('',*,*,#5458,.T.);
#7929=ORIENTED_EDGE('',*,*,#5213,.T.);
#7930=ORIENTED_EDGE('',*,*,#5459,.F.);
#7931=ORIENTED_EDGE('',*,*,#5211,.T.);
#7932=ORIENTED_EDGE('',*,*,#5460,.F.);
#7933=ORIENTED_EDGE('',*,*,#5452,.T.);
#7934=ORIENTED_EDGE('',*,*,#5461,.F.);
#7935=ORIENTED_EDGE('',*,*,#5212,.T.);
#7936=ORIENTED_EDGE('',*,*,#5461,.T.);
#7937=ORIENTED_EDGE('',*,*,#5455,.T.);
#7938=ORIENTED_EDGE('',*,*,#5459,.T.);
#7939=ORIENTED_EDGE('',*,*,#5269,.F.);
#7940=ORIENTED_EDGE('',*,*,#5090,.T.);
#7941=ORIENTED_EDGE('',*,*,#5398,.F.);
#7942=ORIENTED_EDGE('',*,*,#5462,.T.);
#7943=ORIENTED_EDGE('',*,*,#5274,.F.);
#7944=ORIENTED_EDGE('',*,*,#5462,.F.);
#7945=ORIENTED_EDGE('',*,*,#5453,.F.);
#7946=ORIENTED_EDGE('',*,*,#5463,.F.);
#7947=ORIENTED_EDGE('',*,*,#5277,.F.);
#7948=ORIENTED_EDGE('',*,*,#5463,.T.);
#7949=ORIENTED_EDGE('',*,*,#5460,.T.);
#7950=ORIENTED_EDGE('',*,*,#5210,.T.);
#7951=ORIENTED_EDGE('',*,*,#5234,.F.);
#7952=ORIENTED_EDGE('',*,*,#5098,.T.);
#7953=ORIENTED_EDGE('',*,*,#5405,.F.);
#7954=ORIENTED_EDGE('',*,*,#5464,.T.);
#7955=ORIENTED_EDGE('',*,*,#5239,.F.);
#7956=ORIENTED_EDGE('',*,*,#5464,.F.);
#7957=ORIENTED_EDGE('',*,*,#5444,.F.);
#7958=ORIENTED_EDGE('',*,*,#5465,.F.);
#7959=ORIENTED_EDGE('',*,*,#5242,.F.);
#7960=ORIENTED_EDGE('',*,*,#5465,.T.);
#7961=ORIENTED_EDGE('',*,*,#5450,.T.);
#7962=ORIENTED_EDGE('',*,*,#5202,.T.);
#7963=ORIENTED_EDGE('',*,*,#5166,.F.);
#7964=ORIENTED_EDGE('',*,*,#5106,.T.);
#7965=ORIENTED_EDGE('',*,*,#5411,.F.);
#7966=ORIENTED_EDGE('',*,*,#5466,.T.);
#7967=ORIENTED_EDGE('',*,*,#5171,.F.);
#7968=ORIENTED_EDGE('',*,*,#5466,.F.);
#7969=ORIENTED_EDGE('',*,*,#5434,.F.);
#7970=ORIENTED_EDGE('',*,*,#5442,.F.);
#7971=PLANE('',#8765);
#7972=PLANE('',#8815);
#7973=PLANE('',#8816);
#7974=PLANE('',#8817);
#7975=PLANE('',#8818);
#7976=PLANE('',#8819);
#7977=PLANE('',#8820);
#7978=PLANE('',#8821);
#7979=PLANE('',#8822);
#7980=PLANE('',#8824);
#7981=PLANE('',#8825);
#7982=PLANE('',#8826);
#7983=PLANE('',#8827);
#7984=PLANE('',#8830);
#7985=PLANE('',#8831);
#7986=PLANE('',#8832);
#7987=PLANE('',#8833);
#7988=PLANE('',#8881);
#7989=PLANE('',#8883);
#7990=PLANE('',#8933);
#7991=PLANE('',#8934);
#7992=PLANE('',#8935);
#7993=PLANE('',#8936);
#7994=PLANE('',#8937);
#7995=PLANE('',#8938);
#7996=PLANE('',#8939);
#7997=PLANE('',#8940);
#7998=PLANE('',#8942);
#7999=PLANE('',#8992);
#8000=PLANE('',#8993);
#8001=PLANE('',#8994);
#8002=PLANE('',#8995);
#8003=PLANE('',#8996);
#8004=PLANE('',#8997);
#8005=PLANE('',#8998);
#8006=PLANE('',#8999);
#8007=PLANE('',#9004);
#8008=PLANE('',#9006);
#8009=PLANE('',#9008);
#8010=PLANE('',#9009);
#8011=PLANE('',#9010);
#8012=PLANE('',#9011);
#8013=PLANE('',#9012);
#8014=PLANE('',#9013);
#8015=PLANE('',#9014);
#8016=PLANE('',#9015);
#8017=PLANE('',#9016);
#8018=PLANE('',#9017);
#8019=PLANE('',#9018);
#8020=PLANE('',#9019);
#8021=PLANE('',#9023);
#8022=PLANE('',#9029);
#8023=PLANE('',#9032);
#8024=PLANE('',#9036);
#8025=PLANE('',#9040);
#8026=PLANE('',#9043);
#8027=PLANE('',#9046);
#8028=PLANE('',#9124);
#8029=PLANE('',#9125);
#8030=PLANE('',#9126);
#8031=PLANE('',#9127);
#8032=PLANE('',#9128);
#8033=PLANE('',#9129);
#8034=PLANE('',#9130);
#8035=PLANE('',#9131);
#8036=PLANE('',#9132);
#8037=PLANE('',#9133);
#8038=PLANE('',#9134);
#8039=PLANE('',#9135);
#8040=PLANE('',#9136);
#8041=PLANE('',#9137);
#8042=PLANE('',#9138);
#8043=PLANE('',#9139);
#8044=PLANE('',#9140);
#8045=PLANE('',#9141);
#8046=PLANE('',#9142);
#8047=PLANE('',#9143);
#8048=PLANE('',#9144);
#8049=PLANE('',#9145);
#8050=PLANE('',#9146);
#8051=PLANE('',#9147);
#8052=PLANE('',#9148);
#8053=PLANE('',#9149);
#8054=PLANE('',#9150);
#8055=PLANE('',#9151);
#8056=PLANE('',#9152);
#8057=PLANE('',#9153);
#8058=PLANE('',#9154);
#8059=PLANE('',#9155);
#8060=PLANE('',#9156);
#8061=PLANE('',#9157);
#8062=PLANE('',#9158);
#8063=PLANE('',#9159);
#8064=PLANE('',#9160);
#8065=PLANE('',#9161);
#8066=PLANE('',#9162);
#8067=PLANE('',#9163);
#8068=PLANE('',#9164);
#8069=PLANE('',#9165);
#8070=PLANE('',#9166);
#8071=PLANE('',#9172);
#8072=PLANE('',#9175);
#8073=PLANE('',#9187);
#8074=PLANE('',#9189);
#8075=PLANE('',#9191);
#8076=PLANE('',#9192);
#8077=PLANE('',#9193);
#8078=PLANE('',#9200);
#8079=PLANE('',#9201);
#8080=PLANE('',#9202);
#8081=PLANE('',#9203);
#8082=PLANE('',#9204);
#8083=PLANE('',#9211);
#8084=PLANE('',#9212);
#8085=PLANE('',#9213);
#8086=PLANE('',#9214);
#8087=PLANE('',#9215);
#8088=PLANE('',#9222);
#8089=PLANE('',#9223);
#8090=PLANE('',#9224);
#8091=PLANE('',#9225);
#8092=PLANE('',#9231);
#8093=PLANE('',#9234);
#8094=PLANE('',#9241);
#8095=PLANE('',#9243);
#8096=PLANE('',#9245);
#8097=PLANE('',#9246);
#8098=PLANE('',#9253);
#8099=PLANE('',#9270);
#8100=PLANE('',#9275);
#8101=PLANE('',#9276);
#8102=PLANE('',#9279);
#8103=PLANE('',#9282);
#8104=PLANE('',#9283);
#8105=PLANE('',#9294);
#8106=PLANE('',#9297);
#8107=PLANE('',#9298);
#8108=PLANE('',#9299);
#8109=PLANE('',#9300);
#8110=PLANE('',#9309);
#8111=PLANE('',#9317);
#8112=PLANE('',#9318);
#8113=PLANE('',#9319);
#8114=PLANE('',#9320);
#8115=PLANE('',#9321);
#8116=PLANE('',#9329);
#8117=PLANE('',#9330);
#8118=PLANE('',#9331);
#8119=PLANE('',#9332);
#8120=PLANE('',#9333);
#8121=PLANE('',#9341);
#8122=PLANE('',#9346);
#8123=PLANE('',#9351);
#8124=PLANE('',#9352);
#8125=PLANE('',#9355);
#8126=PLANE('',#9358);
#8127=PLANE('',#9361);
#8128=PLANE('',#9364);
#8129=PLANE('',#9365);
#8130=PLANE('',#9366);
#8131=PLANE('',#9367);
#8132=PLANE('',#9368);
#8133=PLANE('',#9369);
#8134=PLANE('',#9370);
#8135=PLANE('',#9371);
#8136=PLANE('',#9372);
#8137=PLANE('',#9373);
#8138=PLANE('',#9374);
#8139=PLANE('',#9375);
#8140=PLANE('',#9376);
#8141=PLANE('',#9377);
#8142=PLANE('',#9378);
#8143=PLANE('',#9379);
#8144=PLANE('',#9380);
#8145=PLANE('',#9381);
#8146=PLANE('',#9382);
#8147=PLANE('',#9383);
#8148=PLANE('',#9384);
#8149=PLANE('',#9385);
#8150=PLANE('',#9386);
#8151=PLANE('',#9387);
#8152=PLANE('',#9388);
#8153=PLANE('',#9389);
#8154=PLANE('',#9390);
#8155=PLANE('',#9391);
#8156=PLANE('',#9392);
#8157=PLANE('',#9393);
#8158=PLANE('',#9394);
#8159=PLANE('',#9395);
#8160=PLANE('',#9396);
#8161=PLANE('',#9398);
#8162=PLANE('',#9400);
#8163=PLANE('',#9402);
#8164=PLANE('',#9404);
#8165=PLANE('',#9438);
#8166=PLANE('',#9439);
#8167=PLANE('',#9440);
#8168=PLANE('',#9448);
#8169=PLANE('',#9449);
#8170=PLANE('',#9450);
#8171=PLANE('',#9459);
#8172=PLANE('',#9460);
#8173=PLANE('',#9461);
#8174=PLANE('',#9468);
#8175=PLANE('',#9469);
#8176=PLANE('',#9470);
#8177=ADVANCED_FACE('',(#825),#7971,.F.);
#8178=ADVANCED_FACE('',(#826),#717,.F.);
#8179=ADVANCED_FACE('',(#827),#355,.F.);
#8180=ADVANCED_FACE('',(#828),#335,.T.);
#8181=ADVANCED_FACE('',(#829),#356,.T.);
#8182=ADVANCED_FACE('',(#830),#336,.T.);
#8183=ADVANCED_FACE('',(#831),#357,.T.);
#8184=ADVANCED_FACE('',(#832),#358,.T.);
#8185=ADVANCED_FACE('',(#833),#337,.T.);
#8186=ADVANCED_FACE('',(#834),#359,.T.);
#8187=ADVANCED_FACE('',(#835),#338,.T.);
#8188=ADVANCED_FACE('',(#836),#360,.T.);
#8189=ADVANCED_FACE('',(#837),#361,.T.);
#8190=ADVANCED_FACE('',(#838),#718,.F.);
#8191=ADVANCED_FACE('',(#839),#362,.F.);
#8192=ADVANCED_FACE('',(#840),#339,.T.);
#8193=ADVANCED_FACE('',(#841),#363,.T.);
#8194=ADVANCED_FACE('',(#842),#364,.T.);
#8195=ADVANCED_FACE('',(#843),#365,.T.);
#8196=ADVANCED_FACE('',(#844),#366,.T.);
#8197=ADVANCED_FACE('',(#845),#367,.T.);
#8198=ADVANCED_FACE('',(#846),#368,.T.);
#8199=ADVANCED_FACE('',(#847),#7972,.T.);
#8200=ADVANCED_FACE('',(#848),#7973,.T.);
#8201=ADVANCED_FACE('',(#849),#7974,.T.);
#8202=ADVANCED_FACE('',(#850),#7975,.T.);
#8203=ADVANCED_FACE('',(#851),#7976,.F.);
#8204=ADVANCED_FACE('',(#852),#7977,.T.);
#8205=ADVANCED_FACE('',(#853),#7978,.T.);
#8206=ADVANCED_FACE('',(#854),#7979,.T.);
#8207=ADVANCED_FACE('',(#855),#7980,.T.);
#8208=ADVANCED_FACE('',(#856),#7981,.T.);
#8209=ADVANCED_FACE('',(#857),#7982,.T.);
#8210=ADVANCED_FACE('',(#858),#7983,.F.);
#8211=ADVANCED_FACE('',(#859),#7984,.T.);
#8212=ADVANCED_FACE('',(#860),#7985,.T.);
#8213=ADVANCED_FACE('',(#861),#7986,.T.);
#8214=ADVANCED_FACE('',(#862),#7987,.T.);
#8215=ADVANCED_FACE('',(#863),#369,.T.);
#8216=ADVANCED_FACE('',(#864),#370,.T.);
#8217=ADVANCED_FACE('',(#865),#371,.T.);
#8218=ADVANCED_FACE('',(#866),#372,.T.);
#8219=ADVANCED_FACE('',(#867),#373,.T.);
#8220=ADVANCED_FACE('',(#868),#374,.T.);
#8221=ADVANCED_FACE('',(#869),#340,.T.);
#8222=ADVANCED_FACE('',(#870),#375,.T.);
#8223=ADVANCED_FACE('',(#871),#341,.T.);
#8224=ADVANCED_FACE('',(#872),#376,.T.);
#8225=ADVANCED_FACE('',(#873),#377,.F.);
#8226=ADVANCED_FACE('',(#874),#719,.F.);
#8227=ADVANCED_FACE('',(#875),#378,.T.);
#8228=ADVANCED_FACE('',(#876),#342,.T.);
#8229=ADVANCED_FACE('',(#877),#379,.T.);
#8230=ADVANCED_FACE('',(#878),#380,.T.);
#8231=ADVANCED_FACE('',(#879),#343,.T.);
#8232=ADVANCED_FACE('',(#880),#381,.F.);
#8233=ADVANCED_FACE('',(#881),#720,.F.);
#8234=ADVANCED_FACE('',(#882),#382,.T.);
#8235=ADVANCED_FACE('',(#883),#344,.T.);
#8236=ADVANCED_FACE('',(#884),#7988,.F.);
#8237=ADVANCED_FACE('',(#885),#7989,.F.);
#8238=ADVANCED_FACE('',(#886),#345,.T.);
#8239=ADVANCED_FACE('',(#887),#383,.T.);
#8240=ADVANCED_FACE('',(#888),#346,.T.);
#8241=ADVANCED_FACE('',(#889),#384,.T.);
#8242=ADVANCED_FACE('',(#890),#347,.T.);
#8243=ADVANCED_FACE('',(#891),#385,.T.);
#8244=ADVANCED_FACE('',(#892),#386,.T.);
#8245=ADVANCED_FACE('',(#893),#721,.F.);
#8246=ADVANCED_FACE('',(#894),#387,.F.);
#8247=ADVANCED_FACE('',(#895),#722,.F.);
#8248=ADVANCED_FACE('',(#896),#388,.F.);
#8249=ADVANCED_FACE('',(#897),#389,.T.);
#8250=ADVANCED_FACE('',(#898),#348,.T.);
#8251=ADVANCED_FACE('',(#899),#390,.T.);
#8252=ADVANCED_FACE('',(#900),#349,.T.);
#8253=ADVANCED_FACE('',(#901),#391,.T.);
#8254=ADVANCED_FACE('',(#902),#392,.T.);
#8255=ADVANCED_FACE('',(#903),#393,.T.);
#8256=ADVANCED_FACE('',(#904),#394,.T.);
#8257=ADVANCED_FACE('',(#905),#395,.T.);
#8258=ADVANCED_FACE('',(#906),#396,.T.);
#8259=ADVANCED_FACE('',(#907),#7990,.T.);
#8260=ADVANCED_FACE('',(#908),#7991,.T.);
#8261=ADVANCED_FACE('',(#909),#7992,.T.);
#8262=ADVANCED_FACE('',(#910),#7993,.T.);
#8263=ADVANCED_FACE('',(#911),#7994,.F.);
#8264=ADVANCED_FACE('',(#912),#7995,.T.);
#8265=ADVANCED_FACE('',(#913),#7996,.T.);
#8266=ADVANCED_FACE('',(#914),#7997,.T.);
#8267=ADVANCED_FACE('',(#915),#7998,.F.);
#8268=ADVANCED_FACE('',(#916),#350,.T.);
#8269=ADVANCED_FACE('',(#917),#397,.T.);
#8270=ADVANCED_FACE('',(#918),#351,.T.);
#8271=ADVANCED_FACE('',(#919),#398,.T.);
#8272=ADVANCED_FACE('',(#920),#723,.F.);
#8273=ADVANCED_FACE('',(#921),#399,.F.);
#8274=ADVANCED_FACE('',(#922),#400,.T.);
#8275=ADVANCED_FACE('',(#923),#352,.T.);
#8276=ADVANCED_FACE('',(#924),#401,.T.);
#8277=ADVANCED_FACE('',(#925),#353,.T.);
#8278=ADVANCED_FACE('',(#926),#402,.T.);
#8279=ADVANCED_FACE('',(#927),#403,.T.);
#8280=ADVANCED_FACE('',(#928),#724,.F.);
#8281=ADVANCED_FACE('',(#929),#404,.F.);
#8282=ADVANCED_FACE('',(#930),#354,.T.);
#8283=ADVANCED_FACE('',(#931),#405,.T.);
#8284=ADVANCED_FACE('',(#932),#406,.T.);
#8285=ADVANCED_FACE('',(#933),#407,.T.);
#8286=ADVANCED_FACE('',(#934),#408,.T.);
#8287=ADVANCED_FACE('',(#935),#409,.T.);
#8288=ADVANCED_FACE('',(#936),#410,.T.);
#8289=ADVANCED_FACE('',(#937),#7999,.T.);
#8290=ADVANCED_FACE('',(#938),#8000,.T.);
#8291=ADVANCED_FACE('',(#939),#8001,.T.);
#8292=ADVANCED_FACE('',(#940),#8002,.T.);
#8293=ADVANCED_FACE('',(#941),#8003,.F.);
#8294=ADVANCED_FACE('',(#942),#8004,.T.);
#8295=ADVANCED_FACE('',(#943),#8005,.T.);
#8296=ADVANCED_FACE('',(#944),#8006,.T.);
#8297=ADVANCED_FACE('',(#945),#8007,.F.);
#8298=ADVANCED_FACE('',(#946),#8008,.F.);
#8299=ADVANCED_FACE('',(#947),#8009,.F.);
#8300=ADVANCED_FACE('',(#948),#8010,.F.);
#8301=ADVANCED_FACE('',(#949),#8011,.F.);
#8302=ADVANCED_FACE('',(#950),#8012,.F.);
#8303=ADVANCED_FACE('',(#951),#8013,.F.);
#8304=ADVANCED_FACE('',(#952),#8014,.F.);
#8305=ADVANCED_FACE('',(#953),#8015,.F.);
#8306=ADVANCED_FACE('',(#954),#8016,.F.);
#8307=ADVANCED_FACE('',(#955),#8017,.F.);
#8308=ADVANCED_FACE('',(#956),#8018,.F.);
#8309=ADVANCED_FACE('',(#957),#8019,.F.);
#8310=ADVANCED_FACE('',(#958),#8020,.F.);
#8311=ADVANCED_FACE('',(#959),#411,.T.);
#8312=ADVANCED_FACE('',(#960),#8021,.T.);
#8313=ADVANCED_FACE('',(#961),#412,.T.);
#8314=ADVANCED_FACE('',(#962),#261,.T.);
#8315=ADVANCED_FACE('',(#963),#8022,.T.);
#8316=ADVANCED_FACE('',(#964),#262,.T.);
#8317=ADVANCED_FACE('',(#965),#8023,.T.);
#8318=ADVANCED_FACE('',(#966),#263,.T.);
#8319=ADVANCED_FACE('',(#967),#8024,.T.);
#8320=ADVANCED_FACE('',(#968),#264,.T.);
#8321=ADVANCED_FACE('',(#969),#8025,.T.);
#8322=ADVANCED_FACE('',(#970),#413,.T.);
#8323=ADVANCED_FACE('',(#971),#8026,.T.);
#8324=ADVANCED_FACE('',(#972),#414,.T.);
#8325=ADVANCED_FACE('',(#973),#8027,.T.);
#8326=ADVANCED_FACE('',(#974),#415,.T.);
#8327=ADVANCED_FACE('',(#975),#416,.T.);
#8328=ADVANCED_FACE('',(#976),#417,.T.);
#8329=ADVANCED_FACE('',(#977),#418,.T.);
#8330=ADVANCED_FACE('',(#978),#419,.T.);
#8331=ADVANCED_FACE('',(#979),#420,.T.);
#8332=ADVANCED_FACE('',(#980),#421,.T.);
#8333=ADVANCED_FACE('',(#981),#422,.T.);
#8334=ADVANCED_FACE('',(#982),#423,.T.);
#8335=ADVANCED_FACE('',(#983),#424,.T.);
#8336=ADVANCED_FACE('',(#984),#425,.T.);
#8337=ADVANCED_FACE('',(#985),#229,.T.);
#8338=ADVANCED_FACE('',(#986),#426,.T.);
#8339=ADVANCED_FACE('',(#987),#427,.T.);
#8340=ADVANCED_FACE('',(#988),#428,.T.);
#8341=ADVANCED_FACE('',(#989),#429,.T.);
#8342=ADVANCED_FACE('',(#990),#430,.T.);
#8343=ADVANCED_FACE('',(#991),#431,.T.);
#8344=ADVANCED_FACE('',(#992),#432,.T.);
#8345=ADVANCED_FACE('',(#993),#433,.T.);
#8346=ADVANCED_FACE('',(#994),#434,.T.);
#8347=ADVANCED_FACE('',(#995),#435,.T.);
#8348=ADVANCED_FACE('',(#996),#436,.T.);
#8349=ADVANCED_FACE('',(#997),#437,.T.);
#8350=ADVANCED_FACE('',(#998),#438,.T.);
#8351=ADVANCED_FACE('',(#999),#230,.T.);
#8352=ADVANCED_FACE('',(#1000),#439,.F.);
#8353=ADVANCED_FACE('',(#1001),#231,.T.);
#8354=ADVANCED_FACE('',(#1002),#232,.T.);
#8355=ADVANCED_FACE('',(#1003),#440,.F.);
#8356=ADVANCED_FACE('',(#1004),#233,.T.);
#8357=ADVANCED_FACE('',(#1005),#441,.F.);
#8358=ADVANCED_FACE('',(#1006),#234,.T.);
#8359=ADVANCED_FACE('',(#1007),#8028,.T.);
#8360=ADVANCED_FACE('',(#1008),#8029,.T.);
#8361=ADVANCED_FACE('',(#1009),#8030,.T.);
#8362=ADVANCED_FACE('',(#1010),#8031,.T.);
#8363=ADVANCED_FACE('',(#1011),#8032,.T.);
#8364=ADVANCED_FACE('',(#1012),#8033,.T.);
#8365=ADVANCED_FACE('',(#1013),#8034,.T.);
#8366=ADVANCED_FACE('',(#1014),#8035,.T.);
#8367=ADVANCED_FACE('',(#1015),#8036,.T.);
#8368=ADVANCED_FACE('',(#1016),#8037,.T.);
#8369=ADVANCED_FACE('',(#1017),#8038,.T.);
#8370=ADVANCED_FACE('',(#1018),#8039,.T.);
#8371=ADVANCED_FACE('',(#1019),#8040,.T.);
#8372=ADVANCED_FACE('',(#1020),#8041,.T.);
#8373=ADVANCED_FACE('',(#1021),#8042,.T.);
#8374=ADVANCED_FACE('',(#1022),#8043,.T.);
#8375=ADVANCED_FACE('',(#1023),#8044,.T.);
#8376=ADVANCED_FACE('',(#1024),#8045,.T.);
#8377=ADVANCED_FACE('',(#1025),#8046,.T.);
#8378=ADVANCED_FACE('',(#1026),#8047,.T.);
#8379=ADVANCED_FACE('',(#1027),#8048,.T.);
#8380=ADVANCED_FACE('',(#1028),#8049,.T.);
#8381=ADVANCED_FACE('',(#1029),#8050,.T.);
#8382=ADVANCED_FACE('',(#1030),#725,.T.);
#8383=ADVANCED_FACE('',(#1031),#726,.T.);
#8384=ADVANCED_FACE('',(#1032),#727,.T.);
#8385=ADVANCED_FACE('',(#1033),#728,.T.);
#8386=ADVANCED_FACE('',(#1034),#729,.T.);
#8387=ADVANCED_FACE('',(#1035),#8051,.T.);
#8388=ADVANCED_FACE('',(#1036),#8052,.T.);
#8389=ADVANCED_FACE('',(#1037),#8053,.T.);
#8390=ADVANCED_FACE('',(#1038),#8054,.T.);
#8391=ADVANCED_FACE('',(#1039),#730,.T.);
#8392=ADVANCED_FACE('',(#1040),#731,.T.);
#8393=ADVANCED_FACE('',(#1041),#732,.T.);
#8394=ADVANCED_FACE('',(#1042),#733,.T.);
#8395=ADVANCED_FACE('',(#1043),#734,.T.);
#8396=ADVANCED_FACE('',(#1044),#735,.T.);
#8397=ADVANCED_FACE('',(#1045),#736,.T.);
#8398=ADVANCED_FACE('',(#1046),#737,.T.);
#8399=ADVANCED_FACE('',(#1047),#738,.T.);
#8400=ADVANCED_FACE('',(#1048),#8055,.T.);
#8401=ADVANCED_FACE('',(#1049),#8056,.T.);
#8402=ADVANCED_FACE('',(#1050),#8057,.T.);
#8403=ADVANCED_FACE('',(#1051),#739,.T.);
#8404=ADVANCED_FACE('',(#1052),#740,.T.);
#8405=ADVANCED_FACE('',(#1053),#8058,.T.);
#8406=ADVANCED_FACE('',(#1054),#8059,.T.);
#8407=ADVANCED_FACE('',(#1055,#11),#8060,.T.);
#8408=ADVANCED_FACE('',(#1056),#8061,.T.);
#8409=ADVANCED_FACE('',(#1057),#8062,.T.);
#8410=ADVANCED_FACE('',(#1058),#741,.T.);
#8411=ADVANCED_FACE('',(#1059),#742,.T.);
#8412=ADVANCED_FACE('',(#1060),#743,.T.);
#8413=ADVANCED_FACE('',(#1061),#744,.T.);
#8414=ADVANCED_FACE('',(#1062),#8063,.T.);
#8415=ADVANCED_FACE('',(#1063),#8064,.T.);
#8416=ADVANCED_FACE('',(#1064),#8065,.T.);
#8417=ADVANCED_FACE('',(#1065),#745,.T.);
#8418=ADVANCED_FACE('',(#1066),#746,.T.);
#8419=ADVANCED_FACE('',(#1067),#747,.T.);
#8420=ADVANCED_FACE('',(#1068),#748,.T.);
#8421=ADVANCED_FACE('',(#1069),#8066,.T.);
#8422=ADVANCED_FACE('',(#1070),#8067,.T.);
#8423=ADVANCED_FACE('',(#1071),#8068,.T.);
#8424=ADVANCED_FACE('',(#1072),#749,.T.);
#8425=ADVANCED_FACE('',(#1073),#750,.T.);
#8426=ADVANCED_FACE('',(#1074),#751,.T.);
#8427=ADVANCED_FACE('',(#1075),#752,.T.);
#8428=ADVANCED_FACE('',(#1076),#753,.T.);
#8429=ADVANCED_FACE('',(#1077),#754,.T.);
#8430=ADVANCED_FACE('',(#1078),#755,.T.);
#8431=ADVANCED_FACE('',(#1079),#756,.T.);
#8432=ADVANCED_FACE('',(#1080),#757,.T.);
#8433=ADVANCED_FACE('',(#1081),#758,.T.);
#8434=ADVANCED_FACE('',(#1082),#8069,.T.);
#8435=ADVANCED_FACE('',(#1083,#12,#13),#8070,.T.);
#8436=ADVANCED_FACE('',(#1084),#442,.F.);
#8437=ADVANCED_FACE('',(#1085),#265,.F.);
#8438=ADVANCED_FACE('',(#1086,#14),#8071,.F.);
#8439=ADVANCED_FACE('',(#1087),#8072,.T.);
#8440=ADVANCED_FACE('',(#1088),#235,.T.);
#8441=ADVANCED_FACE('',(#1089),#443,.F.);
#8442=ADVANCED_FACE('',(#1090),#236,.T.);
#8443=ADVANCED_FACE('',(#1091),#759,.T.);
#8444=ADVANCED_FACE('',(#1092),#760,.T.);
#8445=ADVANCED_FACE('',(#1093),#8073,.T.);
#8446=ADVANCED_FACE('',(#1094),#266,.T.);
#8447=ADVANCED_FACE('',(#1095),#8074,.T.);
#8448=ADVANCED_FACE('',(#1096),#267,.T.);
#8449=ADVANCED_FACE('',(#1097),#8075,.T.);
#8450=ADVANCED_FACE('',(#1098),#761,.T.);
#8451=ADVANCED_FACE('',(#1099),#8076,.T.);
#8452=ADVANCED_FACE('',(#1100),#762,.T.);
#8453=ADVANCED_FACE('',(#1101),#8077,.F.);
#8454=ADVANCED_FACE('',(#1102),#237,.T.);
#8455=ADVANCED_FACE('',(#1103),#444,.F.);
#8456=ADVANCED_FACE('',(#1104),#238,.T.);
#8457=ADVANCED_FACE('',(#1105),#763,.T.);
#8458=ADVANCED_FACE('',(#1106),#764,.T.);
#8459=ADVANCED_FACE('',(#1107),#8078,.T.);
#8460=ADVANCED_FACE('',(#1108),#765,.T.);
#8461=ADVANCED_FACE('',(#1109),#766,.T.);
#8462=ADVANCED_FACE('',(#1110),#8079,.T.);
#8463=ADVANCED_FACE('',(#1111),#767,.T.);
#8464=ADVANCED_FACE('',(#1112),#768,.T.);
#8465=ADVANCED_FACE('',(#1113),#8080,.T.);
#8466=ADVANCED_FACE('',(#1114),#769,.T.);
#8467=ADVANCED_FACE('',(#1115),#8081,.T.);
#8468=ADVANCED_FACE('',(#1116),#770,.T.);
#8469=ADVANCED_FACE('',(#1117),#8082,.F.);
#8470=ADVANCED_FACE('',(#1118),#239,.T.);
#8471=ADVANCED_FACE('',(#1119),#445,.F.);
#8472=ADVANCED_FACE('',(#1120),#240,.T.);
#8473=ADVANCED_FACE('',(#1121),#771,.T.);
#8474=ADVANCED_FACE('',(#1122),#772,.T.);
#8475=ADVANCED_FACE('',(#1123),#8083,.T.);
#8476=ADVANCED_FACE('',(#1124),#773,.T.);
#8477=ADVANCED_FACE('',(#1125),#774,.T.);
#8478=ADVANCED_FACE('',(#1126),#8084,.T.);
#8479=ADVANCED_FACE('',(#1127),#775,.T.);
#8480=ADVANCED_FACE('',(#1128),#776,.T.);
#8481=ADVANCED_FACE('',(#1129),#8085,.T.);
#8482=ADVANCED_FACE('',(#1130),#777,.T.);
#8483=ADVANCED_FACE('',(#1131),#8086,.T.);
#8484=ADVANCED_FACE('',(#1132),#778,.T.);
#8485=ADVANCED_FACE('',(#1133),#8087,.F.);
#8486=ADVANCED_FACE('',(#1134),#241,.T.);
#8487=ADVANCED_FACE('',(#1135),#446,.F.);
#8488=ADVANCED_FACE('',(#1136),#242,.T.);
#8489=ADVANCED_FACE('',(#1137),#779,.T.);
#8490=ADVANCED_FACE('',(#1138),#780,.T.);
#8491=ADVANCED_FACE('',(#1139),#8088,.T.);
#8492=ADVANCED_FACE('',(#1140),#781,.T.);
#8493=ADVANCED_FACE('',(#1141),#782,.T.);
#8494=ADVANCED_FACE('',(#1142),#8089,.T.);
#8495=ADVANCED_FACE('',(#1143),#783,.T.);
#8496=ADVANCED_FACE('',(#1144),#784,.T.);
#8497=ADVANCED_FACE('',(#1145),#8090,.T.);
#8498=ADVANCED_FACE('',(#1146),#8091,.T.);
#8499=ADVANCED_FACE('',(#1147),#785,.T.);
#8500=ADVANCED_FACE('',(#1148),#786,.T.);
#8501=ADVANCED_FACE('',(#1149),#447,.F.);
#8502=ADVANCED_FACE('',(#1150),#268,.F.);
#8503=ADVANCED_FACE('',(#1151,#15),#8092,.F.);
#8504=ADVANCED_FACE('',(#1152,#16,#17,#18,#19),#8093,.T.);
#8505=ADVANCED_FACE('',(#1153),#243,.T.);
#8506=ADVANCED_FACE('',(#1154),#448,.F.);
#8507=ADVANCED_FACE('',(#1155),#244,.T.);
#8508=ADVANCED_FACE('',(#1156),#787,.T.);
#8509=ADVANCED_FACE('',(#1157),#788,.T.);
#8510=ADVANCED_FACE('',(#1158),#8094,.T.);
#8511=ADVANCED_FACE('',(#1159),#269,.T.);
#8512=ADVANCED_FACE('',(#1160),#8095,.T.);
#8513=ADVANCED_FACE('',(#1161),#270,.T.);
#8514=ADVANCED_FACE('',(#1162),#8096,.T.);
#8515=ADVANCED_FACE('',(#1163),#789,.T.);
#8516=ADVANCED_FACE('',(#1164),#8097,.T.);
#8517=ADVANCED_FACE('',(#1165),#790,.T.);
#8518=ADVANCED_FACE('',(#1166),#271,.F.);
#8519=ADVANCED_FACE('',(#1167,#20,#21),#8098,.T.);
#8520=ADVANCED_FACE('',(#1168),#449,.F.);
#8521=ADVANCED_FACE('',(#1169),#272,.F.);
#8522=ADVANCED_FACE('',(#1170),#450,.F.);
#8523=ADVANCED_FACE('',(#1171),#273,.F.);
#8524=ADVANCED_FACE('',(#1172,#22),#8099,.T.);
#8525=ADVANCED_FACE('',(#1173),#451,.F.);
#8526=ADVANCED_FACE('',(#1174),#791,.T.);
#8527=ADVANCED_FACE('',(#1175),#8100,.T.);
#8528=ADVANCED_FACE('',(#1176),#792,.T.);
#8529=ADVANCED_FACE('',(#1177),#8101,.T.);
#8530=ADVANCED_FACE('',(#1178),#274,.T.);
#8531=ADVANCED_FACE('',(#1179),#8102,.T.);
#8532=ADVANCED_FACE('',(#1180),#275,.T.);
#8533=ADVANCED_FACE('',(#1181),#8103,.T.);
#8534=ADVANCED_FACE('',(#1182),#793,.T.);
#8535=ADVANCED_FACE('',(#1183),#794,.T.);
#8536=ADVANCED_FACE('',(#1184),#8104,.T.);
#8537=ADVANCED_FACE('',(#1185),#452,.T.);
#8538=ADVANCED_FACE('',(#1186,#23,#24,#25),#8105,.T.);
#8539=ADVANCED_FACE('',(#1187),#453,.T.);
#8540=ADVANCED_FACE('',(#1188),#795,.T.);
#8541=ADVANCED_FACE('',(#1189),#796,.T.);
#8542=ADVANCED_FACE('',(#1190),#8106,.T.);
#8543=ADVANCED_FACE('',(#1191),#8107,.T.);
#8544=ADVANCED_FACE('',(#1192),#797,.T.);
#8545=ADVANCED_FACE('',(#1193),#798,.T.);
#8546=ADVANCED_FACE('',(#1194),#8108,.T.);
#8547=ADVANCED_FACE('',(#1195),#799,.T.);
#8548=ADVANCED_FACE('',(#1196),#800,.T.);
#8549=ADVANCED_FACE('',(#1197),#8109,.T.);
#8550=ADVANCED_FACE('',(#1198),#801,.T.);
#8551=ADVANCED_FACE('',(#1199),#802,.T.);
#8552=ADVANCED_FACE('',(#1200),#245,.T.);
#8553=ADVANCED_FACE('',(#1201),#454,.F.);
#8554=ADVANCED_FACE('',(#1202),#246,.T.);
#8555=ADVANCED_FACE('',(#1203),#8110,.T.);
#8556=ADVANCED_FACE('',(#1204),#8111,.T.);
#8557=ADVANCED_FACE('',(#1205),#803,.T.);
#8558=ADVANCED_FACE('',(#1206),#8112,.T.);
#8559=ADVANCED_FACE('',(#1207),#804,.T.);
#8560=ADVANCED_FACE('',(#1208),#8113,.T.);
#8561=ADVANCED_FACE('',(#1209),#805,.T.);
#8562=ADVANCED_FACE('',(#1210),#806,.T.);
#8563=ADVANCED_FACE('',(#1211),#8114,.T.);
#8564=ADVANCED_FACE('',(#1212),#807,.T.);
#8565=ADVANCED_FACE('',(#1213),#808,.T.);
#8566=ADVANCED_FACE('',(#1214),#8115,.T.);
#8567=ADVANCED_FACE('',(#1215),#809,.T.);
#8568=ADVANCED_FACE('',(#1216),#810,.T.);
#8569=ADVANCED_FACE('',(#1217),#247,.T.);
#8570=ADVANCED_FACE('',(#1218),#455,.F.);
#8571=ADVANCED_FACE('',(#1219),#248,.T.);
#8572=ADVANCED_FACE('',(#1220),#8116,.T.);
#8573=ADVANCED_FACE('',(#1221),#811,.T.);
#8574=ADVANCED_FACE('',(#1222),#8117,.T.);
#8575=ADVANCED_FACE('',(#1223),#812,.T.);
#8576=ADVANCED_FACE('',(#1224),#8118,.T.);
#8577=ADVANCED_FACE('',(#1225),#813,.T.);
#8578=ADVANCED_FACE('',(#1226),#814,.T.);
#8579=ADVANCED_FACE('',(#1227),#8119,.T.);
#8580=ADVANCED_FACE('',(#1228),#815,.T.);
#8581=ADVANCED_FACE('',(#1229),#816,.T.);
#8582=ADVANCED_FACE('',(#1230),#8120,.T.);
#8583=ADVANCED_FACE('',(#1231),#817,.T.);
#8584=ADVANCED_FACE('',(#1232),#818,.T.);
#8585=ADVANCED_FACE('',(#1233),#249,.T.);
#8586=ADVANCED_FACE('',(#1234),#456,.F.);
#8587=ADVANCED_FACE('',(#1235),#250,.T.);
#8588=ADVANCED_FACE('',(#1236),#8121,.T.);
#8589=ADVANCED_FACE('',(#1237),#276,.F.);
#8590=ADVANCED_FACE('',(#1238,#26),#8122,.T.);
#8591=ADVANCED_FACE('',(#1239),#457,.F.);
#8592=ADVANCED_FACE('',(#1240),#819,.T.);
#8593=ADVANCED_FACE('',(#1241),#8123,.T.);
#8594=ADVANCED_FACE('',(#1242),#820,.T.);
#8595=ADVANCED_FACE('',(#1243),#8124,.T.);
#8596=ADVANCED_FACE('',(#1244),#277,.T.);
#8597=ADVANCED_FACE('',(#1245),#8125,.T.);
#8598=ADVANCED_FACE('',(#1246),#278,.T.);
#8599=ADVANCED_FACE('',(#1247),#8126,.T.);
#8600=ADVANCED_FACE('',(#1248),#821,.T.);
#8601=ADVANCED_FACE('',(#1249),#822,.T.);
#8602=ADVANCED_FACE('',(#1250),#458,.T.);
#8603=ADVANCED_FACE('',(#1251),#8127,.T.);
#8604=ADVANCED_FACE('',(#1252),#459,.T.);
#8605=ADVANCED_FACE('',(#1253),#8128,.T.);
#8606=ADVANCED_FACE('',(#1254),#823,.F.);
#8607=ADVANCED_FACE('',(#1255),#8129,.T.);
#8608=ADVANCED_FACE('',(#1256),#824,.F.);
#8609=ADVANCED_FACE('',(#1257),#8130,.T.);
#8610=ADVANCED_FACE('',(#1258),#8131,.T.);
#8611=ADVANCED_FACE('',(#1259),#8132,.T.);
#8612=ADVANCED_FACE('',(#1260),#8133,.T.);
#8613=ADVANCED_FACE('',(#1261),#8134,.T.);
#8614=ADVANCED_FACE('',(#1262),#8135,.T.);
#8615=ADVANCED_FACE('',(#1263),#8136,.T.);
#8616=ADVANCED_FACE('',(#1264),#8137,.T.);
#8617=ADVANCED_FACE('',(#1265),#8138,.T.);
#8618=ADVANCED_FACE('',(#1266),#8139,.T.);
#8619=ADVANCED_FACE('',(#1267),#8140,.T.);
#8620=ADVANCED_FACE('',(#1268),#8141,.T.);
#8621=ADVANCED_FACE('',(#1269),#8142,.T.);
#8622=ADVANCED_FACE('',(#1270),#8143,.T.);
#8623=ADVANCED_FACE('',(#1271),#8144,.T.);
#8624=ADVANCED_FACE('',(#1272),#8145,.T.);
#8625=ADVANCED_FACE('',(#1273),#8146,.T.);
#8626=ADVANCED_FACE('',(#1274),#8147,.T.);
#8627=ADVANCED_FACE('',(#1275),#8148,.T.);
#8628=ADVANCED_FACE('',(#1276),#8149,.T.);
#8629=ADVANCED_FACE('',(#1277),#8150,.T.);
#8630=ADVANCED_FACE('',(#1278),#8151,.T.);
#8631=ADVANCED_FACE('',(#1279),#8152,.T.);
#8632=ADVANCED_FACE('',(#1280),#8153,.T.);
#8633=ADVANCED_FACE('',(#1281),#8154,.T.);
#8634=ADVANCED_FACE('',(#1282),#8155,.T.);
#8635=ADVANCED_FACE('',(#1283),#8156,.T.);
#8636=ADVANCED_FACE('',(#1284),#8157,.T.);
#8637=ADVANCED_FACE('',(#1285),#8158,.T.);
#8638=ADVANCED_FACE('',(#1286,#27),#8159,.F.);
#8639=ADVANCED_FACE('',(#1287,#28),#8160,.F.);
#8640=ADVANCED_FACE('',(#1288),#279,.T.);
#8641=ADVANCED_FACE('',(#1289),#8161,.T.);
#8642=ADVANCED_FACE('',(#1290),#280,.T.);
#8643=ADVANCED_FACE('',(#1291),#8162,.T.);
#8644=ADVANCED_FACE('',(#1292),#281,.T.);
#8645=ADVANCED_FACE('',(#1293),#8163,.T.);
#8646=ADVANCED_FACE('',(#1294),#282,.T.);
#8647=ADVANCED_FACE('',(#1295),#8164,.T.);
#8648=ADVANCED_FACE('',(#1296),#460,.F.);
#8649=ADVANCED_FACE('',(#1297),#461,.T.);
#8650=ADVANCED_FACE('',(#1298),#462,.T.);
#8651=ADVANCED_FACE('',(#1299),#251,.T.);
#8652=ADVANCED_FACE('',(#1300),#463,.T.);
#8653=ADVANCED_FACE('',(#1301),#464,.T.);
#8654=ADVANCED_FACE('',(#1302),#465,.T.);
#8655=ADVANCED_FACE('',(#1303),#466,.T.);
#8656=ADVANCED_FACE('',(#1304),#467,.T.);
#8657=ADVANCED_FACE('',(#1305),#468,.T.);
#8658=ADVANCED_FACE('',(#1306),#469,.T.);
#8659=ADVANCED_FACE('',(#1307),#252,.T.);
#8660=ADVANCED_FACE('',(#1308),#470,.T.);
#8661=ADVANCED_FACE('',(#1309),#471,.T.);
#8662=ADVANCED_FACE('',(#1310),#472,.T.);
#8663=ADVANCED_FACE('',(#1311),#473,.F.);
#8664=ADVANCED_FACE('',(#1312),#8165,.T.);
#8665=ADVANCED_FACE('',(#1313),#8166,.T.);
#8666=ADVANCED_FACE('',(#1314),#8167,.T.);
#8667=ADVANCED_FACE('',(#1315),#474,.T.);
#8668=ADVANCED_FACE('',(#1316),#475,.T.);
#8669=ADVANCED_FACE('',(#1317),#253,.T.);
#8670=ADVANCED_FACE('',(#1318),#476,.T.);
#8671=ADVANCED_FACE('',(#1319),#8168,.T.);
#8672=ADVANCED_FACE('',(#1320),#8169,.T.);
#8673=ADVANCED_FACE('',(#1321),#8170,.T.);
#8674=ADVANCED_FACE('',(#1322),#477,.T.);
#8675=ADVANCED_FACE('',(#1323),#478,.T.);
#8676=ADVANCED_FACE('',(#1324),#254,.T.);
#8677=ADVANCED_FACE('',(#1325),#479,.T.);
#8678=ADVANCED_FACE('',(#1326),#8171,.T.);
#8679=ADVANCED_FACE('',(#1327),#8172,.T.);
#8680=ADVANCED_FACE('',(#1328),#8173,.T.);
#8681=ADVANCED_FACE('',(#1329),#480,.T.);
#8682=ADVANCED_FACE('',(#1330),#481,.T.);
#8683=ADVANCED_FACE('',(#1331),#482,.T.);
#8684=ADVANCED_FACE('',(#1332),#8174,.T.);
#8685=ADVANCED_FACE('',(#1333),#8175,.T.);
#8686=ADVANCED_FACE('',(#1334),#8176,.T.);
#8687=ADVANCED_FACE('',(#1335),#255,.T.);
#8688=ADVANCED_FACE('',(#1336),#483,.T.);
#8689=ADVANCED_FACE('',(#1337),#484,.T.);
#8690=ADVANCED_FACE('',(#1338),#485,.T.);
#8691=ADVANCED_FACE('',(#1339),#256,.T.);
#8692=ADVANCED_FACE('',(#1340),#486,.F.);
#8693=ADVANCED_FACE('',(#1341),#257,.T.);
#8694=ADVANCED_FACE('',(#1342),#258,.T.);
#8695=ADVANCED_FACE('',(#1343),#487,.F.);
#8696=ADVANCED_FACE('',(#1344),#259,.T.);
#8697=ADVANCED_FACE('',(#1345),#260,.T.);
#8698=ADVANCED_FACE('',(#1346),#488,.F.);
#8699=CLOSED_SHELL('',(#8177,#8178,#8179,#8180,#8181,#8182,#8183,#8184,
#8185,#8186,#8187,#8188,#8189,#8190,#8191,#8192,#8193,#8194,#8195,#8196,
#8197,#8198,#8199,#8200,#8201,#8202,#8203,#8204,#8205,#8206));
#8700=CLOSED_SHELL('',(#8207,#8208,#8209,#8210,#8211,#8212,#8213,#8214,
#8215,#8216,#8217,#8218,#8219,#8220,#8221,#8222,#8223,#8224,#8225,#8226,
#8227,#8228,#8229,#8230,#8231,#8232,#8233,#8234,#8235,#8236));
#8701=CLOSED_SHELL('',(#8237,#8238,#8239,#8240,#8241,#8242,#8243,#8244,
#8245,#8246,#8247,#8248,#8249,#8250,#8251,#8252,#8253,#8254,#8255,#8256,
#8257,#8258,#8259,#8260,#8261,#8262,#8263,#8264,#8265,#8266));
#8702=CLOSED_SHELL('',(#8267,#8268,#8269,#8270,#8271,#8272,#8273,#8274,
#8275,#8276,#8277,#8278,#8279,#8280,#8281,#8282,#8283,#8284,#8285,#8286,
#8287,#8288,#8289,#8290,#8291,#8292,#8293,#8294,#8295,#8296));
#8703=CLOSED_SHELL('',(#8297,#8298,#8299,#8300,#8301,#8302,#8303,#8304,
#8305,#8306,#8307,#8308,#8309,#8310,#8311,#8312,#8313,#8314,#8315,#8316,
#8317,#8318,#8319,#8320,#8321,#8322,#8323,#8324,#8325,#8326,#8327,#8328,
#8329,#8330,#8331,#8332,#8333,#8334,#8335,#8336,#8337,#8338,#8339,#8340,
#8341,#8342,#8343,#8344,#8345,#8346,#8347,#8348,#8349,#8350,#8351,#8352,
#8353,#8354,#8355,#8356,#8357,#8358,#8359,#8360,#8361,#8362,#8363,#8364,
#8365,#8366,#8367,#8368,#8369,#8370,#8371,#8372,#8373,#8374,#8375,#8376,
#8377,#8378,#8379,#8380,#8381,#8382,#8383,#8384,#8385,#8386,#8387,#8388,
#8389,#8390,#8391,#8392,#8393,#8394,#8395,#8396,#8397,#8398,#8399,#8400,
#8401,#8402,#8403,#8404,#8405,#8406,#8407,#8408,#8409,#8410,#8411,#8412,
#8413,#8414,#8415,#8416,#8417,#8418,#8419,#8420,#8421,#8422,#8423,#8424,
#8425,#8426,#8427,#8428,#8429,#8430,#8431,#8432,#8433,#8434,#8435,#8436,
#8437,#8438,#8439,#8440,#8441,#8442,#8443,#8444,#8445,#8446,#8447,#8448,
#8449,#8450,#8451,#8452,#8453,#8454,#8455,#8456,#8457,#8458,#8459,#8460,
#8461,#8462,#8463,#8464,#8465,#8466,#8467,#8468,#8469,#8470,#8471,#8472,
#8473,#8474,#8475,#8476,#8477,#8478,#8479,#8480,#8481,#8482,#8483,#8484,
#8485,#8486,#8487,#8488,#8489,#8490,#8491,#8492,#8493,#8494,#8495,#8496,
#8497,#8498,#8499,#8500,#8501,#8502,#8503,#8504,#8505,#8506,#8507,#8508,
#8509,#8510,#8511,#8512,#8513,#8514,#8515,#8516,#8517));
#8704=CLOSED_SHELL('',(#8518,#8519,#8520,#8521,#8522,#8523,#8524,#8525,
#8526,#8527,#8528,#8529,#8530,#8531,#8532,#8533,#8534,#8535,#8536,#8537,
#8538,#8539,#8540,#8541,#8542,#8543,#8544,#8545,#8546,#8547,#8548,#8549,
#8550,#8551,#8552,#8553,#8554,#8555,#8556,#8557,#8558,#8559,#8560,#8561,
#8562,#8563,#8564,#8565,#8566,#8567,#8568,#8569,#8570,#8571,#8572,#8573,
#8574,#8575,#8576,#8577,#8578,#8579,#8580,#8581,#8582,#8583,#8584,#8585,
#8586,#8587,#8588,#8589,#8590,#8591,#8592,#8593,#8594,#8595,#8596,#8597,
#8598,#8599,#8600,#8601,#8602,#8603,#8604,#8605,#8606,#8607,#8608,#8609,
#8610,#8611,#8612,#8613,#8614,#8615,#8616,#8617,#8618,#8619,#8620,#8621,
#8622,#8623,#8624,#8625,#8626,#8627,#8628,#8629,#8630,#8631,#8632,#8633,
#8634,#8635,#8636,#8637,#8638,#8639,#8640,#8641,#8642,#8643,#8644,#8645,
#8646,#8647,#8648,#8649,#8650,#8651,#8652,#8653,#8654,#8655,#8656,#8657,
#8658,#8659,#8660,#8661,#8662,#8663,#8664,#8665,#8666,#8667,#8668,#8669,
#8670,#8671,#8672,#8673,#8674,#8675,#8676,#8677,#8678,#8679,#8680,#8681,
#8682,#8683,#8684,#8685,#8686,#8687,#8688,#8689,#8690,#8691,#8692,#8693,
#8694,#8695,#8696,#8697,#8698));
#8705=DERIVED_UNIT_ELEMENT(#8715,1.);
#8706=DERIVED_UNIT_ELEMENT(#16676,-3.);
#8707=DERIVED_UNIT_ELEMENT(#8715,1.);
#8708=DERIVED_UNIT_ELEMENT(#16676,-3.);
#8709=DERIVED_UNIT_ELEMENT(#8715,1.);
#8710=DERIVED_UNIT_ELEMENT(#16676,-3.);
#8711=DERIVED_UNIT_ELEMENT(#8715,1.);
#8712=DERIVED_UNIT_ELEMENT(#16676,-3.);
#8713=DERIVED_UNIT_ELEMENT(#8715,1.);
#8714=DERIVED_UNIT_ELEMENT(#16676,-3.);
#8715=(
MASS_UNIT()
NAMED_UNIT(*)
SI_UNIT(.KILO.,.GRAM.)
);
#8716=DERIVED_UNIT((#8705,#8706));
#8717=DERIVED_UNIT((#8707,#8708));
#8718=DERIVED_UNIT((#8709,#8710));
#8719=DERIVED_UNIT((#8711,#8712));
#8720=DERIVED_UNIT((#8713,#8714));
#8721=MEASURE_REPRESENTATION_ITEM('density measure',
POSITIVE_RATIO_MEASURE(7850.),#8716);
#8722=MEASURE_REPRESENTATION_ITEM('density measure',
POSITIVE_RATIO_MEASURE(7850.),#8717);
#8723=MEASURE_REPRESENTATION_ITEM('density measure',
POSITIVE_RATIO_MEASURE(7850.),#8718);
#8724=MEASURE_REPRESENTATION_ITEM('density measure',
POSITIVE_RATIO_MEASURE(7850.),#8719);
#8725=MEASURE_REPRESENTATION_ITEM('density measure',
POSITIVE_RATIO_MEASURE(7850.),#8720);
#8726=PROPERTY_DEFINITION_REPRESENTATION(#8751,#8736);
#8727=PROPERTY_DEFINITION_REPRESENTATION(#8752,#8737);
#8728=PROPERTY_DEFINITION_REPRESENTATION(#8753,#8738);
#8729=PROPERTY_DEFINITION_REPRESENTATION(#8754,#8739);
#8730=PROPERTY_DEFINITION_REPRESENTATION(#8755,#8740);
#8731=PROPERTY_DEFINITION_REPRESENTATION(#8756,#8741);
#8732=PROPERTY_DEFINITION_REPRESENTATION(#8757,#8742);
#8733=PROPERTY_DEFINITION_REPRESENTATION(#8758,#8743);
#8734=PROPERTY_DEFINITION_REPRESENTATION(#8759,#8744);
#8735=PROPERTY_DEFINITION_REPRESENTATION(#8760,#8745);
#8736=REPRESENTATION('material name',(#8746),#16669);
#8737=REPRESENTATION('density',(#8721),#16669);
#8738=REPRESENTATION('material name',(#8747),#16670);
#8739=REPRESENTATION('density',(#8722),#16670);
#8740=REPRESENTATION('material name',(#8748),#16671);
#8741=REPRESENTATION('density',(#8723),#16671);
#8742=REPRESENTATION('material name',(#8749),#16672);
#8743=REPRESENTATION('density',(#8724),#16672);
#8744=REPRESENTATION('material name',(#8750),#16673);
#8745=REPRESENTATION('density',(#8725),#16673);
#8746=DESCRIPTIVE_REPRESENTATION_ITEM('Steel','Steel');
#8747=DESCRIPTIVE_REPRESENTATION_ITEM('Steel','Steel');
#8748=DESCRIPTIVE_REPRESENTATION_ITEM('Steel','Steel');
#8749=DESCRIPTIVE_REPRESENTATION_ITEM('Steel','Steel');
#8750=DESCRIPTIVE_REPRESENTATION_ITEM('Steel','Steel');
#8751=PROPERTY_DEFINITION('material property','material name',#16714);
#8752=PROPERTY_DEFINITION('material property','density of part',#16714);
#8753=PROPERTY_DEFINITION('material property','material name',#16715);
#8754=PROPERTY_DEFINITION('material property','density of part',#16715);
#8755=PROPERTY_DEFINITION('material property','material name',#16716);
#8756=PROPERTY_DEFINITION('material property','density of part',#16716);
#8757=PROPERTY_DEFINITION('material property','material name',#16717);
#8758=PROPERTY_DEFINITION('material property','density of part',#16717);
#8759=PROPERTY_DEFINITION('material property','material name',#16718);
#8760=PROPERTY_DEFINITION('material property','density of part',#16718);
#8761=AXIS2_PLACEMENT_3D('',#11708,#9494,#9495);
#8762=AXIS2_PLACEMENT_3D('',#11709,#9496,#9497);
#8763=AXIS2_PLACEMENT_3D('',#11710,#9498,#9499);
#8764=AXIS2_PLACEMENT_3D('',#11711,#9500,#9501);
#8765=AXIS2_PLACEMENT_3D('',#11712,#9502,#9503);
#8766=AXIS2_PLACEMENT_3D('',#11715,#9504,#9505);
#8767=AXIS2_PLACEMENT_3D('',#11719,#9507,#9508);
#8768=AXIS2_PLACEMENT_3D('',#11723,#9510,#9511);
#8769=AXIS2_PLACEMENT_3D('',#11727,#9513,#9514);
#8770=AXIS2_PLACEMENT_3D('',#11731,#9516,#9517);
#8771=AXIS2_PLACEMENT_3D('',#11735,#9519,#9520);
#8772=AXIS2_PLACEMENT_3D('',#11739,#9522,#9523);
#8773=AXIS2_PLACEMENT_3D('',#11768,#9525,#9526);
#8774=AXIS2_PLACEMENT_3D('',#11770,#9527,#9528);
#8775=AXIS2_PLACEMENT_3D('',#11772,#9529,#9530);
#8776=AXIS2_PLACEMENT_3D('',#11773,#9531,#9532);
#8777=AXIS2_PLACEMENT_3D('',#11774,#9533,#9534);
#8778=AXIS2_PLACEMENT_3D('',#11777,#9537,#9538);
#8779=AXIS2_PLACEMENT_3D('',#11780,#9539,#9540);
#8780=AXIS2_PLACEMENT_3D('',#11782,#9541,#9542);
#8781=AXIS2_PLACEMENT_3D('',#11783,#9543,#9544);
#8782=AXIS2_PLACEMENT_3D('',#11784,#9545,#9546);
#8783=AXIS2_PLACEMENT_3D('',#11787,#9549,#9550);
#8784=AXIS2_PLACEMENT_3D('',#11790,#9551,#9552);
#8785=AXIS2_PLACEMENT_3D('',#11792,#9553,#9554);
#8786=AXIS2_PLACEMENT_3D('',#11793,#9555,#9556);
#8787=AXIS2_PLACEMENT_3D('',#11794,#9557,#9558);
#8788=AXIS2_PLACEMENT_3D('',#11797,#9561,#9562);
#8789=AXIS2_PLACEMENT_3D('',#11800,#9565,#9566);
#8790=AXIS2_PLACEMENT_3D('',#11803,#9567,#9568);
#8791=AXIS2_PLACEMENT_3D('',#11805,#9569,#9570);
#8792=AXIS2_PLACEMENT_3D('',#11806,#9571,#9572);
#8793=AXIS2_PLACEMENT_3D('',#11807,#9573,#9574);
#8794=AXIS2_PLACEMENT_3D('',#11810,#9577,#9578);
#8795=AXIS2_PLACEMENT_3D('',#11813,#9579,#9580);
#8796=AXIS2_PLACEMENT_3D('',#11815,#9581,#9582);
#8797=AXIS2_PLACEMENT_3D('',#11816,#9583,#9584);
#8798=AXIS2_PLACEMENT_3D('',#11817,#9585,#9586);
#8799=AXIS2_PLACEMENT_3D('',#11820,#9589,#9590);
#8800=AXIS2_PLACEMENT_3D('',#11850,#9593,#9594);
#8801=AXIS2_PLACEMENT_3D('',#11852,#9595,#9596);
#8802=AXIS2_PLACEMENT_3D('',#11854,#9597,#9598);
#8803=AXIS2_PLACEMENT_3D('',#11855,#9599,#9600);
#8804=AXIS2_PLACEMENT_3D('',#11856,#9601,#9602);
#8805=AXIS2_PLACEMENT_3D('',#11859,#9605,#9606);
#8806=AXIS2_PLACEMENT_3D('',#11862,#9607,#9608);
#8807=AXIS2_PLACEMENT_3D('',#11864,#9609,#9610);
#8808=AXIS2_PLACEMENT_3D('',#11865,#9611,#9612);
#8809=AXIS2_PLACEMENT_3D('',#11866,#9613,#9614);
#8810=AXIS2_PLACEMENT_3D('',#11869,#9617,#9618);
#8811=AXIS2_PLACEMENT_3D('',#11872,#9621,#9622);
#8812=AXIS2_PLACEMENT_3D('',#11875,#9625,#9626);
#8813=AXIS2_PLACEMENT_3D('',#11878,#9629,#9630);
#8814=AXIS2_PLACEMENT_3D('',#11881,#9633,#9634);
#8815=AXIS2_PLACEMENT_3D('',#11884,#9637,#9638);
#8816=AXIS2_PLACEMENT_3D('',#11885,#9639,#9640);
#8817=AXIS2_PLACEMENT_3D('',#11886,#9641,#9642);
#8818=AXIS2_PLACEMENT_3D('',#11887,#9643,#9644);
#8819=AXIS2_PLACEMENT_3D('',#11888,#9645,#9646);
#8820=AXIS2_PLACEMENT_3D('',#11889,#9647,#9648);
#8821=AXIS2_PLACEMENT_3D('',#11890,#9649,#9650);
#8822=AXIS2_PLACEMENT_3D('',#11891,#9651,#9652);
#8823=AXIS2_PLACEMENT_3D('',#11892,#9653,#9654);
#8824=AXIS2_PLACEMENT_3D('',#11893,#9655,#9656);
#8825=AXIS2_PLACEMENT_3D('',#11902,#9661,#9662);
#8826=AXIS2_PLACEMENT_3D('',#11911,#9667,#9668);
#8827=AXIS2_PLACEMENT_3D('',#11920,#9673,#9674);
#8828=AXIS2_PLACEMENT_3D('',#11923,#9675,#9676);
#8829=AXIS2_PLACEMENT_3D('',#11931,#9680,#9681);
#8830=AXIS2_PLACEMENT_3D('',#11939,#9686,#9687);
#8831=AXIS2_PLACEMENT_3D('',#11948,#9692,#9693);
#8832=AXIS2_PLACEMENT_3D('',#11957,#9698,#9699);
#8833=AXIS2_PLACEMENT_3D('',#11966,#9704,#9705);
#8834=AXIS2_PLACEMENT_3D('',#11975,#9710,#9711);
#8835=AXIS2_PLACEMENT_3D('',#11976,#9712,#9713);
#8836=AXIS2_PLACEMENT_3D('',#11977,#9714,#9715);
#8837=AXIS2_PLACEMENT_3D('',#11978,#9716,#9717);
#8838=AXIS2_PLACEMENT_3D('',#11979,#9718,#9719);
#8839=AXIS2_PLACEMENT_3D('',#11980,#9720,#9721);
#8840=AXIS2_PLACEMENT_3D('',#11981,#9722,#9723);
#8841=AXIS2_PLACEMENT_3D('',#11982,#9724,#9725);
#8842=AXIS2_PLACEMENT_3D('',#11983,#9726,#9727);
#8843=AXIS2_PLACEMENT_3D('',#11984,#9728,#9729);
#8844=AXIS2_PLACEMENT_3D('',#11985,#9730,#9731);
#8845=AXIS2_PLACEMENT_3D('',#11986,#9732,#9733);
#8846=AXIS2_PLACEMENT_3D('',#11987,#9734,#9735);
#8847=AXIS2_PLACEMENT_3D('',#11988,#9736,#9737);
#8848=AXIS2_PLACEMENT_3D('',#11989,#9738,#9739);
#8849=AXIS2_PLACEMENT_3D('',#11990,#9740,#9741);
#8850=AXIS2_PLACEMENT_3D('',#11991,#9742,#9743);
#8851=AXIS2_PLACEMENT_3D('',#11992,#9744,#9745);
#8852=AXIS2_PLACEMENT_3D('',#11993,#9746,#9747);
#8853=AXIS2_PLACEMENT_3D('',#11994,#9748,#9749);
#8854=AXIS2_PLACEMENT_3D('',#11995,#9750,#9751);
#8855=AXIS2_PLACEMENT_3D('',#11996,#9752,#9753);
#8856=AXIS2_PLACEMENT_3D('',#11997,#9754,#9755);
#8857=AXIS2_PLACEMENT_3D('',#11998,#9756,#9757);
#8858=AXIS2_PLACEMENT_3D('',#11999,#9758,#9759);
#8859=AXIS2_PLACEMENT_3D('',#12000,#9760,#9761);
#8860=AXIS2_PLACEMENT_3D('',#12001,#9762,#9763);
#8861=AXIS2_PLACEMENT_3D('',#12002,#9764,#9765);
#8862=AXIS2_PLACEMENT_3D('',#12003,#9766,#9767);
#8863=AXIS2_PLACEMENT_3D('',#12029,#9768,#9769);
#8864=AXIS2_PLACEMENT_3D('',#12030,#9770,#9771);
#8865=AXIS2_PLACEMENT_3D('',#12031,#9772,#9773);
#8866=AXIS2_PLACEMENT_3D('',#12032,#9774,#9775);
#8867=AXIS2_PLACEMENT_3D('',#12033,#9776,#9777);
#8868=AXIS2_PLACEMENT_3D('',#12034,#9778,#9779);
#8869=AXIS2_PLACEMENT_3D('',#12035,#9780,#9781);
#8870=AXIS2_PLACEMENT_3D('',#12036,#9782,#9783);
#8871=AXIS2_PLACEMENT_3D('',#12037,#9784,#9785);
#8872=AXIS2_PLACEMENT_3D('',#12038,#9786,#9787);
#8873=AXIS2_PLACEMENT_3D('',#12039,#9788,#9789);
#8874=AXIS2_PLACEMENT_3D('',#12040,#9790,#9791);
#8875=AXIS2_PLACEMENT_3D('',#12041,#9792,#9793);
#8876=AXIS2_PLACEMENT_3D('',#12042,#9794,#9795);
#8877=AXIS2_PLACEMENT_3D('',#12068,#9796,#9797);
#8878=AXIS2_PLACEMENT_3D('',#12069,#9798,#9799);
#8879=AXIS2_PLACEMENT_3D('',#12070,#9800,#9801);
#8880=AXIS2_PLACEMENT_3D('',#12071,#9802,#9803);
#8881=AXIS2_PLACEMENT_3D('',#12072,#9804,#9805);
#8882=AXIS2_PLACEMENT_3D('',#12073,#9806,#9807);
#8883=AXIS2_PLACEMENT_3D('',#12074,#9808,#9809);
#8884=AXIS2_PLACEMENT_3D('',#12077,#9810,#9811);
#8885=AXIS2_PLACEMENT_3D('',#12081,#9813,#9814);
#8886=AXIS2_PLACEMENT_3D('',#12085,#9816,#9817);
#8887=AXIS2_PLACEMENT_3D('',#12089,#9819,#9820);
#8888=AXIS2_PLACEMENT_3D('',#12093,#9822,#9823);
#8889=AXIS2_PLACEMENT_3D('',#12097,#9825,#9826);
#8890=AXIS2_PLACEMENT_3D('',#12101,#9828,#9829);
#8891=AXIS2_PLACEMENT_3D('',#12103,#9831,#9832);
#8892=AXIS2_PLACEMENT_3D('',#12106,#9833,#9834);
#8893=AXIS2_PLACEMENT_3D('',#12108,#9835,#9836);
#8894=AXIS2_PLACEMENT_3D('',#12109,#9837,#9838);
#8895=AXIS2_PLACEMENT_3D('',#12110,#9839,#9840);
#8896=AXIS2_PLACEMENT_3D('',#12113,#9843,#9844);
#8897=AXIS2_PLACEMENT_3D('',#12116,#9845,#9846);
#8898=AXIS2_PLACEMENT_3D('',#12118,#9847,#9848);
#8899=AXIS2_PLACEMENT_3D('',#12119,#9849,#9850);
#8900=AXIS2_PLACEMENT_3D('',#12120,#9851,#9852);
#8901=AXIS2_PLACEMENT_3D('',#12123,#9855,#9856);
#8902=AXIS2_PLACEMENT_3D('',#12126,#9857,#9858);
#8903=AXIS2_PLACEMENT_3D('',#12128,#9859,#9860);
#8904=AXIS2_PLACEMENT_3D('',#12129,#9861,#9862);
#8905=AXIS2_PLACEMENT_3D('',#12130,#9863,#9864);
#8906=AXIS2_PLACEMENT_3D('',#12133,#9867,#9868);
#8907=AXIS2_PLACEMENT_3D('',#12163,#9871,#9872);
#8908=AXIS2_PLACEMENT_3D('',#12165,#9873,#9874);
#8909=AXIS2_PLACEMENT_3D('',#12167,#9875,#9876);
#8910=AXIS2_PLACEMENT_3D('',#12168,#9877,#9878);
#8911=AXIS2_PLACEMENT_3D('',#12169,#9879,#9880);
#8912=AXIS2_PLACEMENT_3D('',#12199,#9883,#9884);
#8913=AXIS2_PLACEMENT_3D('',#12201,#9885,#9886);
#8914=AXIS2_PLACEMENT_3D('',#12203,#9887,#9888);
#8915=AXIS2_PLACEMENT_3D('',#12204,#9889,#9890);
#8916=AXIS2_PLACEMENT_3D('',#12205,#9891,#9892);
#8917=AXIS2_PLACEMENT_3D('',#12208,#9895,#9896);
#8918=AXIS2_PLACEMENT_3D('',#12211,#9899,#9900);
#8919=AXIS2_PLACEMENT_3D('',#12214,#9901,#9902);
#8920=AXIS2_PLACEMENT_3D('',#12216,#9903,#9904);
#8921=AXIS2_PLACEMENT_3D('',#12217,#9905,#9906);
#8922=AXIS2_PLACEMENT_3D('',#12218,#9907,#9908);
#8923=AXIS2_PLACEMENT_3D('',#12221,#9911,#9912);
#8924=AXIS2_PLACEMENT_3D('',#12224,#9913,#9914);
#8925=AXIS2_PLACEMENT_3D('',#12226,#9915,#9916);
#8926=AXIS2_PLACEMENT_3D('',#12227,#9917,#9918);
#8927=AXIS2_PLACEMENT_3D('',#12228,#9919,#9920);
#8928=AXIS2_PLACEMENT_3D('',#12231,#9923,#9924);
#8929=AXIS2_PLACEMENT_3D('',#12234,#9927,#9928);
#8930=AXIS2_PLACEMENT_3D('',#12237,#9931,#9932);
#8931=AXIS2_PLACEMENT_3D('',#12240,#9935,#9936);
#8932=AXIS2_PLACEMENT_3D('',#12243,#9939,#9940);
#8933=AXIS2_PLACEMENT_3D('',#12246,#9943,#9944);
#8934=AXIS2_PLACEMENT_3D('',#12247,#9945,#9946);
#8935=AXIS2_PLACEMENT_3D('',#12248,#9947,#9948);
#8936=AXIS2_PLACEMENT_3D('',#12249,#9949,#9950);
#8937=AXIS2_PLACEMENT_3D('',#12250,#9951,#9952);
#8938=AXIS2_PLACEMENT_3D('',#12251,#9953,#9954);
#8939=AXIS2_PLACEMENT_3D('',#12252,#9955,#9956);
#8940=AXIS2_PLACEMENT_3D('',#12253,#9957,#9958);
#8941=AXIS2_PLACEMENT_3D('',#12254,#9959,#9960);
#8942=AXIS2_PLACEMENT_3D('',#12255,#9961,#9962);
#8943=AXIS2_PLACEMENT_3D('',#12258,#9963,#9964);
#8944=AXIS2_PLACEMENT_3D('',#12262,#9966,#9967);
#8945=AXIS2_PLACEMENT_3D('',#12266,#9969,#9970);
#8946=AXIS2_PLACEMENT_3D('',#12270,#9972,#9973);
#8947=AXIS2_PLACEMENT_3D('',#12274,#9975,#9976);
#8948=AXIS2_PLACEMENT_3D('',#12278,#9978,#9979);
#8949=AXIS2_PLACEMENT_3D('',#12282,#9981,#9982);
#8950=AXIS2_PLACEMENT_3D('',#12284,#9984,#9985);
#8951=AXIS2_PLACEMENT_3D('',#12287,#9986,#9987);
#8952=AXIS2_PLACEMENT_3D('',#12289,#9988,#9989);
#8953=AXIS2_PLACEMENT_3D('',#12290,#9990,#9991);
#8954=AXIS2_PLACEMENT_3D('',#12291,#9992,#9993);
#8955=AXIS2_PLACEMENT_3D('',#12294,#9996,#9997);
#8956=AXIS2_PLACEMENT_3D('',#12297,#9998,#9999);
#8957=AXIS2_PLACEMENT_3D('',#12299,#10000,#10001);
#8958=AXIS2_PLACEMENT_3D('',#12300,#10002,#10003);
#8959=AXIS2_PLACEMENT_3D('',#12301,#10004,#10005);
#8960=AXIS2_PLACEMENT_3D('',#12331,#10008,#10009);
#8961=AXIS2_PLACEMENT_3D('',#12333,#10010,#10011);
#8962=AXIS2_PLACEMENT_3D('',#12335,#10012,#10013);
#8963=AXIS2_PLACEMENT_3D('',#12336,#10014,#10015);
#8964=AXIS2_PLACEMENT_3D('',#12337,#10016,#10017);
#8965=AXIS2_PLACEMENT_3D('',#12340,#10020,#10021);
#8966=AXIS2_PLACEMENT_3D('',#12343,#10024,#10025);
#8967=AXIS2_PLACEMENT_3D('',#12346,#10026,#10027);
#8968=AXIS2_PLACEMENT_3D('',#12348,#10028,#10029);
#8969=AXIS2_PLACEMENT_3D('',#12349,#10030,#10031);
#8970=AXIS2_PLACEMENT_3D('',#12350,#10032,#10033);
#8971=AXIS2_PLACEMENT_3D('',#12353,#10036,#10037);
#8972=AXIS2_PLACEMENT_3D('',#12356,#10038,#10039);
#8973=AXIS2_PLACEMENT_3D('',#12358,#10040,#10041);
#8974=AXIS2_PLACEMENT_3D('',#12359,#10042,#10043);
#8975=AXIS2_PLACEMENT_3D('',#12360,#10044,#10045);
#8976=AXIS2_PLACEMENT_3D('',#12363,#10048,#10049);
#8977=AXIS2_PLACEMENT_3D('',#12393,#10052,#10053);
#8978=AXIS2_PLACEMENT_3D('',#12395,#10054,#10055);
#8979=AXIS2_PLACEMENT_3D('',#12397,#10056,#10057);
#8980=AXIS2_PLACEMENT_3D('',#12398,#10058,#10059);
#8981=AXIS2_PLACEMENT_3D('',#12399,#10060,#10061);
#8982=AXIS2_PLACEMENT_3D('',#12402,#10064,#10065);
#8983=AXIS2_PLACEMENT_3D('',#12405,#10066,#10067);
#8984=AXIS2_PLACEMENT_3D('',#12407,#10068,#10069);
#8985=AXIS2_PLACEMENT_3D('',#12408,#10070,#10071);
#8986=AXIS2_PLACEMENT_3D('',#12409,#10072,#10073);
#8987=AXIS2_PLACEMENT_3D('',#12412,#10076,#10077);
#8988=AXIS2_PLACEMENT_3D('',#12415,#10080,#10081);
#8989=AXIS2_PLACEMENT_3D('',#12418,#10084,#10085);
#8990=AXIS2_PLACEMENT_3D('',#12421,#10088,#10089);
#8991=AXIS2_PLACEMENT_3D('',#12424,#10092,#10093);
#8992=AXIS2_PLACEMENT_3D('',#12427,#10096,#10097);
#8993=AXIS2_PLACEMENT_3D('',#12428,#10098,#10099);
#8994=AXIS2_PLACEMENT_3D('',#12429,#10100,#10101);
#8995=AXIS2_PLACEMENT_3D('',#12430,#10102,#10103);
#8996=AXIS2_PLACEMENT_3D('',#12431,#10104,#10105);
#8997=AXIS2_PLACEMENT_3D('',#12432,#10106,#10107);
#8998=AXIS2_PLACEMENT_3D('',#12433,#10108,#10109);
#8999=AXIS2_PLACEMENT_3D('',#12434,#10110,#10111);
#9000=AXIS2_PLACEMENT_3D('',#12435,#10112,#10113);
#9001=AXIS2_PLACEMENT_3D('',#12436,#10114,#10115);
#9002=AXIS2_PLACEMENT_3D('',#12437,#10116,#10117);
#9003=AXIS2_PLACEMENT_3D('',#12438,#10118,#10119);
#9004=AXIS2_PLACEMENT_3D('',#12439,#10120,#10121);
#9005=AXIS2_PLACEMENT_3D('',#12441,#10122,#10123);
#9006=AXIS2_PLACEMENT_3D('',#12442,#10124,#10125);
#9007=AXIS2_PLACEMENT_3D('',#12444,#10126,#10127);
#9008=AXIS2_PLACEMENT_3D('',#12445,#10128,#10129);
#9009=AXIS2_PLACEMENT_3D('',#12454,#10134,#10135);
#9010=AXIS2_PLACEMENT_3D('',#12463,#10140,#10141);
#9011=AXIS2_PLACEMENT_3D('',#12466,#10144,#10145);
#9012=AXIS2_PLACEMENT_3D('',#12475,#10150,#10151);
#9013=AXIS2_PLACEMENT_3D('',#12484,#10156,#10157);
#9014=AXIS2_PLACEMENT_3D('',#12487,#10160,#10161);
#9015=AXIS2_PLACEMENT_3D('',#12496,#10166,#10167);
#9016=AXIS2_PLACEMENT_3D('',#12505,#10172,#10173);
#9017=AXIS2_PLACEMENT_3D('',#12508,#10176,#10177);
#9018=AXIS2_PLACEMENT_3D('',#12517,#10182,#10183);
#9019=AXIS2_PLACEMENT_3D('',#12526,#10188,#10189);
#9020=AXIS2_PLACEMENT_3D('',#12529,#10192,#10193);
#9021=AXIS2_PLACEMENT_3D('',#12532,#10194,#10195);
#9022=AXIS2_PLACEMENT_3D('',#12536,#10197,#10198);
#9023=AXIS2_PLACEMENT_3D('',#12538,#10200,#10201);
#9024=AXIS2_PLACEMENT_3D('',#12544,#10205,#10206);
#9025=AXIS2_PLACEMENT_3D('',#12546,#10207,#10208);
#9026=AXIS2_PLACEMENT_3D('',#12549,#10210,#10211);
#9027=AXIS2_PLACEMENT_3D('',#12550,#10212,#10213);
#9028=AXIS2_PLACEMENT_3D('',#12555,#10216,#10217);
#9029=AXIS2_PLACEMENT_3D('',#12556,#10218,#10219);
#9030=AXIS2_PLACEMENT_3D('',#12560,#10222,#10223);
#9031=AXIS2_PLACEMENT_3D('',#12563,#10225,#10226);
#9032=AXIS2_PLACEMENT_3D('',#12564,#10227,#10228);
#9033=AXIS2_PLACEMENT_3D('',#12570,#10232,#10233);
#9034=AXIS2_PLACEMENT_3D('',#12572,#10234,#10235);
#9035=AXIS2_PLACEMENT_3D('',#12575,#10237,#10238);
#9036=AXIS2_PLACEMENT_3D('',#12576,#10239,#10240);
#9037=AXIS2_PLACEMENT_3D('',#12582,#10244,#10245);
#9038=AXIS2_PLACEMENT_3D('',#12584,#10246,#10247);
#9039=AXIS2_PLACEMENT_3D('',#12587,#10249,#10250);
#9040=AXIS2_PLACEMENT_3D('',#12588,#10251,#10252);
#9041=AXIS2_PLACEMENT_3D('',#12591,#10255,#10256);
#9042=AXIS2_PLACEMENT_3D('',#12594,#10257,#10258);
#9043=AXIS2_PLACEMENT_3D('',#12597,#10261,#10262);
#9044=AXIS2_PLACEMENT_3D('',#12601,#10265,#10266);
#9045=AXIS2_PLACEMENT_3D('',#12603,#10267,#10268);
#9046=AXIS2_PLACEMENT_3D('',#12605,#10270,#10271);
#9047=AXIS2_PLACEMENT_3D('',#12606,#10272,#10273);
#9048=AXIS2_PLACEMENT_3D('',#12610,#10275,#10276);
#9049=AXIS2_PLACEMENT_3D('',#12611,#10277,#10278);
#9050=AXIS2_PLACEMENT_3D('',#12612,#10279,#10280);
#9051=AXIS2_PLACEMENT_3D('',#12614,#10281,#10282);
#9052=AXIS2_PLACEMENT_3D('',#12617,#10284,#10285);
#9053=AXIS2_PLACEMENT_3D('',#12618,#10286,#10287);
#9054=AXIS2_PLACEMENT_3D('',#12620,#10289,#10290);
#9055=AXIS2_PLACEMENT_3D('',#12624,#10292,#10293);
#9056=AXIS2_PLACEMENT_3D('',#12625,#10294,#10295);
#9057=AXIS2_PLACEMENT_3D('',#12626,#10296,#10297);
#9058=AXIS2_PLACEMENT_3D('',#12628,#10298,#10299);
#9059=AXIS2_PLACEMENT_3D('',#12631,#10301,#10302);
#9060=AXIS2_PLACEMENT_3D('',#12632,#10303,#10304);
#9061=AXIS2_PLACEMENT_3D('',#12634,#10306,#10307);
#9062=AXIS2_PLACEMENT_3D('',#12638,#10309,#10310);
#9063=AXIS2_PLACEMENT_3D('',#12639,#10311,#10312);
#9064=AXIS2_PLACEMENT_3D('',#12640,#10313,#10314);
#9065=AXIS2_PLACEMENT_3D('',#12642,#10315,#10316);
#9066=AXIS2_PLACEMENT_3D('',#12645,#10318,#10319);
#9067=AXIS2_PLACEMENT_3D('',#12646,#10320,#10321);
#9068=AXIS2_PLACEMENT_3D('',#12648,#10323,#10324);
#9069=AXIS2_PLACEMENT_3D('',#12652,#10326,#10327);
#9070=AXIS2_PLACEMENT_3D('',#12653,#10328,#10329);
#9071=AXIS2_PLACEMENT_3D('',#12654,#10330,#10331);
#9072=AXIS2_PLACEMENT_3D('',#12656,#10332,#10333);
#9073=AXIS2_PLACEMENT_3D('',#12659,#10335,#10336);
#9074=AXIS2_PLACEMENT_3D('',#12660,#10337,#10338);
#9075=AXIS2_PLACEMENT_3D('',#12668,#10339,#10340);
#9076=AXIS2_PLACEMENT_3D('',#12669,#10341,#10342);
#9077=AXIS2_PLACEMENT_3D('',#12670,#10343,#10344);
#9078=AXIS2_PLACEMENT_3D('',#12672,#10346,#10347);
#9079=AXIS2_PLACEMENT_3D('',#12676,#10349,#10350);
#9080=AXIS2_PLACEMENT_3D('',#12677,#10351,#10352);
#9081=AXIS2_PLACEMENT_3D('',#12678,#10353,#10354);
#9082=AXIS2_PLACEMENT_3D('',#12680,#10355,#10356);
#9083=AXIS2_PLACEMENT_3D('',#12683,#10358,#10359);
#9084=AXIS2_PLACEMENT_3D('',#12684,#10360,#10361);
#9085=AXIS2_PLACEMENT_3D('',#12686,#10363,#10364);
#9086=AXIS2_PLACEMENT_3D('',#12690,#10366,#10367);
#9087=AXIS2_PLACEMENT_3D('',#12691,#10368,#10369);
#9088=AXIS2_PLACEMENT_3D('',#12692,#10370,#10371);
#9089=AXIS2_PLACEMENT_3D('',#12694,#10372,#10373);
#9090=AXIS2_PLACEMENT_3D('',#12697,#10375,#10376);
#9091=AXIS2_PLACEMENT_3D('',#12698,#10377,#10378);
#9092=AXIS2_PLACEMENT_3D('',#12700,#10380,#10381);
#9093=AXIS2_PLACEMENT_3D('',#12704,#10383,#10384);
#9094=AXIS2_PLACEMENT_3D('',#12705,#10385,#10386);
#9095=AXIS2_PLACEMENT_3D('',#12706,#10387,#10388);
#9096=AXIS2_PLACEMENT_3D('',#12708,#10389,#10390);
#9097=AXIS2_PLACEMENT_3D('',#12711,#10392,#10393);
#9098=AXIS2_PLACEMENT_3D('',#12712,#10394,#10395);
#9099=AXIS2_PLACEMENT_3D('',#12714,#10397,#10398);
#9100=AXIS2_PLACEMENT_3D('',#12718,#10400,#10401);
#9101=AXIS2_PLACEMENT_3D('',#12719,#10402,#10403);
#9102=AXIS2_PLACEMENT_3D('',#12720,#10404,#10405);
#9103=AXIS2_PLACEMENT_3D('',#12722,#10406,#10407);
#9104=AXIS2_PLACEMENT_3D('',#12725,#10409,#10410);
#9105=AXIS2_PLACEMENT_3D('',#12726,#10411,#10412);
#9106=AXIS2_PLACEMENT_3D('',#12728,#10414,#10415);
#9107=AXIS2_PLACEMENT_3D('',#12736,#10416,#10417);
#9108=AXIS2_PLACEMENT_3D('',#12737,#10418,#10419);
#9109=AXIS2_PLACEMENT_3D('',#12738,#10420,#10421);
#9110=AXIS2_PLACEMENT_3D('',#12741,#10423,#10424);
#9111=AXIS2_PLACEMENT_3D('',#12742,#10425,#10426);
#9112=AXIS2_PLACEMENT_3D('',#12749,#10427,#10428);
#9113=AXIS2_PLACEMENT_3D('',#12750,#10429,#10430);
#9114=AXIS2_PLACEMENT_3D('',#12758,#10431,#10432);
#9115=AXIS2_PLACEMENT_3D('',#12759,#10433,#10434);
#9116=AXIS2_PLACEMENT_3D('',#12760,#10435,#10436);
#9117=AXIS2_PLACEMENT_3D('',#12763,#10438,#10439);
#9118=AXIS2_PLACEMENT_3D('',#12764,#10440,#10441);
#9119=AXIS2_PLACEMENT_3D('',#12771,#10442,#10443);
#9120=AXIS2_PLACEMENT_3D('',#12772,#10444,#10445);
#9121=AXIS2_PLACEMENT_3D('',#12775,#10447,#10448);
#9122=AXIS2_PLACEMENT_3D('',#12776,#10449,#10450);
#9123=AXIS2_PLACEMENT_3D('',#12783,#10451,#10452);
#9124=AXIS2_PLACEMENT_3D('',#12784,#10453,#10454);
#9125=AXIS2_PLACEMENT_3D('',#12815,#10458,#10459);
#9126=AXIS2_PLACEMENT_3D('',#12846,#10463,#10464);
#9127=AXIS2_PLACEMENT_3D('',#12883,#10468,#10469);
#9128=AXIS2_PLACEMENT_3D('',#12892,#10474,#10475);
#9129=AXIS2_PLACEMENT_3D('',#12898,#10479,#10480);
#9130=AXIS2_PLACEMENT_3D('',#12904,#10484,#10485);
#9131=AXIS2_PLACEMENT_3D('',#12910,#10489,#10490);
#9132=AXIS2_PLACEMENT_3D('',#12916,#10494,#10495);
#9133=AXIS2_PLACEMENT_3D('',#12919,#10498,#10499);
#9134=AXIS2_PLACEMENT_3D('',#12920,#10500,#10501);
#9135=AXIS2_PLACEMENT_3D('',#12929,#10506,#10507);
#9136=AXIS2_PLACEMENT_3D('',#12935,#10511,#10512);
#9137=AXIS2_PLACEMENT_3D('',#12941,#10516,#10517);
#9138=AXIS2_PLACEMENT_3D('',#12947,#10521,#10522);
#9139=AXIS2_PLACEMENT_3D('',#12953,#10526,#10527);
#9140=AXIS2_PLACEMENT_3D('',#12959,#10531,#10532);
#9141=AXIS2_PLACEMENT_3D('',#12965,#10536,#10537);
#9142=AXIS2_PLACEMENT_3D('',#12971,#10541,#10542);
#9143=AXIS2_PLACEMENT_3D('',#12977,#10546,#10547);
#9144=AXIS2_PLACEMENT_3D('',#12980,#10550,#10551);
#9145=AXIS2_PLACEMENT_3D('',#12981,#10552,#10553);
#9146=AXIS2_PLACEMENT_3D('',#12987,#10557,#10558);
#9147=AXIS2_PLACEMENT_3D('',#13076,#10566,#10567);
#9148=AXIS2_PLACEMENT_3D('',#13078,#10569,#10570);
#9149=AXIS2_PLACEMENT_3D('',#13087,#10575,#10576);
#9150=AXIS2_PLACEMENT_3D('',#13093,#10580,#10581);
#9151=AXIS2_PLACEMENT_3D('',#13306,#10594,#10595);
#9152=AXIS2_PLACEMENT_3D('',#13312,#10599,#10600);
#9153=AXIS2_PLACEMENT_3D('',#13318,#10604,#10605);
#9154=AXIS2_PLACEMENT_3D('',#13370,#10611,#10612);
#9155=AXIS2_PLACEMENT_3D('',#13376,#10616,#10617);
#9156=AXIS2_PLACEMENT_3D('',#13379,#10620,#10621);
#9157=AXIS2_PLACEMENT_3D('',#13380,#10622,#10623);
#9158=AXIS2_PLACEMENT_3D('',#13386,#10627,#10628);
#9159=AXIS2_PLACEMENT_3D('',#13458,#10635,#10636);
#9160=AXIS2_PLACEMENT_3D('',#13460,#10638,#10639);
#9161=AXIS2_PLACEMENT_3D('',#13466,#10643,#10644);
#9162=AXIS2_PLACEMENT_3D('',#13538,#10651,#10652);
#9163=AXIS2_PLACEMENT_3D('',#13540,#10654,#10655);
#9164=AXIS2_PLACEMENT_3D('',#13549,#10660,#10661);
#9165=AXIS2_PLACEMENT_3D('',#13785,#10675,#10676);
#9166=AXIS2_PLACEMENT_3D('',#13788,#10679,#10680);
#9167=AXIS2_PLACEMENT_3D('',#13789,#10681,#10682);
#9168=AXIS2_PLACEMENT_3D('',#13793,#10684,#10685);
#9169=AXIS2_PLACEMENT_3D('',#13794,#10686,#10687);
#9170=AXIS2_PLACEMENT_3D('',#13795,#10688,#10689);
#9171=AXIS2_PLACEMENT_3D('',#13798,#10691,#10692);
#9172=AXIS2_PLACEMENT_3D('',#13799,#10693,#10694);
#9173=AXIS2_PLACEMENT_3D('',#13830,#10698,#10699);
#9174=AXIS2_PLACEMENT_3D('',#13833,#10701,#10702);
#9175=AXIS2_PLACEMENT_3D('',#13834,#10703,#10704);
#9176=AXIS2_PLACEMENT_3D('',#13841,#10705,#10706);
#9177=AXIS2_PLACEMENT_3D('',#13854,#10708,#10709);
#9178=AXIS2_PLACEMENT_3D('',#13867,#10711,#10712);
#9179=AXIS2_PLACEMENT_3D('',#13880,#10714,#10715);
#9180=AXIS2_PLACEMENT_3D('',#13882,#10716,#10717);
#9181=AXIS2_PLACEMENT_3D('',#13890,#10720,#10721);
#9182=AXIS2_PLACEMENT_3D('',#13897,#10722,#10723);
#9183=AXIS2_PLACEMENT_3D('',#13898,#10724,#10725);
#9184=AXIS2_PLACEMENT_3D('',#13901,#10727,#10728);
#9185=AXIS2_PLACEMENT_3D('',#13902,#10729,#10730);
#9186=AXIS2_PLACEMENT_3D('',#13909,#10731,#10732);
#9187=AXIS2_PLACEMENT_3D('',#13951,#10737,#10738);
#9188=AXIS2_PLACEMENT_3D('',#13954,#10741,#10742);
#9189=AXIS2_PLACEMENT_3D('',#13956,#10744,#10745);
#9190=AXIS2_PLACEMENT_3D('',#13958,#10747,#10748);
#9191=AXIS2_PLACEMENT_3D('',#13960,#10750,#10751);
#9192=AXIS2_PLACEMENT_3D('',#13982,#10753,#10754);
#9193=AXIS2_PLACEMENT_3D('',#14004,#10756,#10757);
#9194=AXIS2_PLACEMENT_3D('',#14057,#10762,#10763);
#9195=AXIS2_PLACEMENT_3D('',#14065,#10764,#10765);
#9196=AXIS2_PLACEMENT_3D('',#14066,#10766,#10767);
#9197=AXIS2_PLACEMENT_3D('',#14067,#10768,#10769);
#9198=AXIS2_PLACEMENT_3D('',#14070,#10771,#10772);
#9199=AXIS2_PLACEMENT_3D('',#14071,#10773,#10774);
#9200=AXIS2_PLACEMENT_3D('',#14123,#10779,#10780);
#9201=AXIS2_PLACEMENT_3D('',#14164,#10785,#10786);
#9202=AXIS2_PLACEMENT_3D('',#14204,#10790,#10791);
#9203=AXIS2_PLACEMENT_3D('',#14226,#10793,#10794);
#9204=AXIS2_PLACEMENT_3D('',#14248,#10796,#10797);
#9205=AXIS2_PLACEMENT_3D('',#14301,#10802,#10803);
#9206=AXIS2_PLACEMENT_3D('',#14309,#10804,#10805);
#9207=AXIS2_PLACEMENT_3D('',#14310,#10806,#10807);
#9208=AXIS2_PLACEMENT_3D('',#14311,#10808,#10809);
#9209=AXIS2_PLACEMENT_3D('',#14314,#10811,#10812);
#9210=AXIS2_PLACEMENT_3D('',#14315,#10813,#10814);
#9211=AXIS2_PLACEMENT_3D('',#14367,#10819,#10820);
#9212=AXIS2_PLACEMENT_3D('',#14408,#10825,#10826);
#9213=AXIS2_PLACEMENT_3D('',#14448,#10830,#10831);
#9214=AXIS2_PLACEMENT_3D('',#14470,#10833,#10834);
#9215=AXIS2_PLACEMENT_3D('',#14492,#10836,#10837);
#9216=AXIS2_PLACEMENT_3D('',#14545,#10842,#10843);
#9217=AXIS2_PLACEMENT_3D('',#14553,#10844,#10845);
#9218=AXIS2_PLACEMENT_3D('',#14554,#10846,#10847);
#9219=AXIS2_PLACEMENT_3D('',#14555,#10848,#10849);
#9220=AXIS2_PLACEMENT_3D('',#14558,#10851,#10852);
#9221=AXIS2_PLACEMENT_3D('',#14559,#10853,#10854);
#9222=AXIS2_PLACEMENT_3D('',#14611,#10859,#10860);
#9223=AXIS2_PLACEMENT_3D('',#14652,#10865,#10866);
#9224=AXIS2_PLACEMENT_3D('',#14692,#10870,#10871);
#9225=AXIS2_PLACEMENT_3D('',#14693,#10872,#10873);
#9226=AXIS2_PLACEMENT_3D('',#14736,#10876,#10877);
#9227=AXIS2_PLACEMENT_3D('',#14740,#10879,#10880);
#9228=AXIS2_PLACEMENT_3D('',#14741,#10881,#10882);
#9229=AXIS2_PLACEMENT_3D('',#14742,#10883,#10884);
#9230=AXIS2_PLACEMENT_3D('',#14745,#10886,#10887);
#9231=AXIS2_PLACEMENT_3D('',#14746,#10888,#10889);
#9232=AXIS2_PLACEMENT_3D('',#14777,#10893,#10894);
#9233=AXIS2_PLACEMENT_3D('',#14780,#10896,#10897);
#9234=AXIS2_PLACEMENT_3D('',#14781,#10898,#10899);
#9235=AXIS2_PLACEMENT_3D('',#14789,#10901,#10902);
#9236=AXIS2_PLACEMENT_3D('',#14790,#10903,#10904);
#9237=AXIS2_PLACEMENT_3D('',#14797,#10905,#10906);
#9238=AXIS2_PLACEMENT_3D('',#14798,#10907,#10908);
#9239=AXIS2_PLACEMENT_3D('',#14801,#10910,#10911);
#9240=AXIS2_PLACEMENT_3D('',#14802,#10912,#10913);
#9241=AXIS2_PLACEMENT_3D('',#14844,#10918,#10919);
#9242=AXIS2_PLACEMENT_3D('',#14846,#10921,#10922);
#9243=AXIS2_PLACEMENT_3D('',#14848,#10924,#10925);
#9244=AXIS2_PLACEMENT_3D('',#14850,#10927,#10928);
#9245=AXIS2_PLACEMENT_3D('',#14852,#10930,#10931);
#9246=AXIS2_PLACEMENT_3D('',#14874,#10933,#10934);
#9247=AXIS2_PLACEMENT_3D('',#14896,#10936,#10937);
#9248=AXIS2_PLACEMENT_3D('',#14897,#10938,#10939);
#9249=AXIS2_PLACEMENT_3D('',#14898,#10940,#10941);
#9250=AXIS2_PLACEMENT_3D('',#14900,#10942,#10943);
#9251=AXIS2_PLACEMENT_3D('',#14904,#10945,#10946);
#9252=AXIS2_PLACEMENT_3D('',#14905,#10947,#10948);
#9253=AXIS2_PLACEMENT_3D('',#14906,#10949,#10950);
#9254=AXIS2_PLACEMENT_3D('',#14911,#10952,#10953);
#9255=AXIS2_PLACEMENT_3D('',#14915,#10955,#10956);
#9256=AXIS2_PLACEMENT_3D('',#14919,#10958,#10959);
#9257=AXIS2_PLACEMENT_3D('',#14922,#10961,#10962);
#9258=AXIS2_PLACEMENT_3D('',#14924,#10963,#10964);
#9259=AXIS2_PLACEMENT_3D('',#14925,#10965,#10966);
#9260=AXIS2_PLACEMENT_3D('',#14927,#10967,#10968);
#9261=AXIS2_PLACEMENT_3D('',#14929,#10970,#10971);
#9262=AXIS2_PLACEMENT_3D('',#14933,#10973,#10974);
#9263=AXIS2_PLACEMENT_3D('',#14934,#10975,#10976);
#9264=AXIS2_PLACEMENT_3D('',#14935,#10977,#10978);
#9265=AXIS2_PLACEMENT_3D('',#14937,#10979,#10980);
#9266=AXIS2_PLACEMENT_3D('',#14939,#10982,#10983);
#9267=AXIS2_PLACEMENT_3D('',#14941,#10984,#10985);
#9268=AXIS2_PLACEMENT_3D('',#14945,#10987,#10988);
#9269=AXIS2_PLACEMENT_3D('',#14946,#10989,#10990);
#9270=AXIS2_PLACEMENT_3D('',#14947,#10991,#10992);
#9271=AXIS2_PLACEMENT_3D('',#14952,#10994,#10995);
#9272=AXIS2_PLACEMENT_3D('',#14956,#10997,#10998);
#9273=AXIS2_PLACEMENT_3D('',#14982,#11001,#11002);
#9274=AXIS2_PLACEMENT_3D('',#14985,#11004,#11005);
#9275=AXIS2_PLACEMENT_3D('',#15015,#11008,#11009);
#9276=AXIS2_PLACEMENT_3D('',#15046,#11013,#11014);
#9277=AXIS2_PLACEMENT_3D('',#15052,#11018,#11019);
#9278=AXIS2_PLACEMENT_3D('',#15055,#11021,#11022);
#9279=AXIS2_PLACEMENT_3D('',#15056,#11023,#11024);
#9280=AXIS2_PLACEMENT_3D('',#15060,#11027,#11028);
#9281=AXIS2_PLACEMENT_3D('',#15063,#11030,#11031);
#9282=AXIS2_PLACEMENT_3D('',#15064,#11032,#11033);
#9283=AXIS2_PLACEMENT_3D('',#15108,#11036,#11037);
#9284=AXIS2_PLACEMENT_3D('',#15123,#11042,#11043);
#9285=AXIS2_PLACEMENT_3D('',#15131,#11047,#11048);
#9286=AXIS2_PLACEMENT_3D('',#15145,#11050,#11051);
#9287=AXIS2_PLACEMENT_3D('',#15153,#11055,#11056);
#9288=AXIS2_PLACEMENT_3D('',#15167,#11058,#11059);
#9289=AXIS2_PLACEMENT_3D('',#15175,#11063,#11064);
#9290=AXIS2_PLACEMENT_3D('',#15189,#11066,#11067);
#9291=AXIS2_PLACEMENT_3D('',#15196,#11071,#11072);
#9292=AXIS2_PLACEMENT_3D('',#15197,#11073,#11074);
#9293=AXIS2_PLACEMENT_3D('',#15200,#11076,#11077);
#9294=AXIS2_PLACEMENT_3D('',#15201,#11078,#11079);
#9295=AXIS2_PLACEMENT_3D('',#15289,#11110,#11111);
#9296=AXIS2_PLACEMENT_3D('',#15292,#11113,#11114);
#9297=AXIS2_PLACEMENT_3D('',#15364,#11119,#11120);
#9298=AXIS2_PLACEMENT_3D('',#15367,#11123,#11124);
#9299=AXIS2_PLACEMENT_3D('',#15428,#11130,#11131);
#9300=AXIS2_PLACEMENT_3D('',#15487,#11136,#11137);
#9301=AXIS2_PLACEMENT_3D('',#15544,#11142,#11143);
#9302=AXIS2_PLACEMENT_3D('',#15546,#11144,#11145);
#9303=AXIS2_PLACEMENT_3D('',#15547,#11146,#11147);
#9304=AXIS2_PLACEMENT_3D('',#15548,#11148,#11149);
#9305=AXIS2_PLACEMENT_3D('',#15550,#11150,#11151);
#9306=AXIS2_PLACEMENT_3D('',#15552,#11153,#11154);
#9307=AXIS2_PLACEMENT_3D('',#15554,#11155,#11156);
#9308=AXIS2_PLACEMENT_3D('',#15555,#11157,#11158);
#9309=AXIS2_PLACEMENT_3D('',#15556,#11159,#11160);
#9310=AXIS2_PLACEMENT_3D('',#15558,#11161,#11162);
#9311=AXIS2_PLACEMENT_3D('',#15565,#11166,#11167);
#9312=AXIS2_PLACEMENT_3D('',#15573,#11171,#11172);
#9313=AXIS2_PLACEMENT_3D('',#15587,#11174,#11175);
#9314=AXIS2_PLACEMENT_3D('',#15595,#11179,#11180);
#9315=AXIS2_PLACEMENT_3D('',#15609,#11182,#11183);
#9316=AXIS2_PLACEMENT_3D('',#15617,#11187,#11188);
#9317=AXIS2_PLACEMENT_3D('',#15628,#11192,#11193);
#9318=AXIS2_PLACEMENT_3D('',#15664,#11196,#11197);
#9319=AXIS2_PLACEMENT_3D('',#15702,#11202,#11203);
#9320=AXIS2_PLACEMENT_3D('',#15763,#11209,#11210);
#9321=AXIS2_PLACEMENT_3D('',#15821,#11215,#11216);
#9322=AXIS2_PLACEMENT_3D('',#15867,#11220,#11221);
#9323=AXIS2_PLACEMENT_3D('',#15869,#11222,#11223);
#9324=AXIS2_PLACEMENT_3D('',#15870,#11224,#11225);
#9325=AXIS2_PLACEMENT_3D('',#15871,#11226,#11227);
#9326=AXIS2_PLACEMENT_3D('',#15873,#11228,#11229);
#9327=AXIS2_PLACEMENT_3D('',#15875,#11231,#11232);
#9328=AXIS2_PLACEMENT_3D('',#15876,#11233,#11234);
#9329=AXIS2_PLACEMENT_3D('',#15877,#11235,#11236);
#9330=AXIS2_PLACEMENT_3D('',#15913,#11239,#11240);
#9331=AXIS2_PLACEMENT_3D('',#15951,#11245,#11246);
#9332=AXIS2_PLACEMENT_3D('',#16012,#11252,#11253);
#9333=AXIS2_PLACEMENT_3D('',#16070,#11258,#11259);
#9334=AXIS2_PLACEMENT_3D('',#16116,#11263,#11264);
#9335=AXIS2_PLACEMENT_3D('',#16118,#11265,#11266);
#9336=AXIS2_PLACEMENT_3D('',#16119,#11267,#11268);
#9337=AXIS2_PLACEMENT_3D('',#16120,#11269,#11270);
#9338=AXIS2_PLACEMENT_3D('',#16122,#11271,#11272);
#9339=AXIS2_PLACEMENT_3D('',#16124,#11274,#11275);
#9340=AXIS2_PLACEMENT_3D('',#16125,#11276,#11277);
#9341=AXIS2_PLACEMENT_3D('',#16126,#11278,#11279);
#9342=AXIS2_PLACEMENT_3D('',#16127,#11280,#11281);
#9343=AXIS2_PLACEMENT_3D('',#16129,#11282,#11283);
#9344=AXIS2_PLACEMENT_3D('',#16133,#11285,#11286);
#9345=AXIS2_PLACEMENT_3D('',#16134,#11287,#11288);
#9346=AXIS2_PLACEMENT_3D('',#16135,#11289,#11290);
#9347=AXIS2_PLACEMENT_3D('',#16140,#11292,#11293);
#9348=AXIS2_PLACEMENT_3D('',#16144,#11295,#11296);
#9349=AXIS2_PLACEMENT_3D('',#16170,#11299,#11300);
#9350=AXIS2_PLACEMENT_3D('',#16173,#11302,#11303);
#9351=AXIS2_PLACEMENT_3D('',#16202,#11306,#11307);
#9352=AXIS2_PLACEMENT_3D('',#16232,#11311,#11312);
#9353=AXIS2_PLACEMENT_3D('',#16235,#11315,#11316);
#9354=AXIS2_PLACEMENT_3D('',#16238,#11318,#11319);
#9355=AXIS2_PLACEMENT_3D('',#16239,#11320,#11321);
#9356=AXIS2_PLACEMENT_3D('',#16243,#11324,#11325);
#9357=AXIS2_PLACEMENT_3D('',#16245,#11327,#11328);
#9358=AXIS2_PLACEMENT_3D('',#16246,#11329,#11330);
#9359=AXIS2_PLACEMENT_3D('',#16280,#11332,#11333);
#9360=AXIS2_PLACEMENT_3D('',#16283,#11335,#11336);
#9361=AXIS2_PLACEMENT_3D('',#16284,#11337,#11338);
#9362=AXIS2_PLACEMENT_3D('',#16288,#11341,#11342);
#9363=AXIS2_PLACEMENT_3D('',#16289,#11343,#11344);
#9364=AXIS2_PLACEMENT_3D('',#16290,#11345,#11346);
#9365=AXIS2_PLACEMENT_3D('',#16353,#11351,#11352);
#9366=AXIS2_PLACEMENT_3D('',#16380,#11355,#11356);
#9367=AXIS2_PLACEMENT_3D('',#16381,#11357,#11358);
#9368=AXIS2_PLACEMENT_3D('',#16408,#11372,#11373);
#9369=AXIS2_PLACEMENT_3D('',#16411,#11376,#11377);
#9370=AXIS2_PLACEMENT_3D('',#16413,#11379,#11380);
#9371=AXIS2_PLACEMENT_3D('',#16415,#11382,#11383);
#9372=AXIS2_PLACEMENT_3D('',#16417,#11385,#11386);
#9373=AXIS2_PLACEMENT_3D('',#16419,#11388,#11389);
#9374=AXIS2_PLACEMENT_3D('',#16421,#11391,#11392);
#9375=AXIS2_PLACEMENT_3D('',#16423,#11394,#11395);
#9376=AXIS2_PLACEMENT_3D('',#16425,#11397,#11398);
#9377=AXIS2_PLACEMENT_3D('',#16427,#11400,#11401);
#9378=AXIS2_PLACEMENT_3D('',#16429,#11403,#11404);
#9379=AXIS2_PLACEMENT_3D('',#16431,#11406,#11407);
#9380=AXIS2_PLACEMENT_3D('',#16433,#11409,#11410);
#9381=AXIS2_PLACEMENT_3D('',#16434,#11411,#11412);
#9382=AXIS2_PLACEMENT_3D('',#16461,#11426,#11427);
#9383=AXIS2_PLACEMENT_3D('',#16464,#11430,#11431);
#9384=AXIS2_PLACEMENT_3D('',#16466,#11433,#11434);
#9385=AXIS2_PLACEMENT_3D('',#16468,#11436,#11437);
#9386=AXIS2_PLACEMENT_3D('',#16470,#11439,#11440);
#9387=AXIS2_PLACEMENT_3D('',#16472,#11442,#11443);
#9388=AXIS2_PLACEMENT_3D('',#16474,#11445,#11446);
#9389=AXIS2_PLACEMENT_3D('',#16476,#11448,#11449);
#9390=AXIS2_PLACEMENT_3D('',#16478,#11451,#11452);
#9391=AXIS2_PLACEMENT_3D('',#16480,#11454,#11455);
#9392=AXIS2_PLACEMENT_3D('',#16482,#11457,#11458);
#9393=AXIS2_PLACEMENT_3D('',#16484,#11460,#11461);
#9394=AXIS2_PLACEMENT_3D('',#16486,#11463,#11464);
#9395=AXIS2_PLACEMENT_3D('',#16487,#11465,#11466);
#9396=AXIS2_PLACEMENT_3D('',#16488,#11467,#11468);
#9397=AXIS2_PLACEMENT_3D('',#16489,#11469,#11470);
#9398=AXIS2_PLACEMENT_3D('',#16492,#11473,#11474);
#9399=AXIS2_PLACEMENT_3D('',#16494,#11476,#11477);
#9400=AXIS2_PLACEMENT_3D('',#16496,#11479,#11480);
#9401=AXIS2_PLACEMENT_3D('',#16498,#11482,#11483);
#9402=AXIS2_PLACEMENT_3D('',#16500,#11485,#11486);
#9403=AXIS2_PLACEMENT_3D('',#16502,#11488,#11489);
#9404=AXIS2_PLACEMENT_3D('',#16504,#11491,#11492);
#9405=AXIS2_PLACEMENT_3D('',#16505,#11493,#11494);
#9406=AXIS2_PLACEMENT_3D('',#16507,#11495,#11496);
#9407=AXIS2_PLACEMENT_3D('',#16510,#11498,#11499);
#9408=AXIS2_PLACEMENT_3D('',#16511,#11500,#11501);
#9409=AXIS2_PLACEMENT_3D('',#16515,#11503,#11504);
#9410=AXIS2_PLACEMENT_3D('',#16516,#11505,#11506);
#9411=AXIS2_PLACEMENT_3D('',#16517,#11507,#11508);
#9412=AXIS2_PLACEMENT_3D('',#16518,#11509,#11510);
#9413=AXIS2_PLACEMENT_3D('',#16521,#11512,#11513);
#9414=AXIS2_PLACEMENT_3D('',#16522,#11514,#11515);
#9415=AXIS2_PLACEMENT_3D('',#16523,#11516,#11517);
#9416=AXIS2_PLACEMENT_3D('',#16525,#11519,#11520);
#9417=AXIS2_PLACEMENT_3D('',#16529,#11522,#11523);
#9418=AXIS2_PLACEMENT_3D('',#16530,#11524,#11525);
#9419=AXIS2_PLACEMENT_3D('',#16531,#11526,#11527);
#9420=AXIS2_PLACEMENT_3D('',#16534,#11529,#11530);
#9421=AXIS2_PLACEMENT_3D('',#16535,#11531,#11532);
#9422=AXIS2_PLACEMENT_3D('',#16537,#11534,#11535);
#9423=AXIS2_PLACEMENT_3D('',#16541,#11537,#11538);
#9424=AXIS2_PLACEMENT_3D('',#16542,#11539,#11540);
#9425=AXIS2_PLACEMENT_3D('',#16543,#11541,#11542);
#9426=AXIS2_PLACEMENT_3D('',#16546,#11544,#11545);
#9427=AXIS2_PLACEMENT_3D('',#16547,#11546,#11547);
#9428=AXIS2_PLACEMENT_3D('',#16549,#11549,#11550);
#9429=AXIS2_PLACEMENT_3D('',#16551,#11551,#11552);
#9430=AXIS2_PLACEMENT_3D('',#16552,#11553,#11554);
#9431=AXIS2_PLACEMENT_3D('',#16553,#11555,#11556);
#9432=AXIS2_PLACEMENT_3D('',#16556,#11558,#11559);
#9433=AXIS2_PLACEMENT_3D('',#16557,#11560,#11561);
#9434=AXIS2_PLACEMENT_3D('',#16560,#11563,#11564);
#9435=AXIS2_PLACEMENT_3D('',#16561,#11565,#11566);
#9436=AXIS2_PLACEMENT_3D('',#16563,#11568,#11569);
#9437=AXIS2_PLACEMENT_3D('',#16566,#11571,#11572);
#9438=AXIS2_PLACEMENT_3D('',#16567,#11573,#11574);
#9439=AXIS2_PLACEMENT_3D('',#16571,#11577,#11578);
#9440=AXIS2_PLACEMENT_3D('',#16575,#11581,#11582);
#9441=AXIS2_PLACEMENT_3D('',#16577,#11584,#11585);
#9442=AXIS2_PLACEMENT_3D('',#16578,#11586,#11587);
#9443=AXIS2_PLACEMENT_3D('',#16579,#11588,#11589);
#9444=AXIS2_PLACEMENT_3D('',#16580,#11590,#11591);
#9445=AXIS2_PLACEMENT_3D('',#16581,#11592,#11593);
#9446=AXIS2_PLACEMENT_3D('',#16582,#11594,#11595);
#9447=AXIS2_PLACEMENT_3D('',#16583,#11596,#11597);
#9448=AXIS2_PLACEMENT_3D('',#16584,#11598,#11599);
#9449=AXIS2_PLACEMENT_3D('',#16590,#11603,#11604);
#9450=AXIS2_PLACEMENT_3D('',#16594,#11607,#11608);
#9451=AXIS2_PLACEMENT_3D('',#16596,#11610,#11611);
#9452=AXIS2_PLACEMENT_3D('',#16597,#11612,#11613);
#9453=AXIS2_PLACEMENT_3D('',#16598,#11614,#11615);
#9454=AXIS2_PLACEMENT_3D('',#16599,#11616,#11617);
#9455=AXIS2_PLACEMENT_3D('',#16600,#11618,#11619);
#9456=AXIS2_PLACEMENT_3D('',#16601,#11620,#11621);
#9457=AXIS2_PLACEMENT_3D('',#16602,#11622,#11623);
#9458=AXIS2_PLACEMENT_3D('',#16603,#11624,#11625);
#9459=AXIS2_PLACEMENT_3D('',#16604,#11626,#11627);
#9460=AXIS2_PLACEMENT_3D('',#16610,#11631,#11632);
#9461=AXIS2_PLACEMENT_3D('',#16614,#11635,#11636);
#9462=AXIS2_PLACEMENT_3D('',#16616,#11638,#11639);
#9463=AXIS2_PLACEMENT_3D('',#16617,#11640,#11641);
#9464=AXIS2_PLACEMENT_3D('',#16618,#11642,#11643);
#9465=AXIS2_PLACEMENT_3D('',#16619,#11644,#11645);
#9466=AXIS2_PLACEMENT_3D('',#16620,#11646,#11647);
#9467=AXIS2_PLACEMENT_3D('',#16621,#11648,#11649);
#9468=AXIS2_PLACEMENT_3D('',#16622,#11650,#11651);
#9469=AXIS2_PLACEMENT_3D('',#16628,#11655,#11656);
#9470=AXIS2_PLACEMENT_3D('',#16632,#11659,#11660);
#9471=AXIS2_PLACEMENT_3D('',#16634,#11662,#11663);
#9472=AXIS2_PLACEMENT_3D('',#16635,#11664,#11665);
#9473=AXIS2_PLACEMENT_3D('',#16636,#11666,#11667);
#9474=AXIS2_PLACEMENT_3D('',#16637,#11668,#11669);
#9475=AXIS2_PLACEMENT_3D('',#16638,#11670,#11671);
#9476=AXIS2_PLACEMENT_3D('',#16639,#11672,#11673);
#9477=AXIS2_PLACEMENT_3D('',#16640,#11674,#11675);
#9478=AXIS2_PLACEMENT_3D('',#16641,#11676,#11677);
#9479=AXIS2_PLACEMENT_3D('',#16642,#11678,#11679);
#9480=AXIS2_PLACEMENT_3D('',#16643,#11680,#11681);
#9481=AXIS2_PLACEMENT_3D('',#16644,#11682,#11683);
#9482=AXIS2_PLACEMENT_3D('',#16645,#11684,#11685);
#9483=AXIS2_PLACEMENT_3D('',#16646,#11686,#11687);
#9484=AXIS2_PLACEMENT_3D('',#16647,#11688,#11689);
#9485=AXIS2_PLACEMENT_3D('',#16648,#11690,#11691);
#9486=AXIS2_PLACEMENT_3D('',#16649,#11692,#11693);
#9487=AXIS2_PLACEMENT_3D('',#16650,#11694,#11695);
#9488=AXIS2_PLACEMENT_3D('',#16651,#11696,#11697);
#9489=AXIS2_PLACEMENT_3D('',#16652,#11698,#11699);
#9490=AXIS2_PLACEMENT_3D('',#16653,#11700,#11701);
#9491=AXIS2_PLACEMENT_3D('',#16654,#11702,#11703);
#9492=AXIS2_PLACEMENT_3D('',#16655,#11704,#11705);
#9493=AXIS2_PLACEMENT_3D('',#16656,#11706,#11707);
#9494=DIRECTION('axis',(0.,0.,1.));
#9495=DIRECTION('refdir',(1.,0.,0.));
#9496=DIRECTION('axis',(0.,0.,1.));
#9497=DIRECTION('refdir',(1.,0.,0.));
#9498=DIRECTION('axis',(0.,0.,1.));
#9499=DIRECTION('refdir',(1.,0.,0.));
#9500=DIRECTION('axis',(0.,0.,1.));
#9501=DIRECTION('refdir',(1.,0.,0.));
#9502=DIRECTION('center_axis',(0.,1.,0.));
#9503=DIRECTION('ref_axis',(0.,0.,1.));
#9504=DIRECTION('center_axis',(0.,-1.,0.));
#9505=DIRECTION('ref_axis',(-0.914279754365648,0.,-0.405083362725613));
#9506=DIRECTION('',(1.,0.,1.46081976924362E-16));
#9507=DIRECTION('center_axis',(0.,1.,0.));
#9508=DIRECTION('ref_axis',(0.707106781186547,0.,0.707106781186548));
#9509=DIRECTION('',(5.35713558743512E-18,0.,-1.));
#9510=DIRECTION('center_axis',(0.,-1.,0.));
#9511=DIRECTION('ref_axis',(-0.707106781186547,0.,-0.707106781186548));
#9512=DIRECTION('',(1.,0.,0.));
#9513=DIRECTION('center_axis',(0.,-1.,0.));
#9514=DIRECTION('ref_axis',(0.707106781186546,0.,-0.707106781186549));
#9515=DIRECTION('',(8.9353555528756E-16,0.,1.));
#9516=DIRECTION('center_axis',(0.,1.,0.));
#9517=DIRECTION('ref_axis',(-0.707106781186547,0.,0.707106781186548));
#9518=DIRECTION('',(1.,0.,-3.28684448079815E-16));
#9519=DIRECTION('center_axis',(0.,-1.,0.));
#9520=DIRECTION('ref_axis',(0.914279754365647,0.,-0.405083362725615));
#9521=DIRECTION('',(-0.671814938485816,0.,0.740719034740771));
#9522=DIRECTION('center_axis',(0.,-1.,0.));
#9523=DIRECTION('ref_axis',(-3.23869278048668E-17,0.,1.));
#9524=DIRECTION('',(-0.671814938485816,0.,-0.740719034740771));
#9525=DIRECTION('center_axis',(1.,0.,0.));
#9526=DIRECTION('ref_axis',(0.,0.0871557427476577,-0.996194698091746));
#9527=DIRECTION('center_axis',(-0.0842843923255674,-0.992870727950331,0.0842843923255675));
#9528=DIRECTION('ref_axis',(-0.702065624575303,0.119196130723192,0.702065624575303));
#9529=DIRECTION('center_axis',(-6.96539935135068E-16,0.,-1.));
#9530=DIRECTION('ref_axis',(0.,1.,0.));
#9531=DIRECTION('center_axis',(0.,1.,-6.12323399573677E-17));
#9532=DIRECTION('ref_axis',(-0.707106781186547,4.32978028117747E-17,0.707106781186548));
#9533=DIRECTION('center_axis',(-0.0868265938642474,0.992432509138967,0.0868265938642476));
#9534=DIRECTION('ref_axis',(-0.701755757082144,-0.122791346617479,0.701755757082144));
#9535=DIRECTION('',(-0.0868265938642474,0.992432509138967,0.0868265938642476));
#9536=DIRECTION('',(0.0868265938642474,-0.992432509138967,-0.0868265938642476));
#9537=DIRECTION('center_axis',(0.,0.,1.));
#9538=DIRECTION('ref_axis',(1.,0.,0.));
#9539=DIRECTION('center_axis',(-1.21414910800204E-16,1.38777878078144E-15,
-1.));
#9540=DIRECTION('ref_axis',(0.996194698091746,0.0871557427476577,0.));
#9541=DIRECTION('center_axis',(-0.0868265938642471,0.992432509138967,0.0868265938642471));
#9542=DIRECTION('ref_axis',(0.,0.0871557427476577,-0.996194698091746));
#9543=DIRECTION('center_axis',(1.,0.,1.39307987027014E-15));
#9544=DIRECTION('ref_axis',(0.,1.,0.));
#9545=DIRECTION('center_axis',(-0.0868265938642474,0.992432509138967,0.0868265938642474));
#9546=DIRECTION('ref_axis',(0.701755757082142,0.122791346617479,-0.701755757082146));
#9547=DIRECTION('',(-0.0868265938642474,0.992432509138967,0.0868265938642474));
#9548=DIRECTION('',(0.0868265938642474,-0.992432509138967,-0.0868265938642474));
#9549=DIRECTION('center_axis',(0.,0.,1.));
#9550=DIRECTION('ref_axis',(1.,0.,0.));
#9551=DIRECTION('center_axis',(0.671814938485816,5.94659527988073E-16,-0.740719034740771));
#9552=DIRECTION('ref_axis',(0.737900375184392,0.0871557427476577,0.669258479818402));
#9553=DIRECTION('center_axis',(-0.19301300045592,0.977462451598576,0.0855168835371322));
#9554=DIRECTION('ref_axis',(0.,0.0871557427476577,-0.996194698091746));
#9555=DIRECTION('center_axis',(1.,0.,0.));
#9556=DIRECTION('ref_axis',(0.,1.,0.));
#9557=DIRECTION('center_axis',(-0.193013000455921,0.977462451598576,0.0855168835371326));
#9558=DIRECTION('ref_axis',(0.89367413014919,0.211109345399252,-0.395953776831575));
#9559=DIRECTION('',(-0.193013000455921,0.977462451598576,0.0855168835371326));
#9560=DIRECTION('',(0.193013000455921,-0.977462451598576,-0.0855168835371326));
#9561=DIRECTION('center_axis',(1.,-2.0126117863523E-32,-3.28684448079815E-16));
#9562=DIRECTION('ref_axis',(0.,0.737277336810124,-0.67559020761566));
#9563=DIRECTION('',(-1.,2.0126117863523E-32,3.28684448079815E-16));
#9564=DIRECTION('',(1.,-2.0126117863523E-32,-3.28684448079815E-16));
#9565=DIRECTION('center_axis',(0.,0.,1.));
#9566=DIRECTION('ref_axis',(1.,0.,0.));
#9567=DIRECTION('center_axis',(-1.,0.,0.));
#9568=DIRECTION('ref_axis',(0.,0.0871557427476577,-0.996194698091746));
#9569=DIRECTION('center_axis',(0.0868265938642471,0.992432509138967,0.086826593864247));
#9570=DIRECTION('ref_axis',(-0.996194698091746,0.0871557427476577,0.));
#9571=DIRECTION('center_axis',(-1.39307987027014E-15,0.,-1.));
#9572=DIRECTION('ref_axis',(0.,1.,0.));
#9573=DIRECTION('center_axis',(0.0868265938642474,0.992432509138967,0.0868265938642474));
#9574=DIRECTION('ref_axis',(-0.701755757082143,0.122791346617479,-0.701755757082145));
#9575=DIRECTION('',(0.0868265938642474,0.992432509138967,0.0868265938642474));
#9576=DIRECTION('',(-0.0868265938642474,-0.992432509138967,-0.0868265938642474));
#9577=DIRECTION('center_axis',(0.,0.,1.));
#9578=DIRECTION('ref_axis',(1.,0.,0.));
#9579=DIRECTION('center_axis',(0.671814938485816,-2.89261519141937E-15,
0.74071903474077));
#9580=DIRECTION('ref_axis',(-0.737900375184391,0.0871557427476576,0.669258479818403));
#9581=DIRECTION('center_axis',(0.,0.991626774559409,-0.129136904008509));
#9582=DIRECTION('ref_axis',(0.737900375184392,0.0871557427476577,0.669258479818402));
#9583=DIRECTION('center_axis',(-0.671814938485819,0.,0.740719034740768));
#9584=DIRECTION('ref_axis',(0.,1.,0.));
#9585=DIRECTION('center_axis',(2.50795293982988E-16,0.991626774559409,-0.12913690400851));
#9586=DIRECTION('ref_axis',(0.,0.129136904008509,0.991626774559409));
#9587=DIRECTION('',(2.61035718813103E-16,0.991626774559409,-0.12913690400851));
#9588=DIRECTION('',(-2.50795293982988E-16,-0.991626774559409,0.12913690400851));
#9589=DIRECTION('center_axis',(-0.671814938485816,4.53559597481401E-17,
0.740719034740771));
#9590=DIRECTION('ref_axis',(0.500422526465389,0.737277336810124,0.453871593770934));
#9591=DIRECTION('',(0.671814938485816,-4.53559597481401E-17,-0.740719034740771));
#9592=DIRECTION('',(-0.671814938485816,4.53559597481401E-17,0.740719034740771));
#9593=DIRECTION('center_axis',(0.,0.,-1.));
#9594=DIRECTION('ref_axis',(-0.996194698091746,0.0871557427476577,0.));
#9595=DIRECTION('center_axis',(0.0842843923255676,-0.992870727950331,0.0842843923255676));
#9596=DIRECTION('ref_axis',(0.702065624575301,0.119196130723193,0.702065624575304));
#9597=DIRECTION('center_axis',(-1.,0.,0.));
#9598=DIRECTION('ref_axis',(0.,1.,0.));
#9599=DIRECTION('center_axis',(0.,1.,-6.12323399573677E-17));
#9600=DIRECTION('ref_axis',(0.707106781186547,4.32978028117747E-17,0.707106781186548));
#9601=DIRECTION('center_axis',(0.0868265938642474,0.992432509138967,0.0868265938642476));
#9602=DIRECTION('ref_axis',(0.701755757082144,-0.122791346617479,0.701755757082144));
#9603=DIRECTION('',(0.0868265938642474,0.992432509138967,0.0868265938642475));
#9604=DIRECTION('',(-0.0868265938642474,-0.992432509138967,-0.0868265938642475));
#9605=DIRECTION('center_axis',(0.,0.,1.));
#9606=DIRECTION('ref_axis',(1.,0.,0.));
#9607=DIRECTION('center_axis',(-1.,0.,0.));
#9608=DIRECTION('ref_axis',(0.,0.0871557427476577,-0.996194698091746));
#9609=DIRECTION('center_axis',(0.19301300045592,0.977462451598577,0.0855168835371322));
#9610=DIRECTION('ref_axis',(-0.737900375184392,0.0871557427476574,0.669258479818401));
#9611=DIRECTION('center_axis',(-0.671814938485816,0.,-0.740719034740771));
#9612=DIRECTION('ref_axis',(0.,1.,0.));
#9613=DIRECTION('center_axis',(0.193013000455922,0.977462451598576,0.0855168835371326));
#9614=DIRECTION('ref_axis',(-0.893674130149191,0.211109345399252,-0.395953776831573));
#9615=DIRECTION('',(0.193013000455922,0.977462451598576,0.0855168835371326));
#9616=DIRECTION('',(-0.193013000455922,-0.977462451598576,-0.0855168835371326));
#9617=DIRECTION('center_axis',(-0.671814938485816,-4.53559597481401E-17,
-0.740719034740771));
#9618=DIRECTION('ref_axis',(-0.500422526465389,0.737277336810124,0.453871593770934));
#9619=DIRECTION('',(0.671814938485816,5.0194075364478E-17,0.740719034740771));
#9620=DIRECTION('',(-0.671814938485816,-4.53559597481401E-17,-0.740719034740771));
#9621=DIRECTION('center_axis',(1.,8.9449412726769E-33,1.46081976924362E-16));
#9622=DIRECTION('ref_axis',(0.,0.737277336810124,-0.67559020761566));
#9623=DIRECTION('',(-1.,-8.9449412726769E-33,-1.46081976924362E-16));
#9624=DIRECTION('',(1.,8.9449412726769E-33,1.46081976924362E-16));
#9625=DIRECTION('center_axis',(0.,-6.12323399573677E-17,-1.));
#9626=DIRECTION('ref_axis',(-0.67559020761566,0.737277336810124,-5.88219449238124E-17));
#9627=DIRECTION('',(0.,6.12323399573677E-17,1.));
#9628=DIRECTION('',(0.,-6.12323399573677E-17,-1.));
#9629=DIRECTION('center_axis',(1.,0.,0.));
#9630=DIRECTION('ref_axis',(0.,0.737277336810124,-0.67559020761566));
#9631=DIRECTION('',(-1.,0.,0.));
#9632=DIRECTION('',(1.,0.,0.));
#9633=DIRECTION('center_axis',(8.88178419700125E-16,6.12323399573677E-17,
1.));
#9634=DIRECTION('ref_axis',(0.67559020761566,0.737277336810124,-9.41151118780998E-16));
#9635=DIRECTION('',(-8.88178419700125E-16,-6.12323399573677E-17,-1.));
#9636=DIRECTION('',(8.88178419700125E-16,6.12323399573677E-17,1.));
#9637=DIRECTION('center_axis',(0.996194698091746,0.0871557427476581,-8.90135382733931E-16));
#9638=DIRECTION('ref_axis',(-8.88178419700125E-16,-6.12323399573677E-17,
-1.));
#9639=DIRECTION('center_axis',(-3.27433704522323E-16,0.0871557427476581,
-0.996194698091746));
#9640=DIRECTION('ref_axis',(-1.,2.0126117863523E-32,3.28684448079815E-16));
#9641=DIRECTION('center_axis',(0.737900375184391,0.0871557427476581,0.669258479818402));
#9642=DIRECTION('ref_axis',(0.671814938485816,-4.53559597481401E-17,-0.740719034740771));
#9643=DIRECTION('center_axis',(-0.737900375184392,0.0871557427476585,0.669258479818402));
#9644=DIRECTION('ref_axis',(0.671814938485816,4.53559597481401E-17,0.740719034740771));
#9645=DIRECTION('center_axis',(0.,-1.,6.12323399573677E-17));
#9646=DIRECTION('ref_axis',(1.,0.,0.));
#9647=DIRECTION('center_axis',(1.45526090898811E-16,0.0871557427476581,
-0.996194698091746));
#9648=DIRECTION('ref_axis',(-1.,-8.9449412726769E-33,-1.46081976924362E-16));
#9649=DIRECTION('center_axis',(-0.996194698091746,0.087155742747658,-5.33675006916148E-18));
#9650=DIRECTION('ref_axis',(0.,6.12323399573677E-17,1.));
#9651=DIRECTION('center_axis',(0.,0.087155742747658,-0.996194698091746));
#9652=DIRECTION('ref_axis',(-1.,0.,0.));
#9653=DIRECTION('axis',(0.,0.,1.));
#9654=DIRECTION('refdir',(1.,0.,0.));
#9655=DIRECTION('center_axis',(-0.669258479818135,0.0871557427476582,0.737900375184634));
#9656=DIRECTION('ref_axis',(0.740719034741014,4.11368007017851E-17,0.671814938485548));
#9657=DIRECTION('',(0.129136904008651,0.991626774559391,8.38185638042329E-14));
#9658=DIRECTION('',(-0.740719034741014,0.,-0.671814938485548));
#9659=DIRECTION('',(0.0855168835365203,-0.977462451598754,0.193013000455293));
#9660=DIRECTION('',(0.740719034741014,4.5974916318123E-17,0.671814938485548));
#9661=DIRECTION('center_axis',(0.996194698091746,0.0871557427476579,2.88490388920402E-12));
#9662=DIRECTION('ref_axis',(2.89592911052454E-12,-6.12323399573677E-17,
-1.));
#9663=DIRECTION('',(-0.0868265938644967,0.992432509138943,0.0868265938642743));
#9664=DIRECTION('',(-2.89592375338896E-12,0.,1.));
#9665=DIRECTION('',(0.085516883537686,-0.977462451598516,-0.193013000455983));
#9666=DIRECTION('',(2.89592911052454E-12,-6.12323399573677E-17,-1.));
#9667=DIRECTION('center_axis',(-0.669258479817176,0.0871557427476581,-0.737900375185504));
#9668=DIRECTION('ref_axis',(-0.740719034741887,4.11368007017262E-17,0.671814938484585));
#9669=DIRECTION('',(-0.085516883537686,0.977462451598516,0.193013000455983));
#9670=DIRECTION('',(0.740719034741887,0.,-0.671814938484585));
#9671=DIRECTION('',(-0.129136904008651,-0.991626774559391,-8.38492850786694E-14));
#9672=DIRECTION('',(-0.740719034741887,4.5974916318064E-17,0.671814938484585));
#9673=DIRECTION('center_axis',(0.,-1.,6.12323399573677E-17));
#9674=DIRECTION('ref_axis',(1.,0.,0.));
#9675=DIRECTION('center_axis',(0.,1.,-6.12323399573677E-17));
#9676=DIRECTION('ref_axis',(-0.70710678118578,-4.32978028118217E-17,-0.707106781187315));
#9677=DIRECTION('',(-1.,6.63862532129304E-29,1.0841697909822E-12));
#9678=DIRECTION('',(2.84217094306481E-13,6.12323399573677E-17,1.));
#9679=DIRECTION('',(1.,-2.03219524444529E-29,-3.31882669494614E-13));
#9680=DIRECTION('center_axis',(0.,1.,-6.12323399573677E-17));
#9681=DIRECTION('ref_axis',(-0.707106781187453,4.32978028117192E-17,0.707106781185642));
#9682=DIRECTION('',(-2.89592911052454E-12,6.12323399573677E-17,1.));
#9683=DIRECTION('',(0.740719034741887,-4.11368007017262E-17,-0.671814938484585));
#9684=DIRECTION('',(-0.740719034741014,-4.11368007017851E-17,-0.671814938485548));
#9685=DIRECTION('',(-3.25120047840164E-12,6.12323399573677E-17,1.));
#9686=DIRECTION('center_axis',(0.996194698091746,0.0871557427476579,3.23882334226699E-12));
#9687=DIRECTION('ref_axis',(3.25120047840164E-12,-6.12323399573677E-17,
-1.));
#9688=DIRECTION('',(0.0868265938639678,-0.992432509139,0.0868265938641562));
#9689=DIRECTION('',(3.25120047840164E-12,-6.12323399573677E-17,-1.));
#9690=DIRECTION('',(-0.0855168835365203,0.977462451598754,-0.193013000455293));
#9691=DIRECTION('',(-3.25119512126605E-12,0.,1.));
#9692=DIRECTION('center_axis',(1.0800441976077E-12,0.0871557427476581,0.996194698091746));
#9693=DIRECTION('ref_axis',(1.,-6.63862532129304E-29,-1.0841697909822E-12));
#9694=DIRECTION('',(0.0868265938642723,-0.992432509138973,0.0868265938641539));
#9695=DIRECTION('',(1.,-6.63862532129304E-29,-1.0841697909822E-12));
#9696=DIRECTION('',(-0.0868265938639678,0.992432509139,-0.0868265938641562));
#9697=DIRECTION('',(-1.,0.,1.0841697909822E-12));
#9698=DIRECTION('center_axis',(0.996194698091746,0.0871557427476577,-2.83140899205227E-13));
#9699=DIRECTION('ref_axis',(-2.84217094306481E-13,-6.12323399573677E-17,
-1.));
#9700=DIRECTION('',(0.0868265938642224,-0.992432509138967,-0.0868265938642764));
#9701=DIRECTION('',(-2.84217094306481E-13,-6.12323399573677E-17,-1.));
#9702=DIRECTION('',(-0.0868265938642723,0.992432509138973,-0.0868265938641539));
#9703=DIRECTION('',(2.84222451442068E-13,0.,1.));
#9704=DIRECTION('center_axis',(-3.30619755739069E-13,0.0871557427476582,
-0.996194698091746));
#9705=DIRECTION('ref_axis',(-1.,2.03219524444529E-29,3.31882669494613E-13));
#9706=DIRECTION('',(0.0868265938644967,-0.992432509138943,-0.0868265938642743));
#9707=DIRECTION('',(-1.,2.03219524444529E-29,3.31882669494614E-13));
#9708=DIRECTION('',(-0.0868265938642224,0.992432509138967,0.0868265938642764));
#9709=DIRECTION('',(1.,0.,-3.31882669494614E-13));
#9710=DIRECTION('center_axis',(1.,-2.03219524444529E-29,-3.31882669494614E-13));
#9711=DIRECTION('ref_axis',(-2.23993966269877E-13,0.737277336810124,-0.67559020761566));
#9712=DIRECTION('center_axis',(1.,0.,-3.34339168864832E-13));
#9713=DIRECTION('ref_axis',(0.,1.,0.));
#9714=DIRECTION('center_axis',(1.,0.,-3.31553009124292E-13));
#9715=DIRECTION('ref_axis',(-3.30291349825984E-13,0.0871557427476577,-0.996194698091746));
#9716=DIRECTION('center_axis',(-2.89592911052454E-12,6.12323399573677E-17,
1.));
#9717=DIRECTION('ref_axis',(0.67559020761566,0.737277336810124,1.95665317594569E-12));
#9718=DIRECTION('center_axis',(2.89551651035648E-12,0.,-1.));
#9719=DIRECTION('ref_axis',(0.,1.,0.));
#9720=DIRECTION('center_axis',(2.89597022047001E-12,2.77555756156289E-15,
-1.));
#9721=DIRECTION('ref_axis',(0.996194698091746,0.0871557427476577,2.88519208524463E-12));
#9722=DIRECTION('center_axis',(0.740719034741887,-4.11368007017262E-17,
-0.671814938484585));
#9723=DIRECTION('ref_axis',(-0.453871593770102,0.737277336810124,-0.500422526466143));
#9724=DIRECTION('center_axis',(0.740719034741889,0.,-0.671814938484583));
#9725=DIRECTION('ref_axis',(0.,1.,0.));
#9726=DIRECTION('center_axis',(-0.740719034741887,1.26103678799593E-15,
0.671814938484585));
#9727=DIRECTION('ref_axis',(-0.669258479817176,0.0871557427476578,-0.737900375185504));
#9728=DIRECTION('center_axis',(-0.740719034741014,-4.11368007017851E-17,
-0.671814938485548));
#9729=DIRECTION('ref_axis',(-0.453871593770753,0.737277336810123,0.500422526465554));
#9730=DIRECTION('center_axis',(-0.740719034741014,0.,-0.671814938485548));
#9731=DIRECTION('ref_axis',(0.,1.,0.));
#9732=DIRECTION('center_axis',(0.740719034741014,0.,0.671814938485548));
#9733=DIRECTION('ref_axis',(-0.669258479818135,0.0871557427476576,0.737900375184634));
#9734=DIRECTION('center_axis',(-3.25120047840164E-12,6.12323399573677E-17,
1.));
#9735=DIRECTION('ref_axis',(0.67559020761566,0.737277336810124,2.19617613567546E-12));
#9736=DIRECTION('center_axis',(-3.25284149708077E-12,0.,1.));
#9737=DIRECTION('ref_axis',(0.,1.,0.));
#9738=DIRECTION('center_axis',(-3.2514484172105E-12,0.,1.));
#9739=DIRECTION('ref_axis',(0.996194698091746,0.0871557427476577,3.23907567434389E-12));
#9740=DIRECTION('center_axis',(-0.0855168835365203,0.977462451598754,-0.193013000455293));
#9741=DIRECTION('ref_axis',(0.395953776830358,0.211109345398429,0.893674130149923));
#9742=DIRECTION('center_axis',(0.,-1.,0.));
#9743=DIRECTION('ref_axis',(0.405083362724297,0.,0.914279754366231));
#9744=DIRECTION('center_axis',(-0.08551688353652,0.977462451598754,-0.193013000455292));
#9745=DIRECTION('ref_axis',(0.996194698091746,0.0871557427476576,3.23907567434389E-12));
#9746=DIRECTION('center_axis',(0.,0.,1.));
#9747=DIRECTION('ref_axis',(1.,0.,0.));
#9748=DIRECTION('center_axis',(0.129136904008651,0.991626774559391,8.38352935497726E-14));
#9749=DIRECTION('ref_axis',(-0.991626774559391,0.12913690400865,-6.44094272088825E-13));
#9750=DIRECTION('center_axis',(0.,-1.,0.));
#9751=DIRECTION('ref_axis',(-1.,0.,-6.49527355799294E-13));
#9752=DIRECTION('center_axis',(0.12913690400865,0.991626774559391,8.39692088754769E-14));
#9753=DIRECTION('ref_axis',(-0.669258479818135,0.0871557427476577,0.737900375184634));
#9754=DIRECTION('center_axis',(0.,0.,1.));
#9755=DIRECTION('ref_axis',(1.,0.,0.));
#9756=DIRECTION('center_axis',(-1.,6.63862532129304E-29,1.0841697909822E-12));
#9757=DIRECTION('ref_axis',(7.34097872649178E-13,0.737277336810124,0.67559020761566));
#9758=DIRECTION('center_axis',(1.,0.,-1.08381613907017E-12));
#9759=DIRECTION('ref_axis',(0.,1.,0.));
#9760=DIRECTION('center_axis',(1.,-2.77555756156289E-15,-1.08357330924856E-12));
#9761=DIRECTION('ref_axis',(1.07969189144796E-12,0.0871557427476577,0.996194698091746));
#9762=DIRECTION('center_axis',(-0.0868265938639678,0.992432509139,-0.0868265938641562));
#9763=DIRECTION('ref_axis',(-0.701755757081405,-0.122791346617217,-0.701755757082928));
#9764=DIRECTION('center_axis',(0.,1.,0.));
#9765=DIRECTION('ref_axis',(-0.70710678118578,0.,-0.707106781187315));
#9766=DIRECTION('center_axis',(-0.0842843923253056,-0.99287072795036,-0.0842843923254885));
#9767=DIRECTION('ref_axis',(-0.702065624574561,0.119196130722951,-0.702065624576085));
#9768=DIRECTION('center_axis',(-0.085516883537686,0.977462451598516,0.193013000455983));
#9769=DIRECTION('ref_axis',(0.395953776833592,0.211109345399533,-0.89367413014823));
#9770=DIRECTION('center_axis',(0.,-1.,0.));
#9771=DIRECTION('ref_axis',(0.405083362727703,0.,-0.914279754364722));
#9772=DIRECTION('center_axis',(-0.0855168835376858,0.977462451598516,0.193013000455983));
#9773=DIRECTION('ref_axis',(-0.669258479817176,0.0871557427476579,-0.737900375185504));
#9774=DIRECTION('center_axis',(0.,0.,1.));
#9775=DIRECTION('ref_axis',(1.,0.,0.));
#9776=DIRECTION('center_axis',(2.84217094306481E-13,6.12323399573677E-17,
1.));
#9777=DIRECTION('ref_axis',(0.67559020761566,0.737277336810124,-1.91994828231323E-13));
#9778=DIRECTION('center_axis',(2.85581373405378E-13,0.,1.));
#9779=DIRECTION('ref_axis',(0.,1.,0.));
#9780=DIRECTION('center_axis',(-2.84249000990508E-13,6.93889390390722E-16,
-1.));
#9781=DIRECTION('ref_axis',(0.996194698091746,0.0871557427476579,-2.83106871279416E-13));
#9782=DIRECTION('center_axis',(-0.0868265938642723,0.992432509138973,-0.0868265938641539));
#9783=DIRECTION('ref_axis',(0.701755757082627,0.122791346617431,0.701755757081669));
#9784=DIRECTION('center_axis',(0.,-1.,0.));
#9785=DIRECTION('ref_axis',(0.70710678118703,0.,0.707106781186065));
#9786=DIRECTION('center_axis',(-0.0868265938642723,0.992432509138973,-0.0868265938641535));
#9787=DIRECTION('ref_axis',(0.996194698091746,0.0871557427476577,-2.83106871279415E-13));
#9788=DIRECTION('center_axis',(0.,0.,1.));
#9789=DIRECTION('ref_axis',(1.,0.,0.));
#9790=DIRECTION('center_axis',(-0.0868265938644967,0.992432509138943,0.0868265938642743));
#9791=DIRECTION('ref_axis',(-0.701755757083026,-0.122791346617674,0.701755757081228));
#9792=DIRECTION('center_axis',(0.,1.,0.));
#9793=DIRECTION('ref_axis',(-0.707106781187453,0.,0.707106781185642));
#9794=DIRECTION('center_axis',(-0.084284392325803,-0.992870727950309,0.0842843923255869));
#9795=DIRECTION('ref_axis',(-0.702065624576186,0.119196130723373,0.702065624574388));
#9796=DIRECTION('center_axis',(-0.0868265938642224,0.992432509138967,0.0868265938642764));
#9797=DIRECTION('ref_axis',(0.701755757081929,0.122791346617482,-0.701755757082359));
#9798=DIRECTION('center_axis',(0.,-1.,0.));
#9799=DIRECTION('ref_axis',(0.707106781186331,0.,-0.707106781186764));
#9800=DIRECTION('center_axis',(-0.0868265938642226,0.992432509138967,0.0868265938642759));
#9801=DIRECTION('ref_axis',(-3.30291349825984E-13,0.0871557427476577,-0.996194698091746));
#9802=DIRECTION('center_axis',(0.,0.,1.));
#9803=DIRECTION('ref_axis',(1.,0.,0.));
#9804=DIRECTION('center_axis',(0.,1.,0.));
#9805=DIRECTION('ref_axis',(0.,0.,1.));
#9806=DIRECTION('axis',(0.,0.,1.));
#9807=DIRECTION('refdir',(1.,0.,0.));
#9808=DIRECTION('center_axis',(0.,1.,0.));
#9809=DIRECTION('ref_axis',(0.,0.,1.));
#9810=DIRECTION('center_axis',(0.,-1.,0.));
#9811=DIRECTION('ref_axis',(0.707106781186541,0.,0.707106781186554));
#9812=DIRECTION('',(-1.,0.,-3.19189119579712E-15));
#9813=DIRECTION('center_axis',(0.,-1.,0.));
#9814=DIRECTION('ref_axis',(-0.707106781186549,0.,0.707106781186546));
#9815=DIRECTION('',(4.7423087073215E-15,0.,-1.));
#9816=DIRECTION('center_axis',(0.,1.,0.));
#9817=DIRECTION('ref_axis',(0.707106781186549,0.,-0.707106781186546));
#9818=DIRECTION('',(-1.,0.,1.16865581539498E-15));
#9819=DIRECTION('center_axis',(0.,-1.,0.));
#9820=DIRECTION('ref_axis',(-0.914279754365647,0.,0.405083362725614));
#9821=DIRECTION('',(0.671814938485811,0.,-0.740719034740775));
#9822=DIRECTION('center_axis',(0.,-1.,0.));
#9823=DIRECTION('ref_axis',(-7.37702244444188E-17,0.,-1.));
#9824=DIRECTION('',(0.671814938485818,0.,0.740719034740769));
#9825=DIRECTION('center_axis',(0.,-1.,0.));
#9826=DIRECTION('ref_axis',(0.914279754365649,0.,0.40508336272561));
#9827=DIRECTION('',(-1.,0.,-2.62947558463871E-15));
#9828=DIRECTION('center_axis',(0.,1.,0.));
#9829=DIRECTION('ref_axis',(-0.707106781186545,0.,-0.70710678118655));
#9830=DIRECTION('',(-7.69218916848032E-15,0.,1.));
#9831=DIRECTION('center_axis',(0.,0.,1.));
#9832=DIRECTION('ref_axis',(1.,0.,0.));
#9833=DIRECTION('center_axis',(-0.671814938485817,-1.02795415893415E-15,
-0.74071903474077));
#9834=DIRECTION('ref_axis',(0.73790037518439,0.0871557427476575,-0.669258479818404));
#9835=DIRECTION('center_axis',(7.31350208961887E-16,0.991626774559409,0.129136904008508));
#9836=DIRECTION('ref_axis',(-0.737900375184395,0.0871557427476575,-0.669258479818398));
#9837=DIRECTION('center_axis',(0.67181493848581,0.,-0.740719034740776));
#9838=DIRECTION('ref_axis',(0.,1.,0.));
#9839=DIRECTION('center_axis',(5.71255947405694E-16,0.991626774559409,0.129136904008509));
#9840=DIRECTION('ref_axis',(0.,0.129136904008509,-0.991626774559409));
#9841=DIRECTION('',(5.8149637223581E-16,0.991626774559409,0.129136904008509));
#9842=DIRECTION('',(-5.71255947405694E-16,-0.991626774559409,-0.129136904008509));
#9843=DIRECTION('center_axis',(0.,0.,1.));
#9844=DIRECTION('ref_axis',(1.,0.,0.));
#9845=DIRECTION('center_axis',(-0.671814938485811,-7.84113870070705E-15,
0.740719034740775));
#9846=DIRECTION('ref_axis',(-0.737900375184396,0.0871557427476576,-0.669258479818396));
#9847=DIRECTION('center_axis',(0.193013000455919,0.977462451598577,-0.0855168835371322));
#9848=DIRECTION('ref_axis',(0.,0.0871557427476577,0.996194698091746));
#9849=DIRECTION('center_axis',(-1.,0.,1.11446389621611E-14));
#9850=DIRECTION('ref_axis',(0.,1.,0.));
#9851=DIRECTION('center_axis',(0.19301300045592,0.977462451598577,-0.0855168835371329));
#9852=DIRECTION('ref_axis',(-0.89367413014919,0.21110934539925,0.395953776831574));
#9853=DIRECTION('',(0.19301300045592,0.977462451598577,-0.0855168835371329));
#9854=DIRECTION('',(-0.19301300045592,-0.977462451598577,0.0855168835371329));
#9855=DIRECTION('center_axis',(0.,0.,1.));
#9856=DIRECTION('ref_axis',(1.,0.,0.));
#9857=DIRECTION('center_axis',(1.,5.55111512312578E-15,-4.85659643200817E-16));
#9858=DIRECTION('ref_axis',(0.,0.0871557427476577,0.996194698091746));
#9859=DIRECTION('center_axis',(-0.193013000455921,0.977462451598576,-0.0855168835371322));
#9860=DIRECTION('ref_axis',(0.73790037518439,0.0871557427476575,-0.669258479818403));
#9861=DIRECTION('center_axis',(0.671814938485813,0.,0.740719034740773));
#9862=DIRECTION('ref_axis',(0.,1.,0.));
#9863=DIRECTION('center_axis',(-0.193013000455922,0.977462451598576,-0.0855168835371331));
#9864=DIRECTION('ref_axis',(0.893674130149192,0.211109345399251,0.39595377683157));
#9865=DIRECTION('',(-0.193013000455922,0.977462451598576,-0.0855168835371331));
#9866=DIRECTION('',(0.193013000455922,-0.977462451598576,0.0855168835371331));
#9867=DIRECTION('center_axis',(0.671814938485818,4.535595974814E-17,0.740719034740769));
#9868=DIRECTION('ref_axis',(0.500422526465391,0.737277336810122,-0.453871593770935));
#9869=DIRECTION('',(-0.671814938485818,-4.05178441318022E-17,-0.740719034740769));
#9870=DIRECTION('',(0.671814938485818,4.535595974814E-17,0.740719034740769));
#9871=DIRECTION('center_axis',(-1.,0.,0.));
#9872=DIRECTION('ref_axis',(0.,0.0871557427476577,0.996194698091746));
#9873=DIRECTION('center_axis',(0.0842843923255673,-0.992870727950331,-0.0842843923255675));
#9874=DIRECTION('ref_axis',(0.702065624575305,0.119196130723192,-0.7020656245753));
#9875=DIRECTION('center_axis',(-4.87577954594545E-15,0.,1.));
#9876=DIRECTION('ref_axis',(0.,1.,0.));
#9877=DIRECTION('center_axis',(0.,1.,-6.12323399573677E-17));
#9878=DIRECTION('ref_axis',(0.707106781186549,-4.32978028117745E-17,-0.707106781186546));
#9879=DIRECTION('center_axis',(0.0868265938642474,0.992432509138967,-0.0868265938642478));
#9880=DIRECTION('ref_axis',(0.701755757082146,-0.122791346617479,-0.701755757082142));
#9881=DIRECTION('',(0.0868265938642474,0.992432509138967,-0.0868265938642478));
#9882=DIRECTION('',(-0.0868265938642474,-0.992432509138967,0.0868265938642478));
#9883=DIRECTION('center_axis',(-7.6619392864857E-15,0.,1.));
#9884=DIRECTION('ref_axis',(0.996194698091746,0.0871557427476572,7.63278329429791E-15));
#9885=DIRECTION('center_axis',(-0.0842843923255689,-0.99287072795033,-0.0842843923255697));
#9886=DIRECTION('ref_axis',(-0.7020656245753,0.119196130723195,-0.702065624575305));
#9887=DIRECTION('center_axis',(1.,0.,0.));
#9888=DIRECTION('ref_axis',(0.,1.,0.));
#9889=DIRECTION('center_axis',(0.,1.,-6.12323399573677E-17));
#9890=DIRECTION('ref_axis',(-0.707106781186545,-4.32978028117748E-17,-0.70710678118655));
#9891=DIRECTION('center_axis',(-0.0868265938642474,0.992432509138967,-0.0868265938642479));
#9892=DIRECTION('ref_axis',(-0.701755757082141,-0.122791346617478,-0.701755757082147));
#9893=DIRECTION('',(-0.0868265938642474,0.992432509138967,-0.0868265938642479));
#9894=DIRECTION('',(0.0868265938642474,-0.992432509138967,0.0868265938642479));
#9895=DIRECTION('center_axis',(-1.,-1.61008942908195E-31,-2.62947558463871E-15));
#9896=DIRECTION('ref_axis',(0.,0.737277336810124,0.67559020761566));
#9897=DIRECTION('',(1.,1.61008942908195E-31,2.62947558463871E-15));
#9898=DIRECTION('',(-1.,-1.61008942908195E-31,-2.62947558463871E-15));
#9899=DIRECTION('center_axis',(0.,0.,1.));
#9900=DIRECTION('ref_axis',(1.,0.,0.));
#9901=DIRECTION('center_axis',(-4.30065452161059E-15,-1.38777878078144E-15,
1.));
#9902=DIRECTION('ref_axis',(-0.996194698091746,0.0871557427476572,-4.16333634234431E-15));
#9903=DIRECTION('center_axis',(0.0868265938642475,0.992432509138967,-0.0868265938642466));
#9904=DIRECTION('ref_axis',(-5.55111512312578E-15,0.0871557427476577,0.996194698091746));
#9905=DIRECTION('center_axis',(-1.,0.,-1.67169584432416E-14));
#9906=DIRECTION('ref_axis',(0.,1.,0.));
#9907=DIRECTION('center_axis',(0.0868265938642474,0.992432509138967,-0.0868265938642473));
#9908=DIRECTION('ref_axis',(-0.701755757082146,0.122791346617479,0.701755757082142));
#9909=DIRECTION('',(0.0868265938642474,0.992432509138967,-0.0868265938642472));
#9910=DIRECTION('',(-0.0868265938642474,-0.992432509138967,0.0868265938642472));
#9911=DIRECTION('center_axis',(0.,0.,1.));
#9912=DIRECTION('ref_axis',(1.,0.,0.));
#9913=DIRECTION('center_axis',(1.,5.55111512312578E-15,5.08665983787972E-15));
#9914=DIRECTION('ref_axis',(-5.55111512312578E-15,0.0871557427476577,0.996194698091746));
#9915=DIRECTION('center_axis',(-0.0868265938642464,0.992432509138967,-0.0868265938642476));
#9916=DIRECTION('ref_axis',(0.996194698091746,0.0871557427476577,8.32667268468867E-15));
#9917=DIRECTION('center_axis',(-8.35847922162076E-15,0.,1.));
#9918=DIRECTION('ref_axis',(0.,1.,0.));
#9919=DIRECTION('center_axis',(-0.0868265938642474,0.992432509138967,-0.0868265938642478));
#9920=DIRECTION('ref_axis',(0.701755757082137,0.122791346617479,0.701755757082151));
#9921=DIRECTION('',(-0.0868265938642474,0.992432509138967,-0.0868265938642478));
#9922=DIRECTION('',(0.0868265938642474,-0.992432509138967,0.0868265938642478));
#9923=DIRECTION('center_axis',(-7.69754630406776E-15,6.12323399573677E-17,
1.));
#9924=DIRECTION('ref_axis',(0.675590207615664,0.73727733681012,5.17633115329546E-15));
#9925=DIRECTION('',(7.69754630406776E-15,-6.12323399573677E-17,-1.));
#9926=DIRECTION('',(-7.69754630406776E-15,6.12323399573677E-17,1.));
#9927=DIRECTION('center_axis',(-1.,-1.95446966807978E-31,-3.19189119579712E-15));
#9928=DIRECTION('ref_axis',(0.,0.737277336810124,0.67559020761566));
#9929=DIRECTION('',(1.,1.95446966807978E-31,3.19189119579712E-15));
#9930=DIRECTION('',(-1.,-1.95446966807978E-31,-3.19189119579712E-15));
#9931=DIRECTION('center_axis',(4.73695157173406E-15,-6.12323399573677E-17,
-1.));
#9932=DIRECTION('ref_axis',(-0.675590207615664,0.73727733681012,-3.76460447512397E-15));
#9933=DIRECTION('',(-4.73695157173406E-15,6.12323399573677E-17,1.));
#9934=DIRECTION('',(4.73695157173406E-15,-6.12323399573677E-17,-1.));
#9935=DIRECTION('center_axis',(-1.,7.15595301814203E-32,1.16865581539498E-15));
#9936=DIRECTION('ref_axis',(0.,0.737277336810124,0.67559020761566));
#9937=DIRECTION('',(1.,-7.15595301814203E-32,-1.16865581539498E-15));
#9938=DIRECTION('',(-1.,7.15595301814203E-32,1.16865581539498E-15));
#9939=DIRECTION('center_axis',(0.671814938485811,-4.53559597481404E-17,
-0.740719034740775));
#9940=DIRECTION('ref_axis',(-0.500422526465392,0.737277336810124,-0.453871593770931));
#9941=DIRECTION('',(-0.671814938485811,4.53559597481404E-17,0.740719034740775));
#9942=DIRECTION('',(0.671814938485811,-4.53559597481404E-17,-0.740719034740775));
#9943=DIRECTION('center_axis',(-0.737900375184396,0.087155742747658,-0.669258479818397));
#9944=DIRECTION('ref_axis',(-0.671814938485811,4.53559597481404E-17,0.740719034740775));
#9945=DIRECTION('center_axis',(0.73790037518439,0.087155742747658,-0.669258479818404));
#9946=DIRECTION('ref_axis',(-0.671814938485818,-4.535595974814E-17,-0.740719034740769));
#9947=DIRECTION('center_axis',(-2.61946963617877E-15,0.0871557427476582,
0.996194698091746));
#9948=DIRECTION('ref_axis',(1.,1.61008942908195E-31,2.62947558463871E-15));
#9949=DIRECTION('center_axis',(0.996194698091746,0.0871557427476587,7.66291806635885E-15));
#9950=DIRECTION('ref_axis',(7.69754630406776E-15,-6.12323399573677E-17,
-1.));
#9951=DIRECTION('center_axis',(0.,-1.,6.12323399573677E-17));
#9952=DIRECTION('ref_axis',(1.,0.,0.));
#9953=DIRECTION('center_axis',(-3.17974508613882E-15,0.0871557427476581,
0.996194698091746));
#9954=DIRECTION('ref_axis',(1.,1.95446966807978E-31,3.19189119579712E-15));
#9955=DIRECTION('center_axis',(-0.996194698091746,0.0871557427476576,-4.724262790948E-15));
#9956=DIRECTION('ref_axis',(-4.73695157173406E-15,6.12323399573677E-17,
1.));
#9957=DIRECTION('center_axis',(1.16420872719057E-15,0.0871557427476582,
0.996194698091746));
#9958=DIRECTION('ref_axis',(1.,-7.15595301814203E-32,-1.16865581539498E-15));
#9959=DIRECTION('axis',(0.,0.,1.));
#9960=DIRECTION('refdir',(1.,0.,0.));
#9961=DIRECTION('center_axis',(0.,1.,0.));
#9962=DIRECTION('ref_axis',(0.,0.,1.));
#9963=DIRECTION('center_axis',(0.,-1.,0.));
#9964=DIRECTION('ref_axis',(-0.707106781186421,0.,-0.707106781186674));
#9965=DIRECTION('',(1.,0.,1.78523862359759E-13));
#9966=DIRECTION('center_axis',(0.,1.,0.));
#9967=DIRECTION('ref_axis',(0.707106781186421,0.,0.707106781186673));
#9968=DIRECTION('',(1.7764104107517E-13,0.,-1.));
#9969=DIRECTION('center_axis',(0.,-1.,0.));
#9970=DIRECTION('ref_axis',(-0.405083362725499,0.,-0.914279754365698));
#9971=DIRECTION('',(0.740719034740718,0.,0.671814938485875));
#9972=DIRECTION('center_axis',(0.,-1.,0.));
#9973=DIRECTION('ref_axis',(1.,0.,-5.43524588231575E-16));
#9974=DIRECTION('',(-0.740719034740717,0.,0.671814938485875));
#9975=DIRECTION('center_axis',(0.,-1.,0.));
#9976=DIRECTION('ref_axis',(-0.405083362725488,0.,0.914279754365703));
#9977=DIRECTION('',(-1.77630326803995E-13,0.,-1.));
#9978=DIRECTION('center_axis',(0.,1.,0.));
#9979=DIRECTION('ref_axis',(0.707106781186421,0.,-0.707106781186674));
#9980=DIRECTION('',(-1.,0.,1.78227802886492E-13));
#9981=DIRECTION('center_axis',(0.,-1.,0.));
#9982=DIRECTION('ref_axis',(-0.707106781186543,0.,0.707106781186552));
#9983=DIRECTION('',(1.77641041075974E-13,0.,-1.));
#9984=DIRECTION('center_axis',(0.,0.,1.));
#9985=DIRECTION('ref_axis',(1.,0.,0.));
#9986=DIRECTION('center_axis',(1.79042712859378E-13,8.32667268468867E-15,
1.));
#9987=DIRECTION('ref_axis',(-0.996194698091746,0.0871557427476572,1.77635683940024E-13));
#9988=DIRECTION('center_axis',(0.0855168835370986,0.977462451598581,-0.193013000455911));
#9989=DIRECTION('ref_axis',(0.669258479818461,0.0871557427476574,0.737900375184338));
#9990=DIRECTION('center_axis',(-0.740719034740726,0.,0.671814938485865));
#9991=DIRECTION('ref_axis',(0.,1.,0.));
#9992=DIRECTION('center_axis',(0.0855168835370982,0.977462451598581,-0.193013000455912));
#9993=DIRECTION('ref_axis',(-0.395953776831452,0.211109345399229,0.893674130149249));
#9994=DIRECTION('',(0.0855168835370981,0.977462451598581,-0.193013000455912));
#9995=DIRECTION('',(-0.0855168835370981,-0.977462451598581,0.193013000455912));
#9996=DIRECTION('center_axis',(0.,0.,1.));
#9997=DIRECTION('ref_axis',(1.,0.,0.));
#9998=DIRECTION('center_axis',(0.740719034740716,2.33082629060673E-16,-0.671814938485876));
#9999=DIRECTION('ref_axis',(0.669258479818462,0.0871557427476575,0.737900375184337));
#10000=DIRECTION('center_axis',(-0.129136904008497,0.991626774559411,0.));
#10001=DIRECTION('ref_axis',(0.669258479818462,0.0871557427476575,-0.737900375184337));
#10002=DIRECTION('center_axis',(0.740719034740717,0.,0.671814938485875));
#10003=DIRECTION('ref_axis',(0.,1.,0.));
#10004=DIRECTION('center_axis',(-0.129136904008498,0.991626774559411,-3.55293333142561E-16));
#10005=DIRECTION('ref_axis',(0.991626774559411,0.129136904008497,-5.94382971910318E-16));
#10006=DIRECTION('',(-0.129136904008498,0.991626774559411,-3.46164838966652E-16));
#10007=DIRECTION('',(0.129136904008498,-0.991626774559411,3.66645688626882E-16));
#10008=DIRECTION('center_axis',(-1.,0.,1.78314223394577E-13));
#10009=DIRECTION('ref_axis',(1.77635683940025E-13,0.0871557427476577,0.996194698091746));
#10010=DIRECTION('center_axis',(0.0842843923255531,-0.992870727950331,-0.0842843923255826));
#10011=DIRECTION('ref_axis',(0.702065624575174,0.119196130723193,-0.702065624575431));
#10012=DIRECTION('center_axis',(1.77617683459441E-13,0.,1.));
#10013=DIRECTION('ref_axis',(0.,1.,0.));
#10014=DIRECTION('center_axis',(0.,1.,-6.12323399573677E-17));
#10015=DIRECTION('ref_axis',(0.707106781186421,-4.32978028117824E-17,-0.707106781186674));
#10016=DIRECTION('center_axis',(0.0868265938642316,0.992432509138967,-0.086826593864263));
#10017=DIRECTION('ref_axis',(0.701755757082019,-0.122791346617479,-0.701755757082269));
#10018=DIRECTION('',(0.0868265938642315,0.992432509138967,-0.086826593864263));
#10019=DIRECTION('',(-0.0868265938642316,-0.992432509138967,0.086826593864263));
#10020=DIRECTION('center_axis',(-1.77635683939582E-13,-6.12323399573677E-17,
-1.));
#10021=DIRECTION('ref_axis',(-0.675590207615664,0.73727733681012,1.20467343203967E-13));
#10022=DIRECTION('',(1.77635683939582E-13,6.12323399573677E-17,1.));
#10023=DIRECTION('',(-1.77635683939582E-13,-6.12323399573677E-17,-1.));
#10024=DIRECTION('center_axis',(0.,0.,1.));
#10025=DIRECTION('ref_axis',(1.,0.,0.));
#10026=DIRECTION('center_axis',(-0.740719034740717,0.,-0.671814938485875));
#10027=DIRECTION('ref_axis',(0.669258479818461,0.0871557427476574,-0.737900375184338));
#10028=DIRECTION('center_axis',(0.0855168835370982,0.977462451598581,0.193013000455911));
#10029=DIRECTION('ref_axis',(-0.996194698091746,0.0871557427476577,-1.77635683940025E-13));
#10030=DIRECTION('center_axis',(1.78314223394577E-13,0.,-1.));
#10031=DIRECTION('ref_axis',(0.,1.,0.));
#10032=DIRECTION('center_axis',(0.0855168835370993,0.977462451598581,0.193013000455912));
#10033=DIRECTION('ref_axis',(-0.395953776831464,0.211109345399228,-0.893674130149245));
#10034=DIRECTION('',(0.0855168835370993,0.977462451598581,0.193013000455912));
#10035=DIRECTION('',(-0.0855168835370993,-0.977462451598581,-0.193013000455912));
#10036=DIRECTION('center_axis',(0.,0.,1.));
#10037=DIRECTION('ref_axis',(1.,0.,0.));
#10038=DIRECTION('center_axis',(-1.77678390914841E-13,-6.93889390390722E-16,
1.));
#10039=DIRECTION('ref_axis',(-0.996194698091746,0.0871557427476572,-1.76941794549633E-13));
#10040=DIRECTION('center_axis',(0.0868265938642628,0.992432509138965,-0.0868265938642623));
#10041=DIRECTION('ref_axis',(1.77635683940025E-13,0.0871557427476577,0.996194698091746));
#10042=DIRECTION('center_axis',(-1.,0.,1.67169584432416E-13));
#10043=DIRECTION('ref_axis',(0.,1.,0.));
#10044=DIRECTION('center_axis',(0.0868265938642619,0.992432509138965,-0.0868265938642628));
#10045=DIRECTION('ref_axis',(-0.701755757082138,0.122791346617501,0.701755757082146));
#10046=DIRECTION('',(0.0868265938642619,0.992432509138964,-0.0868265938642628));
#10047=DIRECTION('',(-0.0868265938642619,-0.992432509138964,0.0868265938642628));
#10048=DIRECTION('center_axis',(-1.,1.09133054162004E-29,1.78227802886492E-13));
#10049=DIRECTION('ref_axis',(1.20467343203968E-13,0.737277336810124,0.67559020761566));
#10050=DIRECTION('',(1.,-1.09133054162004E-29,-1.78227802886492E-13));
#10051=DIRECTION('',(-1.,1.09133054162004E-29,1.78227802886492E-13));
#10052=DIRECTION('center_axis',(1.77617683459442E-13,0.,-1.));
#10053=DIRECTION('ref_axis',(-0.996194698091746,0.0871557427476577,-1.76941794549634E-13));
#10054=DIRECTION('center_axis',(0.0842843923255545,-0.99287072795033,0.0842843923255844));
#10055=DIRECTION('ref_axis',(0.702065624575177,0.119196130723195,0.702065624575428));
#10056=DIRECTION('center_axis',(-1.,0.,-1.78314223394577E-13));
#10057=DIRECTION('ref_axis',(0.,1.,0.));
#10058=DIRECTION('center_axis',(0.,1.,-6.12323399573677E-17));
#10059=DIRECTION('ref_axis',(0.707106781186421,4.32978028117824E-17,0.707106781186673));
#10060=DIRECTION('center_axis',(0.0868265938642327,0.992432509138967,0.086826593864263));
#10061=DIRECTION('ref_axis',(0.701755757082019,-0.122791346617479,0.701755757082269));
#10062=DIRECTION('',(0.0868265938642327,0.992432509138967,0.086826593864263));
#10063=DIRECTION('',(-0.0868265938642327,-0.992432509138967,-0.086826593864263));
#10064=DIRECTION('center_axis',(0.,0.,1.));
#10065=DIRECTION('ref_axis',(1.,0.,0.));
#10066=DIRECTION('center_axis',(-1.,5.55111512312578E-15,-1.77828563751377E-13));
#10067=DIRECTION('ref_axis',(1.77635683940025E-13,0.0871557427476577,-0.996194698091746));
#10068=DIRECTION('center_axis',(0.0868265938642317,0.992432509138967,0.0868265938642626));
#10069=DIRECTION('ref_axis',(-0.996194698091746,0.0871557427476577,-1.76941794549634E-13));
#10070=DIRECTION('center_axis',(1.79707303264846E-13,0.,-1.));
#10071=DIRECTION('ref_axis',(0.,1.,0.));
#10072=DIRECTION('center_axis',(0.0868265938642313,0.992432509138967,0.086826593864263));
#10073=DIRECTION('ref_axis',(-0.701755757082019,0.122791346617479,-0.701755757082269));
#10074=DIRECTION('',(0.0868265938642313,0.992432509138967,0.0868265938642631));
#10075=DIRECTION('',(-0.0868265938642313,-0.992432509138967,-0.0868265938642631));
#10076=DIRECTION('center_axis',(1.77635683940386E-13,-6.12323399573677E-17,
-1.));
#10077=DIRECTION('ref_axis',(-0.675590207615664,0.73727733681012,-1.19996767644577E-13));
#10078=DIRECTION('',(-1.77635683940386E-13,6.12323399573677E-17,1.));
#10079=DIRECTION('',(1.77635683940386E-13,-6.12323399573677E-17,-1.));
#10080=DIRECTION('center_axis',(1.,1.09314338305151E-29,1.78523862359759E-13));
#10081=DIRECTION('ref_axis',(1.20467343203968E-13,0.737277336810124,-0.67559020761566));
#10082=DIRECTION('',(-1.,-1.09314338305151E-29,-1.78523862359759E-13));
#10083=DIRECTION('',(1.,1.09314338305151E-29,1.78523862359759E-13));
#10084=DIRECTION('center_axis',(1.77635683939582E-13,-6.12323399573677E-17,
-1.));
#10085=DIRECTION('ref_axis',(-0.67559020761566,0.737277336810124,-1.19996767644577E-13));
#10086=DIRECTION('',(-1.77635683939582E-13,6.12323399573677E-17,1.));
#10087=DIRECTION('',(1.77635683939582E-13,-6.12323399573677E-17,-1.));
#10088=DIRECTION('center_axis',(0.740719034740718,4.11368007018051E-17,
0.671814938485875));
#10089=DIRECTION('ref_axis',(0.453871593770972,0.737277336810124,-0.500422526465355));
#10090=DIRECTION('',(-0.740719034740718,-4.11368007018051E-17,-0.671814938485875));
#10091=DIRECTION('',(0.740719034740718,4.11368007018051E-17,0.671814938485875));
#10092=DIRECTION('center_axis',(-0.740719034740718,4.11368007018051E-17,
0.671814938485875));
#10093=DIRECTION('ref_axis',(0.453871593770972,0.737277336810124,0.500422526465354));
#10094=DIRECTION('',(0.740719034740718,-4.11368007018051E-17,-0.671814938485875));
#10095=DIRECTION('',(-0.740719034740718,4.11368007018051E-17,0.671814938485875));
#10096=DIRECTION('center_axis',(0.669258479818461,0.0871557427476584,0.737900375184338));
#10097=DIRECTION('ref_axis',(0.740719034740717,-4.11368007018051E-17,-0.671814938485875));
#10098=DIRECTION('center_axis',(-0.996194698091746,0.0871557427476576,1.76954389782444E-13));
#10099=DIRECTION('ref_axis',(1.77635683939582E-13,6.12323399573677E-17,
1.));
#10100=DIRECTION('center_axis',(1.77549592288064E-13,0.0871557427476581,
0.996194698091746));
#10101=DIRECTION('ref_axis',(1.,-1.09133054162004E-29,-1.78227802886492E-13));
#10102=DIRECTION('center_axis',(-0.996194698091746,0.0871557427476573,-1.76965063283383E-13));
#10103=DIRECTION('ref_axis',(-1.77635683940386E-13,6.12323399573677E-17,
1.));
#10104=DIRECTION('center_axis',(0.,-1.,6.12323399573677E-17));
#10105=DIRECTION('ref_axis',(1.,0.,0.));
#10106=DIRECTION('center_axis',(-0.996194698091746,0.0871557427476587,-1.76965063282582E-13));
#10107=DIRECTION('ref_axis',(-1.77635683939582E-13,6.12323399573677E-17,
1.));
#10108=DIRECTION('center_axis',(0.669258479818461,0.0871557427476579,-0.737900375184338));
#10109=DIRECTION('ref_axis',(-0.740719034740718,-4.11368007018051E-17,-0.671814938485875));
#10110=DIRECTION('center_axis',(1.77844525165653E-13,0.0871557427476581,
-0.996194698091746));
#10111=DIRECTION('ref_axis',(-1.,-1.09314338305151E-29,-1.78523862359759E-13));
#10112=DIRECTION('',(0.,0.,1.));
#10113=DIRECTION('',(1.,0.,0.));
#10114=DIRECTION('',(0.,0.,1.));
#10115=DIRECTION('',(1.,0.,0.));
#10116=DIRECTION('',(0.,0.,1.));
#10117=DIRECTION('',(1.,0.,0.));
#10118=DIRECTION('',(0.,0.,1.));
#10119=DIRECTION('',(1.,0.,0.));
#10120=DIRECTION('center_axis',(-3.58136459547831E-16,1.,0.));
#10121=DIRECTION('ref_axis',(0.,0.,1.));
#10122=DIRECTION('center_axis',(3.58136459547831E-16,-1.,0.));
#10123=DIRECTION('ref_axis',(1.,3.58136459547831E-16,0.));
#10124=DIRECTION('center_axis',(6.04989177020976E-11,1.,0.));
#10125=DIRECTION('ref_axis',(0.,0.,1.));
#10126=DIRECTION('center_axis',(-6.04989177020976E-11,-1.,0.));
#10127=DIRECTION('ref_axis',(1.,-6.04989177020976E-11,0.));
#10128=DIRECTION('center_axis',(0.642787609678116,0.766044443126046,0.));
#10129=DIRECTION('ref_axis',(0.766044443126046,-0.642787609678116,0.));
#10130=DIRECTION('',(0.766044443126046,-0.642787609678116,8.37086789959407E-17));
#10131=DIRECTION('',(0.,0.,-1.));
#10132=DIRECTION('',(-0.766044443126046,0.642787609678116,0.));
#10133=DIRECTION('',(0.,0.,-1.));
#10134=DIRECTION('center_axis',(-0.642787609677762,0.766044443126343,0.));
#10135=DIRECTION('ref_axis',(0.766044443126343,0.642787609677762,0.));
#10136=DIRECTION('',(0.766044443126343,0.642787609677762,8.37086789959733E-17));
#10137=DIRECTION('',(0.,0.,-1.));
#10138=DIRECTION('',(-0.766044443126343,-0.642787609677762,0.));
#10139=DIRECTION('',(0.,0.,1.));
#10140=DIRECTION('center_axis',(1.49862296441772E-15,1.,0.));
#10141=DIRECTION('ref_axis',(1.,-1.49862296441772E-15,0.));
#10142=DIRECTION('',(1.,-1.49862296441772E-15,1.09273919740669E-16));
#10143=DIRECTION('',(-1.,1.49862296441772E-15,0.));
#10144=DIRECTION('center_axis',(0.642787609684068,0.766044443121051,0.));
#10145=DIRECTION('ref_axis',(0.766044443121051,-0.642787609684068,0.));
#10146=DIRECTION('',(0.766044443121051,-0.642787609684068,8.3708678995395E-17));
#10147=DIRECTION('',(0.,0.,-1.));
#10148=DIRECTION('',(-0.766044443121051,0.642787609684068,0.));
#10149=DIRECTION('',(0.,0.,-1.));
#10150=DIRECTION('center_axis',(-0.642787609674281,0.766044443129264,0.));
#10151=DIRECTION('ref_axis',(0.766044443129264,0.642787609674281,0.));
#10152=DIRECTION('',(0.766044443129264,0.642787609674281,8.37086789962924E-17));
#10153=DIRECTION('',(0.,0.,-1.));
#10154=DIRECTION('',(-0.766044443129264,-0.642787609674281,0.));
#10155=DIRECTION('',(0.,0.,1.));
#10156=DIRECTION('center_axis',(2.66110479784304E-11,1.,0.));
#10157=DIRECTION('ref_axis',(1.,-2.66110479784304E-11,0.));
#10158=DIRECTION('',(1.,-2.66110479784304E-11,1.09273919740669E-16));
#10159=DIRECTION('',(-1.,2.66110479784304E-11,0.));
#10160=DIRECTION('center_axis',(0.64278760967795,0.766044443126185,0.));
#10161=DIRECTION('ref_axis',(0.766044443126185,-0.64278760967795,0.));
#10162=DIRECTION('',(0.766044443126185,-0.64278760967795,8.3708678995956E-17));
#10163=DIRECTION('',(0.,0.,-1.));
#10164=DIRECTION('',(-0.766044443126185,0.64278760967795,0.));
#10165=DIRECTION('',(0.,0.,-1.));
#10166=DIRECTION('center_axis',(-0.642787609677904,0.766044443126224,0.));
#10167=DIRECTION('ref_axis',(0.766044443126224,0.642787609677904,0.));
#10168=DIRECTION('',(0.766044443126224,0.642787609677904,8.37086789959602E-17));
#10169=DIRECTION('',(0.,0.,-1.));
#10170=DIRECTION('',(-0.766044443126224,-0.642787609677904,0.));
#10171=DIRECTION('',(0.,0.,1.));
#10172=DIRECTION('center_axis',(1.12396722331329E-15,1.,0.));
#10173=DIRECTION('ref_axis',(1.,-1.12396722331329E-15,0.));
#10174=DIRECTION('',(1.,-1.12396722331329E-15,1.09273919740669E-16));
#10175=DIRECTION('',(-1.,1.12396722331329E-15,0.));
#10176=DIRECTION('center_axis',(0.64278760969003,0.766044443116049,0.));
#10177=DIRECTION('ref_axis',(0.766044443116049,-0.64278760969003,0.));
#10178=DIRECTION('',(0.766044443116049,-0.64278760969003,8.37086789948484E-17));
#10179=DIRECTION('',(0.,0.,-1.));
#10180=DIRECTION('',(-0.766044443116049,0.64278760969003,0.));
#10181=DIRECTION('',(0.,0.,-1.));
#10182=DIRECTION('center_axis',(-0.64278760966582,0.766044443136364,0.));
#10183=DIRECTION('ref_axis',(0.766044443136364,0.64278760966582,0.));
#10184=DIRECTION('',(0.766044443136364,0.64278760966582,8.37086789970682E-17));
#10185=DIRECTION('',(0.,0.,-1.));
#10186=DIRECTION('',(-0.766044443136364,-0.64278760966582,0.));
#10187=DIRECTION('',(0.,0.,1.));
#10188=DIRECTION('center_axis',(-6.67205676545825E-11,1.,0.));
#10189=DIRECTION('ref_axis',(1.,6.67205676545825E-11,0.));
#10190=DIRECTION('',(1.,6.67205676545825E-11,1.09273919740669E-16));
#10191=DIRECTION('',(-1.,-6.67205676545825E-11,0.));
#10192=DIRECTION('center_axis',(0.,-1.,0.));
#10193=DIRECTION('ref_axis',(0.707106781186547,0.,0.707106781186548));
#10194=DIRECTION('center_axis',(0.,-1.,0.));
#10195=DIRECTION('ref_axis',(0.707106781186547,0.,0.707106781186548));
#10196=DIRECTION('',(0.,1.,0.));
#10197=DIRECTION('center_axis',(0.,1.,0.));
#10198=DIRECTION('ref_axis',(0.707106781186547,0.,0.707106781186548));
#10199=DIRECTION('',(0.,-1.,0.));
#10200=DIRECTION('center_axis',(1.,0.,0.));
#10201=DIRECTION('ref_axis',(0.,0.,-1.));
#10202=DIRECTION('',(0.,0.,1.));
#10203=DIRECTION('',(0.,-1.,0.));
#10204=DIRECTION('',(0.,0.,-1.));
#10205=DIRECTION('center_axis',(0.,1.,0.));
#10206=DIRECTION('ref_axis',(0.707106781186547,0.,-0.707106781186548));
#10207=DIRECTION('center_axis',(0.,-1.,0.));
#10208=DIRECTION('ref_axis',(0.707106781186547,0.,-0.707106781186548));
#10209=DIRECTION('',(0.,1.,0.));
#10210=DIRECTION('center_axis',(0.,1.,0.));
#10211=DIRECTION('ref_axis',(0.707106781186547,0.,-0.707106781186548));
#10212=DIRECTION('center_axis',(0.,-1.,0.));
#10213=DIRECTION('ref_axis',(0.707106781186547,0.,0.707106781186548));
#10214=DIRECTION('',(0.,0.707106781186547,-0.707106781186548));
#10215=DIRECTION('',(0.707106781186548,-0.707106781186547,0.));
#10216=DIRECTION('center_axis',(0.,-1.,0.));
#10217=DIRECTION('ref_axis',(0.707106781186547,0.,0.707106781186548));
#10218=DIRECTION('center_axis',(0.707106781186547,0.707106781186548,0.));
#10219=DIRECTION('ref_axis',(0.,0.,-1.));
#10220=DIRECTION('',(0.707106781186546,-0.707106781186549,0.));
#10221=DIRECTION('',(0.,0.,1.));
#10222=DIRECTION('center_axis',(0.,-1.,0.));
#10223=DIRECTION('ref_axis',(0.707106781186547,0.,-0.707106781186548));
#10224=DIRECTION('',(0.,-0.707106781186547,-0.707106781186548));
#10225=DIRECTION('center_axis',(0.,-1.,0.));
#10226=DIRECTION('ref_axis',(0.707106781186547,0.,-0.707106781186548));
#10227=DIRECTION('center_axis',(0.,0.707106781186548,-0.707106781186547));
#10228=DIRECTION('ref_axis',(-1.,0.,0.));
#10229=DIRECTION('',(-1.,0.,0.));
#10230=DIRECTION('',(0.,-0.707106781186548,-0.707106781186547));
#10231=DIRECTION('',(1.,0.,0.));
#10232=DIRECTION('center_axis',(0.,-1.,0.));
#10233=DIRECTION('ref_axis',(-0.707106781186548,0.,-0.707106781186547));
#10234=DIRECTION('center_axis',(0.,1.,0.));
#10235=DIRECTION('ref_axis',(-0.707106781186548,0.,-0.707106781186547));
#10236=DIRECTION('',(-0.707106781186548,-0.707106781186547,0.));
#10237=DIRECTION('center_axis',(0.,-1.,0.));
#10238=DIRECTION('ref_axis',(-0.707106781186548,0.,-0.707106781186547));
#10239=DIRECTION('center_axis',(-0.707106781186547,0.707106781186548,0.));
#10240=DIRECTION('ref_axis',(0.,0.,1.));
#10241=DIRECTION('',(0.,0.,1.));
#10242=DIRECTION('',(-0.707106781186548,-0.707106781186547,0.));
#10243=DIRECTION('',(0.,0.,-1.));
#10244=DIRECTION('center_axis',(0.,-1.,0.));
#10245=DIRECTION('ref_axis',(-0.707106781186548,0.,0.707106781186547));
#10246=DIRECTION('center_axis',(0.,1.,0.));
#10247=DIRECTION('ref_axis',(-0.707106781186548,0.,0.707106781186547));
#10248=DIRECTION('',(0.,-0.707106781186547,0.707106781186548));
#10249=DIRECTION('center_axis',(0.,-1.,0.));
#10250=DIRECTION('ref_axis',(-0.707106781186548,0.,0.707106781186547));
#10251=DIRECTION('center_axis',(-7.72683296554614E-17,0.707106781186548,
0.707106781186548));
#10252=DIRECTION('ref_axis',(1.,0.,1.09273919740669E-16));
#10253=DIRECTION('',(1.,0.,1.09273919740669E-16));
#10254=DIRECTION('',(-1.,0.,-1.09273919740669E-16));
#10255=DIRECTION('center_axis',(0.,1.,0.));
#10256=DIRECTION('ref_axis',(-0.707106781186548,0.,0.707106781186547));
#10257=DIRECTION('center_axis',(0.,-1.,0.));
#10258=DIRECTION('ref_axis',(-0.707106781186548,0.,0.707106781186547));
#10259=DIRECTION('',(0.,1.,0.));
#10260=DIRECTION('',(0.,-1.,0.));
#10261=DIRECTION('center_axis',(-1.,0.,0.));
#10262=DIRECTION('ref_axis',(0.,0.,1.));
#10263=DIRECTION('',(0.,0.,-1.));
#10264=DIRECTION('',(0.,1.,0.));
#10265=DIRECTION('center_axis',(0.,1.,0.));
#10266=DIRECTION('ref_axis',(-0.707106781186548,0.,-0.707106781186547));
#10267=DIRECTION('center_axis',(0.,-1.,0.));
#10268=DIRECTION('ref_axis',(-0.707106781186548,0.,-0.707106781186547));
#10269=DIRECTION('',(0.,-1.,0.));
#10270=DIRECTION('center_axis',(0.,1.,0.));
#10271=DIRECTION('ref_axis',(0.,0.,1.));
#10272=DIRECTION('center_axis',(-0.766044443121051,0.642787609684068,0.));
#10273=DIRECTION('ref_axis',(-0.454519477670295,-0.541675220421167,-0.707106781186549));
#10274=DIRECTION('',(0.766044443121051,-0.642787609684068,0.));
#10275=DIRECTION('center_axis',(0.766044443121052,-0.642787609684068,0.));
#10276=DIRECTION('ref_axis',(-0.642787609684068,-0.766044443121052,0.));
#10277=DIRECTION('center_axis',(-0.939692620781908,0.34202014333666,3.16112908052647E-15));
#10278=DIRECTION('ref_axis',(0.34202014333666,0.939692620781908,8.68513076913087E-15));
#10279=DIRECTION('center_axis',(-0.766044443129264,-0.642787609674281,0.));
#10280=DIRECTION('ref_axis',(0.454519477663376,-0.541675220426972,-0.70710678118655));
#10281=DIRECTION('center_axis',(-0.766044443129263,-0.642787609674282,0.));
#10282=DIRECTION('ref_axis',(0.,0.,-1.));
#10283=DIRECTION('',(0.766044443129264,0.642787609674281,0.));
#10284=DIRECTION('center_axis',(0.939692620793197,0.342020143305645,-1.58216099159801E-15));
#10285=DIRECTION('ref_axis',(0.342020143305645,-0.939692620793196,4.34695159828576E-15));
#10286=DIRECTION('center_axis',(-1.,2.66110479784304E-11,0.));
#10287=DIRECTION('ref_axis',(-1.8817558117325E-11,-0.707106781186547,-0.707106781186548));
#10288=DIRECTION('',(1.,-2.66110479784304E-11,0.));
#10289=DIRECTION('center_axis',(-0.766044443116049,0.64278760969003,0.));
#10290=DIRECTION('ref_axis',(-0.454519477674513,-0.541675220417631,-0.707106781186547));
#10291=DIRECTION('',(0.766044443116049,-0.64278760969003,0.));
#10292=DIRECTION('center_axis',(0.766044443116049,-0.64278760969003,0.));
#10293=DIRECTION('ref_axis',(-0.64278760969003,-0.766044443116049,0.));
#10294=DIRECTION('center_axis',(-0.939692620796538,0.342020143296463,-2.05521283777556E-15));
#10295=DIRECTION('ref_axis',(0.342020143296463,0.939692620796538,-5.64665086333544E-15));
#10296=DIRECTION('center_axis',(-0.766044443136364,-0.64278760966582,0.));
#10297=DIRECTION('ref_axis',(0.454519477657394,-0.541675220431995,-0.707106781186547));
#10298=DIRECTION('center_axis',(-0.766044443136364,-0.64278760966582,0.));
#10299=DIRECTION('ref_axis',(0.,0.,-1.));
#10300=DIRECTION('',(0.766044443136364,0.64278760966582,0.));
#10301=DIRECTION('center_axis',(0.939692620779123,0.34202014334431,-1.73878063943223E-15));
#10302=DIRECTION('ref_axis',(0.34202014334431,-0.939692620779123,4.7772605449218E-15));
#10303=DIRECTION('center_axis',(-1.,-6.67205676545825E-11,0.));
#10304=DIRECTION('ref_axis',(4.71812783834474E-11,-0.707106781186547,-0.707106781186547));
#10305=DIRECTION('',(1.,6.67205676545825E-11,0.));
#10306=DIRECTION('center_axis',(-0.766044443126185,0.64278760967795,0.));
#10307=DIRECTION('ref_axis',(-0.454519477665971,-0.541675220424798,-0.707106781186547));
#10308=DIRECTION('',(0.766044443126185,-0.64278760967795,0.));
#10309=DIRECTION('center_axis',(0.766044443126185,-0.642787609677951,0.));
#10310=DIRECTION('ref_axis',(-0.642787609677951,-0.766044443126185,0.));
#10311=DIRECTION('center_axis',(-0.939692620787825,0.342020143320402,-3.47756127889667E-15));
#10312=DIRECTION('ref_axis',(0.342020143320402,0.939692620787825,-9.554521088705E-15));
#10313=DIRECTION('center_axis',(-0.766044443126224,-0.642787609677904,0.));
#10314=DIRECTION('ref_axis',(0.454519477665936,-0.541675220424824,-0.70710678118655));
#10315=DIRECTION('center_axis',(-0.766044443126224,-0.642787609677904,0.));
#10316=DIRECTION('ref_axis',(0.,0.,-1.));
#10317=DIRECTION('',(0.766044443126224,0.642787609677904,0.));
#10318=DIRECTION('center_axis',(0.939692620787837,0.342020143320369,3.16432198333225E-16));
#10319=DIRECTION('ref_axis',(0.342020143320369,-0.939692620787837,-8.69390319724175E-16));
#10320=DIRECTION('center_axis',(-1.,1.12396722331329E-15,0.));
#10321=DIRECTION('ref_axis',(0.,-0.707106781186547,-0.707106781186548));
#10322=DIRECTION('',(1.,-1.12396722331329E-15,0.));
#10323=DIRECTION('center_axis',(-0.766044443126046,0.642787609678116,0.));
#10324=DIRECTION('ref_axis',(-0.454519477666087,-0.541675220424699,-0.707106781186548));
#10325=DIRECTION('',(0.766044443126046,-0.642787609678116,0.));
#10326=DIRECTION('center_axis',(0.766044443126045,-0.642787609678117,0.));
#10327=DIRECTION('ref_axis',(-0.642787609678117,-0.766044443126045,0.));
#10328=DIRECTION('center_axis',(-0.939692620787789,0.342020143320503,-3.16432198333349E-16));
#10329=DIRECTION('ref_axis',(0.342020143320503,0.939692620787788,-8.69390319724137E-16));
#10330=DIRECTION('center_axis',(-0.766044443126343,-0.642787609677762,0.));
#10331=DIRECTION('ref_axis',(0.454519477665837,-0.541675220424908,-0.707106781186549));
#10332=DIRECTION('center_axis',(-0.766044443126342,-0.642787609677763,0.));
#10333=DIRECTION('ref_axis',(0.,0.,-1.));
#10334=DIRECTION('',(0.766044443126343,0.642787609677762,0.));
#10335=DIRECTION('center_axis',(0.939692620787869,0.342020143320282,-3.16432198333144E-16));
#10336=DIRECTION('ref_axis',(0.342020143320282,-0.939692620787869,8.69390319724203E-16));
#10337=DIRECTION('center_axis',(0.,0.,1.));
#10338=DIRECTION('ref_axis',(1.,0.,0.));
#10339=DIRECTION('center_axis',(0.,0.,-1.));
#10340=DIRECTION('ref_axis',(-1.,1.53142747957078E-15,0.));
#10341=DIRECTION('center_axis',(0.,0.,1.));
#10342=DIRECTION('ref_axis',(-1.,1.53142747957078E-15,0.));
#10343=DIRECTION('center_axis',(-1.,1.49862296441772E-15,0.));
#10344=DIRECTION('ref_axis',(0.,-0.707106781186547,-0.707106781186548));
#10345=DIRECTION('',(1.,-1.49862296441772E-15,0.));
#10346=DIRECTION('center_axis',(0.766044443126343,0.642787609677762,8.37086789959733E-17));
#10347=DIRECTION('ref_axis',(0.454519477665838,-0.541675220424911,0.707106781186545));
#10348=DIRECTION('',(-0.766044443126343,-0.642787609677762,-8.37086789959733E-17));
#10349=DIRECTION('center_axis',(-0.766044443126342,-0.642787609677763,0.));
#10350=DIRECTION('ref_axis',(0.642787609677763,-0.766044443126342,0.));
#10351=DIRECTION('center_axis',(0.939692620787868,0.342020143320285,0.));
#10352=DIRECTION('ref_axis',(-0.342020143320285,0.939692620787868,-3.19495567365863E-16));
#10353=DIRECTION('center_axis',(0.766044443126046,-0.642787609678116,8.37086789959407E-17));
#10354=DIRECTION('ref_axis',(-0.454519477666089,-0.5416752204247,0.707106781186546));
#10355=DIRECTION('center_axis',(0.766044443126047,-0.642787609678115,0.));
#10356=DIRECTION('ref_axis',(0.,0.,1.));
#10357=DIRECTION('',(-0.766044443126046,0.642787609678116,-8.37086789959407E-17));
#10358=DIRECTION('center_axis',(-0.939692620787789,0.342020143320503,0.));
#10359=DIRECTION('ref_axis',(-0.342020143320503,-0.939692620787788,-3.19495567365662E-16));
#10360=DIRECTION('center_axis',(1.,-1.49862296441772E-15,1.09273919740669E-16));
#10361=DIRECTION('ref_axis',(0.,-0.707106781186548,0.707106781186547));
#10362=DIRECTION('',(-1.,1.49862296441772E-15,-1.09273919740669E-16));
#10363=DIRECTION('center_axis',(0.766044443126224,0.642787609677904,8.37086789959602E-17));
#10364=DIRECTION('ref_axis',(0.454519477665938,-0.541675220424828,0.707106781186545));
#10365=DIRECTION('',(-0.766044443126224,-0.642787609677904,-8.37086789959602E-17));
#10366=DIRECTION('center_axis',(-0.766044443126224,-0.642787609677904,0.));
#10367=DIRECTION('ref_axis',(0.642787609677904,-0.766044443126224,0.));
#10368=DIRECTION('center_axis',(0.939692620787834,0.342020143320379,-1.10591624278189E-15));
#10369=DIRECTION('ref_axis',(-0.342020143320379,0.939692620787834,-3.35797547227032E-15));
#10370=DIRECTION('center_axis',(0.766044443126185,-0.64278760967795,8.3708678995956E-17));
#10371=DIRECTION('ref_axis',(-0.454519477665971,-0.541675220424799,0.707106781186546));
#10372=DIRECTION('center_axis',(0.766044443126185,-0.64278760967795,0.));
#10373=DIRECTION('ref_axis',(0.,0.,1.));
#10374=DIRECTION('',(-0.766044443126185,0.64278760967795,-8.3708678995956E-17));
#10375=DIRECTION('center_axis',(-0.939692620787825,0.342020143320402,2.37164503611485E-15));
#10376=DIRECTION('ref_axis',(-0.342020143320402,-0.939692620787825,-6.83553675116661E-15));
#10377=DIRECTION('center_axis',(1.,-1.12396722331329E-15,1.09273919740669E-16));
#10378=DIRECTION('ref_axis',(0.,-0.707106781186548,0.707106781186547));
#10379=DIRECTION('',(-1.,1.12396722331329E-15,-1.09273919740669E-16));
#10380=DIRECTION('center_axis',(0.766044443136364,0.64278760966582,8.37086789970683E-17));
#10381=DIRECTION('ref_axis',(0.454519477657394,-0.541675220431997,0.707106781186546));
#10382=DIRECTION('',(-0.766044443136364,-0.64278760966582,-8.37086789970682E-17));
#10383=DIRECTION('center_axis',(-0.766044443136364,-0.64278760966582,0.));
#10384=DIRECTION('ref_axis',(0.64278760966582,-0.766044443136364,0.));
#10385=DIRECTION('center_axis',(0.939692620779123,0.342020143344312,2.68807723449837E-15));
#10386=DIRECTION('ref_axis',(-0.342020143344312,0.939692620779123,7.0659359372096E-15));
#10387=DIRECTION('center_axis',(0.766044443116049,-0.64278760969003,8.37086789948484E-17));
#10388=DIRECTION('ref_axis',(-0.454519477674513,-0.541675220417632,0.707106781186546));
#10389=DIRECTION('center_axis',(0.766044443116049,-0.64278760969003,0.));
#10390=DIRECTION('ref_axis',(0.,0.,1.));
#10391=DIRECTION('',(-0.766044443116049,0.64278760969003,-8.37086789948484E-17));
#10392=DIRECTION('center_axis',(-0.939692620796538,0.342020143296463,1.73878063946446E-15));
#10393=DIRECTION('ref_axis',(-0.342020143296463,-0.939692620796538,-5.09675611111325E-15));
#10394=DIRECTION('center_axis',(1.,6.67205676545825E-11,1.09273919740669E-16));
#10395=DIRECTION('ref_axis',(4.71760447419186E-11,-0.707106781186548,0.707106781186547));
#10396=DIRECTION('',(-1.,-6.67205676545825E-11,-1.09273919740669E-16));
#10397=DIRECTION('center_axis',(0.766044443129264,0.642787609674281,8.37086789962924E-17));
#10398=DIRECTION('ref_axis',(0.454519477663376,-0.541675220426975,0.707106781186548));
#10399=DIRECTION('',(-0.766044443129264,-0.642787609674281,-8.37086789962924E-17));
#10400=DIRECTION('center_axis',(-0.766044443129263,-0.642787609674282,0.));
#10401=DIRECTION('ref_axis',(0.642787609674282,-0.766044443129263,0.));
#10402=DIRECTION('center_axis',(0.939692620793194,0.342020143305651,6.32864396639215E-16));
#10403=DIRECTION('ref_axis',(-0.342020143305651,0.939692620793194,1.41928507195812E-15));
#10404=DIRECTION('center_axis',(0.766044443121051,-0.642787609684068,8.3708678995395E-17));
#10405=DIRECTION('ref_axis',(-0.454519477670295,-0.541675220421168,0.707106781186548));
#10406=DIRECTION('center_axis',(0.766044443121051,-0.642787609684068,0.));
#10407=DIRECTION('ref_axis',(0.,0.,1.));
#10408=DIRECTION('',(-0.766044443121051,0.642787609684068,-8.3708678995395E-17));
#10409=DIRECTION('center_axis',(-0.939692620781909,0.342020143336657,-3.16432198348295E-16));
#10410=DIRECTION('ref_axis',(-0.342020143336657,-0.939692620781909,5.49894752416748E-16));
#10411=DIRECTION('center_axis',(1.,-2.66110479784304E-11,1.09273919740669E-16));
#10412=DIRECTION('ref_axis',(-1.88097076550316E-11,-0.707106781186547,0.707106781186548));
#10413=DIRECTION('',(-1.,2.66110479784304E-11,-1.09273919740669E-16));
#10414=DIRECTION('center_axis',(0.,0.,1.));
#10415=DIRECTION('ref_axis',(1.,0.,0.));
#10416=DIRECTION('center_axis',(0.,0.,-1.));
#10417=DIRECTION('ref_axis',(-1.,-2.44929359829471E-16,0.));
#10418=DIRECTION('center_axis',(0.,0.,1.));
#10419=DIRECTION('ref_axis',(-1.,-2.44929359829471E-16,0.));
#10420=DIRECTION('center_axis',(0.,0.,1.));
#10421=DIRECTION('ref_axis',(-1.,0.,0.));
#10422=DIRECTION('',(0.,0.,1.));
#10423=DIRECTION('center_axis',(1.09273919740669E-16,0.,-1.));
#10424=DIRECTION('ref_axis',(-1.,-3.88578058618805E-16,-1.04083408558608E-16));
#10425=DIRECTION('center_axis',(1.09273919740669E-16,0.,-1.));
#10426=DIRECTION('ref_axis',(-1.,0.,0.));
#10427=DIRECTION('center_axis',(-1.09273919740669E-16,0.,1.));
#10428=DIRECTION('ref_axis',(-1.,-3.88578058618805E-16,-1.09273919740669E-16));
#10429=DIRECTION('center_axis',(0.,0.,1.));
#10430=DIRECTION('ref_axis',(1.,0.,0.));
#10431=DIRECTION('center_axis',(0.,0.,-1.));
#10432=DIRECTION('ref_axis',(-1.,-2.44929359829471E-16,0.));
#10433=DIRECTION('center_axis',(0.,0.,1.));
#10434=DIRECTION('ref_axis',(-1.,-2.44929359829471E-16,0.));
#10435=DIRECTION('center_axis',(0.,0.,1.));
#10436=DIRECTION('ref_axis',(-1.,0.,0.));
#10437=DIRECTION('',(0.,0.,1.));
#10438=DIRECTION('center_axis',(1.09273919740669E-16,0.,-1.));
#10439=DIRECTION('ref_axis',(-1.,3.88578058618805E-16,-1.04083408558608E-16));
#10440=DIRECTION('center_axis',(1.09273919740669E-16,0.,-1.));
#10441=DIRECTION('ref_axis',(-1.,0.,0.));
#10442=DIRECTION('center_axis',(-1.09273919740669E-16,0.,1.));
#10443=DIRECTION('ref_axis',(-1.,3.88578058618805E-16,-1.09273919740669E-16));
#10444=DIRECTION('center_axis',(0.,0.,1.));
#10445=DIRECTION('ref_axis',(-1.,0.,0.));
#10446=DIRECTION('',(0.,0.,1.));
#10447=DIRECTION('center_axis',(1.09273919740669E-16,0.,-1.));
#10448=DIRECTION('ref_axis',(-1.,1.33226762955019E-15,-1.04083408558608E-16));
#10449=DIRECTION('center_axis',(1.09273919740669E-16,0.,-1.));
#10450=DIRECTION('ref_axis',(-1.,0.,0.));
#10451=DIRECTION('center_axis',(-1.09273919740669E-16,0.,1.));
#10452=DIRECTION('ref_axis',(-1.,1.33226762955019E-15,-1.09273919740669E-16));
#10453=DIRECTION('center_axis',(-1.09273919740669E-16,0.,1.));
#10454=DIRECTION('ref_axis',(1.,0.,1.09273919740669E-16));
#10455=DIRECTION('',(-1.,0.,-1.09273919740669E-16));
#10456=DIRECTION('',(0.,-1.,0.));
#10457=DIRECTION('',(1.,0.,1.09273919740669E-16));
#10458=DIRECTION('center_axis',(-1.09273919740669E-16,0.,1.));
#10459=DIRECTION('ref_axis',(1.,0.,1.09273919740669E-16));
#10460=DIRECTION('',(-1.,0.,-1.09273919740669E-16));
#10461=DIRECTION('',(0.,-1.,0.));
#10462=DIRECTION('',(1.,0.,1.09273919740669E-16));
#10463=DIRECTION('center_axis',(-1.09273919740669E-16,0.,1.));
#10464=DIRECTION('ref_axis',(1.,0.,1.09273919740669E-16));
#10465=DIRECTION('',(-1.,0.,-1.09273919740669E-16));
#10466=DIRECTION('',(0.,-1.,0.));
#10467=DIRECTION('',(1.,0.,1.09273919740669E-16));
#10468=DIRECTION('center_axis',(1.,9.25185817090716E-16,1.09273919740669E-16));
#10469=DIRECTION('ref_axis',(1.09273919740669E-16,0.,-1.));
#10470=DIRECTION('',(-9.25185817090716E-16,1.,0.));
#10471=DIRECTION('',(-1.09273919740669E-16,0.,1.));
#10472=DIRECTION('',(-9.25185817090716E-16,1.,-1.01098680721976E-31));
#10473=DIRECTION('',(-1.09273919740669E-16,0.,1.));
#10474=DIRECTION('center_axis',(0.,-1.,0.));
#10475=DIRECTION('ref_axis',(0.,0.,-1.));
#10476=DIRECTION('',(1.,0.,0.));
#10477=DIRECTION('',(-1.09273919740669E-16,0.,1.));
#10478=DIRECTION('',(1.,0.,1.09273919740669E-16));
#10479=DIRECTION('center_axis',(-1.,-9.81952797309346E-16,-1.09273919740669E-16));
#10480=DIRECTION('ref_axis',(-1.09273919740669E-16,0.,1.));
#10481=DIRECTION('',(9.81952797309346E-16,-1.,0.));
#10482=DIRECTION('',(-1.09273919740669E-16,0.,1.));
#10483=DIRECTION('',(9.81952797309346E-16,-1.,1.07301831162307E-31));
#10484=DIRECTION('center_axis',(0.,-1.,0.));
#10485=DIRECTION('ref_axis',(0.,0.,-1.));
#10486=DIRECTION('',(1.,0.,0.));
#10487=DIRECTION('',(-1.09273919740669E-16,0.,1.));
#10488=DIRECTION('',(1.,0.,1.09273919740669E-16));
#10489=DIRECTION('center_axis',(-1.,-1.50285067486329E-15,-1.09273919740669E-16));
#10490=DIRECTION('ref_axis',(-1.09273919740669E-16,0.,1.));
#10491=DIRECTION('',(1.50285067486329E-15,-1.,0.));
#10492=DIRECTION('',(-1.09273919740669E-16,0.,1.));
#10493=DIRECTION('',(1.50285067486329E-15,-1.,1.64222384027221E-31));
#10494=DIRECTION('center_axis',(0.,1.,0.));
#10495=DIRECTION('ref_axis',(0.,0.,1.));
#10496=DIRECTION('',(-1.,0.,0.));
#10497=DIRECTION('',(-1.,0.,-1.09273919740669E-16));
#10498=DIRECTION('center_axis',(-1.09273919740669E-16,0.,1.));
#10499=DIRECTION('ref_axis',(1.,0.,1.09273919740669E-16));
#10500=DIRECTION('center_axis',(1.,0.,1.09273919740669E-16));
#10501=DIRECTION('ref_axis',(1.09273919740669E-16,0.,-1.));
#10502=DIRECTION('',(0.,1.,0.));
#10503=DIRECTION('',(-1.09273919740669E-16,0.,1.));
#10504=DIRECTION('',(0.,1.,0.));
#10505=DIRECTION('',(-1.09273919740669E-16,0.,1.));
#10506=DIRECTION('center_axis',(-4.84400927553788E-16,-1.,-5.29323880798181E-32));
#10507=DIRECTION('ref_axis',(0.,5.29323880798181E-32,-1.));
#10508=DIRECTION('',(1.,-4.84400927553788E-16,0.));
#10509=DIRECTION('',(-1.09273919740669E-16,0.,1.));
#10510=DIRECTION('',(1.,-4.84400927553788E-16,1.09273919740669E-16));
#10511=DIRECTION('center_axis',(-1.,0.,-1.09273919740669E-16));
#10512=DIRECTION('ref_axis',(-1.09273919740669E-16,0.,1.));
#10513=DIRECTION('',(0.,-1.,0.));
#10514=DIRECTION('',(-1.09273919740669E-16,0.,1.));
#10515=DIRECTION('',(0.,-1.,0.));
#10516=DIRECTION('center_axis',(8.15833223497213E-16,1.,8.91492941862055E-32));
#10517=DIRECTION('ref_axis',(0.,-8.91492941862055E-32,1.));
#10518=DIRECTION('',(-1.,8.15833223497213E-16,0.));
#10519=DIRECTION('',(-1.09273919740669E-16,0.,1.));
#10520=DIRECTION('',(-1.,8.15833223497213E-16,-1.09273919740669E-16));
#10521=DIRECTION('center_axis',(-1.,0.,-1.09273919740669E-16));
#10522=DIRECTION('ref_axis',(-1.09273919740669E-16,0.,1.));
#10523=DIRECTION('',(0.,-1.,0.));
#10524=DIRECTION('',(-1.09273919740669E-16,0.,1.));
#10525=DIRECTION('',(0.,-1.,0.));
#10526=DIRECTION('center_axis',(-9.55156719635124E-16,-1.,-1.04373718721169E-31));
#10527=DIRECTION('ref_axis',(0.,1.04373718721169E-31,-1.));
#10528=DIRECTION('',(1.,-9.55156719635124E-16,0.));
#10529=DIRECTION('',(-1.09273919740669E-16,0.,1.));
#10530=DIRECTION('',(1.,-9.55156719635124E-16,1.09273919740669E-16));
#10531=DIRECTION('center_axis',(-1.,0.,-1.09273919740669E-16));
#10532=DIRECTION('ref_axis',(-1.09273919740669E-16,0.,1.));
#10533=DIRECTION('',(0.,-1.,0.));
#10534=DIRECTION('',(-1.09273919740669E-16,0.,1.));
#10535=DIRECTION('',(0.,-1.,0.));
#10536=DIRECTION('center_axis',(4.77578359817562E-16,1.,5.21868593605844E-32));
#10537=DIRECTION('ref_axis',(0.,-5.21868593605844E-32,1.));
#10538=DIRECTION('',(-1.,4.77578359817562E-16,0.));
#10539=DIRECTION('',(-1.09273919740669E-16,0.,1.));
#10540=DIRECTION('',(-1.,4.77578359817562E-16,-1.09273919740669E-16));
#10541=DIRECTION('center_axis',(-1.,0.,-1.09273919740669E-16));
#10542=DIRECTION('ref_axis',(-1.09273919740669E-16,0.,1.));
#10543=DIRECTION('',(0.,-1.,0.));
#10544=DIRECTION('',(-1.09273919740669E-16,0.,1.));
#10545=DIRECTION('',(0.,-1.,0.));
#10546=DIRECTION('center_axis',(5.96185669031338E-16,1.,6.51475449482673E-32));
#10547=DIRECTION('ref_axis',(0.,-6.51475449482673E-32,1.));
#10548=DIRECTION('',(-1.,5.96185669031338E-16,0.));
#10549=DIRECTION('',(-1.,5.96185669031338E-16,-1.09273919740669E-16));
#10550=DIRECTION('center_axis',(-1.09273919740669E-16,0.,1.));
#10551=DIRECTION('ref_axis',(1.,0.,1.09273919740669E-16));
#10552=DIRECTION('center_axis',(-1.,0.,-1.09273919740669E-16));
#10553=DIRECTION('ref_axis',(-1.09273919740669E-16,0.,1.));
#10554=DIRECTION('',(0.,-1.,0.));
#10555=DIRECTION('',(-1.09273919740669E-16,0.,1.));
#10556=DIRECTION('',(-1.09273919740669E-16,0.,1.));
#10557=DIRECTION('center_axis',(0.,-1.,0.));
#10558=DIRECTION('ref_axis',(0.,0.,-1.));
#10559=DIRECTION('',(1.,0.,0.));
#10560=DIRECTION('',(-1.09273919740669E-16,0.,1.));
#10561=DIRECTION('',(-1.09273919740669E-16,0.,1.));
#10562=DIRECTION('',(-1.09273919740669E-16,0.,1.));
#10563=DIRECTION('',(-1.09273919740669E-16,0.,1.));
#10564=DIRECTION('',(-1.09273919740669E-16,0.,1.));
#10565=DIRECTION('',(-1.09273919740669E-16,0.,1.));
#10566=DIRECTION('center_axis',(0.,1.,0.));
#10567=DIRECTION('ref_axis',(0.,0.,1.));
#10568=DIRECTION('',(-1.,0.,0.));
#10569=DIRECTION('center_axis',(0.,1.,0.));
#10570=DIRECTION('ref_axis',(0.,0.,1.));
#10571=DIRECTION('',(-1.,0.,0.));
#10572=DIRECTION('',(-1.09273919740669E-16,0.,1.));
#10573=DIRECTION('',(-1.,0.,-1.09273919740669E-16));
#10574=DIRECTION('',(-1.09273919740669E-16,0.,1.));
#10575=DIRECTION('center_axis',(1.,-1.48029730734515E-15,1.09273919740669E-16));
#10576=DIRECTION('ref_axis',(1.09273919740669E-16,0.,-1.));
#10577=DIRECTION('',(1.48029730734515E-15,1.,0.));
#10578=DIRECTION('',(-1.09273919740669E-16,0.,1.));
#10579=DIRECTION('',(1.48029730734515E-15,1.,1.61757889155161E-31));
#10580=DIRECTION('center_axis',(0.,-1.,0.));
#10581=DIRECTION('ref_axis',(0.,0.,-1.));
#10582=DIRECTION('',(1.,0.,0.));
#10583=DIRECTION('',(-1.09273919740669E-16,0.,1.));
#10584=DIRECTION('',(1.,0.,1.09273919740669E-16));
#10585=DIRECTION('',(-1.09273919740669E-16,0.,1.));
#10586=DIRECTION('',(-1.09273919740669E-16,0.,1.));
#10587=DIRECTION('',(-1.09273919740669E-16,0.,1.));
#10588=DIRECTION('',(-1.09273919740669E-16,0.,1.));
#10589=DIRECTION('',(-1.09273919740669E-16,0.,1.));
#10590=DIRECTION('',(-1.09273919740669E-16,0.,1.));
#10591=DIRECTION('',(-1.09273919740669E-16,0.,1.));
#10592=DIRECTION('',(-1.09273919740669E-16,0.,1.));
#10593=DIRECTION('',(-1.09273919740669E-16,0.,1.));
#10594=DIRECTION('center_axis',(-0.888514170892018,-0.458849177970354,-9.70914261985012E-17));
#10595=DIRECTION('ref_axis',(-1.09273919740669E-16,0.,1.));
#10596=DIRECTION('',(0.458849177970354,-0.888514170892018,0.));
#10597=DIRECTION('',(-1.09273919740669E-16,0.,1.));
#10598=DIRECTION('',(0.458849177970354,-0.888514170892018,5.01402482466043E-17));
#10599=DIRECTION('center_axis',(0.,1.,0.));
#10600=DIRECTION('ref_axis',(0.,0.,1.));
#10601=DIRECTION('',(-1.,0.,0.));
#10602=DIRECTION('',(-1.09273919740669E-16,0.,1.));
#10603=DIRECTION('',(-1.,0.,-1.09273919740669E-16));
#10604=DIRECTION('center_axis',(0.879724154966168,0.475484396346569,9.61309067037006E-17));
#10605=DIRECTION('ref_axis',(1.09273919740669E-16,0.,-1.));
#10606=DIRECTION('',(-0.475484396346569,0.879724154966168,0.));
#10607=DIRECTION('',(-1.09273919740669E-16,0.,1.));
#10608=DIRECTION('',(-0.475484396346569,0.879724154966168,-5.19580437643153E-17));
#10609=DIRECTION('',(-1.09273919740669E-16,0.,1.));
#10610=DIRECTION('',(-1.09273919740669E-16,0.,1.));
#10611=DIRECTION('center_axis',(0.,1.,0.));
#10612=DIRECTION('ref_axis',(0.,0.,1.));
#10613=DIRECTION('',(-1.,0.,0.));
#10614=DIRECTION('',(-1.09273919740669E-16,0.,1.));
#10615=DIRECTION('',(-1.,0.,-1.09273919740669E-16));
#10616=DIRECTION('center_axis',(-1.,1.82362682958515E-15,-1.09273919740669E-16));
#10617=DIRECTION('ref_axis',(-1.09273919740669E-16,0.,1.));
#10618=DIRECTION('',(-1.82362682958515E-15,-1.,0.));
#10619=DIRECTION('',(-1.82362682958515E-15,-1.,-1.99274851813018E-31));
#10620=DIRECTION('center_axis',(-1.09273919740669E-16,0.,1.));
#10621=DIRECTION('ref_axis',(1.,0.,1.09273919740669E-16));
#10622=DIRECTION('center_axis',(-1.,0.,-1.09273919740669E-16));
#10623=DIRECTION('ref_axis',(-1.09273919740669E-16,0.,1.));
#10624=DIRECTION('',(0.,-1.,0.));
#10625=DIRECTION('',(-1.09273919740669E-16,0.,1.));
#10626=DIRECTION('',(-1.09273919740669E-16,0.,1.));
#10627=DIRECTION('center_axis',(0.,-1.,0.));
#10628=DIRECTION('ref_axis',(0.,0.,-1.));
#10629=DIRECTION('',(1.,0.,0.));
#10630=DIRECTION('',(-1.09273919740669E-16,0.,1.));
#10631=DIRECTION('',(-1.09273919740669E-16,0.,1.));
#10632=DIRECTION('',(-1.09273919740669E-16,0.,1.));
#10633=DIRECTION('',(-1.09273919740669E-16,0.,1.));
#10634=DIRECTION('',(-1.09273919740669E-16,0.,1.));
#10635=DIRECTION('center_axis',(0.,1.,0.));
#10636=DIRECTION('ref_axis',(0.,0.,1.));
#10637=DIRECTION('',(-1.,0.,0.));
#10638=DIRECTION('center_axis',(-1.,0.,-1.09273919740669E-16));
#10639=DIRECTION('ref_axis',(-1.09273919740669E-16,0.,1.));
#10640=DIRECTION('',(0.,-1.,0.));
#10641=DIRECTION('',(-1.09273919740669E-16,0.,1.));
#10642=DIRECTION('',(-1.09273919740669E-16,0.,1.));
#10643=DIRECTION('center_axis',(0.,-1.,0.));
#10644=DIRECTION('ref_axis',(0.,0.,-1.));
#10645=DIRECTION('',(1.,0.,0.));
#10646=DIRECTION('',(-1.09273919740669E-16,0.,1.));
#10647=DIRECTION('',(-1.09273919740669E-16,0.,1.));
#10648=DIRECTION('',(-1.09273919740669E-16,0.,1.));
#10649=DIRECTION('',(-1.09273919740669E-16,0.,1.));
#10650=DIRECTION('',(-1.09273919740669E-16,0.,1.));
#10651=DIRECTION('center_axis',(0.,1.,0.));
#10652=DIRECTION('ref_axis',(0.,0.,1.));
#10653=DIRECTION('',(-1.,0.,0.));
#10654=DIRECTION('center_axis',(1.,3.70074326836286E-16,1.09273919740669E-16));
#10655=DIRECTION('ref_axis',(1.09273919740669E-16,0.,-1.));
#10656=DIRECTION('',(-3.70074326836286E-16,1.,0.));
#10657=DIRECTION('',(-1.09273919740669E-16,0.,1.));
#10658=DIRECTION('',(-3.70074326836286E-16,1.,-4.04394722887903E-32));
#10659=DIRECTION('',(-1.09273919740669E-16,0.,1.));
#10660=DIRECTION('center_axis',(0.,-1.,0.));
#10661=DIRECTION('ref_axis',(0.,0.,-1.));
#10662=DIRECTION('',(1.,0.,0.));
#10663=DIRECTION('',(-1.09273919740669E-16,0.,1.));
#10664=DIRECTION('',(1.,0.,1.09273919740669E-16));
#10665=DIRECTION('',(-1.09273919740669E-16,0.,1.));
#10666=DIRECTION('',(-1.09273919740669E-16,0.,1.));
#10667=DIRECTION('',(-1.09273919740669E-16,0.,1.));
#10668=DIRECTION('',(-1.09273919740669E-16,0.,1.));
#10669=DIRECTION('',(-1.09273919740669E-16,0.,1.));
#10670=DIRECTION('',(-1.09273919740669E-16,0.,1.));
#10671=DIRECTION('',(-1.09273919740669E-16,0.,1.));
#10672=DIRECTION('',(-1.09273919740669E-16,0.,1.));
#10673=DIRECTION('',(-1.09273919740669E-16,0.,1.));
#10674=DIRECTION('',(-1.09273919740669E-16,0.,1.));
#10675=DIRECTION('center_axis',(0.,1.,0.));
#10676=DIRECTION('ref_axis',(0.,0.,1.));
#10677=DIRECTION('',(-1.,0.,0.));
#10678=DIRECTION('',(-1.,0.,-1.09273919740669E-16));
#10679=DIRECTION('center_axis',(-1.09273919740669E-16,0.,1.));
#10680=DIRECTION('ref_axis',(1.,0.,1.09273919740669E-16));
#10681=DIRECTION('center_axis',(-6.04989177020976E-11,-1.,0.));
#10682=DIRECTION('ref_axis',(1.,-6.04989206742538E-11,0.));
#10683=DIRECTION('',(-6.04989177020976E-11,-1.,0.));
#10684=DIRECTION('center_axis',(0.,1.,0.));
#10685=DIRECTION('ref_axis',(-1.,6.04989206742538E-11,0.));
#10686=DIRECTION('center_axis',(0.,1.,0.));
#10687=DIRECTION('ref_axis',(-1.,6.04989206742538E-11,0.));
#10688=DIRECTION('center_axis',(0.,-1.,0.));
#10689=DIRECTION('ref_axis',(-1.,2.81632906542413E-11,0.));
#10690=DIRECTION('',(0.707106779437235,-0.70710678293586,-8.65956054093203E-17));
#10691=DIRECTION('center_axis',(0.,-1.,0.));
#10692=DIRECTION('ref_axis',(-1.,0.,0.));
#10693=DIRECTION('center_axis',(0.,1.,0.));
#10694=DIRECTION('ref_axis',(0.,0.,1.));
#10695=DIRECTION('',(-1.,0.,0.));
#10696=DIRECTION('',(0.,0.,-1.));
#10697=DIRECTION('',(1.,0.,1.09273919740669E-16));
#10698=DIRECTION('center_axis',(0.,1.,0.));
#10699=DIRECTION('ref_axis',(-0.707106781186548,0.,0.707106781186547));
#10700=DIRECTION('',(0.,0.,1.));
#10701=DIRECTION('center_axis',(0.,1.,0.));
#10702=DIRECTION('ref_axis',(-0.707106781186548,0.,-0.707106781186547));
#10703=DIRECTION('center_axis',(0.,0.,-1.));
#10704=DIRECTION('ref_axis',(-1.,0.,0.));
#10705=DIRECTION('center_axis',(0.,0.,-1.));
#10706=DIRECTION('ref_axis',(1.,1.01064309961486E-15,0.));
#10707=DIRECTION('',(1.,0.,0.));
#10708=DIRECTION('center_axis',(0.,0.,-1.));
#10709=DIRECTION('ref_axis',(1.,1.01064309961486E-15,0.));
#10710=DIRECTION('',(1.,0.,0.));
#10711=DIRECTION('center_axis',(0.,0.,-1.));
#10712=DIRECTION('ref_axis',(1.,-3.21624529935327E-16,0.));
#10713=DIRECTION('',(1.,0.,0.));
#10714=DIRECTION('center_axis',(0.,0.,-1.));
#10715=DIRECTION('ref_axis',(1.,-1.20980294963545E-15,0.));
#10716=DIRECTION('center_axis',(0.,0.,-1.));
#10717=DIRECTION('ref_axis',(-1.,-2.02128619922972E-15,0.));
#10718=DIRECTION('',(1.,0.,0.));
#10719=DIRECTION('',(1.,0.,0.));
#10720=DIRECTION('center_axis',(0.,0.,1.));
#10721=DIRECTION('ref_axis',(1.,0.,0.));
#10722=DIRECTION('center_axis',(0.,0.,1.));
#10723=DIRECTION('ref_axis',(-1.,-2.02128619922972E-15,0.));
#10724=DIRECTION('center_axis',(0.,0.,1.));
#10725=DIRECTION('ref_axis',(-1.,0.,0.));
#10726=DIRECTION('',(0.,0.,1.));
#10727=DIRECTION('center_axis',(1.09273919740669E-16,0.,-1.));
#10728=DIRECTION('ref_axis',(-1.,-8.88178419700125E-16,-1.04083408558608E-16));
#10729=DIRECTION('center_axis',(1.09273919740669E-16,0.,-1.));
#10730=DIRECTION('ref_axis',(-1.,0.,0.));
#10731=DIRECTION('center_axis',(-1.09273919740669E-16,0.,1.));
#10732=DIRECTION('ref_axis',(-1.,-8.88178419700125E-16,-1.09273919740669E-16));
#10733=DIRECTION('',(-0.00907929524789895,-0.707019352539536,-0.707135914469331));
#10734=DIRECTION('',(0.,0.707106781186545,0.70710678118655));
#10735=DIRECTION('',(0.,-0.707106781186547,0.707106781186548));
#10736=DIRECTION('',(0.00907929524789895,0.707019352539536,-0.707135914469331));
#10737=DIRECTION('center_axis',(-7.72683296554611E-17,-0.70710678118655,
0.707106781186545));
#10738=DIRECTION('ref_axis',(1.,0.,1.09273919740669E-16));
#10739=DIRECTION('',(-1.,0.,-1.09273919740669E-16));
#10740=DIRECTION('',(0.,0.707106781186545,0.70710678118655));
#10741=DIRECTION('center_axis',(0.,1.,0.));
#10742=DIRECTION('ref_axis',(-0.707106781186548,0.,0.707106781186547));
#10743=DIRECTION('',(-0.707106781186548,0.707106781186547,3.92523114670943E-15));
#10744=DIRECTION('center_axis',(-0.707106781186547,-0.707106781186548,0.));
#10745=DIRECTION('ref_axis',(0.,0.,1.));
#10746=DIRECTION('',(-0.707106781186548,0.707106781186547,0.));
#10747=DIRECTION('center_axis',(0.,1.,0.));
#10748=DIRECTION('ref_axis',(-0.707106781186548,0.,-0.707106781186547));
#10749=DIRECTION('',(0.,0.707106781186547,-0.707106781186548));
#10750=DIRECTION('center_axis',(0.,-0.707106781186548,-0.707106781186547));
#10751=DIRECTION('ref_axis',(-1.,0.,0.));
#10752=DIRECTION('',(0.724568837309471,0.689202437604513,0.));
#10753=DIRECTION('center_axis',(0.689202437604513,-0.72456883730947,0.));
#10754=DIRECTION('ref_axis',(0.,0.,-1.));
#10755=DIRECTION('',(0.724568837309467,0.689202437604516,0.));
#10756=DIRECTION('center_axis',(0.,1.,0.));
#10757=DIRECTION('ref_axis',(0.,0.,1.));
#10758=DIRECTION('',(1.,0.,1.09273919740669E-16));
#10759=DIRECTION('',(0.,0.,1.));
#10760=DIRECTION('',(-1.,0.,0.));
#10761=DIRECTION('',(0.,0.,-1.));
#10762=DIRECTION('center_axis',(1.09273919740669E-16,0.,-1.));
#10763=DIRECTION('ref_axis',(-1.,0.,0.));
#10764=DIRECTION('center_axis',(-1.09273919740669E-16,0.,1.));
#10765=DIRECTION('ref_axis',(1.,-1.45473230946492E-15,1.09273919740669E-16));
#10766=DIRECTION('center_axis',(1.09273919740669E-16,0.,-1.));
#10767=DIRECTION('ref_axis',(1.,-1.45473230946492E-15,1.04083408558608E-16));
#10768=DIRECTION('center_axis',(0.,0.,1.));
#10769=DIRECTION('ref_axis',(-1.,0.,0.));
#10770=DIRECTION('',(0.,0.,-1.));
#10771=DIRECTION('center_axis',(0.,0.,1.));
#10772=DIRECTION('ref_axis',(1.,-1.20980294963545E-15,0.));
#10773=DIRECTION('center_axis',(0.,0.,1.));
#10774=DIRECTION('ref_axis',(1.,0.,0.));
#10775=DIRECTION('',(-0.00907929524789506,-0.70701935253953,-0.707135914469337));
#10776=DIRECTION('',(0.,0.707106781186549,0.707106781186546));
#10777=DIRECTION('',(0.,-0.707106781186547,-0.707106781186548));
#10778=DIRECTION('',(-0.00907929524789895,0.707019352539536,0.707135914469331));
#10779=DIRECTION('center_axis',(-7.72683296554613E-17,-0.707106781186548,
0.707106781186547));
#10780=DIRECTION('ref_axis',(1.,0.,1.09273919740669E-16));
#10781=DIRECTION('',(-1.,0.,-1.09273919740669E-16));
#10782=DIRECTION('',(0.00907929524789895,-0.707019352539536,0.707135914469331));
#10783=DIRECTION('',(0.,0.707106781186547,-0.707106781186548));
#10784=DIRECTION('',(-0.724568837309471,0.689202437604513,0.));
#10785=DIRECTION('center_axis',(-0.689202437604513,-0.72456883730947,0.));
#10786=DIRECTION('ref_axis',(0.,0.,1.));
#10787=DIRECTION('',(-0.724568837309467,0.689202437604516,0.));
#10788=DIRECTION('',(0.,-0.707106781186547,0.707106781186548));
#10789=DIRECTION('',(0.00907929524789116,0.707019352539532,-0.707135914469335));
#10790=DIRECTION('center_axis',(0.,-0.707106781186548,-0.707106781186547));
#10791=DIRECTION('ref_axis',(-1.,0.,0.));
#10792=DIRECTION('',(0.724568837309472,0.689202437604511,0.));
#10793=DIRECTION('center_axis',(0.689202437604511,-0.724568837309472,0.));
#10794=DIRECTION('ref_axis',(0.,0.,-1.));
#10795=DIRECTION('',(0.72456883730947,0.689202437604513,0.));
#10796=DIRECTION('center_axis',(0.,1.,0.));
#10797=DIRECTION('ref_axis',(0.,0.,1.));
#10798=DIRECTION('',(1.,0.,1.09273919740669E-16));
#10799=DIRECTION('',(0.,0.,1.));
#10800=DIRECTION('',(-1.,0.,0.));
#10801=DIRECTION('',(0.,0.,-1.));
#10802=DIRECTION('center_axis',(1.09273919740669E-16,0.,-1.));
#10803=DIRECTION('ref_axis',(-1.,0.,0.));
#10804=DIRECTION('center_axis',(-1.09273919740669E-16,0.,1.));
#10805=DIRECTION('ref_axis',(1.,-1.01064309961486E-15,1.09273919740669E-16));
#10806=DIRECTION('center_axis',(1.09273919740669E-16,0.,-1.));
#10807=DIRECTION('ref_axis',(1.,-1.01064309961486E-15,1.04083408558608E-16));
#10808=DIRECTION('center_axis',(0.,0.,1.));
#10809=DIRECTION('ref_axis',(-1.,0.,0.));
#10810=DIRECTION('',(0.,0.,-1.));
#10811=DIRECTION('center_axis',(0.,0.,1.));
#10812=DIRECTION('ref_axis',(1.,-3.21624529935327E-16,0.));
#10813=DIRECTION('center_axis',(0.,0.,1.));
#10814=DIRECTION('ref_axis',(1.,0.,0.));
#10815=DIRECTION('',(-0.00907929524789512,-0.707019352539525,-0.707135914469342));
#10816=DIRECTION('',(0.,0.707106781186545,0.70710678118655));
#10817=DIRECTION('',(0.,-0.707106781186545,-0.70710678118655));
#10818=DIRECTION('',(-0.00907929524789506,0.70701935253953,0.707135914469337));
#10819=DIRECTION('center_axis',(-7.72683296554613E-17,-0.707106781186548,
0.707106781186547));
#10820=DIRECTION('ref_axis',(1.,0.,1.09273919740669E-16));
#10821=DIRECTION('',(-1.,0.,-1.09273919740669E-16));
#10822=DIRECTION('',(0.00907929524789604,-0.70701935253953,0.707135914469337));
#10823=DIRECTION('',(0.,0.707106781186547,-0.707106781186548));
#10824=DIRECTION('',(-0.724568837309472,0.689202437604511,0.));
#10825=DIRECTION('center_axis',(-0.689202437604511,-0.724568837309472,0.));
#10826=DIRECTION('ref_axis',(0.,0.,1.));
#10827=DIRECTION('',(-0.72456883730947,0.689202437604513,0.));
#10828=DIRECTION('',(0.,-0.707106781186547,0.707106781186548));
#10829=DIRECTION('',(0.00907929524789512,0.707019352539525,-0.707135914469342));
#10830=DIRECTION('center_axis',(0.,-0.707106781186548,-0.707106781186547));
#10831=DIRECTION('ref_axis',(-1.,0.,0.));
#10832=DIRECTION('',(0.724568837309472,0.689202437604511,0.));
#10833=DIRECTION('center_axis',(0.689202437604511,-0.724568837309472,0.));
#10834=DIRECTION('ref_axis',(0.,0.,-1.));
#10835=DIRECTION('',(0.724568837309474,0.689202437604509,0.));
#10836=DIRECTION('center_axis',(0.,1.,0.));
#10837=DIRECTION('ref_axis',(0.,0.,1.));
#10838=DIRECTION('',(1.,0.,1.09273919740669E-16));
#10839=DIRECTION('',(0.,0.,1.));
#10840=DIRECTION('',(-1.,0.,0.));
#10841=DIRECTION('',(0.,0.,-1.));
#10842=DIRECTION('center_axis',(1.09273919740669E-16,0.,-1.));
#10843=DIRECTION('ref_axis',(-1.,0.,0.));
#10844=DIRECTION('center_axis',(-1.09273919740669E-16,0.,1.));
#10845=DIRECTION('ref_axis',(1.,-1.22464679914735E-16,1.09273919740669E-16));
#10846=DIRECTION('center_axis',(1.09273919740669E-16,0.,-1.));
#10847=DIRECTION('ref_axis',(1.,-1.22464679914735E-16,1.04083408558608E-16));
#10848=DIRECTION('center_axis',(0.,0.,1.));
#10849=DIRECTION('ref_axis',(-1.,0.,0.));
#10850=DIRECTION('',(0.,0.,-1.));
#10851=DIRECTION('center_axis',(0.,0.,1.));
#10852=DIRECTION('ref_axis',(1.,1.01064309961486E-15,0.));
#10853=DIRECTION('center_axis',(0.,0.,1.));
#10854=DIRECTION('ref_axis',(1.,0.,0.));
#10855=DIRECTION('',(-0.00907929524789912,-0.707019352539523,-0.707135914469344));
#10856=DIRECTION('',(0.,0.707106781186547,0.707106781186548));
#10857=DIRECTION('',(0.,-0.707106781186547,-0.707106781186548));
#10858=DIRECTION('',(-0.00907929524789512,0.707019352539525,0.707135914469342));
#10859=DIRECTION('center_axis',(-7.72683296554613E-17,-0.707106781186548,
0.707106781186547));
#10860=DIRECTION('ref_axis',(1.,0.,1.09273919740669E-16));
#10861=DIRECTION('',(-1.,0.,-1.09273919740669E-16));
#10862=DIRECTION('',(0.00907929524789904,-0.707019352539525,0.707135914469342));
#10863=DIRECTION('',(0.,0.707106781186547,-0.707106781186548));
#10864=DIRECTION('',(-0.724568837309474,0.689202437604509,0.));
#10865=DIRECTION('center_axis',(-0.689202437604509,-0.724568837309474,0.));
#10866=DIRECTION('ref_axis',(0.,0.,1.));
#10867=DIRECTION('',(-0.724568837309474,0.689202437604509,0.));
#10868=DIRECTION('',(0.,-0.707106781186547,0.707106781186548));
#10869=DIRECTION('',(0.0090792952478991,0.707019352539521,-0.707135914469346));
#10870=DIRECTION('center_axis',(0.,-0.707106781186548,-0.707106781186547));
#10871=DIRECTION('ref_axis',(-1.,0.,0.));
#10872=DIRECTION('center_axis',(0.689202437604509,-0.724568837309474,0.));
#10873=DIRECTION('ref_axis',(0.,0.,-1.));
#10874=DIRECTION('',(-0.72456883730948,-0.689202437604503,0.));
#10875=DIRECTION('',(0.724568837309481,0.689202437604502,0.));
#10876=DIRECTION('center_axis',(3.58136459547831E-16,-1.,0.));
#10877=DIRECTION('ref_axis',(1.,3.58509518185313E-16,0.));
#10878=DIRECTION('',(3.58136459547831E-16,-1.,0.));
#10879=DIRECTION('center_axis',(0.,1.,0.));
#10880=DIRECTION('ref_axis',(-1.,-3.58509518185313E-16,0.));
#10881=DIRECTION('center_axis',(0.,1.,0.));
#10882=DIRECTION('ref_axis',(-1.,-3.58509518185313E-16,0.));
#10883=DIRECTION('center_axis',(0.,-1.,0.));
#10884=DIRECTION('ref_axis',(-1.,-1.66892361857471E-16,0.));
#10885=DIRECTION('',(0.707106782287938,-0.707106780085157,-8.65956057584307E-17));
#10886=DIRECTION('center_axis',(0.,-1.,0.));
#10887=DIRECTION('ref_axis',(-1.,0.,0.));
#10888=DIRECTION('center_axis',(0.,1.,0.));
#10889=DIRECTION('ref_axis',(0.,0.,1.));
#10890=DIRECTION('',(1.,0.,1.09273919740669E-16));
#10891=DIRECTION('',(0.,0.,1.));
#10892=DIRECTION('',(-1.,0.,0.));
#10893=DIRECTION('center_axis',(0.,1.,0.));
#10894=DIRECTION('ref_axis',(0.707106781186547,0.,-0.707106781186548));
#10895=DIRECTION('',(0.,0.,-1.));
#10896=DIRECTION('center_axis',(0.,1.,0.));
#10897=DIRECTION('ref_axis',(0.707106781186547,0.,0.707106781186548));
#10898=DIRECTION('center_axis',(-1.09273919740669E-16,0.,1.));
#10899=DIRECTION('ref_axis',(1.,0.,1.09273919740669E-16));
#10900=DIRECTION('',(-1.,0.,-1.09273919740669E-16));
#10901=DIRECTION('center_axis',(-1.09273919740669E-16,0.,1.));
#10902=DIRECTION('ref_axis',(1.,7.6571373978539E-16,1.09273919740669E-16));
#10903=DIRECTION('center_axis',(1.09273919740669E-16,0.,-1.));
#10904=DIRECTION('ref_axis',(-1.,0.,0.));
#10905=DIRECTION('center_axis',(1.09273919740669E-16,0.,-1.));
#10906=DIRECTION('ref_axis',(1.,7.6571373978539E-16,1.04083408558608E-16));
#10907=DIRECTION('center_axis',(0.,0.,1.));
#10908=DIRECTION('ref_axis',(-1.,0.,0.));
#10909=DIRECTION('',(0.,0.,-1.));
#10910=DIRECTION('center_axis',(0.,0.,1.));
#10911=DIRECTION('ref_axis',(1.,1.01064309961486E-15,0.));
#10912=DIRECTION('center_axis',(0.,0.,1.));
#10913=DIRECTION('ref_axis',(1.,0.,0.));
#10914=DIRECTION('',(0.0090792952478991,-0.707019352539521,0.707135914469346));
#10915=DIRECTION('',(0.,0.707106781186547,-0.707106781186548));
#10916=DIRECTION('',(0.,-0.707106781186549,-0.707106781186546));
#10917=DIRECTION('',(-0.0090792952478991,0.707019352539521,0.707135914469346));
#10918=DIRECTION('center_axis',(0.,-0.707106781186548,-0.707106781186547));
#10919=DIRECTION('ref_axis',(-1.,0.,0.));
#10920=DIRECTION('',(0.,0.707106781186545,-0.70710678118655));
#10921=DIRECTION('center_axis',(0.,1.,0.));
#10922=DIRECTION('ref_axis',(0.707106781186547,0.,-0.707106781186548));
#10923=DIRECTION('',(0.707106781186548,0.707106781186547,-3.92523114670943E-15));
#10924=DIRECTION('center_axis',(0.707106781186547,-0.707106781186548,0.));
#10925=DIRECTION('ref_axis',(0.,0.,-1.));
#10926=DIRECTION('',(0.707106781186548,0.707106781186547,0.));
#10927=DIRECTION('center_axis',(0.,1.,0.));
#10928=DIRECTION('ref_axis',(0.707106781186547,0.,0.707106781186548));
#10929=DIRECTION('',(0.,0.707106781186545,0.70710678118655));
#10930=DIRECTION('center_axis',(-7.72683296554613E-17,-0.707106781186548,
0.707106781186547));
#10931=DIRECTION('ref_axis',(1.,0.,1.09273919740669E-16));
#10932=DIRECTION('',(-0.724568837309474,0.689202437604509,0.));
#10933=DIRECTION('center_axis',(-0.689202437604509,-0.724568837309474,0.));
#10934=DIRECTION('ref_axis',(0.,0.,1.));
#10935=DIRECTION('',(-0.724568837309481,0.689202437604502,0.));
#10936=DIRECTION('',(0.,0.,1.));
#10937=DIRECTION('',(1.,0.,0.));
#10938=DIRECTION('axis',(0.,0.,1.));
#10939=DIRECTION('refdir',(1.,0.,0.));
#10940=DIRECTION('center_axis',(0.,-1.,0.));
#10941=DIRECTION('ref_axis',(-1.,-1.7347234751189E-16,0.));
#10942=DIRECTION('center_axis',(0.,-1.,0.));
#10943=DIRECTION('ref_axis',(-1.,0.,0.));
#10944=DIRECTION('',(-0.707106781186524,0.707106781186571,-8.65956056235464E-17));
#10945=DIRECTION('center_axis',(0.,1.,0.));
#10946=DIRECTION('ref_axis',(-1.,-3.58509518185313E-16,0.));
#10947=DIRECTION('center_axis',(0.,1.,0.));
#10948=DIRECTION('ref_axis',(-1.,-3.58509518185313E-16,0.));
#10949=DIRECTION('center_axis',(0.,-1.,0.));
#10950=DIRECTION('ref_axis',(0.,0.,-1.));
#10951=DIRECTION('',(1.,0.,1.09273919740669E-16));
#10952=DIRECTION('center_axis',(0.,1.,0.));
#10953=DIRECTION('ref_axis',(-0.707106781186548,0.,0.707106781186547));
#10954=DIRECTION('',(0.,0.,1.));
#10955=DIRECTION('center_axis',(0.,1.,0.));
#10956=DIRECTION('ref_axis',(-0.707106781186548,0.,-0.707106781186547));
#10957=DIRECTION('',(-1.,0.,0.));
#10958=DIRECTION('center_axis',(0.,1.,0.));
#10959=DIRECTION('ref_axis',(0.707106781186547,0.,-0.707106781186548));
#10960=DIRECTION('',(0.,0.,-1.));
#10961=DIRECTION('center_axis',(0.,1.,0.));
#10962=DIRECTION('ref_axis',(0.707106781186547,0.,0.707106781186548));
#10963=DIRECTION('center_axis',(0.,-1.,0.));
#10964=DIRECTION('ref_axis',(-1.,0.,0.));
#10965=DIRECTION('center_axis',(3.58136459547831E-16,-1.,0.));
#10966=DIRECTION('ref_axis',(1.,3.58509518185313E-16,0.));
#10967=DIRECTION('center_axis',(3.58136459547831E-16,-1.,0.));
#10968=DIRECTION('ref_axis',(1.,3.58136459547831E-16,0.));
#10969=DIRECTION('',(3.58136459547831E-16,-1.,0.));
#10970=DIRECTION('center_axis',(0.,-1.,0.));
#10971=DIRECTION('ref_axis',(-1.,2.92736712941478E-11,0.));
#10972=DIRECTION('',(-0.707106776534665,0.70710678583843,-8.6595605053858E-17));
#10973=DIRECTION('center_axis',(0.,1.,0.));
#10974=DIRECTION('ref_axis',(-1.,6.04989206742538E-11,0.));
#10975=DIRECTION('center_axis',(0.,1.,0.));
#10976=DIRECTION('ref_axis',(-1.,6.04989206742538E-11,0.));
#10977=DIRECTION('center_axis',(-6.04989177020976E-11,-1.,0.));
#10978=DIRECTION('ref_axis',(1.,-6.04989206742538E-11,0.));
#10979=DIRECTION('center_axis',(-6.04989177020976E-11,-1.,0.));
#10980=DIRECTION('ref_axis',(1.,-6.04989177020976E-11,0.));
#10981=DIRECTION('',(-6.04989177020976E-11,-1.,0.));
#10982=DIRECTION('center_axis',(0.,1.,0.));
#10983=DIRECTION('ref_axis',(-1.,-1.68710361506513E-16,0.));
#10984=DIRECTION('center_axis',(0.,1.,0.));
#10985=DIRECTION('ref_axis',(-1.,0.,0.));
#10986=DIRECTION('',(-0.707106781988357,-0.707106780384739,8.65956057217426E-17));
#10987=DIRECTION('center_axis',(0.,-1.,0.));
#10988=DIRECTION('ref_axis',(-1.,-3.58509518185313E-16,0.));
#10989=DIRECTION('center_axis',(0.,-1.,0.));
#10990=DIRECTION('ref_axis',(-1.,-3.58509518185313E-16,0.));
#10991=DIRECTION('center_axis',(0.,1.,0.));
#10992=DIRECTION('ref_axis',(0.,0.,1.));
#10993=DIRECTION('',(-1.,0.,-1.09273919740669E-16));
#10994=DIRECTION('center_axis',(0.,-1.,0.));
#10995=DIRECTION('ref_axis',(0.707106781186547,0.,0.707106781186548));
#10996=DIRECTION('',(0.,0.,1.));
#10997=DIRECTION('center_axis',(0.,-1.,0.));
#10998=DIRECTION('ref_axis',(0.707106781186547,0.,-0.707106781186548));
#10999=DIRECTION('',(1.,0.,0.));
#11000=DIRECTION('',(0.,0.,-1.));
#11001=DIRECTION('center_axis',(3.58136459547831E-16,-1.,0.));
#11002=DIRECTION('ref_axis',(1.,3.58509518185313E-16,0.));
#11003=DIRECTION('',(3.58136459547831E-16,-1.,0.));
#11004=DIRECTION('center_axis',(3.58136459547831E-16,-1.,0.));
#11005=DIRECTION('ref_axis',(1.,3.58136459547831E-16,0.));
#11006=DIRECTION('',(-0.00907929524789895,-0.707019352539536,-0.707135914469331));
#11007=DIRECTION('',(0.724568837309467,0.689202437604516,0.));
#11008=DIRECTION('center_axis',(-0.689202437604513,0.72456883730947,0.));
#11009=DIRECTION('ref_axis',(0.,0.,1.));
#11010=DIRECTION('',(0.724568837309471,0.689202437604513,0.));
#11011=DIRECTION('',(0.,0.,1.));
#11012=DIRECTION('',(0.00907929524789892,0.707019352539534,-0.707135914469333));
#11013=DIRECTION('center_axis',(-7.72683296554613E-17,0.707106781186548,
0.707106781186547));
#11014=DIRECTION('ref_axis',(1.,0.,1.09273919740669E-16));
#11015=DIRECTION('',(0.,0.707106781186545,-0.70710678118655));
#11016=DIRECTION('',(0.,-0.707106781186549,0.707106781186546));
#11017=DIRECTION('',(1.,0.,1.09273919740669E-16));
#11018=DIRECTION('center_axis',(0.,-1.,0.));
#11019=DIRECTION('ref_axis',(0.707106781186547,0.,0.707106781186548));
#11020=DIRECTION('',(-0.707106781186548,0.707106781186547,0.));
#11021=DIRECTION('center_axis',(0.,1.,0.));
#11022=DIRECTION('ref_axis',(0.707106781186547,0.,0.707106781186548));
#11023=DIRECTION('center_axis',(0.707106781186547,0.707106781186548,0.));
#11024=DIRECTION('ref_axis',(0.,0.,-1.));
#11025=DIRECTION('',(-0.707106781186548,0.707106781186547,3.92523114670943E-15));
#11026=DIRECTION('',(0.,0.,-1.));
#11027=DIRECTION('center_axis',(0.,-1.,0.));
#11028=DIRECTION('ref_axis',(0.707106781186547,0.,-0.707106781186548));
#11029=DIRECTION('',(0.,0.707106781186545,0.70710678118655));
#11030=DIRECTION('center_axis',(0.,1.,0.));
#11031=DIRECTION('ref_axis',(0.707106781186547,0.,-0.707106781186548));
#11032=DIRECTION('center_axis',(0.,0.707106781186548,-0.707106781186547));
#11033=DIRECTION('ref_axis',(-1.,0.,0.));
#11034=DIRECTION('',(0.,0.707106781186547,0.707106781186548));
#11035=DIRECTION('',(-1.,0.,0.));
#11036=DIRECTION('center_axis',(0.,0.,-1.));
#11037=DIRECTION('ref_axis',(-1.,0.,0.));
#11038=DIRECTION('',(0.,1.,0.));
#11039=DIRECTION('',(1.,0.,0.));
#11040=DIRECTION('',(0.,-1.,0.));
#11041=DIRECTION('',(-1.,0.,0.));
#11042=DIRECTION('center_axis',(0.,0.,-1.));
#11043=DIRECTION('ref_axis',(-1.,-2.02128619922972E-15,0.));
#11044=DIRECTION('',(-0.766044443129264,0.642787609674281,0.));
#11045=DIRECTION('',(-1.,-2.66110479784304E-11,0.));
#11046=DIRECTION('',(-0.766044443121051,-0.642787609684068,0.));
#11047=DIRECTION('center_axis',(0.,0.,-1.));
#11048=DIRECTION('ref_axis',(1.,-1.20980294963545E-15,0.));
#11049=DIRECTION('',(-1.,0.,0.));
#11050=DIRECTION('center_axis',(0.,0.,-1.));
#11051=DIRECTION('ref_axis',(-1.,-2.44929359829471E-16,0.));
#11052=DIRECTION('',(-0.766044443136364,0.64278760966582,0.));
#11053=DIRECTION('',(-1.,6.67205676545825E-11,0.));
#11054=DIRECTION('',(-0.766044443116049,-0.64278760969003,0.));
#11055=DIRECTION('center_axis',(0.,0.,-1.));
#11056=DIRECTION('ref_axis',(1.,-3.21624529935327E-16,0.));
#11057=DIRECTION('',(-1.,0.,0.));
#11058=DIRECTION('center_axis',(0.,0.,-1.));
#11059=DIRECTION('ref_axis',(-1.,-2.44929359829471E-16,0.));
#11060=DIRECTION('',(-0.766044443126224,0.642787609677904,0.));
#11061=DIRECTION('',(-1.,-1.12396722331329E-15,0.));
#11062=DIRECTION('',(-0.766044443126185,-0.64278760967795,0.));
#11063=DIRECTION('center_axis',(0.,0.,-1.));
#11064=DIRECTION('ref_axis',(1.,1.01064309961486E-15,0.));
#11065=DIRECTION('',(-1.,0.,0.));
#11066=DIRECTION('center_axis',(0.,0.,-1.));
#11067=DIRECTION('ref_axis',(-1.,1.53142747957078E-15,0.));
#11068=DIRECTION('',(-0.766044443126343,0.642787609677762,0.));
#11069=DIRECTION('',(-1.,-1.49862296441772E-15,0.));
#11070=DIRECTION('',(-0.766044443126046,-0.642787609678116,0.));
#11071=DIRECTION('center_axis',(0.,0.,-1.));
#11072=DIRECTION('ref_axis',(1.,1.01064309961486E-15,0.));
#11073=DIRECTION('center_axis',(0.,1.,0.));
#11074=DIRECTION('ref_axis',(0.707106781186547,0.,-0.707106781186548));
#11075=DIRECTION('',(0.,-1.,0.));
#11076=DIRECTION('center_axis',(0.,-1.,0.));
#11077=DIRECTION('ref_axis',(0.707106781186547,0.,-0.707106781186548));
#11078=DIRECTION('center_axis',(1.,0.,0.));
#11079=DIRECTION('ref_axis',(0.,0.,-1.));
#11080=DIRECTION('',(0.,1.,0.));
#11081=DIRECTION('',(0.,0.,1.));
#11082=DIRECTION('',(0.,0.999999999999387,1.10694337469416E-6));
#11083=DIRECTION('',(0.,8.38131285722433E-7,-0.999999999999649));
#11084=DIRECTION('',(0.,-0.968393444934726,-0.249427616368864));
#11085=DIRECTION('',(0.,0.968822991277611,-0.247753933514489));
#11086=DIRECTION('',(0.,8.38637189407801E-7,-0.999999999999648));
#11087=DIRECTION('',(0.,-0.999999999999339,-1.14951816881509E-6));
#11088=DIRECTION('',(0.,-1.00940020766676E-6,0.999999999999491));
#11089=DIRECTION('',(0.,0.999999999999377,1.11653978959743E-6));
#11090=DIRECTION('',(0.,-0.9688322690453,0.2477176506762));
#11091=DIRECTION('',(0.,-7.43479948043557E-7,0.999999999999724));
#11092=DIRECTION('',(0.,0.968938865747853,0.247300372913717));
#11093=DIRECTION('',(0.,-0.999999999999407,-1.08862635563226E-6));
#11094=DIRECTION('',(0.,-1.00940020766676E-6,0.999999999999491));
#11095=DIRECTION('',(0.,0.999999999999637,8.51494939863287E-7));
#11096=DIRECTION('',(0.,1.0476643266729E-6,-0.999999999999451));
#11097=DIRECTION('',(0.,-0.968393436627345,-0.249427648621961));
#11098=DIRECTION('',(0.,0.968823023727638,-0.24775380662108));
#11099=DIRECTION('',(0.,8.38637013579754E-7,-0.999999999999648));
#11100=DIRECTION('',(0.,-0.999999999999387,-1.10694337445626E-6));
#11101=DIRECTION('',(0.,-6.72933471778027E-7,0.999999999999774));
#11102=DIRECTION('',(0.,0.999999999999495,1.00488586673756E-6));
#11103=DIRECTION('',(0.,-0.968832200822748,0.2477179174968));
#11104=DIRECTION('',(0.,-1.1152204921015E-6,0.999999999999378));
#11105=DIRECTION('',(0.,0.968938878777313,0.247300321863447));
#11106=DIRECTION('',(0.,-0.999999999999377,-1.11653978959743E-6));
#11107=DIRECTION('',(0.,-1.00939952840803E-6,0.999999999999491));
#11108=DIRECTION('',(0.,-0.289337334361642,-0.95722719714));
#11109=DIRECTION('',(0.,-0.217189661790878,0.976129423186887));
#11110=DIRECTION('center_axis',(0.,-1.,0.));
#11111=DIRECTION('ref_axis',(0.707106781186547,0.,0.707106781186548));
#11112=DIRECTION('',(0.,-1.,0.));
#11113=DIRECTION('center_axis',(0.,-1.,0.));
#11114=DIRECTION('ref_axis',(0.707106781186547,0.,0.707106781186548));
#11115=DIRECTION('',(0.00907929524789892,-0.707019352539534,0.707135914469333));
#11116=DIRECTION('',(-0.724568837309467,0.689202437604516,0.));
#11117=DIRECTION('',(-0.00907929524789895,0.707019352539536,0.707135914469331));
#11118=DIRECTION('',(0.724568837309467,-0.689202437604516,0.));
#11119=DIRECTION('center_axis',(0.689202437604513,0.72456883730947,0.));
#11120=DIRECTION('ref_axis',(0.,0.,-1.));
#11121=DIRECTION('',(0.,0.,1.));
#11122=DIRECTION('',(0.,0.,-1.));
#11123=DIRECTION('center_axis',(0.,0.707106781186548,-0.707106781186547));
#11124=DIRECTION('ref_axis',(-1.,0.,0.));
#11125=DIRECTION('',(0.,0.707106781186547,0.707106781186548));
#11126=DIRECTION('',(1.,0.,0.));
#11127=DIRECTION('',(0.,-0.707106781186547,-0.707106781186548));
#11128=DIRECTION('',(-0.00907929524789898,-0.70701935253953,-0.707135914469337));
#11129=DIRECTION('',(0.72456883730947,0.689202437604513,0.));
#11130=DIRECTION('center_axis',(-0.689202437604509,0.724568837309474,0.));
#11131=DIRECTION('ref_axis',(0.,0.,1.));
#11132=DIRECTION('',(0.724568837309474,0.689202437604509,0.));
#11133=DIRECTION('',(0.,0.,-1.));
#11134=DIRECTION('',(0.,0.,1.));
#11135=DIRECTION('',(0.00907929524789506,0.70701935253953,-0.707135914469337));
#11136=DIRECTION('center_axis',(-7.72683296554613E-17,0.707106781186548,
0.707106781186547));
#11137=DIRECTION('ref_axis',(1.,0.,1.09273919740669E-16));
#11138=DIRECTION('',(0.,0.707106781186547,-0.707106781186548));
#11139=DIRECTION('',(-1.,0.,-1.09273919740669E-16));
#11140=DIRECTION('',(0.,-0.707106781186547,0.707106781186548));
#11141=DIRECTION('',(1.,0.,1.09273919740669E-16));
#11142=DIRECTION('center_axis',(0.,0.,1.));
#11143=DIRECTION('ref_axis',(1.,0.,0.));
#11144=DIRECTION('center_axis',(0.,0.,1.));
#11145=DIRECTION('ref_axis',(-1.,1.53142747957078E-15,0.));
#11146=DIRECTION('center_axis',(-0.766044443126344,0.642787609677761,0.));
#11147=DIRECTION('ref_axis',(0.642787609677761,0.766044443126344,0.));
#11148=DIRECTION('center_axis',(0.,0.,1.));
#11149=DIRECTION('ref_axis',(-1.,0.,0.));
#11150=DIRECTION('center_axis',(1.09273919740669E-16,0.,-1.));
#11151=DIRECTION('ref_axis',(-1.,1.33226762955019E-15,-1.04083408558608E-16));
#11152=DIRECTION('',(0.,0.,-1.));
#11153=DIRECTION('center_axis',(1.09273919740669E-16,0.,-1.));
#11154=DIRECTION('ref_axis',(-1.,0.,0.));
#11155=DIRECTION('center_axis',(-1.09273919740669E-16,0.,1.));
#11156=DIRECTION('ref_axis',(-1.,1.33226762955019E-15,-1.09273919740669E-16));
#11157=DIRECTION('center_axis',(0.766044443126344,-0.642787609677761,0.));
#11158=DIRECTION('ref_axis',(0.642787609677761,0.766044443126344,0.));
#11159=DIRECTION('center_axis',(-1.09273919740669E-16,0.,1.));
#11160=DIRECTION('ref_axis',(1.,0.,1.09273919740669E-16));
#11161=DIRECTION('center_axis',(-1.09273919740669E-16,0.,1.));
#11162=DIRECTION('ref_axis',(1.,7.6571373978539E-16,1.09273919740669E-16));
#11163=DIRECTION('',(0.766044443126046,0.642787609678116,8.37086789959407E-17));
#11164=DIRECTION('',(1.,1.49862296441772E-15,1.09273919740669E-16));
#11165=DIRECTION('',(0.766044443126343,-0.642787609677762,8.37086789959733E-17));
#11166=DIRECTION('center_axis',(-1.09273919740669E-16,0.,1.));
#11167=DIRECTION('ref_axis',(1.,-1.22464679914735E-16,1.09273919740669E-16));
#11168=DIRECTION('',(0.766044443126185,0.64278760967795,8.3708678995956E-17));
#11169=DIRECTION('',(1.,1.12396722331329E-15,1.09273919740669E-16));
#11170=DIRECTION('',(0.766044443126224,-0.642787609677904,8.37086789959602E-17));
#11171=DIRECTION('center_axis',(-1.09273919740669E-16,0.,1.));
#11172=DIRECTION('ref_axis',(-1.,3.88578058618805E-16,-1.09273919740669E-16));
#11173=DIRECTION('',(1.,0.,1.09273919740669E-16));
#11174=DIRECTION('center_axis',(-1.09273919740669E-16,0.,1.));
#11175=DIRECTION('ref_axis',(1.,-1.01064309961486E-15,1.09273919740669E-16));
#11176=DIRECTION('',(0.766044443116049,0.64278760969003,8.37086789948484E-17));
#11177=DIRECTION('',(1.,-6.67205676545825E-11,1.09273919740669E-16));
#11178=DIRECTION('',(0.766044443136364,-0.64278760966582,8.37086789970682E-17));
#11179=DIRECTION('center_axis',(-1.09273919740669E-16,0.,1.));
#11180=DIRECTION('ref_axis',(-1.,-3.88578058618805E-16,-1.09273919740669E-16));
#11181=DIRECTION('',(1.,0.,1.09273919740669E-16));
#11182=DIRECTION('center_axis',(-1.09273919740669E-16,0.,1.));
#11183=DIRECTION('ref_axis',(1.,-1.45473230946492E-15,1.09273919740669E-16));
#11184=DIRECTION('',(0.766044443121051,0.642787609684068,8.3708678995395E-17));
#11185=DIRECTION('',(1.,2.66110479784304E-11,1.09273919740669E-16));
#11186=DIRECTION('',(0.766044443129264,-0.642787609674281,8.37086789962924E-17));
#11187=DIRECTION('center_axis',(-1.09273919740669E-16,0.,1.));
#11188=DIRECTION('ref_axis',(-1.,-8.88178419700125E-16,-1.09273919740669E-16));
#11189=DIRECTION('',(1.,0.,1.09273919740669E-16));
#11190=DIRECTION('',(0.,1.,0.));
#11191=DIRECTION('',(-1.,0.,-1.09273919740669E-16));
#11192=DIRECTION('center_axis',(0.,1.,0.));
#11193=DIRECTION('ref_axis',(0.,0.,1.));
#11194=DIRECTION('',(0.00907929524789506,-0.70701935253953,0.707135914469337));
#11195=DIRECTION('',(-0.72456883730947,0.689202437604513,0.));
#11196=DIRECTION('center_axis',(0.689202437604511,0.724568837309472,0.));
#11197=DIRECTION('ref_axis',(0.,0.,-1.));
#11198=DIRECTION('',(-0.724568837309472,0.689202437604511,0.));
#11199=DIRECTION('',(0.,0.,1.));
#11200=DIRECTION('',(0.,0.,-1.));
#11201=DIRECTION('',(-0.00907929524789607,0.707019352539532,0.707135914469335));
#11202=DIRECTION('center_axis',(0.,0.707106781186548,-0.707106781186547));
#11203=DIRECTION('ref_axis',(-1.,0.,0.));
#11204=DIRECTION('',(0.,0.707106781186547,0.707106781186548));
#11205=DIRECTION('',(1.,0.,0.));
#11206=DIRECTION('',(0.,-0.707106781186547,-0.707106781186548));
#11207=DIRECTION('',(-0.0090792952478961,-0.707019352539525,-0.707135914469342));
#11208=DIRECTION('',(0.724568837309474,0.689202437604508,0.));
#11209=DIRECTION('center_axis',(-0.689202437604511,0.724568837309472,0.));
#11210=DIRECTION('ref_axis',(0.,0.,1.));
#11211=DIRECTION('',(0.724568837309472,0.689202437604511,0.));
#11212=DIRECTION('',(0.,0.,-1.));
#11213=DIRECTION('',(0.,0.,1.));
#11214=DIRECTION('',(0.00907929524789512,0.707019352539525,-0.707135914469342));
#11215=DIRECTION('center_axis',(-7.72683296554613E-17,0.707106781186548,
0.707106781186547));
#11216=DIRECTION('ref_axis',(1.,0.,1.09273919740669E-16));
#11217=DIRECTION('',(0.,0.707106781186545,-0.70710678118655));
#11218=DIRECTION('',(-1.,0.,-1.09273919740669E-16));
#11219=DIRECTION('',(0.,-0.707106781186545,0.70710678118655));
#11220=DIRECTION('center_axis',(0.,0.,1.));
#11221=DIRECTION('ref_axis',(1.,0.,0.));
#11222=DIRECTION('center_axis',(0.,0.,1.));
#11223=DIRECTION('ref_axis',(-1.,-2.44929359829471E-16,0.));
#11224=DIRECTION('center_axis',(-0.766044443126224,0.642787609677904,0.));
#11225=DIRECTION('ref_axis',(0.642787609677904,0.766044443126224,0.));
#11226=DIRECTION('center_axis',(0.,0.,1.));
#11227=DIRECTION('ref_axis',(-1.,0.,0.));
#11228=DIRECTION('center_axis',(1.09273919740669E-16,0.,-1.));
#11229=DIRECTION('ref_axis',(-1.,3.88578058618805E-16,-1.04083408558608E-16));
#11230=DIRECTION('',(0.,0.,-1.));
#11231=DIRECTION('center_axis',(1.09273919740669E-16,0.,-1.));
#11232=DIRECTION('ref_axis',(-1.,0.,0.));
#11233=DIRECTION('center_axis',(0.766044443126223,-0.642787609677905,0.));
#11234=DIRECTION('ref_axis',(0.642787609677905,0.766044443126223,0.));
#11235=DIRECTION('center_axis',(0.,1.,0.));
#11236=DIRECTION('ref_axis',(0.,0.,1.));
#11237=DIRECTION('',(0.00907929524789514,-0.707019352539527,0.70713591446934));
#11238=DIRECTION('',(-0.724568837309474,0.689202437604509,0.));
#11239=DIRECTION('center_axis',(0.689202437604511,0.724568837309472,0.));
#11240=DIRECTION('ref_axis',(0.,0.,-1.));
#11241=DIRECTION('',(-0.724568837309472,0.689202437604511,0.));
#11242=DIRECTION('',(0.,0.,1.));
#11243=DIRECTION('',(0.,0.,-1.));
#11244=DIRECTION('',(-0.00907929524789122,0.707019352539527,0.70713591446934));
#11245=DIRECTION('center_axis',(0.,0.707106781186548,-0.707106781186547));
#11246=DIRECTION('ref_axis',(-1.,0.,0.));
#11247=DIRECTION('',(0.,0.707106781186547,0.707106781186548));
#11248=DIRECTION('',(1.,0.,0.));
#11249=DIRECTION('',(0.,-0.707106781186547,-0.707106781186548));
#11250=DIRECTION('',(-0.00907929524789912,-0.707019352539523,-0.707135914469344));
#11251=DIRECTION('',(0.724568837309481,0.689202437604502,0.));
#11252=DIRECTION('center_axis',(-0.689202437604509,0.724568837309474,0.));
#11253=DIRECTION('ref_axis',(0.,0.,1.));
#11254=DIRECTION('',(0.724568837309474,0.689202437604509,0.));
#11255=DIRECTION('',(0.,0.,-1.));
#11256=DIRECTION('',(0.,0.,1.));
#11257=DIRECTION('',(0.00907929524789913,0.707019352539523,-0.707135914469344));
#11258=DIRECTION('center_axis',(-7.72683296554613E-17,0.707106781186548,
0.707106781186547));
#11259=DIRECTION('ref_axis',(1.,0.,1.09273919740669E-16));
#11260=DIRECTION('',(0.,0.707106781186549,-0.707106781186546));
#11261=DIRECTION('',(-1.,0.,-1.09273919740669E-16));
#11262=DIRECTION('',(0.,-0.707106781186547,0.707106781186548));
#11263=DIRECTION('center_axis',(0.,0.,1.));
#11264=DIRECTION('ref_axis',(1.,0.,0.));
#11265=DIRECTION('center_axis',(0.,0.,1.));
#11266=DIRECTION('ref_axis',(-1.,-2.44929359829471E-16,0.));
#11267=DIRECTION('center_axis',(-0.766044443136363,0.64278760966582,0.));
#11268=DIRECTION('ref_axis',(0.64278760966582,0.766044443136363,0.));
#11269=DIRECTION('center_axis',(0.,0.,1.));
#11270=DIRECTION('ref_axis',(-1.,0.,0.));
#11271=DIRECTION('center_axis',(1.09273919740669E-16,0.,-1.));
#11272=DIRECTION('ref_axis',(-1.,-3.88578058618805E-16,-1.04083408558608E-16));
#11273=DIRECTION('',(0.,0.,-1.));
#11274=DIRECTION('center_axis',(1.09273919740669E-16,0.,-1.));
#11275=DIRECTION('ref_axis',(-1.,0.,0.));
#11276=DIRECTION('center_axis',(0.766044443136364,-0.642787609665819,0.));
#11277=DIRECTION('ref_axis',(0.642787609665819,0.766044443136364,0.));
#11278=DIRECTION('center_axis',(0.,1.,0.));
#11279=DIRECTION('ref_axis',(0.,0.,1.));
#11280=DIRECTION('center_axis',(0.,1.,0.));
#11281=DIRECTION('ref_axis',(-1.,2.84700803186716E-11,0.));
#11282=DIRECTION('center_axis',(0.,1.,0.));
#11283=DIRECTION('ref_axis',(-1.,0.,0.));
#11284=DIRECTION('',(-0.707106783519008,-0.707106778854087,8.65956059091933E-17));
#11285=DIRECTION('center_axis',(0.,-1.,0.));
#11286=DIRECTION('ref_axis',(-1.,6.04989206742538E-11,0.));
#11287=DIRECTION('center_axis',(0.,-1.,0.));
#11288=DIRECTION('ref_axis',(-1.,6.04989206742538E-11,0.));
#11289=DIRECTION('center_axis',(0.,1.,0.));
#11290=DIRECTION('ref_axis',(0.,0.,1.));
#11291=DIRECTION('',(1.,0.,0.));
#11292=DIRECTION('center_axis',(0.,-1.,0.));
#11293=DIRECTION('ref_axis',(-0.707106781186548,0.,-0.707106781186547));
#11294=DIRECTION('',(0.,0.,-1.));
#11295=DIRECTION('center_axis',(0.,-1.,0.));
#11296=DIRECTION('ref_axis',(-0.707106781186548,0.,0.707106781186547));
#11297=DIRECTION('',(-1.,0.,-1.09273919740669E-16));
#11298=DIRECTION('',(0.,0.,1.));
#11299=DIRECTION('center_axis',(-6.04989177020976E-11,-1.,0.));
#11300=DIRECTION('ref_axis',(1.,-6.04989206742538E-11,0.));
#11301=DIRECTION('',(-6.04989177020976E-11,-1.,0.));
#11302=DIRECTION('center_axis',(-6.04989177020976E-11,-1.,0.));
#11303=DIRECTION('ref_axis',(1.,-6.04989177020976E-11,0.));
#11304=DIRECTION('',(0.00907929524789913,-0.707019352539523,0.707135914469344));
#11305=DIRECTION('',(-0.724568837309481,0.689202437604502,0.));
#11306=DIRECTION('center_axis',(0.689202437604509,0.724568837309474,0.));
#11307=DIRECTION('ref_axis',(0.,0.,-1.));
#11308=DIRECTION('',(-0.724568837309474,0.689202437604509,0.));
#11309=DIRECTION('',(0.,0.,-1.));
#11310=DIRECTION('',(-0.00907929524789912,0.707019352539522,0.707135914469344));
#11311=DIRECTION('center_axis',(0.,0.707106781186548,-0.707106781186547));
#11312=DIRECTION('ref_axis',(-1.,0.,0.));
#11313=DIRECTION('',(0.,0.707106781186547,0.707106781186548));
#11314=DIRECTION('',(0.,-0.707106781186547,-0.707106781186548));
#11315=DIRECTION('center_axis',(0.,-1.,0.));
#11316=DIRECTION('ref_axis',(-0.707106781186548,0.,-0.707106781186547));
#11317=DIRECTION('',(0.707106781186548,0.707106781186547,0.));
#11318=DIRECTION('center_axis',(0.,1.,0.));
#11319=DIRECTION('ref_axis',(-0.707106781186548,0.,-0.707106781186547));
#11320=DIRECTION('center_axis',(-0.707106781186547,0.707106781186548,0.));
#11321=DIRECTION('ref_axis',(0.,0.,1.));
#11322=DIRECTION('',(0.707106781186548,0.707106781186547,-3.92523114670943E-15));
#11323=DIRECTION('',(0.,0.,1.));
#11324=DIRECTION('center_axis',(0.,-1.,0.));
#11325=DIRECTION('ref_axis',(-0.707106781186548,0.,0.707106781186547));
#11326=DIRECTION('',(0.,0.707106781186545,-0.70710678118655));
#11327=DIRECTION('center_axis',(0.,1.,0.));
#11328=DIRECTION('ref_axis',(-0.707106781186548,0.,0.707106781186547));
#11329=DIRECTION('center_axis',(-7.72683296554611E-17,0.70710678118655,
0.707106781186545));
#11330=DIRECTION('ref_axis',(1.,0.,1.09273919740669E-16));
#11331=DIRECTION('',(0.,0.707106781186545,-0.70710678118655));
#11332=DIRECTION('center_axis',(0.,1.,0.));
#11333=DIRECTION('ref_axis',(-0.707106781186548,0.,0.707106781186547));
#11334=DIRECTION('',(0.,-1.,0.));
#11335=DIRECTION('center_axis',(0.,-1.,0.));
#11336=DIRECTION('ref_axis',(-0.707106781186548,0.,0.707106781186547));
#11337=DIRECTION('center_axis',(-1.,0.,0.));
#11338=DIRECTION('ref_axis',(0.,0.,1.));
#11339=DIRECTION('',(0.,1.,0.));
#11340=DIRECTION('',(0.,0.,-1.));
#11341=DIRECTION('center_axis',(0.,1.,0.));
#11342=DIRECTION('ref_axis',(-0.707106781186548,0.,-0.707106781186547));
#11343=DIRECTION('center_axis',(0.,-1.,0.));
#11344=DIRECTION('ref_axis',(-0.707106781186548,0.,-0.707106781186547));
#11345=DIRECTION('center_axis',(1.,0.,0.));
#11346=DIRECTION('ref_axis',(0.,0.,-1.));
#11347=DIRECTION('',(0.,0.217189661790878,-0.976129423186887));
#11348=DIRECTION('',(0.,0.289337334361642,0.95722719714));
#11349=DIRECTION('',(1.,0.,0.));
#11350=DIRECTION('',(1.,0.,0.));
#11351=DIRECTION('center_axis',(0.,0.976129423186887,0.217189661790878));
#11352=DIRECTION('ref_axis',(0.,-0.217189661790878,0.976129423186887));
#11353=DIRECTION('',(1.,0.,0.));
#11354=DIRECTION('',(1.,0.,0.));
#11355=DIRECTION('center_axis',(0.,-0.95722719714,0.289337334361642));
#11356=DIRECTION('ref_axis',(0.,-0.289337334361642,-0.95722719714));
#11357=DIRECTION('center_axis',(1.,0.,0.));
#11358=DIRECTION('ref_axis',(0.,0.,-1.));
#11359=DIRECTION('',(0.,-0.999999999999637,-8.51494939863287E-7));
#11360=DIRECTION('',(0.,1.00939952840803E-6,-0.999999999999491));
#11361=DIRECTION('',(0.,0.999999999999377,1.11653978959743E-6));
#11362=DIRECTION('',(0.,-0.968938878777312,-0.247300321863447));
#11363=DIRECTION('',(0.,1.1152204921015E-6,-0.999999999999378));
#11364=DIRECTION('',(0.,0.968832200822748,-0.2477179174968));
#11365=DIRECTION('',(0.,-0.999999999999495,-1.00488586673756E-6));
#11366=DIRECTION('',(0.,6.72933471778027E-7,-0.999999999999774));
#11367=DIRECTION('',(0.,0.999999999999387,1.10694337445626E-6));
#11368=DIRECTION('',(0.,-8.38637013579754E-7,0.999999999999648));
#11369=DIRECTION('',(0.,-0.968823023727638,0.24775380662108));
#11370=DIRECTION('',(0.,0.968393436627345,0.249427648621961));
#11371=DIRECTION('',(0.,-1.0476643266729E-6,0.999999999999451));
#11372=DIRECTION('center_axis',(0.,8.51494939863287E-7,-0.999999999999638));
#11373=DIRECTION('ref_axis',(-1.,0.,0.));
#11374=DIRECTION('',(1.,0.,0.));
#11375=DIRECTION('',(1.,0.,0.));
#11376=DIRECTION('center_axis',(0.,0.999999999999491,1.00939952840803E-6));
#11377=DIRECTION('ref_axis',(0.,-1.00939952840803E-6,0.999999999999491));
#11378=DIRECTION('',(1.,0.,0.));
#11379=DIRECTION('center_axis',(0.,-1.11653978959743E-6,0.999999999999377));
#11380=DIRECTION('ref_axis',(1.,0.,0.));
#11381=DIRECTION('',(1.,0.,0.));
#11382=DIRECTION('center_axis',(0.,0.247300321863447,-0.968938878777313));
#11383=DIRECTION('ref_axis',(-1.,0.,0.));
#11384=DIRECTION('',(1.,0.,0.));
#11385=DIRECTION('center_axis',(0.,0.999999999999378,1.1152204921015E-6));
#11386=DIRECTION('ref_axis',(0.,-1.1152204921015E-6,0.999999999999378));
#11387=DIRECTION('',(1.,0.,0.));
#11388=DIRECTION('center_axis',(0.,0.2477179174968,0.968832200822748));
#11389=DIRECTION('ref_axis',(1.,0.,0.));
#11390=DIRECTION('',(1.,0.,0.));
#11391=DIRECTION('center_axis',(0.,1.00488586673756E-6,-0.999999999999495));
#11392=DIRECTION('ref_axis',(-1.,0.,0.));
#11393=DIRECTION('',(1.,0.,0.));
#11394=DIRECTION('center_axis',(0.,0.999999999999774,6.72933471778027E-7));
#11395=DIRECTION('ref_axis',(0.,-6.72933471778027E-7,0.999999999999774));
#11396=DIRECTION('',(1.,0.,0.));
#11397=DIRECTION('center_axis',(0.,-1.10694337445626E-6,0.999999999999387));
#11398=DIRECTION('ref_axis',(1.,0.,0.));
#11399=DIRECTION('',(1.,0.,0.));
#11400=DIRECTION('center_axis',(0.,-0.999999999999648,-8.38637013579754E-7));
#11401=DIRECTION('ref_axis',(0.,8.38637013579754E-7,-0.999999999999648));
#11402=DIRECTION('',(1.,0.,0.));
#11403=DIRECTION('center_axis',(0.,-0.247753806621081,-0.968823023727639));
#11404=DIRECTION('ref_axis',(-1.,0.,0.));
#11405=DIRECTION('',(1.,0.,0.));
#11406=DIRECTION('center_axis',(0.,-0.249427648621961,0.968393436627345));
#11407=DIRECTION('ref_axis',(1.,0.,0.));
#11408=DIRECTION('',(1.,0.,0.));
#11409=DIRECTION('center_axis',(0.,-0.999999999999451,-1.0476643266729E-6));
#11410=DIRECTION('ref_axis',(0.,1.0476643266729E-6,-0.999999999999451));
#11411=DIRECTION('center_axis',(1.,0.,0.));
#11412=DIRECTION('ref_axis',(0.,0.,-1.));
#11413=DIRECTION('',(0.,-0.999999999999387,-1.10694337469416E-6));
#11414=DIRECTION('',(0.,1.00940020766676E-6,-0.999999999999491));
#11415=DIRECTION('',(0.,0.999999999999407,1.08862635563226E-6));
#11416=DIRECTION('',(0.,-0.968938865747853,-0.247300372913717));
#11417=DIRECTION('',(0.,7.43479948043557E-7,-0.999999999999724));
#11418=DIRECTION('',(0.,0.9688322690453,-0.2477176506762));
#11419=DIRECTION('',(0.,-0.999999999999377,-1.11653978959743E-6));
#11420=DIRECTION('',(0.,1.00940020766676E-6,-0.999999999999491));
#11421=DIRECTION('',(0.,0.999999999999339,1.14951816881509E-6));
#11422=DIRECTION('',(0.,-8.38637189407801E-7,0.999999999999648));
#11423=DIRECTION('',(0.,-0.968822991277611,0.247753933514489));
#11424=DIRECTION('',(0.,0.968393444934726,0.249427616368864));
#11425=DIRECTION('',(0.,-8.38131285722433E-7,0.999999999999649));
#11426=DIRECTION('center_axis',(0.,1.10694337469416E-6,-0.999999999999387));
#11427=DIRECTION('ref_axis',(-1.,0.,0.));
#11428=DIRECTION('',(1.,0.,0.));
#11429=DIRECTION('',(1.,0.,0.));
#11430=DIRECTION('center_axis',(0.,0.999999999999491,1.00940020766676E-6));
#11431=DIRECTION('ref_axis',(0.,-1.00940020766676E-6,0.999999999999491));
#11432=DIRECTION('',(1.,0.,0.));
#11433=DIRECTION('center_axis',(0.,-1.08862635563226E-6,0.999999999999407));
#11434=DIRECTION('ref_axis',(1.,0.,0.));
#11435=DIRECTION('',(1.,0.,0.));
#11436=DIRECTION('center_axis',(0.,0.247300372913717,-0.968938865747853));
#11437=DIRECTION('ref_axis',(-1.,0.,0.));
#11438=DIRECTION('',(1.,0.,0.));
#11439=DIRECTION('center_axis',(0.,0.999999999999724,7.43479948043557E-7));
#11440=DIRECTION('ref_axis',(0.,-7.43479948043557E-7,0.999999999999724));
#11441=DIRECTION('',(1.,0.,0.));
#11442=DIRECTION('center_axis',(0.,0.2477176506762,0.9688322690453));
#11443=DIRECTION('ref_axis',(1.,0.,0.));
#11444=DIRECTION('',(1.,0.,0.));
#11445=DIRECTION('center_axis',(0.,1.11653978959743E-6,-0.999999999999377));
#11446=DIRECTION('ref_axis',(-1.,0.,0.));
#11447=DIRECTION('',(1.,0.,0.));
#11448=DIRECTION('center_axis',(0.,0.999999999999491,1.00940020766676E-6));
#11449=DIRECTION('ref_axis',(0.,-1.00940020766676E-6,0.999999999999491));
#11450=DIRECTION('',(1.,0.,0.));
#11451=DIRECTION('center_axis',(0.,-1.14951816881509E-6,0.999999999999339));
#11452=DIRECTION('ref_axis',(1.,0.,0.));
#11453=DIRECTION('',(1.,0.,0.));
#11454=DIRECTION('center_axis',(0.,-0.999999999999648,-8.38637189407801E-7));
#11455=DIRECTION('ref_axis',(0.,8.38637189407801E-7,-0.999999999999648));
#11456=DIRECTION('',(1.,0.,0.));
#11457=DIRECTION('center_axis',(0.,-0.247753933514489,-0.968822991277611));
#11458=DIRECTION('ref_axis',(-1.,0.,0.));
#11459=DIRECTION('',(1.,0.,0.));
#11460=DIRECTION('center_axis',(0.,-0.249427616368864,0.968393444934726));
#11461=DIRECTION('ref_axis',(1.,0.,0.));
#11462=DIRECTION('',(1.,0.,0.));
#11463=DIRECTION('center_axis',(0.,-0.999999999999649,-8.38131285722433E-7));
#11464=DIRECTION('ref_axis',(0.,8.38131285722433E-7,-0.999999999999649));
#11465=DIRECTION('center_axis',(-3.58136459547831E-16,1.,0.));
#11466=DIRECTION('ref_axis',(0.,0.,1.));
#11467=DIRECTION('center_axis',(6.04989177020976E-11,1.,0.));
#11468=DIRECTION('ref_axis',(0.,0.,1.));
#11469=DIRECTION('center_axis',(0.,1.,0.));
#11470=DIRECTION('ref_axis',(-0.707106781186548,0.,0.707106781186547));
#11471=DIRECTION('',(0.,-0.707106781186547,-0.707106781186548));
#11472=DIRECTION('',(-0.707106781186548,0.707106781186547,-7.85046229341887E-16));
#11473=DIRECTION('center_axis',(-0.707106781186547,-0.707106781186548,0.));
#11474=DIRECTION('ref_axis',(0.,0.,1.));
#11475=DIRECTION('',(-0.707106781186546,0.707106781186549,0.));
#11476=DIRECTION('center_axis',(0.,1.,0.));
#11477=DIRECTION('ref_axis',(-0.707106781186548,0.,-0.707106781186547));
#11478=DIRECTION('',(0.,0.707106781186547,-0.707106781186548));
#11479=DIRECTION('center_axis',(0.,-0.707106781186548,-0.707106781186547));
#11480=DIRECTION('ref_axis',(-1.,0.,0.));
#11481=DIRECTION('',(0.,0.707106781186548,-0.707106781186547));
#11482=DIRECTION('center_axis',(0.,1.,0.));
#11483=DIRECTION('ref_axis',(0.707106781186547,0.,-0.707106781186548));
#11484=DIRECTION('',(0.707106781186548,0.707106781186547,7.85046229341887E-16));
#11485=DIRECTION('center_axis',(0.707106781186547,-0.707106781186548,0.));
#11486=DIRECTION('ref_axis',(0.,0.,-1.));
#11487=DIRECTION('',(0.707106781186546,0.707106781186549,0.));
#11488=DIRECTION('center_axis',(0.,1.,0.));
#11489=DIRECTION('ref_axis',(0.707106781186547,0.,0.707106781186548));
#11490=DIRECTION('',(0.,0.707106781186547,0.707106781186548));
#11491=DIRECTION('center_axis',(-7.72683296554614E-17,-0.707106781186548,
0.707106781186548));
#11492=DIRECTION('ref_axis',(1.,0.,1.09273919740669E-16));
#11493=DIRECTION('center_axis',(0.,0.,1.));
#11494=DIRECTION('ref_axis',(-1.,0.,0.));
#11495=DIRECTION('center_axis',(1.09273919740669E-16,0.,-1.));
#11496=DIRECTION('ref_axis',(-1.,-8.88178419700125E-16,-1.04083408558608E-16));
#11497=DIRECTION('',(0.,0.,-1.));
#11498=DIRECTION('center_axis',(0.,0.,1.));
#11499=DIRECTION('ref_axis',(-1.,-2.02128619922972E-15,0.));
#11500=DIRECTION('center_axis',(0.766044443121051,0.642787609684068,0.));
#11501=DIRECTION('ref_axis',(-0.454519477670295,0.541675220421167,-0.707106781186549));
#11502=DIRECTION('',(0.766044443121051,0.642787609684068,0.));
#11503=DIRECTION('center_axis',(-0.766044443121052,-0.642787609684067,0.));
#11504=DIRECTION('ref_axis',(-0.642787609684067,0.766044443121052,0.));
#11505=DIRECTION('center_axis',(-0.939692620781908,-0.34202014333666,3.16112908052647E-15));
#11506=DIRECTION('ref_axis',(-0.34202014333666,0.939692620781908,-8.68513076913087E-15));
#11507=DIRECTION('center_axis',(0.766044443129264,-0.642787609674281,0.));
#11508=DIRECTION('ref_axis',(0.454519477663376,0.541675220426972,-0.70710678118655));
#11509=DIRECTION('center_axis',(-0.766044443129265,0.64278760967428,0.));
#11510=DIRECTION('ref_axis',(0.64278760967428,0.766044443129265,0.));
#11511=DIRECTION('',(0.766044443129264,-0.642787609674281,0.));
#11512=DIRECTION('center_axis',(0.939692620793197,-0.342020143305645,-1.58216099159801E-15));
#11513=DIRECTION('ref_axis',(-0.342020143305645,-0.939692620793196,-4.34695159828576E-15));
#11514=DIRECTION('center_axis',(0.,0.,1.));
#11515=DIRECTION('ref_axis',(1.,0.,0.));
#11516=DIRECTION('center_axis',(1.,2.66110479784304E-11,0.));
#11517=DIRECTION('ref_axis',(-1.8817558117325E-11,0.707106781186547,-0.707106781186548));
#11518=DIRECTION('',(1.,2.66110479784304E-11,0.));
#11519=DIRECTION('center_axis',(0.766044443116049,0.64278760969003,0.));
#11520=DIRECTION('ref_axis',(-0.454519477674513,0.541675220417631,-0.707106781186547));
#11521=DIRECTION('',(0.766044443116049,0.64278760969003,0.));
#11522=DIRECTION('center_axis',(-0.766044443116049,-0.64278760969003,0.));
#11523=DIRECTION('ref_axis',(-0.64278760969003,0.766044443116049,0.));
#11524=DIRECTION('center_axis',(-0.939692620796538,-0.342020143296463,-2.05521283777556E-15));
#11525=DIRECTION('ref_axis',(-0.342020143296463,0.939692620796538,5.64665086333544E-15));
#11526=DIRECTION('center_axis',(0.766044443136364,-0.64278760966582,0.));
#11527=DIRECTION('ref_axis',(0.454519477657394,0.541675220431995,-0.707106781186547));
#11528=DIRECTION('',(0.766044443136364,-0.64278760966582,0.));
#11529=DIRECTION('center_axis',(0.939692620779123,-0.34202014334431,-1.73878063943223E-15));
#11530=DIRECTION('ref_axis',(-0.34202014334431,-0.939692620779123,-4.7772605449218E-15));
#11531=DIRECTION('center_axis',(1.,-6.67205676545825E-11,0.));
#11532=DIRECTION('ref_axis',(4.71812783834474E-11,0.707106781186547,-0.707106781186547));
#11533=DIRECTION('',(1.,-6.67205676545825E-11,0.));
#11534=DIRECTION('center_axis',(0.766044443126185,0.64278760967795,0.));
#11535=DIRECTION('ref_axis',(-0.454519477665971,0.541675220424798,-0.707106781186547));
#11536=DIRECTION('',(0.766044443126185,0.64278760967795,0.));
#11537=DIRECTION('center_axis',(-0.766044443126186,-0.642787609677949,0.));
#11538=DIRECTION('ref_axis',(-0.642787609677949,0.766044443126186,0.));
#11539=DIRECTION('center_axis',(-0.939692620787825,-0.342020143320402,-3.47756127889667E-15));
#11540=DIRECTION('ref_axis',(-0.342020143320402,0.939692620787825,9.554521088705E-15));
#11541=DIRECTION('center_axis',(0.766044443126224,-0.642787609677904,0.));
#11542=DIRECTION('ref_axis',(0.454519477665936,0.541675220424824,-0.70710678118655));
#11543=DIRECTION('',(0.766044443126224,-0.642787609677904,0.));
#11544=DIRECTION('center_axis',(0.939692620787837,-0.342020143320369,3.16432198333225E-16));
#11545=DIRECTION('ref_axis',(-0.342020143320369,-0.939692620787837,8.69390319724175E-16));
#11546=DIRECTION('center_axis',(1.,1.12396722331329E-15,0.));
#11547=DIRECTION('ref_axis',(0.,0.707106781186547,-0.707106781186548));
#11548=DIRECTION('',(1.,1.12396722331329E-15,0.));
#11549=DIRECTION('center_axis',(0.,0.,1.));
#11550=DIRECTION('ref_axis',(1.,0.,0.));
#11551=DIRECTION('center_axis',(-0.766044443126045,-0.642787609678117,0.));
#11552=DIRECTION('ref_axis',(-0.642787609678117,0.766044443126045,0.));
#11553=DIRECTION('center_axis',(0.,0.,1.));
#11554=DIRECTION('ref_axis',(1.,1.01064309961486E-15,0.));
#11555=DIRECTION('center_axis',(0.766044443126046,0.642787609678116,0.));
#11556=DIRECTION('ref_axis',(-0.454519477666087,0.541675220424699,-0.707106781186548));
#11557=DIRECTION('',(0.766044443126046,0.642787609678116,0.));
#11558=DIRECTION('center_axis',(-0.939692620787789,-0.342020143320503,-3.16432198333349E-16));
#11559=DIRECTION('ref_axis',(-0.342020143320503,0.939692620787788,8.69390319724137E-16));
#11560=DIRECTION('center_axis',(0.766044443126343,-0.642787609677762,0.));
#11561=DIRECTION('ref_axis',(0.454519477665837,0.541675220424908,-0.707106781186549));
#11562=DIRECTION('',(0.766044443126343,-0.642787609677762,0.));
#11563=DIRECTION('center_axis',(0.939692620787869,-0.342020143320282,-3.16432198333144E-16));
#11564=DIRECTION('ref_axis',(-0.342020143320282,-0.939692620787869,-8.69390319724203E-16));
#11565=DIRECTION('center_axis',(1.,1.49862296441772E-15,0.));
#11566=DIRECTION('ref_axis',(0.,0.707106781186547,-0.707106781186548));
#11567=DIRECTION('',(1.,1.49862296441772E-15,0.));
#11568=DIRECTION('center_axis',(0.,0.,1.));
#11569=DIRECTION('ref_axis',(-1.,0.,0.));
#11570=DIRECTION('',(0.,0.,-1.));
#11571=DIRECTION('center_axis',(1.09273919740669E-16,0.,-1.));
#11572=DIRECTION('ref_axis',(1.,7.6571373978539E-16,1.04083408558608E-16));
#11573=DIRECTION('center_axis',(-0.642787609678116,0.766044443126046,0.));
#11574=DIRECTION('ref_axis',(0.766044443126046,0.642787609678116,0.));
#11575=DIRECTION('',(-0.766044443126046,-0.642787609678116,-8.37086789959407E-17));
#11576=DIRECTION('',(0.,0.,-1.));
#11577=DIRECTION('center_axis',(-1.49862296441772E-15,1.,0.));
#11578=DIRECTION('ref_axis',(1.,1.49862296441772E-15,0.));
#11579=DIRECTION('',(-1.,-1.49862296441772E-15,-1.09273919740669E-16));
#11580=DIRECTION('',(0.,0.,1.));
#11581=DIRECTION('center_axis',(0.642787609677762,0.766044443126343,0.));
#11582=DIRECTION('ref_axis',(0.766044443126343,-0.642787609677762,0.));
#11583=DIRECTION('',(-0.766044443126343,0.642787609677762,-8.37086789959733E-17));
#11584=DIRECTION('center_axis',(-0.766044443126343,0.642787609677762,-8.37086789959733E-17));
#11585=DIRECTION('ref_axis',(0.454519477665838,0.541675220424911,0.707106781186545));
#11586=DIRECTION('center_axis',(0.939692620787868,-0.342020143320285,0.));
#11587=DIRECTION('ref_axis',(0.342020143320285,0.939692620787868,3.19495567365863E-16));
#11588=DIRECTION('center_axis',(-0.766044443126046,-0.642787609678116,-8.37086789959407E-17));
#11589=DIRECTION('ref_axis',(-0.454519477666089,0.5416752204247,0.707106781186546));
#11590=DIRECTION('center_axis',(0.766044443126045,0.642787609678118,0.));
#11591=DIRECTION('ref_axis',(-0.642787609678118,0.766044443126045,0.));
#11592=DIRECTION('center_axis',(-0.939692620787789,-0.342020143320503,0.));
#11593=DIRECTION('ref_axis',(0.342020143320503,-0.939692620787788,3.19495567365662E-16));
#11594=DIRECTION('center_axis',(1.09273919740669E-16,0.,-1.));
#11595=DIRECTION('ref_axis',(-1.,0.,0.));
#11596=DIRECTION('center_axis',(-1.,-1.49862296441772E-15,-1.09273919740669E-16));
#11597=DIRECTION('ref_axis',(0.,0.707106781186548,0.707106781186547));
#11598=DIRECTION('center_axis',(-0.64278760967795,0.766044443126185,0.));
#11599=DIRECTION('ref_axis',(0.766044443126185,0.64278760967795,0.));
#11600=DIRECTION('',(-0.766044443126185,-0.64278760967795,-8.3708678995956E-17));
#11601=DIRECTION('',(0.,0.,-1.));
#11602=DIRECTION('',(0.,0.,-1.));
#11603=DIRECTION('center_axis',(-1.12396722331329E-15,1.,0.));
#11604=DIRECTION('ref_axis',(1.,1.12396722331329E-15,0.));
#11605=DIRECTION('',(-1.,-1.12396722331329E-15,-1.09273919740669E-16));
#11606=DIRECTION('',(0.,0.,1.));
#11607=DIRECTION('center_axis',(0.642787609677904,0.766044443126224,0.));
#11608=DIRECTION('ref_axis',(0.766044443126224,-0.642787609677904,0.));
#11609=DIRECTION('',(-0.766044443126224,0.642787609677904,-8.37086789959602E-17));
#11610=DIRECTION('center_axis',(-0.766044443126224,0.642787609677904,-8.37086789959602E-17));
#11611=DIRECTION('ref_axis',(0.454519477665938,0.541675220424828,0.707106781186545));
#11612=DIRECTION('center_axis',(0.939692620787834,-0.342020143320379,-1.10591624278189E-15));
#11613=DIRECTION('ref_axis',(0.342020143320379,0.939692620787834,3.35797547227032E-15));
#11614=DIRECTION('center_axis',(-0.766044443126185,-0.64278760967795,-8.3708678995956E-17));
#11615=DIRECTION('ref_axis',(-0.454519477665971,0.541675220424799,0.707106781186546));
#11616=DIRECTION('center_axis',(0.766044443126184,0.642787609677951,0.));
#11617=DIRECTION('ref_axis',(-0.642787609677951,0.766044443126184,0.));
#11618=DIRECTION('center_axis',(-0.939692620787825,-0.342020143320402,2.37164503611485E-15));
#11619=DIRECTION('ref_axis',(0.342020143320402,-0.939692620787825,6.83553675116661E-15));
#11620=DIRECTION('center_axis',(1.09273919740669E-16,0.,-1.));
#11621=DIRECTION('ref_axis',(-1.,0.,0.));
#11622=DIRECTION('center_axis',(1.09273919740669E-16,0.,-1.));
#11623=DIRECTION('ref_axis',(1.,-1.22464679914735E-16,1.04083408558608E-16));
#11624=DIRECTION('center_axis',(-1.,-1.12396722331329E-15,-1.09273919740669E-16));
#11625=DIRECTION('ref_axis',(0.,0.707106781186548,0.707106781186547));
#11626=DIRECTION('center_axis',(-0.64278760969003,0.766044443116049,0.));
#11627=DIRECTION('ref_axis',(0.766044443116049,0.64278760969003,0.));
#11628=DIRECTION('',(-0.766044443116049,-0.64278760969003,-8.37086789948484E-17));
#11629=DIRECTION('',(0.,0.,-1.));
#11630=DIRECTION('',(0.,0.,-1.));
#11631=DIRECTION('center_axis',(6.67205676545825E-11,1.,0.));
#11632=DIRECTION('ref_axis',(1.,-6.67205676545825E-11,0.));
#11633=DIRECTION('',(-1.,6.67205676545825E-11,-1.09273919740669E-16));
#11634=DIRECTION('',(0.,0.,1.));
#11635=DIRECTION('center_axis',(0.64278760966582,0.766044443136364,0.));
#11636=DIRECTION('ref_axis',(0.766044443136364,-0.64278760966582,0.));
#11637=DIRECTION('',(-0.766044443136364,0.64278760966582,-8.37086789970682E-17));
#11638=DIRECTION('center_axis',(-0.766044443136364,0.64278760966582,-8.37086789970683E-17));
#11639=DIRECTION('ref_axis',(0.454519477657394,0.541675220431997,0.707106781186546));
#11640=DIRECTION('center_axis',(0.939692620779123,-0.342020143344312,2.68807723449837E-15));
#11641=DIRECTION('ref_axis',(0.342020143344312,0.939692620779123,-7.0659359372096E-15));
#11642=DIRECTION('center_axis',(-0.766044443116049,-0.64278760969003,-8.37086789948484E-17));
#11643=DIRECTION('ref_axis',(-0.454519477674513,0.541675220417632,0.707106781186546));
#11644=DIRECTION('center_axis',(0.766044443116049,0.64278760969003,0.));
#11645=DIRECTION('ref_axis',(-0.64278760969003,0.766044443116049,0.));
#11646=DIRECTION('center_axis',(-0.939692620796538,-0.342020143296463,1.73878063946446E-15));
#11647=DIRECTION('ref_axis',(0.342020143296463,-0.939692620796538,5.09675611111325E-15));
#11648=DIRECTION('center_axis',(-1.,6.67205676545825E-11,-1.09273919740669E-16));
#11649=DIRECTION('ref_axis',(4.71760447419186E-11,0.707106781186548,0.707106781186547));
#11650=DIRECTION('center_axis',(-0.642787609684068,0.766044443121051,0.));
#11651=DIRECTION('ref_axis',(0.766044443121051,0.642787609684068,0.));
#11652=DIRECTION('',(-0.766044443121051,-0.642787609684068,-8.3708678995395E-17));
#11653=DIRECTION('',(0.,0.,-1.));
#11654=DIRECTION('',(0.,0.,-1.));
#11655=DIRECTION('center_axis',(-2.66110479784304E-11,1.,0.));
#11656=DIRECTION('ref_axis',(1.,2.66110479784304E-11,0.));
#11657=DIRECTION('',(-1.,-2.66110479784304E-11,-1.09273919740669E-16));
#11658=DIRECTION('',(0.,0.,1.));
#11659=DIRECTION('center_axis',(0.642787609674281,0.766044443129264,0.));
#11660=DIRECTION('ref_axis',(0.766044443129264,-0.642787609674281,0.));
#11661=DIRECTION('',(-0.766044443129264,0.642787609674281,-8.37086789962924E-17));
#11662=DIRECTION('center_axis',(1.09273919740669E-16,0.,-1.));
#11663=DIRECTION('ref_axis',(-1.,0.,0.));
#11664=DIRECTION('center_axis',(0.766044443129264,-0.642787609674281,0.));
#11665=DIRECTION('ref_axis',(0.642787609674281,0.766044443129264,0.));
#11666=DIRECTION('center_axis',(-0.766044443129264,0.642787609674281,-8.37086789962924E-17));
#11667=DIRECTION('ref_axis',(0.454519477663376,0.541675220426975,0.707106781186548));
#11668=DIRECTION('center_axis',(0.939692620793194,-0.342020143305651,6.32864396639215E-16));
#11669=DIRECTION('ref_axis',(0.342020143305651,0.939692620793194,-1.41928507195812E-15));
#11670=DIRECTION('center_axis',(-0.766044443121051,-0.642787609684068,-8.3708678995395E-17));
#11671=DIRECTION('ref_axis',(-0.454519477670295,0.541675220421168,0.707106781186548));
#11672=DIRECTION('center_axis',(0.766044443121051,0.642787609684069,0.));
#11673=DIRECTION('ref_axis',(-0.642787609684069,0.766044443121051,0.));
#11674=DIRECTION('center_axis',(-0.939692620781909,-0.342020143336657,-3.16432198348295E-16));
#11675=DIRECTION('ref_axis',(0.342020143336657,-0.939692620781909,-5.49894752416748E-16));
#11676=DIRECTION('center_axis',(-1.,-2.66110479784304E-11,-1.09273919740669E-16));
#11677=DIRECTION('ref_axis',(-1.88097076550316E-11,0.707106781186547,0.707106781186548));
#11678=DIRECTION('center_axis',(0.,0.,1.));
#11679=DIRECTION('ref_axis',(1.,0.,0.));
#11680=DIRECTION('center_axis',(0.,0.,1.));
#11681=DIRECTION('ref_axis',(1.,-1.20980294963545E-15,0.));
#11682=DIRECTION('center_axis',(0.,0.,1.));
#11683=DIRECTION('ref_axis',(-1.,0.,0.));
#11684=DIRECTION('center_axis',(1.09273919740669E-16,0.,-1.));
#11685=DIRECTION('ref_axis',(1.,-1.45473230946492E-15,1.04083408558608E-16));
#11686=DIRECTION('center_axis',(1.09273919740669E-16,0.,-1.));
#11687=DIRECTION('ref_axis',(-1.,0.,0.));
#11688=DIRECTION('center_axis',(0.,0.,1.));
#11689=DIRECTION('ref_axis',(1.,0.,0.));
#11690=DIRECTION('center_axis',(0.,0.,1.));
#11691=DIRECTION('ref_axis',(1.,-3.21624529935327E-16,0.));
#11692=DIRECTION('center_axis',(0.,0.,1.));
#11693=DIRECTION('ref_axis',(-1.,0.,0.));
#11694=DIRECTION('center_axis',(1.09273919740669E-16,0.,-1.));
#11695=DIRECTION('ref_axis',(1.,-1.01064309961486E-15,1.04083408558608E-16));
#11696=DIRECTION('center_axis',(1.09273919740669E-16,0.,-1.));
#11697=DIRECTION('ref_axis',(-1.,0.,0.));
#11698=DIRECTION('center_axis',(0.,0.,1.));
#11699=DIRECTION('ref_axis',(1.,0.,0.));
#11700=DIRECTION('center_axis',(0.,0.,1.));
#11701=DIRECTION('ref_axis',(1.,1.01064309961486E-15,0.));
#11702=DIRECTION('center_axis',(0.,0.,1.));
#11703=DIRECTION('ref_axis',(-1.,0.,0.));
#11704=DIRECTION('',(0.,0.,1.));
#11705=DIRECTION('',(1.,0.,0.));
#11706=DIRECTION('',(0.,1.38777878078144E-17,-1.));
#11707=DIRECTION('',(0.999999999999999,0.,0.));
#11708=CARTESIAN_POINT('',(0.,0.,0.));
#11709=CARTESIAN_POINT('',(0.,0.,0.));
#11710=CARTESIAN_POINT('',(0.,0.,0.));
#11711=CARTESIAN_POINT('',(0.,0.,0.));
#11712=CARTESIAN_POINT('Origin',(4.44089209850063E-15,7.49999999998702,
0.));
#11713=CARTESIAN_POINT('',(-8.00062892957272,7.49999999998702,-5.08409004240687E-15));
#11714=CARTESIAN_POINT('',(-8.29578907964648,7.49999999998702,0.666181271164053));
#11715=CARTESIAN_POINT('Origin',(-7.99374490394609,7.49999999998702,0.401527935017334));
#11716=CARTESIAN_POINT('',(-7.39847787924128,7.49999999998702,-4.99612662656737E-15));
#11717=CARTESIAN_POINT('',(-4.45000000000229,7.49999999998702,-4.56540714905039E-15));
#11718=CARTESIAN_POINT('',(-7.00000000000458,7.49999999998702,-0.398477879236703));
#11719=CARTESIAN_POINT('Origin',(-7.40152793502192,7.49999999998702,-0.401527935017344));
#11720=CARTESIAN_POINT('',(-7.00000000000458,7.49999999998702,-3.35152212076331));
#11721=CARTESIAN_POINT('',(-7.00000000000458,7.49999999998702,-1.38918152057771E-15));
#11722=CARTESIAN_POINT('',(-6.60152212076788,7.49999999998702,-3.75));
#11723=CARTESIAN_POINT('Origin',(-6.59847206498724,7.49999999998702,-3.34847206498267));
#11724=CARTESIAN_POINT('',(-3.39847787924129,7.49999999998702,-3.75));
#11725=CARTESIAN_POINT('',(-3.50000000000229,7.49999999998702,-3.75));
#11726=CARTESIAN_POINT('',(-3.00000000000459,7.49999999998702,-3.35152212076331));
#11727=CARTESIAN_POINT('Origin',(-3.40152793502193,7.49999999998702,-3.34847206498267));
#11728=CARTESIAN_POINT('',(-3.00000000000459,7.49999999998702,-0.398477879236702));
#11729=CARTESIAN_POINT('',(-3.00000000000459,7.49999999998702,-1.875));
#11730=CARTESIAN_POINT('',(-2.60152212076789,7.49999999998702,-4.09350524405358E-15));
#11731=CARTESIAN_POINT('Origin',(-2.59847206498725,7.49999999998702,-0.401527935017343));
#11732=CARTESIAN_POINT('',(-1.99937107043644,7.49999999998702,-4.29142292969246E-15));
#11733=CARTESIAN_POINT('',(-1.50000000000229,7.49999999998702,-4.45555843436513E-15));
#11734=CARTESIAN_POINT('',(-1.70421092036268,7.49999999998702,0.666181271164055));
#11735=CARTESIAN_POINT('Origin',(-2.00625509606307,7.49999999998702,0.401527935017335));
#11736=CARTESIAN_POINT('',(-4.70483984993083,7.49999999998702,3.97456701402124));
#11737=CARTESIAN_POINT('',(-0.851765578638565,7.49999999998702,-0.273694362018948));
#11738=CARTESIAN_POINT('',(-5.29516015007834,7.49999999998702,3.97456701402123));
#11739=CARTESIAN_POINT('Origin',(-5.00000000000458,7.49999999998702,3.70232359833746));
#11740=CARTESIAN_POINT('',(-4.94155786350503,7.49999999998702,4.36443620178155));
#11741=CARTESIAN_POINT('Ctrl Pts',(-2.70080970642705,8.63486229708608,0.0992875856591532));
#11742=CARTESIAN_POINT('Ctrl Pts',(-2.79115001763093,8.64258863190442,0.0999635523663633));
#11743=CARTESIAN_POINT('Ctrl Pts',(-3.00135577106219,8.65436910536847,0.0285318582967851));
#11744=CARTESIAN_POINT('Ctrl Pts',(-3.10018887460669,8.64516407684386,-0.17873654530571));
#11745=CARTESIAN_POINT('Ctrl Pts',(-3.09928758566375,8.63486229708608,-0.299190293577544));
#11746=CARTESIAN_POINT('Ctrl Pts',(-2.70080970642705,8.73338793609755,0.107907462139304));
#11747=CARTESIAN_POINT('Ctrl Pts',(-2.79292935154766,8.73965913858416,0.110419405619947));
#11748=CARTESIAN_POINT('Ctrl Pts',(-3.0110153702389,8.7491021648437,0.0394957211600714));
#11749=CARTESIAN_POINT('Ctrl Pts',(-3.11125672011809,8.74174953941303,-0.176364100083394));
#11750=CARTESIAN_POINT('Ctrl Pts',(-3.1079074621439,8.73338793609755,-0.299190293577544));
#11751=CARTESIAN_POINT('Ctrl Pts',(-2.70080970642705,8.92319760605438,0.20160942308852));
#11752=CARTESIAN_POINT('Ctrl Pts',(-2.81408818516666,8.92531629471361,0.205424657755332));
#11753=CARTESIAN_POINT('Ctrl Pts',(-3.08359241647329,8.92839994833875,0.118905837915651));
#11754=CARTESIAN_POINT('Ctrl Pts',(-3.20669640264886,8.92602252426669,-0.148152321924729));
#11755=CARTESIAN_POINT('Ctrl Pts',(-3.20160942309311,8.92319760605438,-0.299190293577544));
#11756=CARTESIAN_POINT('Ctrl Pts',(-2.70080970642705,8.99999999998702,0.398863473949506));
#11757=CARTESIAN_POINT('Ctrl Pts',(-2.85801970164707,8.99996462195339,0.400165990304351));
#11758=CARTESIAN_POINT('Ctrl Pts',(-3.22673683784137,9.00001054142276,0.274761873151191));
#11759=CARTESIAN_POINT('Ctrl Pts',(-3.40060016242723,8.99995282927552,-0.0895769666175205));
#11760=CARTESIAN_POINT('Ctrl Pts',(-3.3988634739541,8.99999999998702,-0.299190293577544));
#11761=CARTESIAN_POINT('Ctrl Pts',(-2.70080970642705,8.99999999998702,0.497765464895851));
#11762=CARTESIAN_POINT('Ctrl Pts',(-2.88013839542038,8.99999999998702,0.497765464895851));
#11763=CARTESIAN_POINT('Ctrl Pts',(-3.29848858652477,8.99999999998702,0.35284076099855));
#11764=CARTESIAN_POINT('Ctrl Pts',(-3.49776546490045,8.99999999998702,-0.0600853749197694));
#11765=CARTESIAN_POINT('Ctrl Pts',(-3.49776546490045,8.99999999998702,-0.299190293577544));
#11766=CARTESIAN_POINT('',(-2.70080970642705,8.63486229708608,0.099287585659153));
#11767=CARTESIAN_POINT('',(-2.70080970642705,8.99999999998702,0.497765464895851));
#11768=CARTESIAN_POINT('Origin',(-2.70080970642705,8.59999999998702,0.497765464895851));
#11769=CARTESIAN_POINT('',(-3.09928758566375,8.63486229708608,-0.299190293577545));
#11770=CARTESIAN_POINT('Origin',(-2.69470959486577,8.59999999998702,-0.305290405138827));
#11771=CARTESIAN_POINT('',(-3.49776546490045,8.99999999998702,-0.299190293577545));
#11772=CARTESIAN_POINT('Origin',(-3.49776546490045,8.59999999998702,-0.299190293577545));
#11773=CARTESIAN_POINT('Origin',(-2.69470959486577,8.99999999998702,-0.305290405138827));
#11774=CARTESIAN_POINT('Origin',(-2.59039083104846,7.40763107339578,-0.409609168956134));
#11775=CARTESIAN_POINT('',(-2.98886871028516,7.37276877629672,-0.409609168956134));
#11776=CARTESIAN_POINT('',(-2.59039083104846,7.37276877629672,-0.0111312897194362));
#11777=CARTESIAN_POINT('Origin',(-3.49776546490045,8.59999999998702,-3.25223453510415));
#11778=CARTESIAN_POINT('',(-3.09928758566375,8.63486229708608,-3.25223453510415));
#11779=CARTESIAN_POINT('',(-3.49776546490045,8.99999999998702,-3.25223453510415));
#11780=CARTESIAN_POINT('Origin',(-3.49776546490045,8.59999999998702,-3.25223453510415));
#11781=CARTESIAN_POINT('',(-3.49776546490045,8.63486229708608,-3.65071241434085));
#11782=CARTESIAN_POINT('Origin',(-3.49776546490045,8.59999999998702,-3.25223453510415));
#11783=CARTESIAN_POINT('Origin',(-3.49776546490045,8.59999999998702,-3.25223453510415));
#11784=CARTESIAN_POINT('Origin',(-3.41055152613598,7.60314011837934,-3.33944847386862));
#11785=CARTESIAN_POINT('',(-3.41055152613598,7.6380024154784,-3.73792635310531));
#11786=CARTESIAN_POINT('',(-3.01207364689928,7.6380024154784,-3.33944847386862));
#11787=CARTESIAN_POINT('Origin',(-2.2234647701066,8.59999999998702,0.497765464895851));
#11788=CARTESIAN_POINT('',(-1.92830462003284,8.63486229708608,0.765468856823212));
#11789=CARTESIAN_POINT('',(-2.2234647701066,8.99999999998702,0.497765464895851));
#11790=CARTESIAN_POINT('Origin',(-2.2234647701066,8.59999999998702,0.497765464895851));
#11791=CARTESIAN_POINT('',(-2.2234647701066,8.63486229708608,0.0992875856591527));
#11792=CARTESIAN_POINT('Origin',(-2.2234647701066,8.59999999998702,0.497765464895851));
#11793=CARTESIAN_POINT('Origin',(-2.2234647701066,8.59999999998702,0.497765464895851));
#11794=CARTESIAN_POINT('Origin',(-2.00125720150736,7.4746895066331,0.399313553780619));
#11795=CARTESIAN_POINT('',(-2.00125720150736,7.50955180373216,0.000835674543920445));
#11796=CARTESIAN_POINT('',(-1.7060970514336,7.50955180373216,0.66701694570798));
#11797=CARTESIAN_POINT('Origin',(-4.00000000000459,8.59999999998702,0.497765464895852));
#11798=CARTESIAN_POINT('',(-4.00000000000459,8.63486229708608,0.0992875856591533));
#11799=CARTESIAN_POINT('',(-4.00000000000459,8.99999999998702,0.497765464895852));
#11800=CARTESIAN_POINT('Origin',(-6.50223453510872,8.59999999998702,-3.25223453510415));
#11801=CARTESIAN_POINT('',(-6.50223453510872,8.63486229708608,-3.65071241434085));
#11802=CARTESIAN_POINT('',(-6.50223453510872,8.99999999998702,-3.25223453510415));
#11803=CARTESIAN_POINT('Origin',(-6.50223453510872,8.59999999998702,-3.25223453510415));
#11804=CARTESIAN_POINT('',(-6.90071241434542,8.63486229708608,-3.25223453510415));
#11805=CARTESIAN_POINT('Origin',(-6.50223453510872,8.59999999998702,-3.25223453510415));
#11806=CARTESIAN_POINT('Origin',(-6.50223453510872,8.59999999998702,-3.25223453510415));
#11807=CARTESIAN_POINT('Origin',(-6.59039083104845,7.59236892657825,-3.34039083104387));
#11808=CARTESIAN_POINT('',(-6.98886871028515,7.62723122367731,-3.34039083104387));
#11809=CARTESIAN_POINT('',(-6.59039083104845,7.62723122367731,-3.73886871028057));
#11810=CARTESIAN_POINT('Origin',(-5.00000000000458,8.59999999998702,3.55907353888593));
#11811=CARTESIAN_POINT('',(-5.29516015007834,8.63486229708608,3.82677693081329));
#11812=CARTESIAN_POINT('',(-5.00000000000458,8.99999999998702,3.55907353888593));
#11813=CARTESIAN_POINT('Origin',(-5.00000000000458,8.59999999998702,3.55907353888593));
#11814=CARTESIAN_POINT('',(-4.70483984993083,8.63486229708608,3.82677693081329));
#11815=CARTESIAN_POINT('Origin',(-5.00000000000458,8.59999999998702,3.55907353888593));
#11816=CARTESIAN_POINT('Origin',(-5.00000000000458,8.59999999998702,3.55907353888593));
#11817=CARTESIAN_POINT('Origin',(-5.00000000000458,7.69878374777098,3.67643652225741));
#11818=CARTESIAN_POINT('',(-4.70483984993083,7.73364604487004,3.94413991418477));
#11819=CARTESIAN_POINT('',(-5.29516015007834,7.73364604487004,3.94413991418477));
#11820=CARTESIAN_POINT('Origin',(-2.41723180276075,8.59999999998702,0.711406039360682));
#11821=CARTESIAN_POINT('',(-2.12207165268699,8.63486229708608,0.979109431288042));
#11822=CARTESIAN_POINT('',(-2.41723180276075,8.99999999998702,0.711406039360682));
#11823=CARTESIAN_POINT('Ctrl Pts',(-6.90071241434542,8.63486229708608,-0.299190293577546));
#11824=CARTESIAN_POINT('Ctrl Pts',(-6.89981112540247,8.64516407684386,-0.178736545305711));
#11825=CARTESIAN_POINT('Ctrl Pts',(-6.99866783779971,8.65436470867341,0.0285036740511637));
#11826=CARTESIAN_POINT('Ctrl Pts',(-7.20884998237824,8.64258863190442,0.0999635523663623));
#11827=CARTESIAN_POINT('Ctrl Pts',(-7.29919029358212,8.63486229708608,0.0992875856591522));
#11828=CARTESIAN_POINT('Ctrl Pts',(-6.89209253786527,8.73338793609755,-0.299190293577546));
#11829=CARTESIAN_POINT('Ctrl Pts',(-6.88874327989108,8.74174953941303,-0.176364100083395));
#11830=CARTESIAN_POINT('Ctrl Pts',(-6.98902824280973,8.74909866348988,0.0394550160368952));
#11831=CARTESIAN_POINT('Ctrl Pts',(-7.20707064846151,8.73965913858416,0.110419405619946));
#11832=CARTESIAN_POINT('Ctrl Pts',(-7.29919029358212,8.73338793609755,0.107907462139303));
#11833=CARTESIAN_POINT('Ctrl Pts',(-6.79836731881352,8.92317222428937,-0.299190293577546));
#11834=CARTESIAN_POINT('Ctrl Pts',(-6.79328033925777,8.92599714250167,-0.148152321924731));
#11835=CARTESIAN_POINT('Ctrl Pts',(-6.91641837432782,8.9283805823954,0.118884763275958));
#11836=CARTESIAN_POINT('Ctrl Pts',(-7.18591181484251,8.9252909129486,0.20544791585787));
#11837=CARTESIAN_POINT('Ctrl Pts',(-7.29919029358212,8.92317222428937,0.201632681191057));
#11838=CARTESIAN_POINT('Ctrl Pts',(-6.60113652605507,8.99999999998702,-0.299190293577546));
#11839=CARTESIAN_POINT('Ctrl Pts',(-6.59939983758194,8.99995282927552,-0.0895769666175219));
#11840=CARTESIAN_POINT('Ctrl Pts',(-6.77330913687251,9.00000186553252,0.274708974654968));
#11841=CARTESIAN_POINT('Ctrl Pts',(-7.1419802983621,8.99996462195339,0.40016599030435));
#11842=CARTESIAN_POINT('Ctrl Pts',(-7.29919029358212,8.99999999998702,0.398863473949505));
#11843=CARTESIAN_POINT('Ctrl Pts',(-6.50223453510872,8.99999999998702,-0.299190293577546));
#11844=CARTESIAN_POINT('Ctrl Pts',(-6.50223453510872,8.99999999998702,-0.0600853749197711));
#11845=CARTESIAN_POINT('Ctrl Pts',(-6.70155786186792,8.99999999998702,0.352785161829258));
#11846=CARTESIAN_POINT('Ctrl Pts',(-7.11986160458879,8.99999999998702,0.49776546489585));
#11847=CARTESIAN_POINT('Ctrl Pts',(-7.29919029358212,8.99999999998702,0.49776546489585));
#11848=CARTESIAN_POINT('',(-6.90071241434542,8.63486229708608,-0.299190293577546));
#11849=CARTESIAN_POINT('',(-6.50223453510872,8.99999999998702,-0.299190293577546));
#11850=CARTESIAN_POINT('Origin',(-6.50223453510872,8.59999999998702,-0.299190293577546));
#11851=CARTESIAN_POINT('',(-7.29919029358212,8.63486229708608,0.099287585659152));
#11852=CARTESIAN_POINT('Origin',(-7.3052904051434,8.59999999998702,-0.305290405138828));
#11853=CARTESIAN_POINT('',(-7.29919029358212,8.99999999998702,0.49776546489585));
#11854=CARTESIAN_POINT('Origin',(-7.29919029358212,8.59999999998702,0.49776546489585));
#11855=CARTESIAN_POINT('Origin',(-7.3052904051434,8.99999999998702,-0.305290405138828));
#11856=CARTESIAN_POINT('Origin',(-7.4026357258638,7.48733789272382,-0.402635725859223));
#11857=CARTESIAN_POINT('',(-7.4026357258638,7.45247559562475,-0.00415784662252505));
#11858=CARTESIAN_POINT('',(-7.0041578466271,7.45247559562475,-0.402635725859223));
#11859=CARTESIAN_POINT('Origin',(-7.77653522990256,8.59999999998702,0.49776546489585));
#11860=CARTESIAN_POINT('',(-7.77653522990256,8.63486229708608,0.099287585659152));
#11861=CARTESIAN_POINT('',(-7.77653522990256,8.99999999998702,0.49776546489585));
#11862=CARTESIAN_POINT('Origin',(-7.77653522990256,8.59999999998702,0.49776546489585));
#11863=CARTESIAN_POINT('',(-8.07169537997632,8.63486229708608,0.765468856823211));
#11864=CARTESIAN_POINT('Origin',(-7.77653522990256,8.59999999998702,0.49776546489585));
#11865=CARTESIAN_POINT('Origin',(-7.77653522990256,8.59999999998702,0.49776546489585));
#11866=CARTESIAN_POINT('Origin',(-7.92600115905235,7.84306998391498,0.431542669407052));
#11867=CARTESIAN_POINT('',(-8.22116130912611,7.87793228101405,0.699246061334413));
#11868=CARTESIAN_POINT('',(-7.92600115905235,7.87793228101405,0.0330647901703538));
#11869=CARTESIAN_POINT('Origin',(-5.63276819724842,8.59999999998702,2.86140603936068));
#11870=CARTESIAN_POINT('',(-5.92792834732217,8.63486229708608,3.12910943128804));
#11871=CARTESIAN_POINT('',(-5.63276819724842,8.99999999998702,2.86140603936068));
#11872=CARTESIAN_POINT('Origin',(-6.95000000000458,8.59999999998702,0.49776546489585));
#11873=CARTESIAN_POINT('',(-6.95000000000458,8.63486229708608,0.0992875856591521));
#11874=CARTESIAN_POINT('',(-6.95000000000458,8.99999999998702,0.49776546489585));
#11875=CARTESIAN_POINT('Origin',(-6.50223453510872,8.59999999998702,0.137499999999994));
#11876=CARTESIAN_POINT('',(-6.90071241434542,8.63486229708608,0.137499999999994));
#11877=CARTESIAN_POINT('',(-6.50223453510872,8.99999999998702,0.137499999999994));
#11878=CARTESIAN_POINT('Origin',(-6.00000000000458,8.59999999998702,-3.25223453510415));
#11879=CARTESIAN_POINT('',(-6.00000000000458,8.63486229708608,-3.65071241434085));
#11880=CARTESIAN_POINT('',(-6.00000000000458,8.99999999998702,-3.25223453510415));
#11881=CARTESIAN_POINT('Origin',(-3.49776546490045,8.59999999998702,-1.73750000000001));
#11882=CARTESIAN_POINT('',(-3.09928758566375,8.63486229708608,-1.73750000000001));
#11883=CARTESIAN_POINT('',(-3.49776546490045,8.99999999998702,-1.73750000000001));
#11884=CARTESIAN_POINT('Origin',(-3.00000000000459,7.49999999998702,-3.75));
#11885=CARTESIAN_POINT('Origin',(-3.00000000000459,7.49999999998702,-3.98986399474666E-15));
#11886=CARTESIAN_POINT('Origin',(-1.10000000000458,7.49999999998702,-4.61436444609831E-15));
#11887=CARTESIAN_POINT('Origin',(-5.00000000000458,7.49999999998702,4.29999999999999));
#11888=CARTESIAN_POINT('Origin',(-5.00000000000458,8.99999999998702,0.274999999999993));
#11889=CARTESIAN_POINT('Origin',(-8.90000000000458,7.49999999998702,-5.23886489744996E-15));
#11890=CARTESIAN_POINT('Origin',(-7.00000000000458,7.49999999998702,-4.96130914129367E-15));
#11891=CARTESIAN_POINT('Origin',(-7.00000000000458,7.49999999998702,-3.75));
#11892=CARTESIAN_POINT('',(0.,0.,0.));
#11893=CARTESIAN_POINT('Origin',(4.99999999999254,7.49999999998702,3.90000000000272));
#11894=CARTESIAN_POINT('',(1.02543298596586,7.49999999998702,0.295160150074161));
#11895=CARTESIAN_POINT('',(1.17322306917397,8.63486229708608,0.295160150074257));
#11896=CARTESIAN_POINT('',(1.05586008580245,7.73364604487073,0.295160150074181));
#11897=CARTESIAN_POINT('',(4.33381872883152,7.49999999998702,3.2957890796478));
#11898=CARTESIAN_POINT('',(2.65796735904353,7.49999999998702,1.77583086053887));
#11899=CARTESIAN_POINT('',(4.23453114317309,8.63486229708608,3.07169537997842));
#11900=CARTESIAN_POINT('',(4.3329830542874,7.50955180373444,3.29390294857644));
#11901=CARTESIAN_POINT('',(4.02089056870373,8.63486229708608,2.87792834732031));
#11902=CARTESIAN_POINT('Origin',(4.99999999999762,7.49999999998702,-3.89999999999728));
#11903=CARTESIAN_POINT('',(4.99999999999327,7.49999999998702,-2.39847787921951));
#11904=CARTESIAN_POINT('',(4.90071241433382,8.63486229708608,-2.29919029356032));
#11905=CARTESIAN_POINT('',(5.00415784661586,7.45247559562403,-2.40263572584209));
#11906=CARTESIAN_POINT('',(4.99999999999501,7.49999999998702,-3.00062892956393));
#11907=CARTESIAN_POINT('',(4.99999999999197,7.49999999998702,-1.9499999999914));
#11908=CARTESIAN_POINT('',(4.9007124143352,8.63486229708608,-2.77653522989368));
#11909=CARTESIAN_POINT('',(4.96693520982436,7.87793228101496,-2.92600115904335));
#11910=CARTESIAN_POINT('',(4.90071241433281,8.63486229708608,-1.94999999999717));
#11911=CARTESIAN_POINT('Origin',(0.699999999986338,7.49999999998702,-7.71605002114484E-14));
#11912=CARTESIAN_POINT('',(4.33381872883144,7.49999999998702,-3.29578907963928));
#11913=CARTESIAN_POINT('',(4.23453114317164,8.63486229708608,-3.07169537996904));
#11914=CARTESIAN_POINT('',(4.30075393866079,7.87793228101496,-3.22116130911871));
#11915=CARTESIAN_POINT('',(1.02543298596625,7.49999999998702,-0.295160150073894));
#11916=CARTESIAN_POINT('',(0.507967359039933,7.49999999998702,0.17416913946236));
#11917=CARTESIAN_POINT('',(1.17322306917435,8.63486229708608,-0.295160150073798));
#11918=CARTESIAN_POINT('',(1.05586008580283,7.73364604487073,-0.295160150073874));
#11919=CARTESIAN_POINT('',(1.87089056870175,8.63486229708608,-0.927928347317461));
#11920=CARTESIAN_POINT('Origin',(4.72499999998979,8.99999999998702,2.71671574125776E-12));
#11921=CARTESIAN_POINT('',(5.29919029357442,8.99999999998702,1.50223453509077));
#11922=CARTESIAN_POINT('',(4.50223453510189,8.99999999998702,2.29919029356158));
#11923=CARTESIAN_POINT('Origin',(5.30529040513655,8.99999999998702,2.30529040512544));
#11924=CARTESIAN_POINT('',(8.25223453509726,8.99999999998702,1.50223453508757));
#11925=CARTESIAN_POINT('',(6.73749999999207,8.99999999998702,1.50223453508921));
#11926=CARTESIAN_POINT('',(8.2522345350964,8.99999999998702,-1.50223453508675));
#11927=CARTESIAN_POINT('',(8.25223453509654,8.99999999998702,-0.999999999990456));
#11928=CARTESIAN_POINT('',(5.29919029357078,8.99999999998702,-1.50223453508577));
#11929=CARTESIAN_POINT('',(4.86249999999079,8.99999999998702,-1.50223453508562));
#11930=CARTESIAN_POINT('',(4.50223453509712,8.99999999998702,-2.29919029356147));
#11931=CARTESIAN_POINT('Origin',(5.30529040513182,8.99999999998702,-2.30529040512045));
#11932=CARTESIAN_POINT('',(4.50223453509851,8.99999999998702,-2.77653522989484));
#11933=CARTESIAN_POINT('',(4.50223453509611,8.99999999998702,-1.94999999999833));
#11934=CARTESIAN_POINT('',(1.44092646110123,8.99999999998702,4.03566069451244E-13));
#11935=CARTESIAN_POINT('',(2.13859396062862,8.99999999998702,-0.63276819724326));
#11936=CARTESIAN_POINT('',(4.50223453510034,8.99999999998702,2.77653522990456));
#11937=CARTESIAN_POINT('',(4.28859396063099,8.99999999998702,2.58276819724645));
#11938=CARTESIAN_POINT('',(4.50223453510612,8.99999999998702,0.999999999993663));
#11939=CARTESIAN_POINT('Origin',(4.99999999999872,7.49999999998702,1.99999999998695));
#11940=CARTESIAN_POINT('',(4.90071241433859,8.63486229708608,2.29919029356287));
#11941=CARTESIAN_POINT('',(4.99999999999743,7.49999999998702,2.39847787922192));
#11942=CARTESIAN_POINT('',(5.01113128971677,7.37276877629735,2.40960916894129));
#11943=CARTESIAN_POINT('',(4.90071241433704,8.63486229708608,2.77653522990586));
#11944=CARTESIAN_POINT('',(4.90071241434282,8.63486229708608,0.999999999994958));
#11945=CARTESIAN_POINT('',(4.99999999999547,7.49999999998702,3.00062892957525));
#11946=CARTESIAN_POINT('',(4.99916432545135,7.50955180373444,2.99874279850389));
#11947=CARTESIAN_POINT('',(5.00000000000197,7.49999999998702,1.00000000000161));
#11948=CARTESIAN_POINT('Origin',(8.74999999999325,7.49999999998702,1.99999999998289));
#11949=CARTESIAN_POINT('',(8.25223453509768,8.63486229708608,1.90071241432427));
#11950=CARTESIAN_POINT('',(8.35152212075687,7.49999999998702,1.99999999998332));
#11951=CARTESIAN_POINT('',(8.33944847386231,7.63800241547684,1.98792635308878));
#11952=CARTESIAN_POINT('',(5.29919029357486,8.63486229708608,1.90071241432747));
#11953=CARTESIAN_POINT('',(6.7374999999925,8.63486229708608,1.90071241432591));
#11954=CARTESIAN_POINT('',(5.39847787923369,7.49999999998702,1.99999999998652));
#11955=CARTESIAN_POINT('',(5.40960916895303,7.37276877629735,2.01113128970588));
#11956=CARTESIAN_POINT('',(4.37499999999771,7.49999999998702,1.99999999998763));
#11957=CARTESIAN_POINT('Origin',(8.74999999999211,7.49999999998702,-1.99999999998277));
#11958=CARTESIAN_POINT('',(8.6507124143331,8.63486229708608,-1.50223453508686));
#11959=CARTESIAN_POINT('',(8.74999999999222,7.49999999998702,-1.60152212074605));
#11960=CARTESIAN_POINT('',(8.7388687102728,7.62723122367732,-1.59039083102661));
#11961=CARTESIAN_POINT('',(8.65071241433395,8.63486229708608,1.50223453508746));
#11962=CARTESIAN_POINT('',(8.65071241433324,8.63486229708608,-0.999999999990569));
#11963=CARTESIAN_POINT('',(8.74999999999314,7.49999999998702,1.60152212074651));
#11964=CARTESIAN_POINT('',(8.73792635309858,7.63800241547684,1.58944847385197));
#11965=CARTESIAN_POINT('',(8.7499999999924,7.49999999998702,-0.999999999992626));
#11966=CARTESIAN_POINT('Origin',(4.99999999999211,7.49999999998702,-1.99999999998152));
#11967=CARTESIAN_POINT('',(5.29919029357065,8.63486229708608,-1.90071241432246));
#11968=CARTESIAN_POINT('',(5.3984778792301,7.49999999998702,-1.99999999998165));
#11969=CARTESIAN_POINT('',(5.40263572585269,7.45247559562403,-2.00415784660424));
#11970=CARTESIAN_POINT('',(8.25223453509627,8.63486229708608,-1.90071241432344));
#11971=CARTESIAN_POINT('',(4.86249999999065,8.63486229708608,-1.90071241432232));
#11972=CARTESIAN_POINT('',(8.3515221207554,7.49999999998702,-1.99999999998263));
#11973=CARTESIAN_POINT('',(8.34039083103597,7.62723122367732,-1.9888687102632));
#11974=CARTESIAN_POINT('',(2.49999999999573,7.49999999998702,-1.99999999998069));
#11975=CARTESIAN_POINT('Origin',(4.86249999999079,8.59999999998702,-1.50223453508562));
#11976=CARTESIAN_POINT('Origin',(8.2522345350964,8.59999999998702,-1.50223453508675));
#11977=CARTESIAN_POINT('Origin',(5.29919029357078,8.59999999998702,-1.50223453508577));
#11978=CARTESIAN_POINT('Origin',(4.50223453509611,8.59999999998702,-1.94999999999833));
#11979=CARTESIAN_POINT('Origin',(4.50223453509712,8.59999999998702,-2.29919029356147));
#11980=CARTESIAN_POINT('Origin',(4.50223453509851,8.59999999998702,-2.77653522989484));
#11981=CARTESIAN_POINT('Origin',(2.13859396062862,8.59999999998702,-0.63276819724326));
#11982=CARTESIAN_POINT('Origin',(4.50223453509851,8.59999999998702,-2.77653522989484));
#11983=CARTESIAN_POINT('Origin',(1.44092646110122,8.59999999998702,4.03704847329323E-13));
#11984=CARTESIAN_POINT('Origin',(4.28859396063099,8.59999999998702,2.58276819724645));
#11985=CARTESIAN_POINT('Origin',(1.44092646110122,8.59999999998702,4.03566069451244E-13));
#11986=CARTESIAN_POINT('Origin',(4.50223453510034,8.59999999998702,2.77653522990456));
#11987=CARTESIAN_POINT('Origin',(4.50223453510612,8.59999999998702,0.999999999993663));
#11988=CARTESIAN_POINT('Origin',(4.50223453510034,8.59999999998702,2.77653522990456));
#11989=CARTESIAN_POINT('Origin',(4.50223453510189,8.59999999998702,2.29919029356158));
#11990=CARTESIAN_POINT('Origin',(4.60068644621465,7.47468950663537,2.99874279850259));
#11991=CARTESIAN_POINT('Origin',(4.59847206497815,7.49999999998702,2.99374490394734));
#11992=CARTESIAN_POINT('Origin',(4.50223453510034,8.59999999998702,2.77653522990456));
#11993=CARTESIAN_POINT('Origin',(4.50223453510034,8.59999999998702,2.77653522990456));
#11994=CARTESIAN_POINT('Origin',(1.3235634777297,7.69878374777167,3.27353161938548E-13));
#11995=CARTESIAN_POINT('Origin',(1.29767640164954,7.49999999998702,3.1054734923159E-13));
#11996=CARTESIAN_POINT('Origin',(1.44092646110122,8.59999999998702,4.03544861270054E-13));
#11997=CARTESIAN_POINT('Origin',(1.44092646110122,8.59999999998702,4.03544861270054E-13));
#11998=CARTESIAN_POINT('Origin',(6.73749999999207,8.59999999998702,1.50223453508921));
#11999=CARTESIAN_POINT('Origin',(5.29919029357442,8.59999999998702,1.50223453509077));
#12000=CARTESIAN_POINT('Origin',(8.25223453509725,8.59999999998702,1.50223453508757));
#12001=CARTESIAN_POINT('Origin',(5.40960916895346,7.40763107339641,2.40960916894258));
#12002=CARTESIAN_POINT('Origin',(5.40152793501475,7.49999999998702,2.40152793500386));
#12003=CARTESIAN_POINT('Origin',(5.30529040513655,8.59999999998702,2.30529040512544));
#12004=CARTESIAN_POINT('Ctrl Pts',(4.90071241433859,8.63486229708608,2.29919029356287));
#12005=CARTESIAN_POINT('Ctrl Pts',(4.90003644763168,8.64258863190436,2.20884998235925));
#12006=CARTESIAN_POINT('Ctrl Pts',(4.97149090908754,8.65436555369428,1.9986633002877));
#12007=CARTESIAN_POINT('Ctrl Pts',(5.17873654530336,8.64516407684379,1.89981112538466));
#12008=CARTESIAN_POINT('Ctrl Pts',(5.29919029357486,8.63486229708608,1.90071241432747));
#12009=CARTESIAN_POINT('Ctrl Pts',(4.89209253785844,8.73338793609755,2.29919029356284));
#12010=CARTESIAN_POINT('Ctrl Pts',(4.88958059437811,8.73965913858412,2.20707064844249));
#12011=CARTESIAN_POINT('Ctrl Pts',(4.96053716065689,8.74909933643103,1.98901986060121));
#12012=CARTESIAN_POINT('Ctrl Pts',(5.17636410008104,8.74174953941298,1.88874327987329));
#12013=CARTESIAN_POINT('Ctrl Pts',(5.29919029357485,8.73338793609755,1.89209253784732));
#12014=CARTESIAN_POINT('Ctrl Pts',(4.79837167575698,8.92317697906626,2.29919029356254));
#12015=CARTESIAN_POINT('Ctrl Pts',(4.79455644109056,8.92529566772547,2.18591181482324));
#12016=CARTESIAN_POINT('Ctrl Pts',(4.88111105921052,8.9283842340672,1.91641614034874));
#12017=CARTESIAN_POINT('Ctrl Pts',(5.14815232192235,8.92600189727854,1.79328469619031));
#12018=CARTESIAN_POINT('Ctrl Pts',(5.29919029357475,8.92317697906626,1.79837167574586));
#12019=CARTESIAN_POINT('Ctrl Pts',(4.60113652604824,8.99999999998702,2.2991902935619));
#12020=CARTESIAN_POINT('Ctrl Pts',(4.59983400969391,8.99996462195339,2.14198029834232));
#12021=CARTESIAN_POINT('Ctrl Pts',(4.72528085853882,9.00000353299171,1.77330030076451));
#12022=CARTESIAN_POINT('Ctrl Pts',(5.08957696661509,8.99995282927552,1.59939983756423));
#12023=CARTESIAN_POINT('Ctrl Pts',(5.29919029357453,8.99999999998702,1.60113652603712));
#12024=CARTESIAN_POINT('Ctrl Pts',(4.50223453510189,8.99999999998702,2.29919029356158));
#12025=CARTESIAN_POINT('Ctrl Pts',(4.50223453510247,8.99999999998702,2.11986160456875));
#12026=CARTESIAN_POINT('Ctrl Pts',(4.64720415230988,8.99999999998701,1.70154893472134));
#12027=CARTESIAN_POINT('Ctrl Pts',(5.06008537491732,8.99999999998702,1.50223453509103));
#12028=CARTESIAN_POINT('Ctrl Pts',(5.29919029357442,8.99999999998702,1.50223453509077));
#12029=CARTESIAN_POINT('Origin',(4.56845733058766,7.8430699839159,-2.9260011590445));
#12030=CARTESIAN_POINT('Origin',(4.59847206497765,7.49999999998702,-2.99374490393845));
#12031=CARTESIAN_POINT('Origin',(4.50223453509851,8.59999999998702,-2.77653522989484));
#12032=CARTESIAN_POINT('Origin',(4.50223453509851,8.59999999998702,-2.77653522989484));
#12033=CARTESIAN_POINT('Origin',(8.25223453509654,8.59999999998702,-0.999999999990456));
#12034=CARTESIAN_POINT('Origin',(8.25223453509726,8.59999999998702,1.50223453508757));
#12035=CARTESIAN_POINT('Origin',(8.2522345350964,8.59999999998702,-1.50223453508675));
#12036=CARTESIAN_POINT('Origin',(8.33944847386188,7.60314011837778,1.58944847385208));
#12037=CARTESIAN_POINT('Origin',(8.3484720649758,7.49999999998702,1.59847206496598));
#12038=CARTESIAN_POINT('Origin',(8.25223453509725,8.59999999998702,1.50223453508757));
#12039=CARTESIAN_POINT('Origin',(8.25223453509725,8.59999999998702,1.50223453508757));
#12040=CARTESIAN_POINT('Origin',(5.40263572585256,7.4873378927231,-2.40263572584094));
#12041=CARTESIAN_POINT('Origin',(5.40152793501061,7.49999999998702,-2.40152793499899));
#12042=CARTESIAN_POINT('Origin',(5.30529040513182,8.59999999998702,-2.30529040512045));
#12043=CARTESIAN_POINT('Ctrl Pts',(5.29919029357065,8.63486229708608,-1.90071241432246));
#12044=CARTESIAN_POINT('Ctrl Pts',(5.17873654529856,8.64516407684392,-1.89981112537947));
#12045=CARTESIAN_POINT('Ctrl Pts',(4.97149090908162,8.65436555369454,-1.99866330028322));
#12046=CARTESIAN_POINT('Ctrl Pts',(4.90003644762635,8.64258863190446,-2.20884998235625));
#12047=CARTESIAN_POINT('Ctrl Pts',(4.90071241433382,8.63486229708608,-2.29919029356032));
#12048=CARTESIAN_POINT('Ctrl Pts',(5.29919029357066,8.73338793609755,-1.89209253784231));
#12049=CARTESIAN_POINT('Ctrl Pts',(5.17636410007625,8.74174953941308,-1.88874327986806));
#12050=CARTESIAN_POINT('Ctrl Pts',(4.96053716065089,8.74909933643123,-1.98901986059671));
#12051=CARTESIAN_POINT('Ctrl Pts',(4.88958059437275,8.73965913858419,-2.20707064843954));
#12052=CARTESIAN_POINT('Ctrl Pts',(4.89209253785367,8.73338793609755,-2.29919029356034));
#12053=CARTESIAN_POINT('Ctrl Pts',(5.29919029357069,8.92317697906626,-1.79837167574085));
#12054=CARTESIAN_POINT('Ctrl Pts',(5.14815232191756,8.92600189727858,-1.79328469618502));
#12055=CARTESIAN_POINT('Ctrl Pts',(4.88111105920422,8.92838423406726,-1.91641614034435));
#12056=CARTESIAN_POINT('Ctrl Pts',(4.79455644108505,8.9252956677255,-2.18591181482078));
#12057=CARTESIAN_POINT('Ctrl Pts',(4.79837167575221,8.92317697906626,-2.29919029356061));
#12058=CARTESIAN_POINT('Ctrl Pts',(5.29919029357075,8.99999999998702,-1.60113652603211));
#12059=CARTESIAN_POINT('Ctrl Pts',(5.08957696661029,8.99995282927551,-1.59939983755891));
#12060=CARTESIAN_POINT('Ctrl Pts',(4.72528085853206,9.00000353299171,-1.77330030076044));
#12061=CARTESIAN_POINT('Ctrl Pts',(4.59983400968816,8.99996462195339,-2.14198029834084));
#12062=CARTESIAN_POINT('Ctrl Pts',(4.60113652604347,8.99999999998702,-2.29919029356118));
#12063=CARTESIAN_POINT('Ctrl Pts',(5.29919029357078,8.99999999998702,-1.50223453508577));
#12064=CARTESIAN_POINT('Ctrl Pts',(5.06008537491251,8.99999999998702,-1.50223453508569));
#12065=CARTESIAN_POINT('Ctrl Pts',(4.64720415230289,8.99999999998702,-1.70154893471744));
#12066=CARTESIAN_POINT('Ctrl Pts',(4.5022345350966,8.99999999998702,-2.11986160456777));
#12067=CARTESIAN_POINT('Ctrl Pts',(4.50223453509712,8.99999999998702,-2.29919029356147));
#12068=CARTESIAN_POINT('Origin',(8.3403908310361,7.59236892657826,-1.5903908310265));
#12069=CARTESIAN_POINT('Origin',(8.34847206497489,7.49999999998702,-1.59847206496529));
#12070=CARTESIAN_POINT('Origin',(8.2522345350964,8.59999999998702,-1.50223453508675));
#12071=CARTESIAN_POINT('Origin',(8.2522345350964,8.59999999998702,-1.50223453508675));
#12072=CARTESIAN_POINT('Origin',(4.44089209850063E-15,7.49999999998702,
0.));
#12073=CARTESIAN_POINT('',(0.,0.,0.));
#12074=CARTESIAN_POINT('Origin',(4.44089209850063E-15,7.49999999998702,
0.));
#12075=CARTESIAN_POINT('',(-13.3984778792412,7.49999999998702,3.74999999999997));
#12076=CARTESIAN_POINT('',(-13.0000000000045,7.49999999998702,3.35152212076328));
#12077=CARTESIAN_POINT('Origin',(-13.4015279350218,7.49999999998702,3.34847206498263));
#12078=CARTESIAN_POINT('',(-16.601522120768,7.49999999998702,3.74999999999996));
#12079=CARTESIAN_POINT('',(-6.50000000000224,7.49999999998702,3.75));
#12080=CARTESIAN_POINT('',(-17.0000000000047,7.49999999998702,3.35152212076326));
#12081=CARTESIAN_POINT('Origin',(-16.5984720649874,7.49999999998702,3.34847206498262));
#12082=CARTESIAN_POINT('',(-17.0000000000047,7.49999999998702,0.398477879236713));
#12083=CARTESIAN_POINT('',(-17.0000000000047,7.49999999998702,1.87499999999994));
#12084=CARTESIAN_POINT('',(-17.3984778792414,7.49999999998702,1.27156431594619E-14));
#12085=CARTESIAN_POINT('Origin',(-17.401527935022,7.49999999998702,0.401527935017351));
#12086=CARTESIAN_POINT('',(-18.0006289295727,7.49999999998702,1.34193504861778E-14));
#12087=CARTESIAN_POINT('',(-8.50000000000235,7.49999999998702,2.31638523772556E-15));
#12088=CARTESIAN_POINT('',(-18.2957890796465,7.49999999998702,-0.666181271164046));
#12089=CARTESIAN_POINT('Origin',(-17.9937449039461,7.49999999998702,-0.401527935017326));
#12090=CARTESIAN_POINT('',(-15.2951601500783,7.49999999998702,-3.97456701402125));
#12091=CARTESIAN_POINT('',(-14.6348813056416,7.49999999998702,-4.70256676557976));
#12092=CARTESIAN_POINT('',(-14.7048398499308,7.49999999998702,-3.97456701402126));
#12093=CARTESIAN_POINT('Origin',(-15.0000000000046,7.49999999998702,-3.70232359833748));
#12094=CARTESIAN_POINT('',(-11.7042109203627,7.49999999998702,-0.666181271164081));
#12095=CARTESIAN_POINT('',(-10.545089020775,7.49999999998702,0.61182492581715));
#12096=CARTESIAN_POINT('',(-11.9993710704364,7.49999999998702,-1.90573905234227E-14));
#12097=CARTESIAN_POINT('Origin',(-12.0062550960631,7.49999999998702,-0.401527935017358));
#12098=CARTESIAN_POINT('',(-12.6015221207677,7.49999999998702,-2.06407320085334E-14));
#12099=CARTESIAN_POINT('',(-5.55000000000228,7.49999999998702,-2.0989267574409E-15));
#12100=CARTESIAN_POINT('',(-13.0000000000044,7.49999999998702,0.398477879236674));
#12101=CARTESIAN_POINT('Origin',(-12.5984720649871,7.49999999998702,0.401527935017318));
#12102=CARTESIAN_POINT('',(-13.0000000000044,7.49999999998702,-5.97136810606093E-14));
#12103=CARTESIAN_POINT('Origin',(-15.0000000000046,8.59999999998702,-3.55907353888595));
#12104=CARTESIAN_POINT('',(-14.7048398499308,8.63486229708608,-3.82677693081332));
#12105=CARTESIAN_POINT('',(-15.0000000000046,8.99999999998702,-3.55907353888595));
#12106=CARTESIAN_POINT('Origin',(-15.0000000000046,8.59999999998702,-3.55907353888595));
#12107=CARTESIAN_POINT('',(-15.2951601500783,8.63486229708608,-3.82677693081331));
#12108=CARTESIAN_POINT('Origin',(-15.0000000000046,8.59999999998702,-3.55907353888595));
#12109=CARTESIAN_POINT('Origin',(-15.0000000000046,8.59999999998702,-3.55907353888595));
#12110=CARTESIAN_POINT('Origin',(-15.0000000000046,7.69878374777098,-3.67643652225743));
#12111=CARTESIAN_POINT('',(-15.2951601500783,7.73364604487004,-3.94413991418479));
#12112=CARTESIAN_POINT('',(-14.7048398499308,7.73364604487004,-3.9441399141848));
#12113=CARTESIAN_POINT('Origin',(-17.7765352299026,8.59999999998702,-0.497765464895842));
#12114=CARTESIAN_POINT('',(-18.0716953799763,8.63486229708608,-0.765468856823203));
#12115=CARTESIAN_POINT('',(-17.7765352299026,8.99999999998702,-0.497765464895842));
#12116=CARTESIAN_POINT('Origin',(-17.7765352299026,8.59999999998702,-0.497765464895844));
#12117=CARTESIAN_POINT('',(-17.7765352299026,8.63486229708608,-0.099287585659144));
#12118=CARTESIAN_POINT('Origin',(-17.7765352299026,8.59999999998702,-0.497765464895842));
#12119=CARTESIAN_POINT('Origin',(-17.7765352299026,8.59999999998702,-0.497765464895842));
#12120=CARTESIAN_POINT('Origin',(-17.9987427985018,7.47468950663309,-0.399313553780609));
#12121=CARTESIAN_POINT('',(-17.9987427985018,7.50955180373215,-0.000835674543910384));
#12122=CARTESIAN_POINT('',(-18.2939029485756,7.50955180373215,-0.667016945707969));
#12123=CARTESIAN_POINT('Origin',(-12.2234647701066,8.59999999998702,-0.497765464895875));
#12124=CARTESIAN_POINT('',(-12.2234647701066,8.63486229708608,-0.0992875856591767));
#12125=CARTESIAN_POINT('',(-12.2234647701066,8.99999999998702,-0.497765464895875));
#12126=CARTESIAN_POINT('Origin',(-12.2234647701066,8.59999999998702,-0.497765464895875));
#12127=CARTESIAN_POINT('',(-11.9283046200328,8.63486229708608,-0.765468856823236));
#12128=CARTESIAN_POINT('Origin',(-12.2234647701066,8.59999999998702,-0.497765464895875));
#12129=CARTESIAN_POINT('Origin',(-12.2234647701066,8.59999999998702,-0.497765464895875));
#12130=CARTESIAN_POINT('Origin',(-12.0739988409568,7.84306998391499,-0.431542669407077));
#12131=CARTESIAN_POINT('',(-11.778838690883,7.87793228101405,-0.699246061334438));
#12132=CARTESIAN_POINT('',(-12.0739988409568,7.87793228101405,-0.0330647901703784));
#12133=CARTESIAN_POINT('Origin',(-14.3672318027607,8.59999999998702,-2.8614060393607));
#12134=CARTESIAN_POINT('',(-14.072071652687,8.63486229708608,-3.12910943128807));
#12135=CARTESIAN_POINT('',(-14.3672318027607,8.99999999998702,-2.8614060393607));
#12136=CARTESIAN_POINT('Ctrl Pts',(-17.2991902935822,8.63486229708608,-0.0992875856591449));
#12137=CARTESIAN_POINT('Ctrl Pts',(-17.2088499823784,8.64258863190442,-0.0999635523663551));
#12138=CARTESIAN_POINT('Ctrl Pts',(-16.9987115274685,8.65435657231235,-0.0284515173298828));
#12139=CARTESIAN_POINT('Ctrl Pts',(-16.8998111254026,8.64516407684386,0.17873654530572));
#12140=CARTESIAN_POINT('Ctrl Pts',(-16.9007124143455,8.63486229708608,0.299190293577555));
#12141=CARTESIAN_POINT('Ctrl Pts',(-17.2991902935822,8.73338793609755,-0.107907462139296));
#12142=CARTESIAN_POINT('Ctrl Pts',(-17.2070706484616,8.73965913858416,-0.110419405619939));
#12143=CARTESIAN_POINT('Ctrl Pts',(-16.9891089514857,8.74909218401414,-0.0393796886432634));
#12144=CARTESIAN_POINT('Ctrl Pts',(-16.8887432798912,8.74174953941303,0.176364100083405));
#12145=CARTESIAN_POINT('Ctrl Pts',(-16.8920925378654,8.73338793609755,0.299190293577555));
#12146=CARTESIAN_POINT('Ctrl Pts',(-17.2991902935822,8.9231291962675,-0.201672109108843));
#12147=CARTESIAN_POINT('Ctrl Pts',(-17.1859118148426,8.92524788492673,-0.205487343775656));
#12148=CARTESIAN_POINT('Ctrl Pts',(-16.9164434536383,8.92834699126033,-0.118841705224367));
#12149=CARTESIAN_POINT('Ctrl Pts',(-16.7932409113401,8.9259541144798,0.14815232192474));
#12150=CARTESIAN_POINT('Ctrl Pts',(-16.7983278908958,8.9231291962675,0.299190293577555));
#12151=CARTESIAN_POINT('Ctrl Pts',(-17.2991902935822,8.99999999998702,-0.398863473949498));
#12152=CARTESIAN_POINT('Ctrl Pts',(-17.1419802983622,8.99996462195339,-0.400165990304343));
#12153=CARTESIAN_POINT('Ctrl Pts',(-16.7733942159587,8.99998581025132,-0.2746110826567));
#12154=CARTESIAN_POINT('Ctrl Pts',(-16.5993998375821,8.99995282927552,0.089576966617532));
#12155=CARTESIAN_POINT('Ctrl Pts',(-16.6011365260552,8.99999999998702,0.299190293577557));
#12156=CARTESIAN_POINT('Ctrl Pts',(-17.2991902935822,8.99999999998702,-0.497765464895843));
#12157=CARTESIAN_POINT('Ctrl Pts',(-17.1198616045889,8.99999999998702,-0.497765464895844));
#12158=CARTESIAN_POINT('Ctrl Pts',(-16.7016438175266,8.99999999998702,-0.352682272065414));
#12159=CARTESIAN_POINT('Ctrl Pts',(-16.5022345351088,8.99999999998702,0.0600853749197811));
#12160=CARTESIAN_POINT('Ctrl Pts',(-16.5022345351088,8.99999999998702,0.299190293577557));
#12161=CARTESIAN_POINT('',(-17.2991902935822,8.63486229708608,-0.0992875856591446));
#12162=CARTESIAN_POINT('',(-17.2991902935822,8.99999999998702,-0.497765464895843));
#12163=CARTESIAN_POINT('Origin',(-17.2991902935822,8.59999999998702,-0.497765464895843));
#12164=CARTESIAN_POINT('',(-16.9007124143455,8.63486229708608,0.299190293577555));
#12165=CARTESIAN_POINT('Origin',(-17.3052904051435,8.59999999998702,0.305290405138835));
#12166=CARTESIAN_POINT('',(-16.5022345351088,8.99999999998702,0.299190293577557));
#12167=CARTESIAN_POINT('Origin',(-16.5022345351088,8.59999999998702,0.299190293577557));
#12168=CARTESIAN_POINT('Origin',(-17.3052904051435,8.99999999998702,0.305290405138835));
#12169=CARTESIAN_POINT('Origin',(-17.4096091689608,7.40763107339578,0.409609168956143));
#12170=CARTESIAN_POINT('',(-17.0111312897241,7.37276877629672,0.409609168956145));
#12171=CARTESIAN_POINT('',(-17.4096091689608,7.37276877629672,0.0111312897194447));
#12172=CARTESIAN_POINT('Ctrl Pts',(-13.0992875856636,8.63486229708608,0.299190293577516));
#12173=CARTESIAN_POINT('Ctrl Pts',(-13.1001888746065,8.64516407684386,0.178736545305682));
#12174=CARTESIAN_POINT('Ctrl Pts',(-13.0013038467995,8.65435943547256,-0.0284698711182693));
#12175=CARTESIAN_POINT('Ctrl Pts',(-12.7911500176308,8.64258863190442,-0.0999635523663879));
#12176=CARTESIAN_POINT('Ctrl Pts',(-12.7008097064269,8.63486229708608,-0.0992875856591781));
#12177=CARTESIAN_POINT('Ctrl Pts',(-13.1079074621437,8.73338793609755,0.299190293577516));
#12178=CARTESIAN_POINT('Ctrl Pts',(-13.1112567201179,8.74174953941303,0.176364100083366));
#12179=CARTESIAN_POINT('Ctrl Pts',(-13.010919449656,8.74909446412154,-0.0394061961193422));
#12180=CARTESIAN_POINT('Ctrl Pts',(-12.7929293515475,8.73965913858416,-0.110419405619972));
#12181=CARTESIAN_POINT('Ctrl Pts',(-12.7008097064269,8.73338793609755,-0.107907462139329));
#12182=CARTESIAN_POINT('Ctrl Pts',(-13.2016587341195,8.92314379251189,0.299190293577516));
#12183=CARTESIAN_POINT('Ctrl Pts',(-13.2067457136753,8.9259687107242,0.148152321924701));
#12184=CARTESIAN_POINT('Ctrl Pts',(-13.0835660783629,8.92835850118874,-0.118857418383561));
#12185=CARTESIAN_POINT('Ctrl Pts',(-12.8140881851665,8.92526248117112,-0.205473968781929));
#12186=CARTESIAN_POINT('Ctrl Pts',(-12.7008097064269,8.92314379251189,-0.201658734115118));
#12187=CARTESIAN_POINT('Ctrl Pts',(-13.398863473954,8.99999999998702,0.299190293577514));
#12188=CARTESIAN_POINT('Ctrl Pts',(-13.4006001624271,8.99995282927552,0.0895769666174911));
#12189=CARTESIAN_POINT('Ctrl Pts',(-13.2266357231168,8.99999146005494,-0.274645530547125));
#12190=CARTESIAN_POINT('Ctrl Pts',(-12.8580197016469,8.99996462195339,-0.400165990304377));
#12191=CARTESIAN_POINT('Ctrl Pts',(-12.7008097064269,8.99999999998702,-0.398863473949533));
#12192=CARTESIAN_POINT('Ctrl Pts',(-13.4977654649003,8.99999999998702,0.299190293577514));
#12193=CARTESIAN_POINT('Ctrl Pts',(-13.4977654649003,8.99999999998702,0.0600853749197395));
#12194=CARTESIAN_POINT('Ctrl Pts',(-13.298386430012,8.99999999998702,-0.352718478654035));
#12195=CARTESIAN_POINT('Ctrl Pts',(-12.8801383954202,8.99999999998702,-0.497765464895878));
#12196=CARTESIAN_POINT('Ctrl Pts',(-12.7008097064269,8.99999999998702,-0.497765464895879));
#12197=CARTESIAN_POINT('',(-13.0992875856636,8.63486229708608,0.299190293577517));
#12198=CARTESIAN_POINT('',(-13.4977654649003,8.99999999998702,0.299190293577514));
#12199=CARTESIAN_POINT('Origin',(-13.4977654649003,8.59999999998702,0.299190293577514));
#12200=CARTESIAN_POINT('',(-12.7008097064269,8.63486229708608,-0.0992875856591781));
#12201=CARTESIAN_POINT('Origin',(-12.6947095948656,8.59999999998701,0.305290405138802));
#12202=CARTESIAN_POINT('',(-12.7008097064269,8.99999999998702,-0.497765464895876));
#12203=CARTESIAN_POINT('Origin',(-12.7008097064269,8.59999999998702,-0.497765464895876));
#12204=CARTESIAN_POINT('Origin',(-12.6947095948656,8.99999999998702,0.305290405138802));
#12205=CARTESIAN_POINT('Origin',(-12.5973642741452,7.48733789272382,0.402635725859197));
#12206=CARTESIAN_POINT('',(-12.5973642741452,7.45247559562476,0.00415784662249903));
#12207=CARTESIAN_POINT('',(-12.9958421533819,7.45247559562476,0.402635725859194));
#12208=CARTESIAN_POINT('Origin',(-13.0500000000046,8.59999999998702,-0.497765464895877));
#12209=CARTESIAN_POINT('',(-13.0500000000046,8.63486229708608,-0.099287585659179));
#12210=CARTESIAN_POINT('',(-13.0500000000046,8.99999999998702,-0.497765464895877));
#12211=CARTESIAN_POINT('Origin',(-16.5022345351089,8.59999999998702,3.25223453510411));
#12212=CARTESIAN_POINT('',(-16.9007124143456,8.63486229708608,3.25223453510411));
#12213=CARTESIAN_POINT('',(-16.5022345351089,8.99999999998702,3.25223453510411));
#12214=CARTESIAN_POINT('Origin',(-16.5022345351089,8.59999999998702,3.25223453510411));
#12215=CARTESIAN_POINT('',(-16.5022345351089,8.63486229708608,3.65071241434081));
#12216=CARTESIAN_POINT('Origin',(-16.5022345351089,8.59999999998702,3.25223453510411));
#12217=CARTESIAN_POINT('Origin',(-16.5022345351089,8.59999999998702,3.25223453510411));
#12218=CARTESIAN_POINT('Origin',(-16.5894484738733,7.60314011837935,3.33944847386857));
#12219=CARTESIAN_POINT('',(-16.5894484738733,7.63800241547841,3.73792635310527));
#12220=CARTESIAN_POINT('',(-16.98792635311,7.63800241547841,3.33944847386857));
#12221=CARTESIAN_POINT('Origin',(-13.4977654649003,8.59999999998702,3.25223453510412));
#12222=CARTESIAN_POINT('',(-13.4977654649003,8.63486229708608,3.65071241434082));
#12223=CARTESIAN_POINT('',(-13.4977654649003,8.99999999998702,3.25223453510412));
#12224=CARTESIAN_POINT('Origin',(-13.4977654649003,8.59999999998702,3.25223453510412));
#12225=CARTESIAN_POINT('',(-13.0992875856636,8.63486229708608,3.25223453510412));
#12226=CARTESIAN_POINT('Origin',(-13.4977654649003,8.59999999998702,3.25223453510412));
#12227=CARTESIAN_POINT('Origin',(-13.4977654649003,8.59999999998702,3.25223453510412));
#12228=CARTESIAN_POINT('Origin',(-13.4096091689606,7.59236892657825,3.34039083104384));
#12229=CARTESIAN_POINT('',(-13.0111312897239,7.62723122367731,3.34039083104385));
#12230=CARTESIAN_POINT('',(-13.4096091689606,7.62723122367731,3.73886871028054));
#12231=CARTESIAN_POINT('Origin',(-13.4977654649003,8.59999999998702,-0.137500000000017));
#12232=CARTESIAN_POINT('',(-13.0992875856636,8.63486229708608,-0.137500000000014));
#12233=CARTESIAN_POINT('',(-13.4977654649003,8.99999999998702,-0.137500000000017));
#12234=CARTESIAN_POINT('Origin',(-14.0000000000045,8.59999999998702,3.25223453510412));
#12235=CARTESIAN_POINT('',(-14.0000000000045,8.63486229708608,3.65071241434081));
#12236=CARTESIAN_POINT('',(-14.0000000000045,8.99999999998702,3.25223453510412));
#12237=CARTESIAN_POINT('Origin',(-16.5022345351088,8.59999999998702,1.73749999999997));
#12238=CARTESIAN_POINT('',(-16.9007124143455,8.63486229708608,1.73749999999997));
#12239=CARTESIAN_POINT('',(-16.5022345351088,8.99999999998702,1.73749999999997));
#12240=CARTESIAN_POINT('Origin',(-16.0000000000046,8.59999999998702,-0.497765464895845));
#12241=CARTESIAN_POINT('',(-16.0000000000046,8.63486229708608,-0.0992875856591461));
#12242=CARTESIAN_POINT('',(-16.0000000000046,8.99999999998702,-0.497765464895845));
#12243=CARTESIAN_POINT('Origin',(-17.5827681972484,8.59999999998702,-0.711406039360684));
#12244=CARTESIAN_POINT('',(-17.8779283473222,8.63486229708608,-0.979109431288043));
#12245=CARTESIAN_POINT('',(-17.5827681972484,8.99999999998702,-0.711406039360684));
#12246=CARTESIAN_POINT('Origin',(-18.9000000000046,7.49999999998702,1.4432899320127E-14));
#12247=CARTESIAN_POINT('Origin',(-15.0000000000046,7.49999999998702,-4.30000000000002));
#12248=CARTESIAN_POINT('Origin',(-11.1000000000046,7.49999999998702,-1.66533453693773E-14));
#12249=CARTESIAN_POINT('Origin',(-13.0000000000044,7.49999999998702,-2.16493489801906E-14));
#12250=CARTESIAN_POINT('Origin',(-15.0000000000046,8.99999999998702,-0.27500000000002));
#12251=CARTESIAN_POINT('Origin',(-13.0000000000045,7.49999999998702,3.74999999999998));
#12252=CARTESIAN_POINT('Origin',(-17.0000000000047,7.49999999998702,3.74999999999996));
#12253=CARTESIAN_POINT('Origin',(-17.0000000000047,7.49999999998702,1.22124532708767E-14));
#12254=CARTESIAN_POINT('',(0.,0.,0.));
#12255=CARTESIAN_POINT('Origin',(4.44089209850063E-15,7.49999999998702,
0.));
#12256=CARTESIAN_POINT('',(11.6484778792328,7.49999999998702,-1.99999999999587));
#12257=CARTESIAN_POINT('',(11.2499999999961,7.49999999998702,-1.60152212075924));
#12258=CARTESIAN_POINT('Origin',(11.6515279350134,7.49999999998702,-1.59847206497853));
#12259=CARTESIAN_POINT('',(14.6015221207587,7.49999999998702,-1.99999999999534));
#12260=CARTESIAN_POINT('',(5.62499999999824,7.49999999998702,-1.99999999999694));
#12261=CARTESIAN_POINT('',(14.9999999999955,7.49999999998702,-2.39847787923197));
#12262=CARTESIAN_POINT('Origin',(14.5984720649781,7.49999999998702,-2.40152793501268));
#12263=CARTESIAN_POINT('',(14.9999999999956,7.49999999998702,-3.00062892956826));
#12264=CARTESIAN_POINT('',(14.9999999999952,7.49999999998702,-0.999999999996301));
#12265=CARTESIAN_POINT('',(15.6661812711597,7.49999999998702,-3.29578907964193));
#12266=CARTESIAN_POINT('Origin',(15.4015279350129,7.49999999998702,-2.99374490394156));
#12267=CARTESIAN_POINT('',(18.9745670140164,7.49999999998702,-0.295160150073738));
#12268=CARTESIAN_POINT('',(11.8553857566741,7.49999999998702,-6.75209198812941));
#12269=CARTESIAN_POINT('',(18.9745670140164,7.49999999998702,0.295160150073733));
#12270=CARTESIAN_POINT('Origin',(18.7023235983326,7.49999999998702,-2.16223356954887E-15));
#12271=CARTESIAN_POINT('',(15.6661812711597,7.49999999998702,3.29578907964193));
#12272=CARTESIAN_POINT('',(14.0053857566737,7.49999999998702,4.80209198812941));
#12273=CARTESIAN_POINT('',(14.9999999999956,7.49999999998702,3.00062892956826));
#12274=CARTESIAN_POINT('Origin',(15.4015279350129,7.49999999998702,2.99374490394156));
#12275=CARTESIAN_POINT('',(14.9999999999955,7.49999999998702,2.39847787923196));
#12276=CARTESIAN_POINT('',(14.9999999999954,7.49999999998702,1.94999999999867));
#12277=CARTESIAN_POINT('',(14.6015221207587,7.49999999998702,1.99999999999533));
#12278=CARTESIAN_POINT('Origin',(14.5984720649782,7.49999999998702,2.40152793501267));
#12279=CARTESIAN_POINT('',(11.6484778792323,7.49999999998702,1.99999999999586));
#12280=CARTESIAN_POINT('',(7.49999999999789,7.49999999998702,1.9999999999966));
#12281=CARTESIAN_POINT('',(11.2499999999955,7.49999999998702,1.60152212075909));
#12282=CARTESIAN_POINT('Origin',(11.6515279350128,7.49999999998702,1.59847206497852));
#12283=CARTESIAN_POINT('',(11.2499999999956,7.49999999998702,0.999999999998965));
#12284=CARTESIAN_POINT('Origin',(15.4977654648914,8.59999999998702,2.77653522989804));
#12285=CARTESIAN_POINT('',(15.0992875856547,8.63486229708608,2.77653522989811));
#12286=CARTESIAN_POINT('',(15.4977654648914,8.99999999998702,2.77653522989804));
#12287=CARTESIAN_POINT('Origin',(15.4977654648914,8.59999999998702,2.77653522989804));
#12288=CARTESIAN_POINT('',(15.7654688568188,8.63486229708608,3.07169537997178));
#12289=CARTESIAN_POINT('Origin',(15.4977654648914,8.59999999998702,2.77653522989804));
#12290=CARTESIAN_POINT('Origin',(15.4977654648914,8.59999999998702,2.77653522989804));
#12291=CARTESIAN_POINT('Origin',(15.4315426694026,7.84306998391491,2.92600115904784));
#12292=CARTESIAN_POINT('',(15.69924606133,7.87793228101398,3.22116130912157));
#12293=CARTESIAN_POINT('',(15.0330647901659,7.87793228101398,2.92600115904791));
#12294=CARTESIAN_POINT('Origin',(18.5590735388811,8.59999999998702,-2.55635631460127E-15));
#12295=CARTESIAN_POINT('',(18.8267769308085,8.63486229708608,0.295160150073733));
#12296=CARTESIAN_POINT('',(18.5590735388811,8.99999999998702,-2.35922392732846E-15));
#12297=CARTESIAN_POINT('Origin',(18.5590735388811,8.59999999998702,-2.4980018054066E-15));
#12298=CARTESIAN_POINT('',(18.8267769308085,8.63486229708608,-0.295160150073737));
#12299=CARTESIAN_POINT('Origin',(18.5590735388811,8.59999999998702,-2.55635631460127E-15));
#12300=CARTESIAN_POINT('Origin',(18.5590735388811,8.59999999998702,-1.11022302462516E-15));
#12301=CARTESIAN_POINT('Origin',(18.6764365222525,7.69878374777092,-2.23345647532014E-15));
#12302=CARTESIAN_POINT('',(18.9441399141799,7.73364604486999,-0.295160150073738));
#12303=CARTESIAN_POINT('',(18.9441399141799,7.73364604486999,0.295160150073733));
#12304=CARTESIAN_POINT('Ctrl Pts',(14.7008097064179,8.63486229708608,1.90071241433616));
#12305=CARTESIAN_POINT('Ctrl Pts',(14.7911500176217,8.64258863190442,1.90003644762893));
#12306=CARTESIAN_POINT('Ctrl Pts',(15.0012884725317,8.65435657231235,1.97154848266537));
#12307=CARTESIAN_POINT('Ctrl Pts',(15.1001888745976,8.64516407684386,2.17873654530095));
#12308=CARTESIAN_POINT('Ctrl Pts',(15.0992875856546,8.63486229708608,2.29919029357278));
#12309=CARTESIAN_POINT('Ctrl Pts',(14.7008097064179,8.73338793609755,1.89209253785601));
#12310=CARTESIAN_POINT('Ctrl Pts',(14.7929293515385,8.73965913858416,1.88958059437535));
#12311=CARTESIAN_POINT('Ctrl Pts',(15.0108910485144,8.74909218401413,1.96062031135198));
#12312=CARTESIAN_POINT('Ctrl Pts',(15.1112567201089,8.74174953941303,2.17636410007863));
#12313=CARTESIAN_POINT('Ctrl Pts',(15.1079074621348,8.73338793609755,2.29919029357278));
#12314=CARTESIAN_POINT('Ctrl Pts',(14.7008097064178,8.9231291962675,1.79832789088646));
#12315=CARTESIAN_POINT('Ctrl Pts',(14.8140881851575,8.92524788492673,1.79451265621963));
#12316=CARTESIAN_POINT('Ctrl Pts',(15.0835565463618,8.92834699126033,1.88115829477087));
#12317=CARTESIAN_POINT('Ctrl Pts',(15.20675908866,8.9259541144798,2.14815232191995));
#12318=CARTESIAN_POINT('Ctrl Pts',(15.2016721091043,8.9231291962675,2.29919029357277));
#12319=CARTESIAN_POINT('Ctrl Pts',(14.7008097064178,8.99999999998702,1.6011365260458));
#12320=CARTESIAN_POINT('Ctrl Pts',(14.8580197016378,8.99996462195339,1.59983400969093));
#12321=CARTESIAN_POINT('Ctrl Pts',(15.2266057840414,8.99998581025132,1.72538891733851));
#12322=CARTESIAN_POINT('Ctrl Pts',(15.4006001624181,8.99995282927552,2.08957696661271));
#12323=CARTESIAN_POINT('Ctrl Pts',(15.398863473945,8.99999999998702,2.29919029357273));
#12324=CARTESIAN_POINT('Ctrl Pts',(14.7008097064178,8.99999999998702,1.50223453509946));
#12325=CARTESIAN_POINT('Ctrl Pts',(14.8801383954111,8.99999999998702,1.50223453509943));
#12326=CARTESIAN_POINT('Ctrl Pts',(15.2983561824735,8.99999999998701,1.64731772792978));
#12327=CARTESIAN_POINT('Ctrl Pts',(15.4977654648913,8.99999999998702,2.06008537491494));
#12328=CARTESIAN_POINT('Ctrl Pts',(15.4977654648913,8.99999999998702,2.29919029357271));
#12329=CARTESIAN_POINT('',(14.7008097064179,8.63486229708608,1.90071241433616));
#12330=CARTESIAN_POINT('',(14.7008097064178,8.99999999998702,1.50223453509946));
#12331=CARTESIAN_POINT('Origin',(14.7008097064178,8.59999999998702,1.50223453509946));
#12332=CARTESIAN_POINT('',(15.0992875856546,8.63486229708608,2.29919029357279));
#12333=CARTESIAN_POINT('Origin',(14.6947095948567,8.59999999998702,2.30529040513414));
#12334=CARTESIAN_POINT('',(15.4977654648913,8.99999999998702,2.29919029357271));
#12335=CARTESIAN_POINT('Origin',(15.4977654648913,8.59999999998702,2.29919029357271));
#12336=CARTESIAN_POINT('Origin',(14.6947095948567,8.99999999998702,2.30529040513414));
#12337=CARTESIAN_POINT('Origin',(14.5973642741363,7.48733789272361,2.40263572585457));
#12338=CARTESIAN_POINT('',(14.995842153373,7.45247559562455,2.4026357258545));
#12339=CARTESIAN_POINT('',(14.5973642741362,7.45247559562455,2.00415784661787));
#12340=CARTESIAN_POINT('Origin',(15.4977654648913,8.59999999998702,1.94999999999993));
#12341=CARTESIAN_POINT('',(15.0992875856546,8.63486229708608,1.95));
#12342=CARTESIAN_POINT('',(15.4977654648913,8.99999999998702,1.94999999999993));
#12343=CARTESIAN_POINT('Origin',(15.4977654648914,8.59999999998702,-2.77653522989804));
#12344=CARTESIAN_POINT('',(15.7654688568188,8.63486229708608,-3.07169537997178));
#12345=CARTESIAN_POINT('',(15.4977654648914,8.99999999998702,-2.77653522989804));
#12346=CARTESIAN_POINT('Origin',(15.4977654648914,8.59999999998702,-2.77653522989804));
#12347=CARTESIAN_POINT('',(15.0992875856547,8.63486229708608,-2.77653522989811));
#12348=CARTESIAN_POINT('Origin',(15.4977654648914,8.59999999998702,-2.77653522989804));
#12349=CARTESIAN_POINT('Origin',(15.4977654648914,8.59999999998702,-2.77653522989804));
#12350=CARTESIAN_POINT('Origin',(15.3993135537763,7.47468950663357,-2.99874279849718));
#12351=CARTESIAN_POINT('',(15.0008356745396,7.50955180373263,-2.99874279849725));
#12352=CARTESIAN_POINT('',(15.6670169457036,7.50955180373263,-3.29390294857092));
#12353=CARTESIAN_POINT('Origin',(11.7477654648914,8.59999999998702,1.50223453509999));
#12354=CARTESIAN_POINT('',(11.3492875856547,8.63486229708608,1.50223453509991));
#12355=CARTESIAN_POINT('',(11.7477654648914,8.99999999998702,1.50223453509999));
#12356=CARTESIAN_POINT('Origin',(11.7477654648914,8.59999999998702,1.50223453509999));
#12357=CARTESIAN_POINT('',(11.7477654648914,8.63486229708608,1.90071241433668));
#12358=CARTESIAN_POINT('Origin',(11.7477654648914,8.59999999998702,1.50223453509999));
#12359=CARTESIAN_POINT('Origin',(11.7477654648914,8.59999999998702,1.50223453509999));
#12360=CARTESIAN_POINT('Origin',(11.6596091689516,7.59236892657828,1.59039083103972));
#12361=CARTESIAN_POINT('',(11.6596091689517,7.62723122367735,1.98886871027642));
#12362=CARTESIAN_POINT('',(11.2611312897149,7.62723122367735,1.59039083103965));
#12363=CARTESIAN_POINT('Origin',(15.1374999999954,8.59999999998702,1.50223453509938));
#12364=CARTESIAN_POINT('',(15.1374999999955,8.63486229708608,1.90071241433608));
#12365=CARTESIAN_POINT('',(15.1374999999954,8.99999999998702,1.50223453509938));
#12366=CARTESIAN_POINT('Ctrl Pts',(15.0992875856546,8.63486229708608,-2.29919029357279));
#12367=CARTESIAN_POINT('Ctrl Pts',(15.0999635523618,8.64258863190442,-2.20884998236891));
#12368=CARTESIAN_POINT('Ctrl Pts',(15.0284515173253,8.65435657231236,-1.99871152745902));
#12369=CARTESIAN_POINT('Ctrl Pts',(14.8212634546897,8.64516407684386,-1.8998111253932));
#12370=CARTESIAN_POINT('Ctrl Pts',(14.7008097064179,8.63486229708608,-1.90071241433616));
#12371=CARTESIAN_POINT('Ctrl Pts',(15.1079074621348,8.73338793609755,-2.29919029357279));
#12372=CARTESIAN_POINT('Ctrl Pts',(15.1104194056154,8.73965913858416,-2.20707064845218));
#12373=CARTESIAN_POINT('Ctrl Pts',(15.0393796886387,8.74909218401414,-1.98910895147625));
#12374=CARTESIAN_POINT('Ctrl Pts',(14.823635899912,8.74174953941303,-1.8887432798818));
#12375=CARTESIAN_POINT('Ctrl Pts',(14.7008097064179,8.73338793609755,-1.89209253785601));
#12376=CARTESIAN_POINT('Ctrl Pts',(15.2016721091043,8.9231291962675,-2.29919029357277));
#12377=CARTESIAN_POINT('Ctrl Pts',(15.2054873437711,8.92524788492673,-2.18591181483316));
#12378=CARTESIAN_POINT('Ctrl Pts',(15.1188417052198,8.92834699126034,-1.91644345362884));
#12379=CARTESIAN_POINT('Ctrl Pts',(14.8518476780707,8.9259541144798,-1.79324091133069));
#12380=CARTESIAN_POINT('Ctrl Pts',(14.7008097064178,8.9231291962675,-1.79832789088646));
#12381=CARTESIAN_POINT('Ctrl Pts',(15.398863473945,8.99999999998702,-2.29919029357274));
#12382=CARTESIAN_POINT('Ctrl Pts',(15.4001659902998,8.99996462195339,-2.14198029835272));
#12383=CARTESIAN_POINT('Ctrl Pts',(15.2746110826521,8.99998581025132,-1.77339421594923));
#12384=CARTESIAN_POINT('Ctrl Pts',(14.9104230333778,8.99995282927552,-1.59939983757265));
#12385=CARTESIAN_POINT('Ctrl Pts',(14.7008097064178,8.99999999998702,-1.60113652604581));
#12386=CARTESIAN_POINT('Ctrl Pts',(15.4977654648913,8.99999999998702,-2.29919029357272));
#12387=CARTESIAN_POINT('Ctrl Pts',(15.4977654648913,8.99999999998702,-2.11986160457939));
#12388=CARTESIAN_POINT('Ctrl Pts',(15.3526822720608,8.99999999998702,-1.70164381751708));
#12389=CARTESIAN_POINT('Ctrl Pts',(14.9399146250756,8.99999999998702,-1.50223453509942));
#12390=CARTESIAN_POINT('Ctrl Pts',(14.7008097064178,8.99999999998702,-1.50223453509947));
#12391=CARTESIAN_POINT('',(15.0992875856546,8.63486229708608,-2.29919029357279));
#12392=CARTESIAN_POINT('',(15.4977654648913,8.99999999998702,-2.29919029357272));
#12393=CARTESIAN_POINT('Origin',(15.4977654648913,8.59999999998702,-2.29919029357272));
#12394=CARTESIAN_POINT('',(14.7008097064179,8.63486229708608,-1.90071241433616));
#12395=CARTESIAN_POINT('Origin',(14.6947095948566,8.59999999998702,-2.30529040513415));
#12396=CARTESIAN_POINT('',(14.7008097064178,8.99999999998702,-1.50223453509947));
#12397=CARTESIAN_POINT('Origin',(14.7008097064178,8.59999999998702,-1.50223453509947));
#12398=CARTESIAN_POINT('Origin',(14.6947095948566,8.99999999998702,-2.30529040513415));
#12399=CARTESIAN_POINT('Origin',(14.5903908310394,7.40763107339581,-2.40960916895147));
#12400=CARTESIAN_POINT('',(14.5903908310393,7.37276877629675,-2.01113128971477));
#12401=CARTESIAN_POINT('',(14.9888687102761,7.37276877629675,-2.4096091689514));
#12402=CARTESIAN_POINT('Origin',(11.7477654648919,8.59999999998702,-1.50223453509999));
#12403=CARTESIAN_POINT('',(11.747765464892,8.63486229708608,-1.90071241433669));
#12404=CARTESIAN_POINT('',(11.7477654648919,8.99999999998702,-1.50223453509999));
#12405=CARTESIAN_POINT('Origin',(11.7477654648919,8.59999999998702,-1.50223453509999));
#12406=CARTESIAN_POINT('',(11.3492875856552,8.63486229708608,-1.50223453510006));
#12407=CARTESIAN_POINT('Origin',(11.7477654648919,8.59999999998702,-1.50223453509999));
#12408=CARTESIAN_POINT('Origin',(11.7477654648919,8.59999999998702,-1.50223453509999));
#12409=CARTESIAN_POINT('Origin',(11.6605515261274,7.60314011837899,-1.58944847386451));
#12410=CARTESIAN_POINT('',(11.2620736468907,7.63800241547805,-1.58944847386458));
#12411=CARTESIAN_POINT('',(11.6605515261275,7.63800241547805,-1.9879263531012));
#12412=CARTESIAN_POINT('Origin',(11.7477654648915,8.59999999998702,0.999999999997694));
#12413=CARTESIAN_POINT('',(11.3492875856547,8.63486229708608,0.999999999997623));
#12414=CARTESIAN_POINT('',(11.7477654648915,8.99999999998702,0.999999999997694));
#12415=CARTESIAN_POINT('Origin',(13.2624999999958,8.59999999998702,-1.50223453509972));
#12416=CARTESIAN_POINT('',(13.2624999999958,8.63486229708608,-1.90071241433642));
#12417=CARTESIAN_POINT('',(13.2624999999958,8.99999999998702,-1.50223453509972));
#12418=CARTESIAN_POINT('Origin',(15.4977654648911,8.59999999998702,-0.999999999997571));
#12419=CARTESIAN_POINT('',(15.0992875856544,8.63486229708608,-0.999999999997642));
#12420=CARTESIAN_POINT('',(15.4977654648911,8.99999999998702,-0.999999999997571));
#12421=CARTESIAN_POINT('Origin',(15.7114060393563,8.59999999998702,-2.58276819724383));
#12422=CARTESIAN_POINT('',(15.9791094312837,8.63486229708608,-2.87792834731757));
#12423=CARTESIAN_POINT('',(15.7114060393563,8.99999999998702,-2.58276819724383));
#12424=CARTESIAN_POINT('Origin',(17.8614060393559,8.59999999998702,0.632768197243829));
#12425=CARTESIAN_POINT('',(18.1291094312833,8.63486229708608,0.927928347317565));
#12426=CARTESIAN_POINT('',(17.8614060393559,8.99999999998702,0.632768197243829));
#12427=CARTESIAN_POINT('Origin',(19.2999999999951,7.49999999998702,-2.22044604925031E-15));
#12428=CARTESIAN_POINT('Origin',(14.9999999999958,7.49999999998702,3.9));
#12429=CARTESIAN_POINT('Origin',(14.9999999999954,7.49999999998702,1.99999999999526));
#12430=CARTESIAN_POINT('Origin',(11.2499999999954,7.49999999998702,1.99999999999593));
#12431=CARTESIAN_POINT('Origin',(15.2749999999952,8.99999999998702,-2.77555756156289E-15));
#12432=CARTESIAN_POINT('Origin',(14.9999999999954,7.49999999998702,-1.99999999999527));
#12433=CARTESIAN_POINT('Origin',(14.9999999999958,7.49999999998702,-3.9));
#12434=CARTESIAN_POINT('Origin',(11.2499999999961,7.49999999998702,-1.99999999999594));
#12435=CARTESIAN_POINT('',(0.,0.,0.));
#12436=CARTESIAN_POINT('',(0.,0.,0.));
#12437=CARTESIAN_POINT('',(0.,0.,0.));
#12438=CARTESIAN_POINT('',(0.,0.,0.));
#12439=CARTESIAN_POINT('Origin',(21.5499999993149,6.40000000027444,0.));
#12440=CARTESIAN_POINT('',(18.8499999995236,6.40000000027444,-1.65327317935879E-16));
#12441=CARTESIAN_POINT('Origin',(20.1999999999399,6.40000000027444,0.));
#12442=CARTESIAN_POINT('Origin',(-18.8500000005761,6.39999999938268,0.));
#12443=CARTESIAN_POINT('',(-21.5499999997426,6.39999999954603,-1.65327317859361E-16));
#12444=CARTESIAN_POINT('Origin',(-20.1999999999511,6.39999999946436,0.));
#12445=CARTESIAN_POINT('Origin',(15.3704143907437,2.29999999999502,0.));
#12446=CARTESIAN_POINT('',(15.3704143907437,2.29999999999502,9.4));
#12447=CARTESIAN_POINT('',(16.2855752193603,1.53208888625209,9.4));
#12448=CARTESIAN_POINT('',(3.97414820999358,11.862602748847,9.4));
#12449=CARTESIAN_POINT('',(15.3704143907437,2.29999999999502,-9.4));
#12450=CARTESIAN_POINT('',(15.3704143907437,2.29999999999502,0.));
#12451=CARTESIAN_POINT('',(16.2855752193603,1.53208888625209,-9.4));
#12452=CARTESIAN_POINT('',(18.8794800674437,-0.644455715035004,-9.4));
#12453=CARTESIAN_POINT('',(16.2855752193603,1.53208888625209,0.));
#12454=CARTESIAN_POINT('Origin',(13.7144247806487,1.53208888625278,0.));
#12455=CARTESIAN_POINT('',(13.7144247806486,1.53208888625268,9.4));
#12456=CARTESIAN_POINT('',(14.6295856092653,2.29999999999502,9.4));
#12457=CARTESIAN_POINT('',(1.86057818558097,-8.41446941946913,9.4));
#12458=CARTESIAN_POINT('',(13.7144247806486,1.53208888625268,-9.4));
#12459=CARTESIAN_POINT('',(13.7144247806486,1.53208888625268,0.));
#12460=CARTESIAN_POINT('',(14.6295856092653,2.29999999999502,-9.4));
#12461=CARTESIAN_POINT('',(16.7659100430426,4.09258904441087,-9.4));
#12462=CARTESIAN_POINT('',(14.6295856092653,2.29999999999502,0.));
#12463=CARTESIAN_POINT('Origin',(14.6295856092653,2.29999999999502,0.));
#12464=CARTESIAN_POINT('',(-5.38520719605327,2.29999999999505,9.4));
#12465=CARTESIAN_POINT('',(20.0147928053186,2.29999999999501,-9.4));
#12466=CARTESIAN_POINT('Origin',(-14.6295856092406,2.2999999999791,0.));
#12467=CARTESIAN_POINT('',(-14.6295856092406,2.2999999999791,9.4));
#12468=CARTESIAN_POINT('',(-13.7144247806389,1.5320888862365,9.4));
#12469=CARTESIAN_POINT('',(-17.2234904572921,4.47654460127381,9.4));
#12470=CARTESIAN_POINT('',(-14.6295856092406,2.2999999999791,-9.4));
#12471=CARTESIAN_POINT('',(-14.6295856092406,2.2999999999791,0.));
#12472=CARTESIAN_POINT('',(-13.7144247806389,1.5320888862365,-9.4));
#12473=CARTESIAN_POINT('',(-2.31815860003639,-8.03051386264251,-9.4));
#12474=CARTESIAN_POINT('',(-13.7144247806389,1.5320888862365,0.));
#12475=CARTESIAN_POINT('Origin',(-16.2855752193682,1.53208888625354,0.));
#12476=CARTESIAN_POINT('',(-16.2855752193556,1.53208888626413,9.4));
#12477=CARTESIAN_POINT('',(-15.3704143907395,2.29999999999881,9.4));
#12478=CARTESIAN_POINT('',(-19.3370604817797,-1.02841127189564,9.4));
#12479=CARTESIAN_POINT('',(-16.2855752193556,1.53208888626413,-9.4));
#12480=CARTESIAN_POINT('',(-16.2855752193556,1.53208888626413,0.));
#12481=CARTESIAN_POINT('',(-15.3704143907395,2.29999999999881,-9.4));
#12482=CARTESIAN_POINT('',(-4.43172862420437,11.4786471919643,-9.4));
#12483=CARTESIAN_POINT('',(-15.3704143907395,2.29999999999881,0.));
#12484=CARTESIAN_POINT('Origin',(-15.3704143907395,2.29999999999881,0.));
#12485=CARTESIAN_POINT('',(-20.3852071960251,2.30000000013226,9.4));
#12486=CARTESIAN_POINT('',(5.01479280534677,2.29999999945634,-9.4));
#12487=CARTESIAN_POINT('Origin',(5.37041439074335,2.29999999999499,0.));
#12488=CARTESIAN_POINT('',(5.37041439074335,2.29999999999499,9.4));
#12489=CARTESIAN_POINT('',(6.28557521935998,1.53208888625237,9.4));
#12490=CARTESIAN_POINT('',(-3.09173134578855,9.40058336632562,9.4));
#12491=CARTESIAN_POINT('',(5.37041439074335,2.29999999999499,-9.4));
#12492=CARTESIAN_POINT('',(5.37041439074335,2.29999999999499,0.));
#12493=CARTESIAN_POINT('',(6.28557521935998,1.53208888625237,-9.4));
#12494=CARTESIAN_POINT('',(11.813600511667,-3.10647509755547,-9.4));
#12495=CARTESIAN_POINT('',(6.28557521935998,1.53208888625237,0.));
#12496=CARTESIAN_POINT('Origin',(3.71442478065488,1.53208888625799,0.));
#12497=CARTESIAN_POINT('',(3.71442478064828,1.53208888625245,9.4));
#12498=CARTESIAN_POINT('',(4.62958560926493,2.29999999999499,9.4));
#12499=CARTESIAN_POINT('',(-5.20530137018955,-5.95245003694656,9.4));
#12500=CARTESIAN_POINT('',(3.71442478064828,1.53208888625245,-9.4));
#12501=CARTESIAN_POINT('',(3.71442478064828,1.53208888625245,0.));
#12502=CARTESIAN_POINT('',(4.62958560926493,2.29999999999499,-9.4));
#12503=CARTESIAN_POINT('',(9.70003048726748,6.55460842693426,-9.4));
#12504=CARTESIAN_POINT('',(4.62958560926493,2.29999999999499,0.));
#12505=CARTESIAN_POINT('Origin',(4.62958560926493,2.29999999999499,0.));
#12506=CARTESIAN_POINT('',(-10.3852071960535,2.29999999999501,9.4));
#12507=CARTESIAN_POINT('',(15.0147928053184,2.29999999999498,-9.4));
#12508=CARTESIAN_POINT('Origin',(-4.62958560926319,2.30000000001971,0.));
#12509=CARTESIAN_POINT('',(-4.62958560926319,2.30000000001971,9.4));
#12510=CARTESIAN_POINT('',(-3.7144247806185,1.53208888622895,9.4));
#12511=CARTESIAN_POINT('',(-10.1576109014001,6.93856398383342,9.4));
#12512=CARTESIAN_POINT('',(-4.62958560926319,2.30000000001971,-9.4));
#12513=CARTESIAN_POINT('',(-4.62958560926319,2.30000000001971,0.));
#12514=CARTESIAN_POINT('',(-3.7144247806185,1.53208888622895,-9.4));
#12515=CARTESIAN_POINT('',(4.74772095566093,-5.56849448011723,-9.4));
#12516=CARTESIAN_POINT('',(-3.7144247806185,1.53208888622895,0.));
#12517=CARTESIAN_POINT('Origin',(-6.28557521932932,1.53208888627661,0.));
#12518=CARTESIAN_POINT('',(-6.2855752193302,1.53208888627587,9.4));
#12519=CARTESIAN_POINT('',(-5.37041439074161,2.29999999997028,9.4));
#12520=CARTESIAN_POINT('',(-12.2711809261065,-3.49043065437686,9.4));
#12521=CARTESIAN_POINT('',(-6.2855752193302,1.53208888627587,-9.4));
#12522=CARTESIAN_POINT('',(-6.2855752193302,1.53208888627587,0.));
#12523=CARTESIAN_POINT('',(-5.37041439074161,2.29999999997028,-9.4));
#12524=CARTESIAN_POINT('',(2.63415093174511,9.01662780943438,-9.4));
#12525=CARTESIAN_POINT('',(-5.37041439074161,2.29999999997028,0.));
#12526=CARTESIAN_POINT('Origin',(-5.37041439074161,2.29999999997028,0.));
#12527=CARTESIAN_POINT('',(-15.3852071961335,2.29999999930209,9.4));
#12528=CARTESIAN_POINT('',(10.0147928052384,2.30000000099679,-9.4));
#12529=CARTESIAN_POINT('Origin',(22.4000000013718,0.,7.));
#12530=CARTESIAN_POINT('',(25.4000000013718,0.2,7.));
#12531=CARTESIAN_POINT('',(22.4000000013718,0.2,10.));
#12532=CARTESIAN_POINT('Origin',(22.4000000013718,0.2,7.));
#12533=CARTESIAN_POINT('',(25.4000000013718,6.49999999998702,7.));
#12534=CARTESIAN_POINT('',(25.4000000013718,0.,7.));
#12535=CARTESIAN_POINT('',(22.4000000013718,6.49999999998702,10.));
#12536=CARTESIAN_POINT('Origin',(22.4000000013718,6.49999999998702,7.));
#12537=CARTESIAN_POINT('',(22.4000000013718,0.,10.));
#12538=CARTESIAN_POINT('Origin',(25.4000000013718,0.,10.));
#12539=CARTESIAN_POINT('',(25.4000000013718,0.2,-7.));
#12540=CARTESIAN_POINT('',(25.4000000013718,0.2,5.));
#12541=CARTESIAN_POINT('',(25.4000000013718,6.49999999998702,-7.));
#12542=CARTESIAN_POINT('',(25.4000000013718,0.,-7.));
#12543=CARTESIAN_POINT('',(25.4000000013718,6.49999999998702,5.));
#12544=CARTESIAN_POINT('Origin',(22.4000000013718,0.,-7.));
#12545=CARTESIAN_POINT('',(22.4000000013718,0.2,-10.));
#12546=CARTESIAN_POINT('Origin',(22.4000000013718,0.2,-7.));
#12547=CARTESIAN_POINT('',(22.4000000013718,6.49999999998702,-10.));
#12548=CARTESIAN_POINT('',(22.4000000013718,0.,-10.));
#12549=CARTESIAN_POINT('Origin',(22.4000000013718,6.49999999998702,-7.));
#12550=CARTESIAN_POINT('Origin',(22.4000000013718,6.99999999998702,7.));
#12551=CARTESIAN_POINT('',(22.4000000013718,7.49999999998702,9.));
#12552=CARTESIAN_POINT('',(22.4000000013718,6.49999999998702,10.));
#12553=CARTESIAN_POINT('',(24.4000000013718,7.49999999998702,7.));
#12554=CARTESIAN_POINT('',(24.4000000013718,7.49999999998702,7.));
#12555=CARTESIAN_POINT('Origin',(22.4000000013718,7.49999999998702,7.));
#12556=CARTESIAN_POINT('Origin',(24.9000000013718,6.99999999998702,5.));
#12557=CARTESIAN_POINT('',(24.4000000013719,7.49999999998702,-7.));
#12558=CARTESIAN_POINT('',(24.4000000013719,7.49999999998702,-7.));
#12559=CARTESIAN_POINT('',(24.4000000013718,7.49999999998702,5.));
#12560=CARTESIAN_POINT('Origin',(22.4000000013718,6.99999999998702,-7.));
#12561=CARTESIAN_POINT('',(22.4000000013718,7.49999999998702,-9.));
#12562=CARTESIAN_POINT('',(22.4000000013718,7.49999999998702,-9.));
#12563=CARTESIAN_POINT('Origin',(22.4000000013718,7.49999999998702,-7.));
#12564=CARTESIAN_POINT('Origin',(12.7000000006859,6.99999999998702,-9.5));
#12565=CARTESIAN_POINT('',(-22.4000000013718,6.49999999998702,-10.));
#12566=CARTESIAN_POINT('',(12.7000000006859,6.49999999998702,-10.));
#12567=CARTESIAN_POINT('',(-22.4000000013718,7.49999999998702,-9.));
#12568=CARTESIAN_POINT('',(-22.4000000013718,7.49999999998702,-9.));
#12569=CARTESIAN_POINT('',(12.7000000006859,7.49999999998702,-9.));
#12570=CARTESIAN_POINT('Origin',(-22.4000000013718,6.99999999998702,-7.));
#12571=CARTESIAN_POINT('',(-25.4000000013718,6.49999999998702,-7.));
#12572=CARTESIAN_POINT('Origin',(-22.4000000013718,6.49999999998702,-7.));
#12573=CARTESIAN_POINT('',(-24.4000000013718,7.49999999998702,-7.));
#12574=CARTESIAN_POINT('',(-24.4000000013718,7.49999999998702,-7.));
#12575=CARTESIAN_POINT('Origin',(-22.4000000013718,7.49999999998702,-7.));
#12576=CARTESIAN_POINT('Origin',(-24.9000000013718,6.99999999998702,-5.));
#12577=CARTESIAN_POINT('',(-25.4000000013718,6.49999999998702,7.));
#12578=CARTESIAN_POINT('',(-25.4000000013718,6.49999999998702,-5.));
#12579=CARTESIAN_POINT('',(-24.4000000013718,7.49999999998702,7.));
#12580=CARTESIAN_POINT('',(-24.4000000013718,7.49999999998702,7.));
#12581=CARTESIAN_POINT('',(-24.4000000013718,7.49999999998702,-5.));
#12582=CARTESIAN_POINT('Origin',(-22.4000000013718,6.99999999998702,7.));
#12583=CARTESIAN_POINT('',(-22.4000000013718,6.49999999998702,10.));
#12584=CARTESIAN_POINT('Origin',(-22.4000000013718,6.49999999998702,7.));
#12585=CARTESIAN_POINT('',(-22.4000000013718,7.49999999998702,9.));
#12586=CARTESIAN_POINT('',(-22.4000000013718,7.49999999998702,9.));
#12587=CARTESIAN_POINT('Origin',(-22.4000000013718,7.49999999998702,7.));
#12588=CARTESIAN_POINT('Origin',(-12.7000000006859,6.99999999998702,9.5));
#12589=CARTESIAN_POINT('',(-12.7000000006859,6.49999999998702,10.));
#12590=CARTESIAN_POINT('',(-12.7000000006859,7.49999999998702,9.));
#12591=CARTESIAN_POINT('Origin',(-22.4000000013718,0.,7.));
#12592=CARTESIAN_POINT('',(-22.4000000013718,0.2,10.));
#12593=CARTESIAN_POINT('',(-25.4000000013718,0.2,7.));
#12594=CARTESIAN_POINT('Origin',(-22.4000000013718,0.2,7.));
#12595=CARTESIAN_POINT('',(-22.4000000013718,0.,10.));
#12596=CARTESIAN_POINT('',(-25.4000000013718,0.,7.));
#12597=CARTESIAN_POINT('Origin',(-25.4000000013718,0.,-10.));
#12598=CARTESIAN_POINT('',(-25.4000000013718,0.2,-7.));
#12599=CARTESIAN_POINT('',(-25.4000000013718,0.2,-5.));
#12600=CARTESIAN_POINT('',(-25.4000000013718,0.,-7.));
#12601=CARTESIAN_POINT('Origin',(-22.4000000013718,0.,-7.));
#12602=CARTESIAN_POINT('',(-22.4000000013718,0.2,-10.));
#12603=CARTESIAN_POINT('Origin',(-22.4000000013718,0.2,-7.));
#12604=CARTESIAN_POINT('',(-22.4000000013718,0.,-10.));
#12605=CARTESIAN_POINT('Origin',(2.22044604925031E-15,7.49999999998702,
2.22044604925031E-15));
#12606=CARTESIAN_POINT('Origin',(-1.93248603422595,-7.57088719676988,-9.4));
#12607=CARTESIAN_POINT('',(-14.4112034686751,2.89999999997328,-10.));
#12608=CARTESIAN_POINT('',(-13.3287522148237,1.99171555211474,-10.));
#12609=CARTESIAN_POINT('',(-1.93248603422595,-7.57088719676988,-10.));
#12610=CARTESIAN_POINT('Origin',(-13.3287522148237,1.99171555211474,-9.4));
#12611=CARTESIAN_POINT('Origin',(-14.4112034686751,2.89999999997329,-9.4));
#12612=CARTESIAN_POINT('Origin',(-4.81740119000894,11.9382738578419,-9.4));
#12613=CARTESIAN_POINT('',(-16.6712477851554,1.99171555213609,-10.));
#12614=CARTESIAN_POINT('Origin',(-16.6712477851554,1.99171555213609,-9.4));
#12615=CARTESIAN_POINT('',(-15.5887965312869,2.90000000000462,-10.));
#12616=CARTESIAN_POINT('',(-4.81740119000894,11.9382738578419,-10.));
#12617=CARTESIAN_POINT('Origin',(-15.5887965312869,2.90000000000462,-9.4));
#12618=CARTESIAN_POINT('Origin',(5.01479280536274,2.89999999945634,-9.4));
#12619=CARTESIAN_POINT('',(5.01479280536274,2.89999999945634,-10.));
#12620=CARTESIAN_POINT('Origin',(5.13339352147495,-5.1088678142476,-9.4));
#12621=CARTESIAN_POINT('',(-4.41120346871928,2.90000000003428,-10.));
#12622=CARTESIAN_POINT('',(-3.32875221480185,1.99171555210173,-10.));
#12623=CARTESIAN_POINT('',(5.13339352147495,-5.1088678142476,-10.));
#12624=CARTESIAN_POINT('Origin',(-3.32875221480185,1.99171555210173,-9.4));
#12625=CARTESIAN_POINT('Origin',(-4.41120346871928,2.90000000003428,-9.4));
#12626=CARTESIAN_POINT('Origin',(2.24847836594561,9.4762544753162,-9.4));
#12627=CARTESIAN_POINT('',(-6.67124778512706,1.99171555215455,-10.));
#12628=CARTESIAN_POINT('Origin',(-6.67124778512706,1.99171555215455,-9.4));
#12629=CARTESIAN_POINT('',(-5.58879653130951,2.89999999995571,-10.));
#12630=CARTESIAN_POINT('',(2.24847836594561,9.4762544753162,-10.));
#12631=CARTESIAN_POINT('Origin',(-5.5887965313095,2.89999999995571,-9.4));
#12632=CARTESIAN_POINT('Origin',(10.0147928051984,2.90000000099679,-9.4));
#12633=CARTESIAN_POINT('',(10.0147928051984,2.90000000099679,-10.));
#12634=CARTESIAN_POINT('Origin',(12.1992730774737,-2.64684843167975,-9.4));
#12635=CARTESIAN_POINT('',(5.58879653129926,2.89999999999499,-10.));
#12636=CARTESIAN_POINT('',(6.67124778516676,1.99171555212808,-10.));
#12637=CARTESIAN_POINT('',(12.1992730774737,-2.64684843167975,-10.));
#12638=CARTESIAN_POINT('Origin',(6.67124778516676,1.99171555212808,-9.4));
#12639=CARTESIAN_POINT('Origin',(5.58879653129926,2.89999999999499,-9.4));
#12640=CARTESIAN_POINT('Origin',(9.31435792146074,7.01423509280999,-9.4));
#12641=CARTESIAN_POINT('',(3.32875221484153,1.99171555212818,-10.));
#12642=CARTESIAN_POINT('Origin',(3.32875221484153,1.99171555212818,-9.4));
#12643=CARTESIAN_POINT('',(4.41120346870904,2.89999999999499,-10.));
#12644=CARTESIAN_POINT('',(9.31435792146074,7.01423509280999,-10.));
#12645=CARTESIAN_POINT('Origin',(4.41120346870904,2.89999999999499,-9.4));
#12646=CARTESIAN_POINT('Origin',(15.0147928053184,2.89999999999498,-9.4));
#12647=CARTESIAN_POINT('',(15.0147928053184,2.89999999999498,-10.));
#12648=CARTESIAN_POINT('Origin',(19.2651526332505,-0.184829049159378,-9.4));
#12649=CARTESIAN_POINT('',(15.5887965312997,2.89999999999502,-10.));
#12650=CARTESIAN_POINT('',(16.6712477851672,1.99171555212771,-10.));
#12651=CARTESIAN_POINT('',(19.2651526332505,-0.184829049159378,-10.));
#12652=CARTESIAN_POINT('Origin',(16.6712477851672,1.99171555212771,-9.4));
#12653=CARTESIAN_POINT('Origin',(15.5887965312997,2.89999999999502,-9.4));
#12654=CARTESIAN_POINT('Origin',(16.380237477236,4.55221571028668,-9.4));
#12655=CARTESIAN_POINT('',(13.3287522148419,1.99171555212849,-10.));
#12656=CARTESIAN_POINT('Origin',(13.3287522148419,1.99171555212849,-9.4));
#12657=CARTESIAN_POINT('',(14.4112034687095,2.89999999999502,-10.));
#12658=CARTESIAN_POINT('',(16.380237477236,4.55221571028668,-10.));
#12659=CARTESIAN_POINT('Origin',(14.4112034687095,2.89999999999502,-9.4));
#12660=CARTESIAN_POINT('Origin',(15.0000000000041,-3.86337485418932E-15,
-9.4));
#12661=CARTESIAN_POINT('',(12.4077037200914,0.199999993879804,-10.));
#12662=CARTESIAN_POINT('',(13.0100000000041,0.199749843554378,-9.4));
#12663=CARTESIAN_POINT('Ctrl Pts',(12.4077037200914,0.199999993885739,-10.));
#12664=CARTESIAN_POINT('Ctrl Pts',(12.5635251534644,0.199999499219226,-10.0000000000201));
#12665=CARTESIAN_POINT('Ctrl Pts',(12.876619947376,0.19991388645628,-9.87320845898532));
#12666=CARTESIAN_POINT('Ctrl Pts',(13.0100000000041,0.199749843554378,-9.55839234571074));
#12667=CARTESIAN_POINT('Ctrl Pts',(13.0100000000041,0.199749843554378,-9.4));
#12668=CARTESIAN_POINT('Origin',(15.0000000000041,-3.86337485418932E-15,
-10.));
#12669=CARTESIAN_POINT('Origin',(15.0000000000041,-3.86337485418932E-15,
-9.4));
#12670=CARTESIAN_POINT('Origin',(20.0147928053186,2.89999999999501,-9.4));
#12671=CARTESIAN_POINT('',(20.0147928053186,2.89999999999501,-10.));
#12672=CARTESIAN_POINT('Origin',(1.47490561977431,-7.95484275359333,9.4));
#12673=CARTESIAN_POINT('',(14.4112034687095,2.89999999999502,10.));
#12674=CARTESIAN_POINT('',(13.3287522148419,1.99171555212849,10.));
#12675=CARTESIAN_POINT('',(1.47490561977431,-7.95484275359333,10.));
#12676=CARTESIAN_POINT('Origin',(13.3287522148419,1.99171555212849,9.4));
#12677=CARTESIAN_POINT('Origin',(14.4112034687095,2.89999999999502,9.4));
#12678=CARTESIAN_POINT('Origin',(4.35982077580045,12.3222294147227,9.4));
#12679=CARTESIAN_POINT('',(16.6712477851672,1.99171555212771,10.));
#12680=CARTESIAN_POINT('Origin',(16.6712477851672,1.99171555212771,9.4));
#12681=CARTESIAN_POINT('',(15.5887965312997,2.89999999999502,10.));
#12682=CARTESIAN_POINT('',(4.35982077580045,12.3222294147227,10.));
#12683=CARTESIAN_POINT('Origin',(15.5887965312997,2.89999999999502,9.4));
#12684=CARTESIAN_POINT('Origin',(-5.38520719605327,2.89999999999505,9.4));
#12685=CARTESIAN_POINT('',(-5.38520719605327,2.89999999999505,10.));
#12686=CARTESIAN_POINT('Origin',(-5.59097393599629,-5.49282337107083,9.4));
#12687=CARTESIAN_POINT('',(4.41120346870904,2.89999999999499,10.));
#12688=CARTESIAN_POINT('',(3.32875221484153,1.99171555212818,10.));
#12689=CARTESIAN_POINT('',(-5.59097393599629,-5.49282337107083,10.));
#12690=CARTESIAN_POINT('Origin',(3.32875221484153,1.99171555212818,9.4));
#12691=CARTESIAN_POINT('Origin',(4.41120346870903,2.89999999999499,9.4));
#12692=CARTESIAN_POINT('Origin',(-2.70605877998178,9.86021003220133,9.4));
#12693=CARTESIAN_POINT('',(6.67124778516676,1.99171555212808,10.));
#12694=CARTESIAN_POINT('Origin',(6.67124778516676,1.99171555212808,9.4));
#12695=CARTESIAN_POINT('',(5.58879653129926,2.89999999999499,10.));
#12696=CARTESIAN_POINT('',(-2.70605877998178,9.86021003220133,10.));
#12697=CARTESIAN_POINT('Origin',(5.58879653129926,2.89999999999499,9.4));
#12698=CARTESIAN_POINT('Origin',(-10.3852071960535,2.89999999999501,9.4));
#12699=CARTESIAN_POINT('',(-10.3852071960535,2.89999999999501,10.));
#12700=CARTESIAN_POINT('Origin',(-12.656853491906,-3.03080398849505,9.4));
#12701=CARTESIAN_POINT('',(-5.5887965313095,2.89999999995571,10.));
#12702=CARTESIAN_POINT('',(-6.67124778512706,1.99171555215455,10.));
#12703=CARTESIAN_POINT('',(-12.656853491906,-3.03080398849505,10.));
#12704=CARTESIAN_POINT('Origin',(-6.67124778512706,1.99171555215455,9.4));
#12705=CARTESIAN_POINT('Origin',(-5.5887965313095,2.89999999995571,9.4));
#12706=CARTESIAN_POINT('Origin',(-9.77193833558611,7.39819064970305,9.4));
#12707=CARTESIAN_POINT('',(-3.32875221480185,1.99171555210173,10.));
#12708=CARTESIAN_POINT('Origin',(-3.32875221480185,1.99171555210173,9.4));
#12709=CARTESIAN_POINT('',(-4.41120346871928,2.90000000003428,10.));
#12710=CARTESIAN_POINT('',(-9.77193833558611,7.39819064970305,10.));
#12711=CARTESIAN_POINT('Origin',(-4.41120346871928,2.90000000003428,9.4));
#12712=CARTESIAN_POINT('Origin',(-15.3852071961735,2.89999999930209,9.4));
#12713=CARTESIAN_POINT('',(-15.3852071961735,2.89999999930209,10.));
#12714=CARTESIAN_POINT('Origin',(-19.7227330475843,-0.568784606018082,9.4));
#12715=CARTESIAN_POINT('',(-15.5887965312869,2.90000000000462,10.));
#12716=CARTESIAN_POINT('',(-16.6712477851554,1.99171555213609,10.));
#12717=CARTESIAN_POINT('',(-19.7227330475843,-0.568784606018082,10.));
#12718=CARTESIAN_POINT('Origin',(-16.6712477851554,1.99171555213609,9.4));
#12719=CARTESIAN_POINT('Origin',(-15.5887965312869,2.90000000000462,9.4));
#12720=CARTESIAN_POINT('Origin',(-16.8378178914817,4.93617126714644,9.4));
#12721=CARTESIAN_POINT('',(-13.3287522148237,1.99171555211474,10.));
#12722=CARTESIAN_POINT('Origin',(-13.3287522148237,1.99171555211474,9.4));
#12723=CARTESIAN_POINT('',(-14.4112034686751,2.89999999997329,10.));
#12724=CARTESIAN_POINT('',(-16.8378178914817,4.93617126714644,10.));
#12725=CARTESIAN_POINT('Origin',(-14.4112034686751,2.89999999997329,9.4));
#12726=CARTESIAN_POINT('Origin',(-20.3852071960091,2.90000000013226,9.4));
#12727=CARTESIAN_POINT('',(-20.3852071960091,2.90000000013226,10.));
#12728=CARTESIAN_POINT('Origin',(-4.99999999999592,1.28779161805764E-15,
-9.4));
#12729=CARTESIAN_POINT('',(-7.59229627990864,0.199999993879809,-10.));
#12730=CARTESIAN_POINT('',(-6.98999999999593,0.199749843554382,-9.4));
#12731=CARTESIAN_POINT('Ctrl Pts',(-7.59229627990864,0.199999993885744,
-10.));
#12732=CARTESIAN_POINT('Ctrl Pts',(-7.43647484653563,0.199999499219231,
-10.0000000000201));
#12733=CARTESIAN_POINT('Ctrl Pts',(-7.12334400414549,0.199913893514684,
-9.87324906794971));
#12734=CARTESIAN_POINT('Ctrl Pts',(-6.98999999999593,0.199749843554384,
-9.55839234571074));
#12735=CARTESIAN_POINT('Ctrl Pts',(-6.98999999999593,0.199749843554384,
-9.4));
#12736=CARTESIAN_POINT('Origin',(-4.99999999999592,1.28779161805764E-15,
-10.));
#12737=CARTESIAN_POINT('Origin',(-4.99999999999592,1.28779161805764E-15,
-9.4));
#12738=CARTESIAN_POINT('Origin',(-4.99999999999592,1.28779161805764E-15,
0.));
#12739=CARTESIAN_POINT('',(-6.98999999999593,0.199749843554383,9.4));
#12740=CARTESIAN_POINT('',(-6.98999999999593,0.199749843554382,0.));
#12741=CARTESIAN_POINT('Origin',(-4.99999999999592,1.28779161805764E-15,
9.4));
#12742=CARTESIAN_POINT('Origin',(-4.99999999999592,1.28779161805764E-15,
9.4));
#12743=CARTESIAN_POINT('',(-7.59229627990864,0.199999993879809,10.));
#12744=CARTESIAN_POINT('Ctrl Pts',(-6.98999999999593,0.199749843554383,
9.4));
#12745=CARTESIAN_POINT('Ctrl Pts',(-6.98999999999593,0.199749843554383,
9.55839234571074));
#12746=CARTESIAN_POINT('Ctrl Pts',(-7.1233440041455,0.199913893514684,9.87324906794972));
#12747=CARTESIAN_POINT('Ctrl Pts',(-7.43647484653563,0.199999499219231,
10.0000000000201));
#12748=CARTESIAN_POINT('Ctrl Pts',(-7.59229627990864,0.199999993885744,
10.));
#12749=CARTESIAN_POINT('Origin',(-4.99999999999592,1.28779161805764E-15,
10.));
#12750=CARTESIAN_POINT('Origin',(5.00000000000408,-1.28779161806584E-15,
-9.4));
#12751=CARTESIAN_POINT('',(2.40770372009137,0.199999993879806,-10.));
#12752=CARTESIAN_POINT('',(3.01000000000408,0.199749843554382,-9.4));
#12753=CARTESIAN_POINT('Ctrl Pts',(2.40770372009137,0.199999993885741,-10.));
#12754=CARTESIAN_POINT('Ctrl Pts',(2.56352515346438,0.199999499219228,-10.0000000000201));
#12755=CARTESIAN_POINT('Ctrl Pts',(2.87669769403622,0.199913901679308,-9.87329604136021));
#12756=CARTESIAN_POINT('Ctrl Pts',(3.01000000000408,0.199749843554381,-9.55839234571074));
#12757=CARTESIAN_POINT('Ctrl Pts',(3.01000000000408,0.199749843554381,-9.4));
#12758=CARTESIAN_POINT('Origin',(5.00000000000408,-1.28779161806584E-15,
-10.));
#12759=CARTESIAN_POINT('Origin',(5.00000000000408,-1.28779161806584E-15,
-9.4));
#12760=CARTESIAN_POINT('Origin',(5.00000000000408,-1.28779161806584E-15,
0.));
#12761=CARTESIAN_POINT('',(3.01000000000408,0.199749843554381,9.4));
#12762=CARTESIAN_POINT('',(3.01000000000408,0.199749843554382,0.));
#12763=CARTESIAN_POINT('Origin',(5.00000000000408,-1.28779161806584E-15,
9.4));
#12764=CARTESIAN_POINT('Origin',(5.00000000000408,-1.28779161806584E-15,
9.4));
#12765=CARTESIAN_POINT('',(2.40770372009137,0.199999993879806,10.));
#12766=CARTESIAN_POINT('Ctrl Pts',(3.01000000000408,0.199749843554381,9.4));
#12767=CARTESIAN_POINT('Ctrl Pts',(3.01000000000408,0.199749843554381,9.55839234571074));
#12768=CARTESIAN_POINT('Ctrl Pts',(2.87669769403622,0.199913901679308,9.87329604136021));
#12769=CARTESIAN_POINT('Ctrl Pts',(2.56352515346438,0.199999499219228,10.0000000000201));
#12770=CARTESIAN_POINT('Ctrl Pts',(2.40770372009137,0.199999993885742,10.));
#12771=CARTESIAN_POINT('Origin',(5.00000000000408,-1.28779161806584E-15,
10.));
#12772=CARTESIAN_POINT('Origin',(15.0000000000041,-3.86337485418932E-15,
0.));
#12773=CARTESIAN_POINT('',(13.0100000000041,0.199749843554378,9.4));
#12774=CARTESIAN_POINT('',(13.0100000000041,0.199749843554382,0.));
#12775=CARTESIAN_POINT('Origin',(15.0000000000041,-3.86337485418932E-15,
9.4));
#12776=CARTESIAN_POINT('Origin',(15.0000000000041,-3.86337485418932E-15,
9.4));
#12777=CARTESIAN_POINT('',(12.4077037200914,0.199999993879804,10.));
#12778=CARTESIAN_POINT('Ctrl Pts',(13.0100000000041,0.199749843554378,9.4));
#12779=CARTESIAN_POINT('Ctrl Pts',(13.0100000000041,0.199749843554378,9.55839234571074));
#12780=CARTESIAN_POINT('Ctrl Pts',(12.876619947376,0.19991388645628,9.87320845898532));
#12781=CARTESIAN_POINT('Ctrl Pts',(12.5635251534644,0.199999499219226,10.0000000000201));
#12782=CARTESIAN_POINT('Ctrl Pts',(12.4077037200914,0.199999993885739,10.));
#12783=CARTESIAN_POINT('Origin',(15.0000000000041,-3.86337485418932E-15,
10.));
#12784=CARTESIAN_POINT('Origin',(-25.4000000013718,0.,10.));
#12785=CARTESIAN_POINT('',(-5.04195084476947,5.59222377324467,10.));
#12786=CARTESIAN_POINT('',(-5.45122777724742,5.59222377324467,10.));
#12787=CARTESIAN_POINT('',(-15.3232946561901,5.59222377324467,10.));
#12788=CARTESIAN_POINT('',(-5.45122777724742,5.02332873130207,10.));
#12789=CARTESIAN_POINT('',(-5.45122777724742,2.65388812613668,10.));
#12790=CARTESIAN_POINT('',(-5.04809012318134,5.02332873130207,10.));
#12791=CARTESIAN_POINT('',(-15.3248294757931,5.02332873130207,10.));
#12792=CARTESIAN_POINT('',(-4.74624832773685,5.0980216958559,10.));
#12793=CARTESIAN_POINT('Ctrl Pts',(-5.04809012318134,5.02332873130207,10.));
#12794=CARTESIAN_POINT('Ctrl Pts',(-4.98512927400205,5.02362857766421,10.));
#12795=CARTESIAN_POINT('Ctrl Pts',(-4.87770489564971,5.02414017827751,10.));
#12796=CARTESIAN_POINT('Ctrl Pts',(-4.78473080496371,5.07639368697938,10.));
#12797=CARTESIAN_POINT('Ctrl Pts',(-4.74624832773685,5.0980216958559,10.));
#12798=CARTESIAN_POINT('',(-4.66132333183765,5.31391567969685,10.));
#12799=CARTESIAN_POINT('Ctrl Pts',(-4.74624832773685,5.0980216958559,10.));
#12800=CARTESIAN_POINT('Ctrl Pts',(-4.72150511854217,5.12702252071767,10.));
#12801=CARTESIAN_POINT('Ctrl Pts',(-4.66867810516505,5.18893958858331,10.));
#12802=CARTESIAN_POINT('Ctrl Pts',(-4.66387614269982,5.27053700455571,10.));
#12803=CARTESIAN_POINT('Ctrl Pts',(-4.66132333183765,5.31391567969685,10.));
#12804=CARTESIAN_POINT('',(-4.74624832773685,5.5185539224184,10.));
#12805=CARTESIAN_POINT('Ctrl Pts',(-4.66132333183765,5.31391567969685,10.));
#12806=CARTESIAN_POINT('Ctrl Pts',(-4.66420055183687,5.35458898804234,10.));
#12807=CARTESIAN_POINT('Ctrl Pts',(-4.66971393792733,5.43252798907285,10.));
#12808=CARTESIAN_POINT('Ctrl Pts',(-4.72149146272995,5.49072679236315,10.));
#12809=CARTESIAN_POINT('Ctrl Pts',(-4.74624832773685,5.5185539224184,10.));
#12810=CARTESIAN_POINT('Ctrl Pts',(-4.74624832773685,5.5185539224184,10.));
#12811=CARTESIAN_POINT('Ctrl Pts',(-4.78422639974711,5.53989526038038,10.));
#12812=CARTESIAN_POINT('Ctrl Pts',(-4.87534003663697,5.59109551397108,10.));
#12813=CARTESIAN_POINT('Ctrl Pts',(-4.9805781695895,5.59180816821464,10.));
#12814=CARTESIAN_POINT('Ctrl Pts',(-5.04195084476947,5.59222377324467,10.));
#12815=CARTESIAN_POINT('Origin',(-25.4000000013718,0.,10.));
#12816=CARTESIAN_POINT('',(-4.98055940175532,4.45238746190434,10.));
#12817=CARTESIAN_POINT('',(-5.45122777724742,4.45238746190434,10.));
#12818=CARTESIAN_POINT('',(-15.3079467954366,4.45238746190434,10.));
#12819=CARTESIAN_POINT('',(-5.45122777724742,3.84461111808186,10.));
#12820=CARTESIAN_POINT('',(-5.45122777724742,2.07424964499655,10.));
#12821=CARTESIAN_POINT('',(-4.97851302528857,3.84461111808186,10.));
#12822=CARTESIAN_POINT('',(-15.3074352013199,3.84461111808186,10.));
#12823=CARTESIAN_POINT('',(-4.64085956717013,3.92953611398106,10.));
#12824=CARTESIAN_POINT('Ctrl Pts',(-4.97851302528857,3.84461111808186,10.));
#12825=CARTESIAN_POINT('Ctrl Pts',(-4.90864081717095,3.84518681655716,10.));
#12826=CARTESIAN_POINT('Ctrl Pts',(-4.78840081077527,3.84617751071465,10.));
#12827=CARTESIAN_POINT('Ctrl Pts',(-4.6844175252003,3.90492651700457,10.));
#12828=CARTESIAN_POINT('Ctrl Pts',(-4.64085956717013,3.92953611398106,10.));
#12829=CARTESIAN_POINT('',(-4.54263304973125,4.15770805859928,10.));
#12830=CARTESIAN_POINT('Ctrl Pts',(-4.64085956717013,3.92953611398106,10.));
#12831=CARTESIAN_POINT('Ctrl Pts',(-4.61221650664474,3.96091418653641,10.));
#12832=CARTESIAN_POINT('Ctrl Pts',(-4.55326924877288,4.02549008382234,10.));
#12833=CARTESIAN_POINT('Ctrl Pts',(-4.54624443594322,4.11281512558671,10.));
#12834=CARTESIAN_POINT('Ctrl Pts',(-4.54263304973125,4.15770805859928,10.));
#12835=CARTESIAN_POINT('',(-4.63983630443095,4.37155521893864,10.));
#12836=CARTESIAN_POINT('Ctrl Pts',(-4.54263304973125,4.15770805859928,10.));
#12837=CARTESIAN_POINT('Ctrl Pts',(-4.54643981141189,4.19966727253067,10.));
#12838=CARTESIAN_POINT('Ctrl Pts',(-4.55394308257677,4.28237046921186,10.));
#12839=CARTESIAN_POINT('Ctrl Pts',(-4.6114870787485,4.34211961805118,10.));
#12840=CARTESIAN_POINT('Ctrl Pts',(-4.63983630443095,4.37155521893864,10.));
#12841=CARTESIAN_POINT('Ctrl Pts',(-4.63983630443095,4.37155521893864,10.));
#12842=CARTESIAN_POINT('Ctrl Pts',(-4.68357493625189,4.39496114721391,10.));
#12843=CARTESIAN_POINT('Ctrl Pts',(-4.789231452446,4.45150129803478,10.));
#12844=CARTESIAN_POINT('Ctrl Pts',(-4.90986470254956,4.45206002888458,10.));
#12845=CARTESIAN_POINT('Ctrl Pts',(-4.98055940175532,4.45238746190434,10.));
#12846=CARTESIAN_POINT('Origin',(-25.4000000013718,0.,10.));
#12847=CARTESIAN_POINT('',(14.8628921068205,5.59427010187059,10.));
#12848=CARTESIAN_POINT('',(14.4556615508093,5.59427010187059,10.));
#12849=CARTESIAN_POINT('',(-5.37036158627847,5.59427010187059,10.));
#12850=CARTESIAN_POINT('',(14.4556615508093,4.98444723256975,10.));
#12851=CARTESIAN_POINT('',(14.4556615508093,2.64467933361008,10.));
#12852=CARTESIAN_POINT('',(14.8465210950865,4.98444723256975,10.));
#12853=CARTESIAN_POINT('',(-5.37445433921197,4.98444723256975,10.));
#12854=CARTESIAN_POINT('',(15.0920873141779,5.02537505992799,10.));
#12855=CARTESIAN_POINT('Ctrl Pts',(14.8465210950865,4.98444723256975,10.));
#12856=CARTESIAN_POINT('Ctrl Pts',(14.8776382662118,4.98734060564502,10.));
#12857=CARTESIAN_POINT('Ctrl Pts',(14.9604170196181,4.99503763617989,10.));
#12858=CARTESIAN_POINT('Ctrl Pts',(15.0414901796082,5.01371725421706,10.));
#12859=CARTESIAN_POINT('Ctrl Pts',(15.0920873141779,5.02537505992799,10.));
#12860=CARTESIAN_POINT('',(15.2424965060248,5.11950867542177,10.));
#12861=CARTESIAN_POINT('Ctrl Pts',(15.0920873141779,5.02537505992799,10.));
#12862=CARTESIAN_POINT('Ctrl Pts',(15.1214226262003,5.03396227935578,10.));
#12863=CARTESIAN_POINT('Ctrl Pts',(15.1803782457314,5.05122014390581,10.));
#12864=CARTESIAN_POINT('Ctrl Pts',(15.2217237968555,5.09667259150572,10.));
#12865=CARTESIAN_POINT('Ctrl Pts',(15.2424965060248,5.11950867542177,10.));
#12866=CARTESIAN_POINT('',(15.3008184588446,5.29345142015367,10.));
#12867=CARTESIAN_POINT('Ctrl Pts',(15.2424965060248,5.11950867542177,10.));
#12868=CARTESIAN_POINT('Ctrl Pts',(15.2595068099858,5.1458052071484,10.));
#12869=CARTESIAN_POINT('Ctrl Pts',(15.2937817374635,5.19879142773022,10.));
#12870=CARTESIAN_POINT('Ctrl Pts',(15.2984613109244,5.2617423908791,10.));
#12871=CARTESIAN_POINT('Ctrl Pts',(15.3008184588446,5.29345142015367,10.));
#12872=CARTESIAN_POINT('',(15.2087312198176,5.51650749811082,10.));
#12873=CARTESIAN_POINT('Ctrl Pts',(15.3008184588446,5.29345142015367,10.));
#12874=CARTESIAN_POINT('Ctrl Pts',(15.2978754193692,5.33827688123217,10.));
#12875=CARTESIAN_POINT('Ctrl Pts',(15.2922892002814,5.42336063508447,10.));
#12876=CARTESIAN_POINT('Ctrl Pts',(15.2355689947833,5.48658989437277,10.));
#12877=CARTESIAN_POINT('Ctrl Pts',(15.2087312198176,5.51650749811082,10.));
#12878=CARTESIAN_POINT('Ctrl Pts',(15.2087312198176,5.51650749811082,10.));
#12879=CARTESIAN_POINT('Ctrl Pts',(15.1653478024144,5.53898504631801,10.));
#12880=CARTESIAN_POINT('Ctrl Pts',(15.0577692467401,5.59472298297613,10.));
#12881=CARTESIAN_POINT('Ctrl Pts',(14.9357214478895,5.59443935226349,10.));
#12882=CARTESIAN_POINT('Ctrl Pts',(14.8628921068205,5.59427010187059,10.));
#12883=CARTESIAN_POINT('Origin',(3.81309679373188,4.70000003628046,10.));
#12884=CARTESIAN_POINT('',(3.81309679373188,3.19999997667581,9.2));
#12885=CARTESIAN_POINT('',(3.81309679373188,6.2000000958851,9.2));
#12886=CARTESIAN_POINT('',(3.81309679373188,3.19999997667581,9.2));
#12887=CARTESIAN_POINT('',(3.81309679373188,6.2000000958851,10.));
#12888=CARTESIAN_POINT('',(3.81309679373188,6.2000000958851,10.));
#12889=CARTESIAN_POINT('',(3.81309679373188,3.19999997667581,10.));
#12890=CARTESIAN_POINT('',(3.81309679373188,2.35000001814024,10.));
#12891=CARTESIAN_POINT('',(3.81309679373188,3.19999997667581,10.));
#12892=CARTESIAN_POINT('Origin',(4.27660288884325,6.2000000958851,10.));
#12893=CARTESIAN_POINT('',(4.74010898395462,6.2000000958851,9.2));
#12894=CARTESIAN_POINT('',(3.81309679373188,6.2000000958851,9.2));
#12895=CARTESIAN_POINT('',(4.74010898395462,6.2000000958851,10.));
#12896=CARTESIAN_POINT('',(4.74010898395462,6.2000000958851,10.));
#12897=CARTESIAN_POINT('',(-10.5616985562643,6.2000000958851,10.));
#12898=CARTESIAN_POINT('Origin',(4.74010898395462,5.06937240413934,10.));
#12899=CARTESIAN_POINT('',(4.74010898395462,3.93874471239359,9.2));
#12900=CARTESIAN_POINT('',(4.74010898395462,6.2000000958851,9.2));
#12901=CARTESIAN_POINT('',(4.74010898395462,3.93874471239359,10.));
#12902=CARTESIAN_POINT('',(4.74010898395462,3.93874471239359,10.));
#12903=CARTESIAN_POINT('',(4.74010898395463,2.53468620206969,10.));
#12904=CARTESIAN_POINT('Origin',(5.46350611968918,3.93874471239359,10.));
#12905=CARTESIAN_POINT('',(6.18690325542374,3.93874471239359,9.2));
#12906=CARTESIAN_POINT('',(4.74010898395462,3.93874471239359,9.2));
#12907=CARTESIAN_POINT('',(6.18690325542374,3.93874471239359,10.));
#12908=CARTESIAN_POINT('',(6.18690325542374,3.93874471239359,10.));
#12909=CARTESIAN_POINT('',(-9.96824694084133,3.93874471239359,10.));
#12910=CARTESIAN_POINT('Origin',(6.18690325542374,3.5693723445347,10.));
#12911=CARTESIAN_POINT('',(6.18690325542374,3.19999997667581,9.2));
#12912=CARTESIAN_POINT('',(6.18690325542374,3.93874471239359,9.2));
#12913=CARTESIAN_POINT('',(6.18690325542374,3.19999997667581,10.));
#12914=CARTESIAN_POINT('',(6.18690325542374,3.19999997667581,10.));
#12915=CARTESIAN_POINT('',(6.18690325542374,1.78468617226737,10.));
#12916=CARTESIAN_POINT('Origin',(5.00000002457781,3.19999997667581,10.));
#12917=CARTESIAN_POINT('',(6.18690325542374,3.19999997667581,9.2));
#12918=CARTESIAN_POINT('',(-10.199999988397,3.19999997667581,10.));
#12919=CARTESIAN_POINT('Origin',(-25.4000000013718,0.,9.2));
#12920=CARTESIAN_POINT('Origin',(-16.1459754347245,4.7000000206618,10.));
#12921=CARTESIAN_POINT('',(-16.1459754347245,3.19999996105716,9.2));
#12922=CARTESIAN_POINT('',(-16.1459754347245,6.20000008026645,9.2));
#12923=CARTESIAN_POINT('',(-16.1459754347245,3.19999996105716,9.2));
#12924=CARTESIAN_POINT('',(-16.1459754347245,6.20000008026645,10.));
#12925=CARTESIAN_POINT('',(-16.1459754347245,6.20000008026645,10.));
#12926=CARTESIAN_POINT('',(-16.1459754347245,3.19999996105716,10.));
#12927=CARTESIAN_POINT('',(-16.1459754347245,2.3500000103309,10.));
#12928=CARTESIAN_POINT('',(-16.1459754347245,3.19999996105716,10.));
#12929=CARTESIAN_POINT('Origin',(-15.0000001057427,6.20000008026645,10.));
#12930=CARTESIAN_POINT('',(-13.8540247767608,6.20000008026644,9.2));
#12931=CARTESIAN_POINT('',(-16.1459754347245,6.20000008026645,9.2));
#12932=CARTESIAN_POINT('',(-13.8540247767608,6.20000008026644,10.));
#12933=CARTESIAN_POINT('',(-13.8540247767608,6.20000008026644,10.));
#12934=CARTESIAN_POINT('',(-20.2000000535573,6.20000008026645,10.));
#12935=CARTESIAN_POINT('Origin',(-13.8540247767608,5.87769444564864,10.));
#12936=CARTESIAN_POINT('',(-13.8540247767608,5.55538881103083,9.2));
#12937=CARTESIAN_POINT('',(-13.8540247767608,6.20000008026644,9.2));
#12938=CARTESIAN_POINT('',(-13.8540247767608,5.55538881103083,10.));
#12939=CARTESIAN_POINT('',(-13.8540247767608,5.55538881103083,10.));
#12940=CARTESIAN_POINT('',(-13.8540247767608,2.93884722282432,10.));
#12941=CARTESIAN_POINT('Origin',(-14.5344475596587,5.55538881103083,10.));
#12942=CARTESIAN_POINT('',(-15.2148703425567,5.55538881103083,9.2));
#12943=CARTESIAN_POINT('',(-13.8540247767608,5.55538881103083,9.2));
#12944=CARTESIAN_POINT('',(-15.2148703425567,5.55538881103083,10.));
#12945=CARTESIAN_POINT('',(-15.2148703425567,5.55538881103083,10.));
#12946=CARTESIAN_POINT('',(-19.9672237805153,5.55538881103084,10.));
#12947=CARTESIAN_POINT('Origin',(-15.2148703425567,5.2934515056996,10.));
#12948=CARTESIAN_POINT('',(-15.2148703425567,5.03151420036837,9.2));
#12949=CARTESIAN_POINT('',(-15.2148703425567,5.55538881103083,9.2));
#12950=CARTESIAN_POINT('',(-15.2148703425567,5.03151420036837,10.));
#12951=CARTESIAN_POINT('',(-15.2148703425567,5.03151420036837,10.));
#12952=CARTESIAN_POINT('',(-15.2148703425567,2.6467257528498,10.));
#12953=CARTESIAN_POINT('Origin',(-14.6336971163194,5.03151420036837,10.));
#12954=CARTESIAN_POINT('',(-14.0525238900821,5.03151420036837,9.2));
#12955=CARTESIAN_POINT('',(-15.2148703425567,5.03151420036837,9.2));
#12956=CARTESIAN_POINT('',(-14.0525238900821,5.03151420036837,10.));
#12957=CARTESIAN_POINT('',(-14.0525238900821,5.03151420036837,10.));
#12958=CARTESIAN_POINT('',(-20.0168485588456,5.03151420036838,10.));
#12959=CARTESIAN_POINT('Origin',(-14.0525238900821,4.72864929119631,10.));
#12960=CARTESIAN_POINT('',(-14.0525238900821,4.42578438202426,9.2));
#12961=CARTESIAN_POINT('',(-14.0525238900821,5.03151420036837,9.2));
#12962=CARTESIAN_POINT('',(-14.0525238900821,4.42578438202426,10.));
#12963=CARTESIAN_POINT('',(-14.0525238900821,4.42578438202426,10.));
#12964=CARTESIAN_POINT('',(-14.0525238900821,2.36432464559816,10.));
#12965=CARTESIAN_POINT('Origin',(-14.6336971163194,4.42578438202426,10.));
#12966=CARTESIAN_POINT('',(-15.2148703425567,4.42578438202426,9.2));
#12967=CARTESIAN_POINT('',(-14.0525238900821,4.42578438202426,9.2));
#12968=CARTESIAN_POINT('',(-15.2148703425567,4.42578438202426,10.));
#12969=CARTESIAN_POINT('',(-15.2148703425567,4.42578438202426,10.));
#12970=CARTESIAN_POINT('',(-20.0168485588456,4.42578438202426,10.));
#12971=CARTESIAN_POINT('Origin',(-15.2148703425567,3.81289217154071,10.));
#12972=CARTESIAN_POINT('',(-15.2148703425567,3.19999996105715,9.2));
#12973=CARTESIAN_POINT('',(-15.2148703425567,4.42578438202426,9.2));
#12974=CARTESIAN_POINT('',(-15.2148703425567,3.19999996105715,10.));
#12975=CARTESIAN_POINT('',(-15.2148703425567,3.19999996105715,10.));
#12976=CARTESIAN_POINT('',(-15.2148703425567,1.90644608577035,10.));
#12977=CARTESIAN_POINT('Origin',(-15.6804228886406,3.19999996105715,10.));
#12978=CARTESIAN_POINT('',(-15.2148703425567,3.19999996105715,9.2));
#12979=CARTESIAN_POINT('',(-20.5402114450062,3.19999996105716,10.));
#12980=CARTESIAN_POINT('Origin',(-25.4000000013718,0.,9.2));
#12981=CARTESIAN_POINT('Origin',(14.4556615508093,5.28935866722017,10.));
#12982=CARTESIAN_POINT('',(14.4556615508093,5.59427010187059,9.2));
#12983=CARTESIAN_POINT('',(14.4556615508093,4.98444723256975,9.2));
#12984=CARTESIAN_POINT('',(14.4556615508093,5.59427010187059,9.2));
#12985=CARTESIAN_POINT('',(14.4556615508093,4.98444723256975,10.));
#12986=CARTESIAN_POINT('',(14.4556615508093,5.59427010187059,10.));
#12987=CARTESIAN_POINT('Origin',(14.6510913229479,4.98444723256975,10.));
#12988=CARTESIAN_POINT('',(14.8465210950865,4.98444723256975,9.2));
#12989=CARTESIAN_POINT('',(14.4556615508093,4.98444723256975,9.2));
#12990=CARTESIAN_POINT('',(14.8465210950865,4.98444723256975,10.));
#12991=CARTESIAN_POINT('Ctrl Pts',(14.8465210950865,4.98444723256975,9.2));
#12992=CARTESIAN_POINT('Ctrl Pts',(14.8465210950865,4.98444723256975,10.));
#12993=CARTESIAN_POINT('Ctrl Pts',(14.8776382662118,4.98734060564502,9.2));
#12994=CARTESIAN_POINT('Ctrl Pts',(14.8776382662118,4.98734060564502,10.));
#12995=CARTESIAN_POINT('Ctrl Pts',(14.9604170196181,4.99503763617989,9.2));
#12996=CARTESIAN_POINT('Ctrl Pts',(14.9604170196181,4.99503763617989,10.));
#12997=CARTESIAN_POINT('Ctrl Pts',(15.0414901796082,5.01371725421706,9.2));
#12998=CARTESIAN_POINT('Ctrl Pts',(15.0414901796082,5.01371725421706,10.));
#12999=CARTESIAN_POINT('Ctrl Pts',(15.0920873141779,5.02537505992799,9.2));
#13000=CARTESIAN_POINT('Ctrl Pts',(15.0920873141779,5.02537505992799,10.));
#13001=CARTESIAN_POINT('',(15.0920873141779,5.02537505992799,9.2));
#13002=CARTESIAN_POINT('Ctrl Pts',(14.8465210950865,4.98444723256975,9.2));
#13003=CARTESIAN_POINT('Ctrl Pts',(14.8776382662118,4.98734060564502,9.2));
#13004=CARTESIAN_POINT('Ctrl Pts',(14.9604170196181,4.99503763617989,9.2));
#13005=CARTESIAN_POINT('Ctrl Pts',(15.0414901796082,5.01371725421706,9.2));
#13006=CARTESIAN_POINT('Ctrl Pts',(15.0920873141779,5.02537505992799,9.2));
#13007=CARTESIAN_POINT('',(15.0920873141779,5.02537505992799,10.));
#13008=CARTESIAN_POINT('Ctrl Pts',(15.0920873141779,5.02537505992799,9.2));
#13009=CARTESIAN_POINT('Ctrl Pts',(15.0920873141779,5.02537505992799,10.));
#13010=CARTESIAN_POINT('Ctrl Pts',(15.1214226262003,5.03396227935578,9.2));
#13011=CARTESIAN_POINT('Ctrl Pts',(15.1214226262003,5.03396227935578,10.));
#13012=CARTESIAN_POINT('Ctrl Pts',(15.1803782457314,5.05122014390581,9.2));
#13013=CARTESIAN_POINT('Ctrl Pts',(15.1803782457314,5.05122014390581,10.));
#13014=CARTESIAN_POINT('Ctrl Pts',(15.2217237968555,5.09667259150572,9.2));
#13015=CARTESIAN_POINT('Ctrl Pts',(15.2217237968555,5.09667259150572,10.));
#13016=CARTESIAN_POINT('Ctrl Pts',(15.2424965060248,5.11950867542177,9.2));
#13017=CARTESIAN_POINT('Ctrl Pts',(15.2424965060248,5.11950867542177,10.));
#13018=CARTESIAN_POINT('',(15.2424965060248,5.11950867542177,9.2));
#13019=CARTESIAN_POINT('Ctrl Pts',(15.0920873141779,5.02537505992799,9.2));
#13020=CARTESIAN_POINT('Ctrl Pts',(15.1214226262003,5.03396227935578,9.2));
#13021=CARTESIAN_POINT('Ctrl Pts',(15.1803782457314,5.05122014390581,9.2));
#13022=CARTESIAN_POINT('Ctrl Pts',(15.2217237968555,5.09667259150572,9.2));
#13023=CARTESIAN_POINT('Ctrl Pts',(15.2424965060248,5.11950867542177,9.2));
#13024=CARTESIAN_POINT('',(15.2424965060248,5.11950867542177,10.));
#13025=CARTESIAN_POINT('Ctrl Pts',(15.2424965060248,5.11950867542177,9.2));
#13026=CARTESIAN_POINT('Ctrl Pts',(15.2424965060248,5.11950867542177,10.));
#13027=CARTESIAN_POINT('Ctrl Pts',(15.2595068099858,5.1458052071484,9.2));
#13028=CARTESIAN_POINT('Ctrl Pts',(15.2595068099858,5.1458052071484,10.));
#13029=CARTESIAN_POINT('Ctrl Pts',(15.2937817374635,5.19879142773022,9.2));
#13030=CARTESIAN_POINT('Ctrl Pts',(15.2937817374635,5.19879142773022,10.));
#13031=CARTESIAN_POINT('Ctrl Pts',(15.2984613109244,5.2617423908791,9.2));
#13032=CARTESIAN_POINT('Ctrl Pts',(15.2984613109244,5.2617423908791,10.));
#13033=CARTESIAN_POINT('Ctrl Pts',(15.3008184588446,5.29345142015367,9.2));
#13034=CARTESIAN_POINT('Ctrl Pts',(15.3008184588446,5.29345142015367,10.));
#13035=CARTESIAN_POINT('',(15.3008184588446,5.29345142015367,9.2));
#13036=CARTESIAN_POINT('Ctrl Pts',(15.2424965060248,5.11950867542177,9.2));
#13037=CARTESIAN_POINT('Ctrl Pts',(15.2595068099858,5.1458052071484,9.2));
#13038=CARTESIAN_POINT('Ctrl Pts',(15.2937817374635,5.19879142773022,9.2));
#13039=CARTESIAN_POINT('Ctrl Pts',(15.2984613109244,5.2617423908791,9.2));
#13040=CARTESIAN_POINT('Ctrl Pts',(15.3008184588446,5.29345142015367,9.2));
#13041=CARTESIAN_POINT('',(15.3008184588446,5.29345142015367,10.));
#13042=CARTESIAN_POINT('Ctrl Pts',(15.3008184588446,5.29345142015367,9.2));
#13043=CARTESIAN_POINT('Ctrl Pts',(15.3008184588446,5.29345142015367,10.));
#13044=CARTESIAN_POINT('Ctrl Pts',(15.2978754193692,5.33827688123217,9.2));
#13045=CARTESIAN_POINT('Ctrl Pts',(15.2978754193692,5.33827688123217,10.));
#13046=CARTESIAN_POINT('Ctrl Pts',(15.2922892002814,5.42336063508447,9.2));
#13047=CARTESIAN_POINT('Ctrl Pts',(15.2922892002814,5.42336063508447,10.));
#13048=CARTESIAN_POINT('Ctrl Pts',(15.2355689947833,5.48658989437277,9.2));
#13049=CARTESIAN_POINT('Ctrl Pts',(15.2355689947833,5.48658989437277,10.));
#13050=CARTESIAN_POINT('Ctrl Pts',(15.2087312198176,5.51650749811082,9.2));
#13051=CARTESIAN_POINT('Ctrl Pts',(15.2087312198176,5.51650749811082,10.));
#13052=CARTESIAN_POINT('',(15.2087312198176,5.51650749811082,9.2));
#13053=CARTESIAN_POINT('Ctrl Pts',(15.3008184588446,5.29345142015367,9.2));
#13054=CARTESIAN_POINT('Ctrl Pts',(15.2978754193692,5.33827688123217,9.2));
#13055=CARTESIAN_POINT('Ctrl Pts',(15.2922892002814,5.42336063508447,9.2));
#13056=CARTESIAN_POINT('Ctrl Pts',(15.2355689947833,5.48658989437277,9.2));
#13057=CARTESIAN_POINT('Ctrl Pts',(15.2087312198176,5.51650749811082,9.2));
#13058=CARTESIAN_POINT('',(15.2087312198176,5.51650749811082,10.));
#13059=CARTESIAN_POINT('Ctrl Pts',(15.2087312198176,5.51650749811082,9.2));
#13060=CARTESIAN_POINT('Ctrl Pts',(15.2087312198176,5.51650749811082,10.));
#13061=CARTESIAN_POINT('Ctrl Pts',(15.1653478024144,5.53898504631801,9.2));
#13062=CARTESIAN_POINT('Ctrl Pts',(15.1653478024144,5.53898504631801,10.));
#13063=CARTESIAN_POINT('Ctrl Pts',(15.0577692467401,5.59472298297613,9.2));
#13064=CARTESIAN_POINT('Ctrl Pts',(15.0577692467401,5.59472298297613,10.));
#13065=CARTESIAN_POINT('Ctrl Pts',(14.9357214478895,5.59443935226349,9.2));
#13066=CARTESIAN_POINT('Ctrl Pts',(14.9357214478895,5.59443935226349,10.));
#13067=CARTESIAN_POINT('Ctrl Pts',(14.8628921068205,5.59427010187059,9.2));
#13068=CARTESIAN_POINT('Ctrl Pts',(14.8628921068205,5.59427010187059,10.));
#13069=CARTESIAN_POINT('',(14.8628921068205,5.59427010187059,9.2));
#13070=CARTESIAN_POINT('Ctrl Pts',(15.2087312198176,5.51650749811082,9.2));
#13071=CARTESIAN_POINT('Ctrl Pts',(15.1653478024144,5.53898504631801,9.2));
#13072=CARTESIAN_POINT('Ctrl Pts',(15.0577692467401,5.59472298297613,9.2));
#13073=CARTESIAN_POINT('Ctrl Pts',(14.9357214478895,5.59443935226349,9.2));
#13074=CARTESIAN_POINT('Ctrl Pts',(14.8628921068205,5.59427010187059,9.2));
#13075=CARTESIAN_POINT('',(14.8628921068205,5.59427010187059,10.));
#13076=CARTESIAN_POINT('Origin',(14.6592768288149,5.59427010187059,10.));
#13077=CARTESIAN_POINT('',(14.8628921068205,5.59427010187059,9.2));
#13078=CARTESIAN_POINT('Origin',(13.9901090233518,3.19999980100542,10.));
#13079=CARTESIAN_POINT('',(14.4556615508093,3.19999980100542,9.2));
#13080=CARTESIAN_POINT('',(13.5245564958944,3.19999980100542,9.2));
#13081=CARTESIAN_POINT('',(14.4556615508093,3.19999980100542,9.2));
#13082=CARTESIAN_POINT('',(13.5245564958944,3.19999980100542,10.));
#13083=CARTESIAN_POINT('',(13.5245564958944,3.19999980100542,10.));
#13084=CARTESIAN_POINT('',(14.4556615508093,3.19999980100542,10.));
#13085=CARTESIAN_POINT('',(-5.70494548901001,3.19999980100542,10.));
#13086=CARTESIAN_POINT('',(14.4556615508093,3.19999980100542,10.));
#13087=CARTESIAN_POINT('Origin',(13.5245564958944,4.69999986061006,10.));
#13088=CARTESIAN_POINT('',(13.5245564958944,6.1999999202147,9.2));
#13089=CARTESIAN_POINT('',(13.5245564958944,3.19999980100542,9.2));
#13090=CARTESIAN_POINT('',(13.5245564958944,6.1999999202147,10.));
#13091=CARTESIAN_POINT('',(13.5245564958944,6.1999999202147,10.));
#13092=CARTESIAN_POINT('',(13.5245564958943,2.349999930305,10.));
#13093=CARTESIAN_POINT('Origin',(14.2970667599632,6.1999999202147,10.));
#13094=CARTESIAN_POINT('',(15.069577024032,6.1999999202147,9.2));
#13095=CARTESIAN_POINT('',(13.5245564958944,6.1999999202147,9.2));
#13096=CARTESIAN_POINT('',(15.069577024032,6.1999999202147,10.));
#13097=CARTESIAN_POINT('',(15.069577024032,6.1999999202147,10.));
#13098=CARTESIAN_POINT('',(-5.55146662070432,6.1999999202147,10.));
#13099=CARTESIAN_POINT('Ctrl Pts',(15.069577024032,6.1999999202147,9.2));
#13100=CARTESIAN_POINT('Ctrl Pts',(15.069577024032,6.1999999202147,10.));
#13101=CARTESIAN_POINT('Ctrl Pts',(15.1965945435255,6.1991692792117,9.2));
#13102=CARTESIAN_POINT('Ctrl Pts',(15.1965945435255,6.1991692792117,10.));
#13103=CARTESIAN_POINT('Ctrl Pts',(15.4184010252271,6.19771875837672,9.2));
#13104=CARTESIAN_POINT('Ctrl Pts',(15.4184010252271,6.19771875837672,10.));
#13105=CARTESIAN_POINT('Ctrl Pts',(15.6342314547441,6.14770390742929,9.2));
#13106=CARTESIAN_POINT('Ctrl Pts',(15.6342314547441,6.14770390742929,10.));
#13107=CARTESIAN_POINT('Ctrl Pts',(15.7264665520682,6.12633006938844,9.2));
#13108=CARTESIAN_POINT('Ctrl Pts',(15.7264665520682,6.12633006938844,10.));
#13109=CARTESIAN_POINT('',(15.7264665520682,6.12633006938844,9.2));
#13110=CARTESIAN_POINT('Ctrl Pts',(15.069577024032,6.1999999202147,9.2));
#13111=CARTESIAN_POINT('Ctrl Pts',(15.1965945435255,6.1991692792117,9.2));
#13112=CARTESIAN_POINT('Ctrl Pts',(15.4184010252271,6.19771875837672,9.2));
#13113=CARTESIAN_POINT('Ctrl Pts',(15.6342314547441,6.14770390742929,9.2));
#13114=CARTESIAN_POINT('Ctrl Pts',(15.7264665520682,6.12633006938844,9.2));
#13115=CARTESIAN_POINT('',(15.7264665520682,6.12633006938844,10.));
#13116=CARTESIAN_POINT('',(15.7264665520682,6.12633006938844,10.));
#13117=CARTESIAN_POINT('Ctrl Pts',(15.069577024032,6.1999999202147,10.));
#13118=CARTESIAN_POINT('Ctrl Pts',(15.1965945435255,6.1991692792117,10.));
#13119=CARTESIAN_POINT('Ctrl Pts',(15.4184010252271,6.19771875837672,10.));
#13120=CARTESIAN_POINT('Ctrl Pts',(15.6342314547441,6.14770390742929,10.));
#13121=CARTESIAN_POINT('Ctrl Pts',(15.7264665520682,6.12633006938844,10.));
#13122=CARTESIAN_POINT('Ctrl Pts',(15.7264665520682,6.12633006938844,9.2));
#13123=CARTESIAN_POINT('Ctrl Pts',(15.7264665520682,6.12633006938844,10.));
#13124=CARTESIAN_POINT('Ctrl Pts',(15.7986310546389,6.09636452172166,9.2));
#13125=CARTESIAN_POINT('Ctrl Pts',(15.7986310546389,6.09636452172166,10.));
#13126=CARTESIAN_POINT('Ctrl Pts',(15.9436861681351,6.03613191756117,9.2));
#13127=CARTESIAN_POINT('Ctrl Pts',(15.9436861681351,6.03613191756117,10.));
#13128=CARTESIAN_POINT('Ctrl Pts',(16.0429093480067,5.91433889029665,9.2));
#13129=CARTESIAN_POINT('Ctrl Pts',(16.0429093480067,5.91433889029665,10.));
#13130=CARTESIAN_POINT('Ctrl Pts',(16.0927692807211,5.85313754447847,9.2));
#13131=CARTESIAN_POINT('Ctrl Pts',(16.0927692807211,5.85313754447847,10.));
#13132=CARTESIAN_POINT('',(16.0927692807211,5.85313754447847,9.2));
#13133=CARTESIAN_POINT('Ctrl Pts',(15.7264665520682,6.12633006938844,9.2));
#13134=CARTESIAN_POINT('Ctrl Pts',(15.7986310546389,6.09636452172166,9.2));
#13135=CARTESIAN_POINT('Ctrl Pts',(15.9436861681351,6.03613191756117,9.2));
#13136=CARTESIAN_POINT('Ctrl Pts',(16.0429093480067,5.91433889029665,9.2));
#13137=CARTESIAN_POINT('Ctrl Pts',(16.0927692807211,5.85313754447847,9.2));
#13138=CARTESIAN_POINT('',(16.0927692807211,5.85313754447847,10.));
#13139=CARTESIAN_POINT('',(16.0927692807211,5.85313754447847,10.));
#13140=CARTESIAN_POINT('Ctrl Pts',(15.7264665520682,6.12633006938844,10.));
#13141=CARTESIAN_POINT('Ctrl Pts',(15.7986310546389,6.09636452172166,10.));
#13142=CARTESIAN_POINT('Ctrl Pts',(15.9436861681351,6.03613191756117,10.));
#13143=CARTESIAN_POINT('Ctrl Pts',(16.0429093480067,5.91433889029665,10.));
#13144=CARTESIAN_POINT('Ctrl Pts',(16.0927692807211,5.85313754447847,10.));
#13145=CARTESIAN_POINT('Ctrl Pts',(16.0927692807211,5.85313754447847,9.2));
#13146=CARTESIAN_POINT('Ctrl Pts',(16.0927692807211,5.85313754447847,10.));
#13147=CARTESIAN_POINT('Ctrl Pts',(16.1333346600659,5.78107927640384,9.2));
#13148=CARTESIAN_POINT('Ctrl Pts',(16.1333346600659,5.78107927640384,10.));
#13149=CARTESIAN_POINT('Ctrl Pts',(16.2181768768228,5.63036989569879,9.2));
#13150=CARTESIAN_POINT('Ctrl Pts',(16.2181768768228,5.63036989569879,10.));
#13151=CARTESIAN_POINT('Ctrl Pts',(16.2272095637299,5.45739312613453,9.2));
#13152=CARTESIAN_POINT('Ctrl Pts',(16.2272095637299,5.45739312613453,10.));
#13153=CARTESIAN_POINT('Ctrl Pts',(16.2319234765066,5.36712127097993,9.2));
#13154=CARTESIAN_POINT('Ctrl Pts',(16.2319234765066,5.36712127097993,10.));
#13155=CARTESIAN_POINT('',(16.2319234765066,5.36712127097993,9.2));
#13156=CARTESIAN_POINT('Ctrl Pts',(16.0927692807211,5.85313754447847,9.2));
#13157=CARTESIAN_POINT('Ctrl Pts',(16.1333346600659,5.78107927640384,9.2));
#13158=CARTESIAN_POINT('Ctrl Pts',(16.2181768768228,5.63036989569879,9.2));
#13159=CARTESIAN_POINT('Ctrl Pts',(16.2272095637299,5.45739312613453,9.2));
#13160=CARTESIAN_POINT('Ctrl Pts',(16.2319234765066,5.36712127097993,9.2));
#13161=CARTESIAN_POINT('',(16.2319234765066,5.36712127097993,10.));
#13162=CARTESIAN_POINT('',(16.2319234765066,5.36712127097993,10.));
#13163=CARTESIAN_POINT('Ctrl Pts',(16.0927692807211,5.85313754447847,10.));
#13164=CARTESIAN_POINT('Ctrl Pts',(16.1333346600659,5.78107927640384,10.));
#13165=CARTESIAN_POINT('Ctrl Pts',(16.2181768768228,5.63036989569879,10.));
#13166=CARTESIAN_POINT('Ctrl Pts',(16.2272095637299,5.45739312613453,10.));
#13167=CARTESIAN_POINT('Ctrl Pts',(16.2319234765066,5.36712127097993,10.));
#13168=CARTESIAN_POINT('Ctrl Pts',(16.2319234765066,5.36712127097993,9.2));
#13169=CARTESIAN_POINT('Ctrl Pts',(16.2319234765066,5.36712127097993,10.));
#13170=CARTESIAN_POINT('Ctrl Pts',(16.2283496499365,5.28826996865099,9.2));
#13171=CARTESIAN_POINT('Ctrl Pts',(16.2283496499365,5.28826996865099,10.));
#13172=CARTESIAN_POINT('Ctrl Pts',(16.2215122310594,5.13741223326655,9.2));
#13173=CARTESIAN_POINT('Ctrl Pts',(16.2215122310594,5.13741223326655,10.));
#13174=CARTESIAN_POINT('Ctrl Pts',(16.1564856107052,5.00131727256036,9.2));
#13175=CARTESIAN_POINT('Ctrl Pts',(16.1564856107052,5.00131727256036,10.));
#13176=CARTESIAN_POINT('Ctrl Pts',(16.1254475272192,4.93635731109529,9.2));
#13177=CARTESIAN_POINT('Ctrl Pts',(16.1254475272192,4.93635731109529,10.));
#13178=CARTESIAN_POINT('',(16.1254475272192,4.93635731109529,9.2));
#13179=CARTESIAN_POINT('Ctrl Pts',(16.2319234765066,5.36712127097993,9.2));
#13180=CARTESIAN_POINT('Ctrl Pts',(16.2283496499365,5.28826996865099,9.2));
#13181=CARTESIAN_POINT('Ctrl Pts',(16.2215122310594,5.13741223326655,9.2));
#13182=CARTESIAN_POINT('Ctrl Pts',(16.1564856107052,5.00131727256036,9.2));
#13183=CARTESIAN_POINT('Ctrl Pts',(16.1254475272192,4.93635731109529,9.2));
#13184=CARTESIAN_POINT('',(16.1254475272192,4.93635731109529,10.));
#13185=CARTESIAN_POINT('',(16.1254475272192,4.93635731109529,10.));
#13186=CARTESIAN_POINT('Ctrl Pts',(16.2319234765066,5.36712127097993,10.));
#13187=CARTESIAN_POINT('Ctrl Pts',(16.2283496499365,5.28826996865099,10.));
#13188=CARTESIAN_POINT('Ctrl Pts',(16.2215122310594,5.13741223326655,10.));
#13189=CARTESIAN_POINT('Ctrl Pts',(16.1564856107052,5.00131727256036,10.));
#13190=CARTESIAN_POINT('Ctrl Pts',(16.1254475272192,4.93635731109529,10.));
#13191=CARTESIAN_POINT('Ctrl Pts',(16.1254475272192,4.93635731109529,9.2));
#13192=CARTESIAN_POINT('Ctrl Pts',(16.1254475272192,4.93635731109529,10.));
#13193=CARTESIAN_POINT('Ctrl Pts',(16.0863450988153,4.8786747869786,9.2));
#13194=CARTESIAN_POINT('Ctrl Pts',(16.0863450988153,4.8786747869786,10.));
#13195=CARTESIAN_POINT('Ctrl Pts',(16.0074071101307,4.76222824844187,9.2));
#13196=CARTESIAN_POINT('Ctrl Pts',(16.0074071101307,4.76222824844187,10.));
#13197=CARTESIAN_POINT('Ctrl Pts',(15.8912649983105,4.68278935848165,9.2));
#13198=CARTESIAN_POINT('Ctrl Pts',(15.8912649983105,4.68278935848165,10.));
#13199=CARTESIAN_POINT('Ctrl Pts',(15.8326546109213,4.64270102151781,9.2));
#13200=CARTESIAN_POINT('Ctrl Pts',(15.8326546109213,4.64270102151781,10.));
#13201=CARTESIAN_POINT('',(15.8326546109213,4.64270102151781,9.2));
#13202=CARTESIAN_POINT('Ctrl Pts',(16.1254475272192,4.93635731109529,9.2));
#13203=CARTESIAN_POINT('Ctrl Pts',(16.0863450988153,4.8786747869786,9.2));
#13204=CARTESIAN_POINT('Ctrl Pts',(16.0074071101307,4.76222824844187,9.2));
#13205=CARTESIAN_POINT('Ctrl Pts',(15.8912649983105,4.68278935848165,9.2));
#13206=CARTESIAN_POINT('Ctrl Pts',(15.8326546109213,4.64270102151781,9.2));
#13207=CARTESIAN_POINT('',(15.8326546109213,4.64270102151781,10.));
#13208=CARTESIAN_POINT('',(15.8326546109213,4.64270102151781,10.));
#13209=CARTESIAN_POINT('Ctrl Pts',(16.1254475272192,4.93635731109529,10.));
#13210=CARTESIAN_POINT('Ctrl Pts',(16.0863450988153,4.8786747869786,10.));
#13211=CARTESIAN_POINT('Ctrl Pts',(16.0074071101307,4.76222824844187,10.));
#13212=CARTESIAN_POINT('Ctrl Pts',(15.8912649983105,4.68278935848165,10.));
#13213=CARTESIAN_POINT('Ctrl Pts',(15.8326546109213,4.64270102151781,10.));
#13214=CARTESIAN_POINT('Ctrl Pts',(15.8326546109213,4.64270102151781,9.2));
#13215=CARTESIAN_POINT('Ctrl Pts',(15.8326546109213,4.64270102151781,10.));
#13216=CARTESIAN_POINT('Ctrl Pts',(15.7863589089176,4.61919573257667,9.2));
#13217=CARTESIAN_POINT('Ctrl Pts',(15.7863589089176,4.61919573257667,10.));
#13218=CARTESIAN_POINT('Ctrl Pts',(15.6827193748051,4.56657578969643,9.2));
#13219=CARTESIAN_POINT('Ctrl Pts',(15.6827193748051,4.56657578969643,10.));
#13220=CARTESIAN_POINT('Ctrl Pts',(15.5696492626654,4.53917291795216,9.2));
#13221=CARTESIAN_POINT('Ctrl Pts',(15.5696492626654,4.53917291795216,10.));
#13222=CARTESIAN_POINT('Ctrl Pts',(15.5070874846472,4.52401088842302,9.2));
#13223=CARTESIAN_POINT('Ctrl Pts',(15.5070874846472,4.52401088842302,10.));
#13224=CARTESIAN_POINT('',(15.5070874846472,4.52401088842302,9.2));
#13225=CARTESIAN_POINT('Ctrl Pts',(15.8326546109213,4.64270102151781,9.2));
#13226=CARTESIAN_POINT('Ctrl Pts',(15.7863589089176,4.61919573257667,9.2));
#13227=CARTESIAN_POINT('Ctrl Pts',(15.6827193748051,4.56657578969643,9.2));
#13228=CARTESIAN_POINT('Ctrl Pts',(15.5696492626654,4.53917291795216,9.2));
#13229=CARTESIAN_POINT('Ctrl Pts',(15.5070874846472,4.52401088842302,9.2));
#13230=CARTESIAN_POINT('',(15.5070874846472,4.52401088842302,10.));
#13231=CARTESIAN_POINT('',(15.5070874846472,4.52401088842302,10.));
#13232=CARTESIAN_POINT('Ctrl Pts',(15.8326546109213,4.64270102151781,10.));
#13233=CARTESIAN_POINT('Ctrl Pts',(15.7863589089176,4.61919573257667,10.));
#13234=CARTESIAN_POINT('Ctrl Pts',(15.6827193748051,4.56657578969643,10.));
#13235=CARTESIAN_POINT('Ctrl Pts',(15.5696492626654,4.53917291795216,10.));
#13236=CARTESIAN_POINT('Ctrl Pts',(15.5070874846472,4.52401088842302,10.));
#13237=CARTESIAN_POINT('Ctrl Pts',(15.5070874846472,4.52401088842302,9.2));
#13238=CARTESIAN_POINT('Ctrl Pts',(15.5070874846472,4.52401088842302,10.));
#13239=CARTESIAN_POINT('Ctrl Pts',(15.5557085806056,4.50749666744657,9.2));
#13240=CARTESIAN_POINT('Ctrl Pts',(15.5557085806056,4.50749666744657,10.));
#13241=CARTESIAN_POINT('Ctrl Pts',(15.6400282073088,4.47885739223933,9.2));
#13242=CARTESIAN_POINT('Ctrl Pts',(15.6400282073088,4.47885739223933,10.));
#13243=CARTESIAN_POINT('Ctrl Pts',(15.7161663416664,4.43287685208219,9.2));
#13244=CARTESIAN_POINT('Ctrl Pts',(15.7161663416664,4.43287685208219,10.));
#13245=CARTESIAN_POINT('Ctrl Pts',(15.7484010613455,4.41340999969392,9.2));
#13246=CARTESIAN_POINT('Ctrl Pts',(15.7484010613455,4.41340999969392,10.));
#13247=CARTESIAN_POINT('',(15.7484010613455,4.41340999969392,9.2));
#13248=CARTESIAN_POINT('Ctrl Pts',(15.5070874846472,4.52401088842302,9.2));
#13249=CARTESIAN_POINT('Ctrl Pts',(15.5557085806056,4.50749666744657,9.2));
#13250=CARTESIAN_POINT('Ctrl Pts',(15.6400282073088,4.47885739223933,9.2));
#13251=CARTESIAN_POINT('Ctrl Pts',(15.7161663416664,4.43287685208219,9.2));
#13252=CARTESIAN_POINT('Ctrl Pts',(15.7484010613455,4.41340999969392,9.2));
#13253=CARTESIAN_POINT('',(15.7484010613455,4.41340999969392,10.));
#13254=CARTESIAN_POINT('',(15.7484010613455,4.41340999969392,10.));
#13255=CARTESIAN_POINT('Ctrl Pts',(15.5070874846472,4.52401088842302,10.));
#13256=CARTESIAN_POINT('Ctrl Pts',(15.5557085806056,4.50749666744657,10.));
#13257=CARTESIAN_POINT('Ctrl Pts',(15.6400282073088,4.47885739223933,10.));
#13258=CARTESIAN_POINT('Ctrl Pts',(15.7161663416664,4.43287685208219,10.));
#13259=CARTESIAN_POINT('Ctrl Pts',(15.7484010613455,4.41340999969392,10.));
#13260=CARTESIAN_POINT('Ctrl Pts',(15.7484010613455,4.41340999969392,9.2));
#13261=CARTESIAN_POINT('Ctrl Pts',(15.7484010613455,4.41340999969392,10.));
#13262=CARTESIAN_POINT('Ctrl Pts',(15.7697447399146,4.39457235547143,9.2));
#13263=CARTESIAN_POINT('Ctrl Pts',(15.7697447399146,4.39457235547143,10.));
#13264=CARTESIAN_POINT('Ctrl Pts',(15.8240158509037,4.34667340135884,9.2));
#13265=CARTESIAN_POINT('Ctrl Pts',(15.8240158509037,4.34667340135884,10.));
#13266=CARTESIAN_POINT('Ctrl Pts',(15.8692336281617,4.29004952468889,9.2));
#13267=CARTESIAN_POINT('Ctrl Pts',(15.8692336281617,4.29004952468889,10.));
#13268=CARTESIAN_POINT('Ctrl Pts',(15.8966682112707,4.25569461950212,9.2));
#13269=CARTESIAN_POINT('Ctrl Pts',(15.8966682112707,4.25569461950212,10.));
#13270=CARTESIAN_POINT('',(15.8966682112707,4.25569461950212,9.2));
#13271=CARTESIAN_POINT('Ctrl Pts',(15.7484010613455,4.41340999969392,9.2));
#13272=CARTESIAN_POINT('Ctrl Pts',(15.7697447399146,4.39457235547143,9.2));
#13273=CARTESIAN_POINT('Ctrl Pts',(15.8240158509037,4.34667340135884,9.2));
#13274=CARTESIAN_POINT('Ctrl Pts',(15.8692336281617,4.29004952468889,9.2));
#13275=CARTESIAN_POINT('Ctrl Pts',(15.8966682112707,4.25569461950212,9.2));
#13276=CARTESIAN_POINT('',(15.8966682112707,4.25569461950212,10.));
#13277=CARTESIAN_POINT('',(15.8966682112707,4.25569461950212,10.));
#13278=CARTESIAN_POINT('Ctrl Pts',(15.7484010613455,4.41340999969392,10.));
#13279=CARTESIAN_POINT('Ctrl Pts',(15.7697447399146,4.39457235547143,10.));
#13280=CARTESIAN_POINT('Ctrl Pts',(15.8240158509037,4.34667340135884,10.));
#13281=CARTESIAN_POINT('Ctrl Pts',(15.8692336281617,4.29004952468889,10.));
#13282=CARTESIAN_POINT('Ctrl Pts',(15.8966682112707,4.25569461950212,10.));
#13283=CARTESIAN_POINT('Ctrl Pts',(15.8966682112707,4.25569461950212,9.2));
#13284=CARTESIAN_POINT('Ctrl Pts',(15.8966682112707,4.25569461950212,10.));
#13285=CARTESIAN_POINT('Ctrl Pts',(15.9247321225976,4.22074030941108,9.2));
#13286=CARTESIAN_POINT('Ctrl Pts',(15.9247321225976,4.22074030941108,10.));
#13287=CARTESIAN_POINT('Ctrl Pts',(15.9722769977686,4.16152196701359,9.2));
#13288=CARTESIAN_POINT('Ctrl Pts',(15.9722769977686,4.16152196701359,10.));
#13289=CARTESIAN_POINT('Ctrl Pts',(16.0107525943442,4.09610260910739,9.2));
#13290=CARTESIAN_POINT('Ctrl Pts',(16.0107525943442,4.09610260910739,10.));
#13291=CARTESIAN_POINT('Ctrl Pts',(16.0265175259604,4.06929778226762,9.2));
#13292=CARTESIAN_POINT('Ctrl Pts',(16.0265175259604,4.06929778226762,10.));
#13293=CARTESIAN_POINT('',(16.0265175259604,4.06929778226762,9.2));
#13294=CARTESIAN_POINT('Ctrl Pts',(15.8966682112707,4.25569461950212,9.2));
#13295=CARTESIAN_POINT('Ctrl Pts',(15.9247321225976,4.22074030941108,9.2));
#13296=CARTESIAN_POINT('Ctrl Pts',(15.9722769977686,4.16152196701359,9.2));
#13297=CARTESIAN_POINT('Ctrl Pts',(16.0107525943442,4.09610260910739,9.2));
#13298=CARTESIAN_POINT('Ctrl Pts',(16.0265175259604,4.06929778226762,9.2));
#13299=CARTESIAN_POINT('',(16.0265175259604,4.06929778226762,10.));
#13300=CARTESIAN_POINT('',(16.0265175259604,4.06929778226762,10.));
#13301=CARTESIAN_POINT('Ctrl Pts',(15.8966682112707,4.25569461950212,10.));
#13302=CARTESIAN_POINT('Ctrl Pts',(15.9247321225976,4.22074030941108,10.));
#13303=CARTESIAN_POINT('Ctrl Pts',(15.9722769977686,4.16152196701359,10.));
#13304=CARTESIAN_POINT('Ctrl Pts',(16.0107525943442,4.09610260910739,10.));
#13305=CARTESIAN_POINT('Ctrl Pts',(16.0265175259604,4.06929778226762,10.));
#13306=CARTESIAN_POINT('Origin',(16.2509802735342,3.63464879163652,10.));
#13307=CARTESIAN_POINT('',(16.4754430211081,3.19999980100542,9.2));
#13308=CARTESIAN_POINT('',(16.0265175259604,4.06929778226762,9.2));
#13309=CARTESIAN_POINT('',(16.4754430211081,3.19999980100542,10.));
#13310=CARTESIAN_POINT('',(16.4754430211081,3.19999980100542,10.));
#13311=CARTESIAN_POINT('',(12.6072403441998,10.6903758533682,10.));
#13312=CARTESIAN_POINT('Origin',(15.9517125791802,3.19999980100542,10.));
#13313=CARTESIAN_POINT('',(15.4279821372523,3.19999980100542,9.2));
#13314=CARTESIAN_POINT('',(16.4754430211081,3.19999980100542,9.2));
#13315=CARTESIAN_POINT('',(15.4279821372523,3.19999980100542,10.));
#13316=CARTESIAN_POINT('',(15.4279821372523,3.19999980100542,10.));
#13317=CARTESIAN_POINT('',(-4.72414371109584,3.19999980100542,10.));
#13318=CARTESIAN_POINT('Origin',(15.1802256709828,3.658389917697,10.));
#13319=CARTESIAN_POINT('',(14.9324692047133,4.11678003438859,9.2));
#13320=CARTESIAN_POINT('',(15.4279821372523,3.19999980100542,9.2));
#13321=CARTESIAN_POINT('',(14.9324692047133,4.11678003438859,10.));
#13322=CARTESIAN_POINT('',(14.9324692047133,4.11678003438859,10.));
#13323=CARTESIAN_POINT('',(11.3580704720322,10.7300042091058,10.));
#13324=CARTESIAN_POINT('Ctrl Pts',(14.9324692047133,4.11678003438859,9.2));
#13325=CARTESIAN_POINT('Ctrl Pts',(14.9324692047133,4.11678003438859,10.));
#13326=CARTESIAN_POINT('Ctrl Pts',(14.905600846975,4.16784563179649,9.2));
#13327=CARTESIAN_POINT('Ctrl Pts',(14.905600846975,4.16784563179649,10.));
#13328=CARTESIAN_POINT('Ctrl Pts',(14.8606641436733,4.25325165556621,9.2));
#13329=CARTESIAN_POINT('Ctrl Pts',(14.8606641436733,4.25325165556621,10.));
#13330=CARTESIAN_POINT('Ctrl Pts',(14.7921956855212,4.32084385285936,9.2));
#13331=CARTESIAN_POINT('Ctrl Pts',(14.7921956855212,4.32084385285936,10.));
#13332=CARTESIAN_POINT('Ctrl Pts',(14.7646655893816,4.34802161821275,9.2));
#13333=CARTESIAN_POINT('Ctrl Pts',(14.7646655893816,4.34802161821275,10.));
#13334=CARTESIAN_POINT('',(14.7646655893816,4.34802161821275,9.2));
#13335=CARTESIAN_POINT('Ctrl Pts',(14.9324692047133,4.11678003438859,9.2));
#13336=CARTESIAN_POINT('Ctrl Pts',(14.905600846975,4.16784563179649,9.2));
#13337=CARTESIAN_POINT('Ctrl Pts',(14.8606641436733,4.25325165556621,9.2));
#13338=CARTESIAN_POINT('Ctrl Pts',(14.7921956855212,4.32084385285936,9.2));
#13339=CARTESIAN_POINT('Ctrl Pts',(14.7646655893816,4.34802161821275,9.2));
#13340=CARTESIAN_POINT('',(14.7646655893816,4.34802161821275,10.));
#13341=CARTESIAN_POINT('',(14.7646655893816,4.34802161821275,10.));
#13342=CARTESIAN_POINT('Ctrl Pts',(14.9324692047133,4.11678003438859,10.));
#13343=CARTESIAN_POINT('Ctrl Pts',(14.905600846975,4.16784563179649,10.));
#13344=CARTESIAN_POINT('Ctrl Pts',(14.8606641436733,4.25325165556621,10.));
#13345=CARTESIAN_POINT('Ctrl Pts',(14.7921956855212,4.32084385285936,10.));
#13346=CARTESIAN_POINT('Ctrl Pts',(14.7646655893816,4.34802161821275,10.));
#13347=CARTESIAN_POINT('Ctrl Pts',(14.7646655893816,4.34802161821275,9.2));
#13348=CARTESIAN_POINT('Ctrl Pts',(14.7646655893816,4.34802161821275,10.));
#13349=CARTESIAN_POINT('Ctrl Pts',(14.729917417204,4.36831439243337,9.2));
#13350=CARTESIAN_POINT('Ctrl Pts',(14.729917417204,4.36831439243337,10.));
#13351=CARTESIAN_POINT('Ctrl Pts',(14.6596911178806,4.40932623124994,9.2));
#13352=CARTESIAN_POINT('Ctrl Pts',(14.6596911178806,4.40932623124994,10.));
#13353=CARTESIAN_POINT('Ctrl Pts',(14.5785228739934,4.4148221789318,9.2));
#13354=CARTESIAN_POINT('Ctrl Pts',(14.5785228739934,4.4148221789318,10.));
#13355=CARTESIAN_POINT('Ctrl Pts',(14.5375169075026,4.41759871610551,9.2));
#13356=CARTESIAN_POINT('Ctrl Pts',(14.5375169075026,4.41759871610551,10.));
#13357=CARTESIAN_POINT('',(14.5375169075026,4.41759871610551,9.2));
#13358=CARTESIAN_POINT('Ctrl Pts',(14.7646655893816,4.34802161821275,9.2));
#13359=CARTESIAN_POINT('Ctrl Pts',(14.729917417204,4.36831439243337,9.2));
#13360=CARTESIAN_POINT('Ctrl Pts',(14.6596911178806,4.40932623124994,9.2));
#13361=CARTESIAN_POINT('Ctrl Pts',(14.5785228739934,4.4148221789318,9.2));
#13362=CARTESIAN_POINT('Ctrl Pts',(14.5375169075026,4.41759871610551,9.2));
#13363=CARTESIAN_POINT('',(14.5375169075026,4.41759871610551,10.));
#13364=CARTESIAN_POINT('',(14.5375169075026,4.41759871610551,10.));
#13365=CARTESIAN_POINT('Ctrl Pts',(14.7646655893816,4.34802161821275,10.));
#13366=CARTESIAN_POINT('Ctrl Pts',(14.729917417204,4.36831439243337,10.));
#13367=CARTESIAN_POINT('Ctrl Pts',(14.6596911178806,4.40932623124994,10.));
#13368=CARTESIAN_POINT('Ctrl Pts',(14.5785228739934,4.4148221789318,10.));
#13369=CARTESIAN_POINT('Ctrl Pts',(14.5375169075026,4.41759871610551,10.));
#13370=CARTESIAN_POINT('Origin',(14.4965892291559,4.41759871610551,10.));
#13371=CARTESIAN_POINT('',(14.4556615508093,4.41759871610551,9.2));
#13372=CARTESIAN_POINT('',(14.5375169075026,4.41759871610551,9.2));
#13373=CARTESIAN_POINT('',(14.4556615508093,4.41759871610551,10.));
#13374=CARTESIAN_POINT('',(14.4556615508093,4.41759871610551,10.));
#13375=CARTESIAN_POINT('',(-5.45170538610795,4.41759871610551,10.));
#13376=CARTESIAN_POINT('Origin',(14.4556615508093,3.80879925855546,10.));
#13377=CARTESIAN_POINT('',(14.4556615508093,4.41759871610551,9.2));
#13378=CARTESIAN_POINT('',(14.4556615508093,1.9043996292777,10.));
#13379=CARTESIAN_POINT('Origin',(-25.4000000013718,0.,9.2));
#13380=CARTESIAN_POINT('Origin',(-5.45122777724742,4.1484992899931,10.));
#13381=CARTESIAN_POINT('',(-5.45122777724742,4.45238746190434,9.2));
#13382=CARTESIAN_POINT('',(-5.45122777724742,3.84461111808186,9.2));
#13383=CARTESIAN_POINT('',(-5.45122777724742,4.45238746190434,9.2));
#13384=CARTESIAN_POINT('',(-5.45122777724742,3.84461111808186,10.));
#13385=CARTESIAN_POINT('',(-5.45122777724742,4.45238746190434,10.));
#13386=CARTESIAN_POINT('Origin',(-5.214870401268,3.84461111808186,10.));
#13387=CARTESIAN_POINT('',(-4.97851302528857,3.84461111808186,9.2));
#13388=CARTESIAN_POINT('',(-5.45122777724742,3.84461111808186,9.2));
#13389=CARTESIAN_POINT('',(-4.97851302528857,3.84461111808186,10.));
#13390=CARTESIAN_POINT('Ctrl Pts',(-4.97851302528857,3.84461111808186,9.2));
#13391=CARTESIAN_POINT('Ctrl Pts',(-4.97851302528857,3.84461111808186,10.));
#13392=CARTESIAN_POINT('Ctrl Pts',(-4.90864081717095,3.84518681655716,9.2));
#13393=CARTESIAN_POINT('Ctrl Pts',(-4.90864081717095,3.84518681655716,10.));
#13394=CARTESIAN_POINT('Ctrl Pts',(-4.78840081077527,3.84617751071465,9.2));
#13395=CARTESIAN_POINT('Ctrl Pts',(-4.78840081077527,3.84617751071465,10.));
#13396=CARTESIAN_POINT('Ctrl Pts',(-4.6844175252003,3.90492651700457,9.2));
#13397=CARTESIAN_POINT('Ctrl Pts',(-4.6844175252003,3.90492651700457,10.));
#13398=CARTESIAN_POINT('Ctrl Pts',(-4.64085956717013,3.92953611398106,9.2));
#13399=CARTESIAN_POINT('Ctrl Pts',(-4.64085956717013,3.92953611398106,10.));
#13400=CARTESIAN_POINT('',(-4.64085956717013,3.92953611398106,9.2));
#13401=CARTESIAN_POINT('Ctrl Pts',(-4.97851302528857,3.84461111808186,9.2));
#13402=CARTESIAN_POINT('Ctrl Pts',(-4.90864081717095,3.84518681655716,9.2));
#13403=CARTESIAN_POINT('Ctrl Pts',(-4.78840081077527,3.84617751071465,9.2));
#13404=CARTESIAN_POINT('Ctrl Pts',(-4.6844175252003,3.90492651700457,9.2));
#13405=CARTESIAN_POINT('Ctrl Pts',(-4.64085956717013,3.92953611398106,9.2));
#13406=CARTESIAN_POINT('',(-4.64085956717013,3.92953611398106,10.));
#13407=CARTESIAN_POINT('Ctrl Pts',(-4.64085956717013,3.92953611398106,9.2));
#13408=CARTESIAN_POINT('Ctrl Pts',(-4.64085956717013,3.92953611398106,10.));
#13409=CARTESIAN_POINT('Ctrl Pts',(-4.61221650664474,3.96091418653641,9.2));
#13410=CARTESIAN_POINT('Ctrl Pts',(-4.61221650664474,3.96091418653641,10.));
#13411=CARTESIAN_POINT('Ctrl Pts',(-4.55326924877288,4.02549008382234,9.2));
#13412=CARTESIAN_POINT('Ctrl Pts',(-4.55326924877288,4.02549008382234,10.));
#13413=CARTESIAN_POINT('Ctrl Pts',(-4.54624443594322,4.11281512558671,9.2));
#13414=CARTESIAN_POINT('Ctrl Pts',(-4.54624443594322,4.11281512558671,10.));
#13415=CARTESIAN_POINT('Ctrl Pts',(-4.54263304973125,4.15770805859928,9.2));
#13416=CARTESIAN_POINT('Ctrl Pts',(-4.54263304973125,4.15770805859928,10.));
#13417=CARTESIAN_POINT('',(-4.54263304973125,4.15770805859928,9.2));
#13418=CARTESIAN_POINT('Ctrl Pts',(-4.64085956717013,3.92953611398106,9.2));
#13419=CARTESIAN_POINT('Ctrl Pts',(-4.61221650664474,3.96091418653641,9.2));
#13420=CARTESIAN_POINT('Ctrl Pts',(-4.55326924877288,4.02549008382234,9.2));
#13421=CARTESIAN_POINT('Ctrl Pts',(-4.54624443594322,4.11281512558671,9.2));
#13422=CARTESIAN_POINT('Ctrl Pts',(-4.54263304973125,4.15770805859928,9.2));
#13423=CARTESIAN_POINT('',(-4.54263304973125,4.15770805859928,10.));
#13424=CARTESIAN_POINT('Ctrl Pts',(-4.54263304973125,4.15770805859928,9.2));
#13425=CARTESIAN_POINT('Ctrl Pts',(-4.54263304973125,4.15770805859928,10.));
#13426=CARTESIAN_POINT('Ctrl Pts',(-4.54643981141189,4.19966727253067,9.2));
#13427=CARTESIAN_POINT('Ctrl Pts',(-4.54643981141189,4.19966727253067,10.));
#13428=CARTESIAN_POINT('Ctrl Pts',(-4.55394308257677,4.28237046921186,9.2));
#13429=CARTESIAN_POINT('Ctrl Pts',(-4.55394308257677,4.28237046921186,10.));
#13430=CARTESIAN_POINT('Ctrl Pts',(-4.6114870787485,4.34211961805118,9.2));
#13431=CARTESIAN_POINT('Ctrl Pts',(-4.6114870787485,4.34211961805118,10.));
#13432=CARTESIAN_POINT('Ctrl Pts',(-4.63983630443095,4.37155521893864,9.2));
#13433=CARTESIAN_POINT('Ctrl Pts',(-4.63983630443095,4.37155521893864,10.));
#13434=CARTESIAN_POINT('',(-4.63983630443095,4.37155521893864,9.2));
#13435=CARTESIAN_POINT('Ctrl Pts',(-4.54263304973125,4.15770805859928,9.2));
#13436=CARTESIAN_POINT('Ctrl Pts',(-4.54643981141189,4.19966727253067,9.2));
#13437=CARTESIAN_POINT('Ctrl Pts',(-4.55394308257677,4.28237046921186,9.2));
#13438=CARTESIAN_POINT('Ctrl Pts',(-4.6114870787485,4.34211961805118,9.2));
#13439=CARTESIAN_POINT('Ctrl Pts',(-4.63983630443095,4.37155521893864,9.2));
#13440=CARTESIAN_POINT('',(-4.63983630443095,4.37155521893864,10.));
#13441=CARTESIAN_POINT('Ctrl Pts',(-4.63983630443095,4.37155521893864,9.2));
#13442=CARTESIAN_POINT('Ctrl Pts',(-4.63983630443095,4.37155521893864,10.));
#13443=CARTESIAN_POINT('Ctrl Pts',(-4.68357493625189,4.39496114721391,9.2));
#13444=CARTESIAN_POINT('Ctrl Pts',(-4.68357493625189,4.39496114721391,10.));
#13445=CARTESIAN_POINT('Ctrl Pts',(-4.789231452446,4.45150129803478,9.2));
#13446=CARTESIAN_POINT('Ctrl Pts',(-4.789231452446,4.45150129803478,10.));
#13447=CARTESIAN_POINT('Ctrl Pts',(-4.90986470254956,4.45206002888458,9.2));
#13448=CARTESIAN_POINT('Ctrl Pts',(-4.90986470254956,4.45206002888458,10.));
#13449=CARTESIAN_POINT('Ctrl Pts',(-4.98055940175532,4.45238746190434,9.2));
#13450=CARTESIAN_POINT('Ctrl Pts',(-4.98055940175532,4.45238746190434,10.));
#13451=CARTESIAN_POINT('',(-4.98055940175532,4.45238746190434,9.2));
#13452=CARTESIAN_POINT('Ctrl Pts',(-4.63983630443095,4.37155521893864,9.2));
#13453=CARTESIAN_POINT('Ctrl Pts',(-4.68357493625189,4.39496114721391,9.2));
#13454=CARTESIAN_POINT('Ctrl Pts',(-4.789231452446,4.45150129803478,9.2));
#13455=CARTESIAN_POINT('Ctrl Pts',(-4.90986470254956,4.45206002888458,9.2));
#13456=CARTESIAN_POINT('Ctrl Pts',(-4.98055940175532,4.45238746190434,9.2));
#13457=CARTESIAN_POINT('',(-4.98055940175532,4.45238746190434,10.));
#13458=CARTESIAN_POINT('Origin',(-5.21589358950137,4.45238746190434,10.));
#13459=CARTESIAN_POINT('',(-4.98055940175532,4.45238746190434,9.2));
#13460=CARTESIAN_POINT('Origin',(-5.45122777724742,5.30777625227337,10.));
#13461=CARTESIAN_POINT('',(-5.45122777724742,5.59222377324467,9.2));
#13462=CARTESIAN_POINT('',(-5.45122777724742,5.02332873130207,9.2));
#13463=CARTESIAN_POINT('',(-5.45122777724742,5.59222377324467,9.2));
#13464=CARTESIAN_POINT('',(-5.45122777724742,5.02332873130207,10.));
#13465=CARTESIAN_POINT('',(-5.45122777724742,5.59222377324467,10.));
#13466=CARTESIAN_POINT('Origin',(-5.24965895021438,5.02332873130207,10.));
#13467=CARTESIAN_POINT('',(-5.04809012318134,5.02332873130207,9.2));
#13468=CARTESIAN_POINT('',(-5.45122777724742,5.02332873130207,9.2));
#13469=CARTESIAN_POINT('',(-5.04809012318134,5.02332873130207,10.));
#13470=CARTESIAN_POINT('Ctrl Pts',(-5.04809012318134,5.02332873130207,9.2));
#13471=CARTESIAN_POINT('Ctrl Pts',(-5.04809012318134,5.02332873130207,10.));
#13472=CARTESIAN_POINT('Ctrl Pts',(-4.98512927400205,5.02362857766421,9.2));
#13473=CARTESIAN_POINT('Ctrl Pts',(-4.98512927400205,5.02362857766421,10.));
#13474=CARTESIAN_POINT('Ctrl Pts',(-4.87770489564971,5.02414017827751,9.2));
#13475=CARTESIAN_POINT('Ctrl Pts',(-4.87770489564971,5.02414017827751,10.));
#13476=CARTESIAN_POINT('Ctrl Pts',(-4.78473080496371,5.07639368697938,9.2));
#13477=CARTESIAN_POINT('Ctrl Pts',(-4.78473080496371,5.07639368697938,10.));
#13478=CARTESIAN_POINT('Ctrl Pts',(-4.74624832773685,5.0980216958559,9.2));
#13479=CARTESIAN_POINT('Ctrl Pts',(-4.74624832773685,5.0980216958559,10.));
#13480=CARTESIAN_POINT('',(-4.74624832773685,5.0980216958559,9.2));
#13481=CARTESIAN_POINT('Ctrl Pts',(-5.04809012318134,5.02332873130207,9.2));
#13482=CARTESIAN_POINT('Ctrl Pts',(-4.98512927400205,5.02362857766421,9.2));
#13483=CARTESIAN_POINT('Ctrl Pts',(-4.87770489564971,5.02414017827751,9.2));
#13484=CARTESIAN_POINT('Ctrl Pts',(-4.78473080496371,5.07639368697938,9.2));
#13485=CARTESIAN_POINT('Ctrl Pts',(-4.74624832773685,5.0980216958559,9.2));
#13486=CARTESIAN_POINT('',(-4.74624832773685,5.0980216958559,10.));
#13487=CARTESIAN_POINT('Ctrl Pts',(-4.74624832773685,5.0980216958559,9.2));
#13488=CARTESIAN_POINT('Ctrl Pts',(-4.74624832773685,5.0980216958559,10.));
#13489=CARTESIAN_POINT('Ctrl Pts',(-4.72150511854217,5.12702252071767,9.2));
#13490=CARTESIAN_POINT('Ctrl Pts',(-4.72150511854217,5.12702252071767,10.));
#13491=CARTESIAN_POINT('Ctrl Pts',(-4.66867810516505,5.18893958858331,9.2));
#13492=CARTESIAN_POINT('Ctrl Pts',(-4.66867810516505,5.18893958858331,10.));
#13493=CARTESIAN_POINT('Ctrl Pts',(-4.66387614269982,5.27053700455571,9.2));
#13494=CARTESIAN_POINT('Ctrl Pts',(-4.66387614269982,5.27053700455571,10.));
#13495=CARTESIAN_POINT('Ctrl Pts',(-4.66132333183765,5.31391567969685,9.2));
#13496=CARTESIAN_POINT('Ctrl Pts',(-4.66132333183765,5.31391567969685,10.));
#13497=CARTESIAN_POINT('',(-4.66132333183765,5.31391567969685,9.2));
#13498=CARTESIAN_POINT('Ctrl Pts',(-4.74624832773685,5.0980216958559,9.2));
#13499=CARTESIAN_POINT('Ctrl Pts',(-4.72150511854217,5.12702252071767,9.2));
#13500=CARTESIAN_POINT('Ctrl Pts',(-4.66867810516505,5.18893958858331,9.2));
#13501=CARTESIAN_POINT('Ctrl Pts',(-4.66387614269982,5.27053700455571,9.2));
#13502=CARTESIAN_POINT('Ctrl Pts',(-4.66132333183765,5.31391567969685,9.2));
#13503=CARTESIAN_POINT('',(-4.66132333183765,5.31391567969685,10.));
#13504=CARTESIAN_POINT('Ctrl Pts',(-4.66132333183765,5.31391567969685,9.2));
#13505=CARTESIAN_POINT('Ctrl Pts',(-4.66132333183765,5.31391567969685,10.));
#13506=CARTESIAN_POINT('Ctrl Pts',(-4.66420055183687,5.35458898804234,9.2));
#13507=CARTESIAN_POINT('Ctrl Pts',(-4.66420055183687,5.35458898804234,10.));
#13508=CARTESIAN_POINT('Ctrl Pts',(-4.66971393792733,5.43252798907285,9.2));
#13509=CARTESIAN_POINT('Ctrl Pts',(-4.66971393792733,5.43252798907285,10.));
#13510=CARTESIAN_POINT('Ctrl Pts',(-4.72149146272995,5.49072679236315,9.2));
#13511=CARTESIAN_POINT('Ctrl Pts',(-4.72149146272995,5.49072679236315,10.));
#13512=CARTESIAN_POINT('Ctrl Pts',(-4.74624832773685,5.5185539224184,9.2));
#13513=CARTESIAN_POINT('Ctrl Pts',(-4.74624832773685,5.5185539224184,10.));
#13514=CARTESIAN_POINT('',(-4.74624832773685,5.5185539224184,9.2));
#13515=CARTESIAN_POINT('Ctrl Pts',(-4.66132333183765,5.31391567969685,9.2));
#13516=CARTESIAN_POINT('Ctrl Pts',(-4.66420055183687,5.35458898804234,9.2));
#13517=CARTESIAN_POINT('Ctrl Pts',(-4.66971393792733,5.43252798907285,9.2));
#13518=CARTESIAN_POINT('Ctrl Pts',(-4.72149146272995,5.49072679236315,9.2));
#13519=CARTESIAN_POINT('Ctrl Pts',(-4.74624832773685,5.5185539224184,9.2));
#13520=CARTESIAN_POINT('',(-4.74624832773685,5.5185539224184,10.));
#13521=CARTESIAN_POINT('Ctrl Pts',(-4.74624832773685,5.5185539224184,9.2));
#13522=CARTESIAN_POINT('Ctrl Pts',(-4.74624832773685,5.5185539224184,10.));
#13523=CARTESIAN_POINT('Ctrl Pts',(-4.78422639974711,5.53989526038038,9.2));
#13524=CARTESIAN_POINT('Ctrl Pts',(-4.78422639974711,5.53989526038038,10.));
#13525=CARTESIAN_POINT('Ctrl Pts',(-4.87534003663697,5.59109551397108,9.2));
#13526=CARTESIAN_POINT('Ctrl Pts',(-4.87534003663697,5.59109551397108,10.));
#13527=CARTESIAN_POINT('Ctrl Pts',(-4.9805781695895,5.59180816821464,9.2));
#13528=CARTESIAN_POINT('Ctrl Pts',(-4.9805781695895,5.59180816821464,10.));
#13529=CARTESIAN_POINT('Ctrl Pts',(-5.04195084476947,5.59222377324467,9.2));
#13530=CARTESIAN_POINT('Ctrl Pts',(-5.04195084476947,5.59222377324467,10.));
#13531=CARTESIAN_POINT('',(-5.04195084476947,5.59222377324467,9.2));
#13532=CARTESIAN_POINT('Ctrl Pts',(-4.74624832773685,5.5185539224184,9.2));
#13533=CARTESIAN_POINT('Ctrl Pts',(-4.78422639974711,5.53989526038038,9.2));
#13534=CARTESIAN_POINT('Ctrl Pts',(-4.87534003663697,5.59109551397108,9.2));
#13535=CARTESIAN_POINT('Ctrl Pts',(-4.9805781695895,5.59180816821464,9.2));
#13536=CARTESIAN_POINT('Ctrl Pts',(-5.04195084476947,5.59222377324467,9.2));
#13537=CARTESIAN_POINT('',(-5.04195084476947,5.59222377324467,10.));
#13538=CARTESIAN_POINT('Origin',(-5.24658931100845,5.59222377324467,10.));
#13539=CARTESIAN_POINT('',(-5.04195084476947,5.59222377324467,9.2));
#13540=CARTESIAN_POINT('Origin',(-6.38642562234878,4.7000000574625,10.));
#13541=CARTESIAN_POINT('',(-6.38642562234878,3.19999999785786,9.2));
#13542=CARTESIAN_POINT('',(-6.38642562234878,6.20000011706715,9.2));
#13543=CARTESIAN_POINT('',(-6.38642562234878,3.19999999785786,9.2));
#13544=CARTESIAN_POINT('',(-6.38642562234878,6.20000011706715,10.));
#13545=CARTESIAN_POINT('',(-6.38642562234878,6.20000011706715,10.));
#13546=CARTESIAN_POINT('',(-6.38642562234878,3.19999999785786,10.));
#13547=CARTESIAN_POINT('',(-6.38642562234878,2.35000002873125,10.));
#13548=CARTESIAN_POINT('',(-6.38642562234878,3.19999999785786,10.));
#13549=CARTESIAN_POINT('Origin',(-5.51875853592633,6.20000011706715,10.));
#13550=CARTESIAN_POINT('',(-4.65109144950389,6.20000011706715,9.2));
#13551=CARTESIAN_POINT('',(-6.38642562234878,6.20000011706715,9.2));
#13552=CARTESIAN_POINT('',(-4.65109144950389,6.20000011706715,10.));
#13553=CARTESIAN_POINT('',(-4.65109144950389,6.20000011706715,10.));
#13554=CARTESIAN_POINT('',(-15.4593792686491,6.20000011706715,10.));
#13555=CARTESIAN_POINT('Ctrl Pts',(-4.65109144950389,6.20000011706715,9.2));
#13556=CARTESIAN_POINT('Ctrl Pts',(-4.65109144950389,6.20000011706715,10.));
#13557=CARTESIAN_POINT('Ctrl Pts',(-4.51901361699536,6.19459669186172,9.2));
#13558=CARTESIAN_POINT('Ctrl Pts',(-4.51901361699536,6.19459669186172,10.));
#13559=CARTESIAN_POINT('Ctrl Pts',(-4.27594513136474,6.18465253729046,9.2));
#13560=CARTESIAN_POINT('Ctrl Pts',(-4.27594513136474,6.18465253729046,10.));
#13561=CARTESIAN_POINT('Ctrl Pts',(-4.07620104105512,6.04767612210464,9.2));
#13562=CARTESIAN_POINT('Ctrl Pts',(-4.07620104105512,6.04767612210464,10.));
#13563=CARTESIAN_POINT('Ctrl Pts',(-3.9849933018732,5.985129544977,9.2));
#13564=CARTESIAN_POINT('Ctrl Pts',(-3.9849933018732,5.985129544977,10.));
#13565=CARTESIAN_POINT('',(-3.9849933018732,5.985129544977,9.2));
#13566=CARTESIAN_POINT('Ctrl Pts',(-4.65109144950389,6.20000011706715,9.2));
#13567=CARTESIAN_POINT('Ctrl Pts',(-4.51901361699536,6.19459669186172,9.2));
#13568=CARTESIAN_POINT('Ctrl Pts',(-4.27594513136474,6.18465253729046,9.2));
#13569=CARTESIAN_POINT('Ctrl Pts',(-4.07620104105512,6.04767612210464,9.2));
#13570=CARTESIAN_POINT('Ctrl Pts',(-3.9849933018732,5.985129544977,9.2));
#13571=CARTESIAN_POINT('',(-3.9849933018732,5.985129544977,10.));
#13572=CARTESIAN_POINT('',(-3.9849933018732,5.985129544977,10.));
#13573=CARTESIAN_POINT('Ctrl Pts',(-4.65109144950389,6.20000011706715,10.));
#13574=CARTESIAN_POINT('Ctrl Pts',(-4.51901361699536,6.19459669186172,10.));
#13575=CARTESIAN_POINT('Ctrl Pts',(-4.27594513136474,6.18465253729046,10.));
#13576=CARTESIAN_POINT('Ctrl Pts',(-4.07620104105512,6.04767612210464,10.));
#13577=CARTESIAN_POINT('Ctrl Pts',(-3.9849933018732,5.985129544977,10.));
#13578=CARTESIAN_POINT('Ctrl Pts',(-3.9849933018732,5.985129544977,9.2));
#13579=CARTESIAN_POINT('Ctrl Pts',(-3.9849933018732,5.985129544977,10.));
#13580=CARTESIAN_POINT('Ctrl Pts',(-3.91724935425009,5.90920592907515,9.2));
#13581=CARTESIAN_POINT('Ctrl Pts',(-3.91724935425009,5.90920592907515,10.));
#13582=CARTESIAN_POINT('Ctrl Pts',(-3.78166684188324,5.75725265571089,9.2));
#13583=CARTESIAN_POINT('Ctrl Pts',(-3.78166684188324,5.75725265571089,10.));
#13584=CARTESIAN_POINT('Ctrl Pts',(-3.76237897154767,5.5545110983725,9.2));
#13585=CARTESIAN_POINT('Ctrl Pts',(-3.76237897154767,5.5545110983725,10.));
#13586=CARTESIAN_POINT('Ctrl Pts',(-3.75272830629825,5.45306957745915,9.2));
#13587=CARTESIAN_POINT('Ctrl Pts',(-3.75272830629825,5.45306957745915,10.));
#13588=CARTESIAN_POINT('',(-3.75272830629825,5.45306957745915,9.2));
#13589=CARTESIAN_POINT('Ctrl Pts',(-3.9849933018732,5.985129544977,9.2));
#13590=CARTESIAN_POINT('Ctrl Pts',(-3.91724935425009,5.90920592907515,9.2));
#13591=CARTESIAN_POINT('Ctrl Pts',(-3.78166684188324,5.75725265571089,9.2));
#13592=CARTESIAN_POINT('Ctrl Pts',(-3.76237897154767,5.5545110983725,9.2));
#13593=CARTESIAN_POINT('Ctrl Pts',(-3.75272830629825,5.45306957745915,9.2));
#13594=CARTESIAN_POINT('',(-3.75272830629825,5.45306957745915,10.));
#13595=CARTESIAN_POINT('',(-3.75272830629825,5.45306957745915,10.));
#13596=CARTESIAN_POINT('Ctrl Pts',(-3.9849933018732,5.985129544977,10.));
#13597=CARTESIAN_POINT('Ctrl Pts',(-3.91724935425009,5.90920592907515,10.));
#13598=CARTESIAN_POINT('Ctrl Pts',(-3.78166684188324,5.75725265571089,10.));
#13599=CARTESIAN_POINT('Ctrl Pts',(-3.76237897154767,5.5545110983725,10.));
#13600=CARTESIAN_POINT('Ctrl Pts',(-3.75272830629825,5.45306957745915,10.));
#13601=CARTESIAN_POINT('Ctrl Pts',(-3.75272830629825,5.45306957745915,9.2));
#13602=CARTESIAN_POINT('Ctrl Pts',(-3.75272830629825,5.45306957745915,10.));
#13603=CARTESIAN_POINT('Ctrl Pts',(-3.75922541033019,5.36802270309903,9.2));
#13604=CARTESIAN_POINT('Ctrl Pts',(-3.75922541033019,5.36802270309903,10.));
#13605=CARTESIAN_POINT('Ctrl Pts',(-3.7720338456096,5.20036071391076,9.2));
#13606=CARTESIAN_POINT('Ctrl Pts',(-3.7720338456096,5.20036071391076,10.));
#13607=CARTESIAN_POINT('Ctrl Pts',(-3.87014283296909,5.06394470557363,9.2));
#13608=CARTESIAN_POINT('Ctrl Pts',(-3.87014283296909,5.06394470557363,10.));
#13609=CARTESIAN_POINT('Ctrl Pts',(-3.91848584318637,4.99672598624592,9.2));
#13610=CARTESIAN_POINT('Ctrl Pts',(-3.91848584318637,4.99672598624592,10.));
#13611=CARTESIAN_POINT('',(-3.91848584318637,4.99672598624592,9.2));
#13612=CARTESIAN_POINT('Ctrl Pts',(-3.75272830629825,5.45306957745915,9.2));
#13613=CARTESIAN_POINT('Ctrl Pts',(-3.75922541033019,5.36802270309903,9.2));
#13614=CARTESIAN_POINT('Ctrl Pts',(-3.7720338456096,5.20036071391076,9.2));
#13615=CARTESIAN_POINT('Ctrl Pts',(-3.87014283296909,5.06394470557363,9.2));
#13616=CARTESIAN_POINT('Ctrl Pts',(-3.91848584318637,4.99672598624592,9.2));
#13617=CARTESIAN_POINT('',(-3.91848584318637,4.99672598624592,10.));
#13618=CARTESIAN_POINT('',(-3.91848584318637,4.99672598624592,10.));
#13619=CARTESIAN_POINT('Ctrl Pts',(-3.75272830629825,5.45306957745915,10.));
#13620=CARTESIAN_POINT('Ctrl Pts',(-3.75922541033019,5.36802270309903,10.));
#13621=CARTESIAN_POINT('Ctrl Pts',(-3.7720338456096,5.20036071391076,10.));
#13622=CARTESIAN_POINT('Ctrl Pts',(-3.87014283296909,5.06394470557363,10.));
#13623=CARTESIAN_POINT('Ctrl Pts',(-3.91848584318637,4.99672598624592,10.));
#13624=CARTESIAN_POINT('Ctrl Pts',(-3.91848584318637,4.99672598624592,9.2));
#13625=CARTESIAN_POINT('Ctrl Pts',(-3.91848584318637,4.99672598624592,10.));
#13626=CARTESIAN_POINT('Ctrl Pts',(-3.96194781583057,4.955872392554,9.2));
#13627=CARTESIAN_POINT('Ctrl Pts',(-3.96194781583057,4.955872392554,10.));
#13628=CARTESIAN_POINT('Ctrl Pts',(-4.05603277536487,4.86743396062176,9.2));
#13629=CARTESIAN_POINT('Ctrl Pts',(-4.05603277536487,4.86743396062176,10.));
#13630=CARTESIAN_POINT('Ctrl Pts',(-4.17682273941515,4.82110680653182,9.2));
#13631=CARTESIAN_POINT('Ctrl Pts',(-4.17682273941515,4.82110680653182,10.));
#13632=CARTESIAN_POINT('Ctrl Pts',(-4.24181451702594,4.79618019843464,9.2));
#13633=CARTESIAN_POINT('Ctrl Pts',(-4.24181451702594,4.79618019843464,10.));
#13634=CARTESIAN_POINT('',(-4.24181451702594,4.79618019843464,9.2));
#13635=CARTESIAN_POINT('Ctrl Pts',(-3.91848584318637,4.99672598624592,9.2));
#13636=CARTESIAN_POINT('Ctrl Pts',(-3.96194781583057,4.955872392554,9.2));
#13637=CARTESIAN_POINT('Ctrl Pts',(-4.05603277536487,4.86743396062176,9.2));
#13638=CARTESIAN_POINT('Ctrl Pts',(-4.17682273941515,4.82110680653182,9.2));
#13639=CARTESIAN_POINT('Ctrl Pts',(-4.24181451702594,4.79618019843464,9.2));
#13640=CARTESIAN_POINT('',(-4.24181451702594,4.79618019843464,10.));
#13641=CARTESIAN_POINT('',(-4.24181451702594,4.79618019843464,10.));
#13642=CARTESIAN_POINT('Ctrl Pts',(-3.91848584318637,4.99672598624592,10.));
#13643=CARTESIAN_POINT('Ctrl Pts',(-3.96194781583057,4.955872392554,10.));
#13644=CARTESIAN_POINT('Ctrl Pts',(-4.05603277536487,4.86743396062176,10.));
#13645=CARTESIAN_POINT('Ctrl Pts',(-4.17682273941515,4.82110680653182,10.));
#13646=CARTESIAN_POINT('Ctrl Pts',(-4.24181451702594,4.79618019843464,10.));
#13647=CARTESIAN_POINT('Ctrl Pts',(-4.24181451702594,4.79618019843464,9.2));
#13648=CARTESIAN_POINT('Ctrl Pts',(-4.24181451702594,4.79618019843464,10.));
#13649=CARTESIAN_POINT('Ctrl Pts',(-4.14380081571658,4.76868503644159,9.2));
#13650=CARTESIAN_POINT('Ctrl Pts',(-4.14380081571658,4.76868503644159,10.));
#13651=CARTESIAN_POINT('Ctrl Pts',(-3.96299603752159,4.71796501873818,9.2));
#13652=CARTESIAN_POINT('Ctrl Pts',(-3.96299603752159,4.71796501873818,10.));
#13653=CARTESIAN_POINT('Ctrl Pts',(-3.82789353833821,4.588437850064,9.2));
#13654=CARTESIAN_POINT('Ctrl Pts',(-3.82789353833821,4.588437850064,10.));
#13655=CARTESIAN_POINT('Ctrl Pts',(-3.76602967882632,4.52912695193653,9.2));
#13656=CARTESIAN_POINT('Ctrl Pts',(-3.76602967882632,4.52912695193653,10.));
#13657=CARTESIAN_POINT('',(-3.76602967882632,4.52912695193653,9.2));
#13658=CARTESIAN_POINT('Ctrl Pts',(-4.24181451702594,4.79618019843464,9.2));
#13659=CARTESIAN_POINT('Ctrl Pts',(-4.14380081571658,4.76868503644159,9.2));
#13660=CARTESIAN_POINT('Ctrl Pts',(-3.96299603752159,4.71796501873818,9.2));
#13661=CARTESIAN_POINT('Ctrl Pts',(-3.82789353833821,4.588437850064,9.2));
#13662=CARTESIAN_POINT('Ctrl Pts',(-3.76602967882632,4.52912695193653,9.2));
#13663=CARTESIAN_POINT('',(-3.76602967882632,4.52912695193653,10.));
#13664=CARTESIAN_POINT('',(-3.76602967882632,4.52912695193653,10.));
#13665=CARTESIAN_POINT('Ctrl Pts',(-4.24181451702594,4.79618019843464,10.));
#13666=CARTESIAN_POINT('Ctrl Pts',(-4.14380081571658,4.76868503644159,10.));
#13667=CARTESIAN_POINT('Ctrl Pts',(-3.96299603752159,4.71796501873818,10.));
#13668=CARTESIAN_POINT('Ctrl Pts',(-3.82789353833821,4.588437850064,10.));
#13669=CARTESIAN_POINT('Ctrl Pts',(-3.76602967882632,4.52912695193653,10.));
#13670=CARTESIAN_POINT('Ctrl Pts',(-3.76602967882632,4.52912695193653,9.2));
#13671=CARTESIAN_POINT('Ctrl Pts',(-3.76602967882632,4.52912695193653,10.));
#13672=CARTESIAN_POINT('Ctrl Pts',(-3.72158778052825,4.46001232148978,9.2));
#13673=CARTESIAN_POINT('Ctrl Pts',(-3.72158778052825,4.46001232148978,10.));
#13674=CARTESIAN_POINT('Ctrl Pts',(-3.62854402849114,4.31531362985664,9.2));
#13675=CARTESIAN_POINT('Ctrl Pts',(-3.62854402849114,4.31531362985664,10.));
#13676=CARTESIAN_POINT('Ctrl Pts',(-3.61871063246895,4.14323074084735,9.2));
#13677=CARTESIAN_POINT('Ctrl Pts',(-3.61871063246895,4.14323074084735,10.));
#13678=CARTESIAN_POINT('Ctrl Pts',(-3.61357411051273,4.05334241176014,9.2));
#13679=CARTESIAN_POINT('Ctrl Pts',(-3.61357411051273,4.05334241176014,10.));
#13680=CARTESIAN_POINT('',(-3.61357411051273,4.05334241176014,9.2));
#13681=CARTESIAN_POINT('Ctrl Pts',(-3.76602967882632,4.52912695193653,9.2));
#13682=CARTESIAN_POINT('Ctrl Pts',(-3.72158778052825,4.46001232148978,9.2));
#13683=CARTESIAN_POINT('Ctrl Pts',(-3.62854402849114,4.31531362985664,9.2));
#13684=CARTESIAN_POINT('Ctrl Pts',(-3.61871063246895,4.14323074084735,9.2));
#13685=CARTESIAN_POINT('Ctrl Pts',(-3.61357411051273,4.05334241176014,9.2));
#13686=CARTESIAN_POINT('',(-3.61357411051273,4.05334241176014,10.));
#13687=CARTESIAN_POINT('',(-3.61357411051273,4.05334241176014,10.));
#13688=CARTESIAN_POINT('Ctrl Pts',(-3.76602967882632,4.52912695193653,10.));
#13689=CARTESIAN_POINT('Ctrl Pts',(-3.72158778052825,4.46001232148978,10.));
#13690=CARTESIAN_POINT('Ctrl Pts',(-3.62854402849114,4.31531362985664,10.));
#13691=CARTESIAN_POINT('Ctrl Pts',(-3.61871063246895,4.14323074084735,10.));
#13692=CARTESIAN_POINT('Ctrl Pts',(-3.61357411051273,4.05334241176014,10.));
#13693=CARTESIAN_POINT('Ctrl Pts',(-3.61357411051273,4.05334241176014,9.2));
#13694=CARTESIAN_POINT('Ctrl Pts',(-3.61357411051273,4.05334241176014,10.));
#13695=CARTESIAN_POINT('Ctrl Pts',(-3.61770382281199,3.97821820480375,9.2));
#13696=CARTESIAN_POINT('Ctrl Pts',(-3.61770382281199,3.97821820480375,10.));
#13697=CARTESIAN_POINT('Ctrl Pts',(-3.62579433654369,3.8310424734403,9.2));
#13698=CARTESIAN_POINT('Ctrl Pts',(-3.62579433654369,3.8310424734403,10.));
#13699=CARTESIAN_POINT('Ctrl Pts',(-3.69040274281021,3.69864853124071,9.2));
#13700=CARTESIAN_POINT('Ctrl Pts',(-3.69040274281021,3.69864853124071,10.));
#13701=CARTESIAN_POINT('Ctrl Pts',(-3.72203251028537,3.63383359694843,9.2));
#13702=CARTESIAN_POINT('Ctrl Pts',(-3.72203251028537,3.63383359694843,10.));
#13703=CARTESIAN_POINT('',(-3.72203251028537,3.63383359694843,9.2));
#13704=CARTESIAN_POINT('Ctrl Pts',(-3.61357411051273,4.05334241176014,9.2));
#13705=CARTESIAN_POINT('Ctrl Pts',(-3.61770382281199,3.97821820480375,9.2));
#13706=CARTESIAN_POINT('Ctrl Pts',(-3.62579433654369,3.8310424734403,9.2));
#13707=CARTESIAN_POINT('Ctrl Pts',(-3.69040274281021,3.69864853124071,9.2));
#13708=CARTESIAN_POINT('Ctrl Pts',(-3.72203251028537,3.63383359694843,9.2));
#13709=CARTESIAN_POINT('',(-3.72203251028537,3.63383359694843,10.));
#13710=CARTESIAN_POINT('',(-3.72203251028537,3.63383359694843,10.));
#13711=CARTESIAN_POINT('Ctrl Pts',(-3.61357411051273,4.05334241176014,10.));
#13712=CARTESIAN_POINT('Ctrl Pts',(-3.61770382281199,3.97821820480375,10.));
#13713=CARTESIAN_POINT('Ctrl Pts',(-3.62579433654369,3.8310424734403,10.));
#13714=CARTESIAN_POINT('Ctrl Pts',(-3.69040274281021,3.69864853124071,10.));
#13715=CARTESIAN_POINT('Ctrl Pts',(-3.72203251028537,3.63383359694843,10.));
#13716=CARTESIAN_POINT('Ctrl Pts',(-3.72203251028537,3.63383359694843,9.2));
#13717=CARTESIAN_POINT('Ctrl Pts',(-3.72203251028537,3.63383359694843,10.));
#13718=CARTESIAN_POINT('Ctrl Pts',(-3.76157800954656,3.57496131097258,9.2));
#13719=CARTESIAN_POINT('Ctrl Pts',(-3.76157800954656,3.57496131097258,10.));
#13720=CARTESIAN_POINT('Ctrl Pts',(-3.84083968205773,3.45696265276417,9.2));
#13721=CARTESIAN_POINT('Ctrl Pts',(-3.84083968205773,3.45696265276417,10.));
#13722=CARTESIAN_POINT('Ctrl Pts',(-3.95936731031833,3.37848001218398,9.2));
#13723=CARTESIAN_POINT('Ctrl Pts',(-3.95936731031833,3.37848001218398,10.));
#13724=CARTESIAN_POINT('Ctrl Pts',(-4.01875873709201,3.33915419364338,9.2));
#13725=CARTESIAN_POINT('Ctrl Pts',(-4.01875873709201,3.33915419364338,10.));
#13726=CARTESIAN_POINT('',(-4.01875873709201,3.33915419364338,9.2));
#13727=CARTESIAN_POINT('Ctrl Pts',(-3.72203251028537,3.63383359694843,9.2));
#13728=CARTESIAN_POINT('Ctrl Pts',(-3.76157800954656,3.57496131097258,9.2));
#13729=CARTESIAN_POINT('Ctrl Pts',(-3.84083968205773,3.45696265276417,9.2));
#13730=CARTESIAN_POINT('Ctrl Pts',(-3.95936731031833,3.37848001218398,9.2));
#13731=CARTESIAN_POINT('Ctrl Pts',(-4.01875873709201,3.33915419364338,9.2));
#13732=CARTESIAN_POINT('',(-4.01875873709201,3.33915419364338,10.));
#13733=CARTESIAN_POINT('',(-4.01875873709201,3.33915419364338,10.));
#13734=CARTESIAN_POINT('Ctrl Pts',(-3.72203251028537,3.63383359694843,10.));
#13735=CARTESIAN_POINT('Ctrl Pts',(-3.76157800954656,3.57496131097258,10.));
#13736=CARTESIAN_POINT('Ctrl Pts',(-3.84083968205773,3.45696265276417,10.));
#13737=CARTESIAN_POINT('Ctrl Pts',(-3.95936731031833,3.37848001218398,10.));
#13738=CARTESIAN_POINT('Ctrl Pts',(-4.01875873709201,3.33915419364338,10.));
#13739=CARTESIAN_POINT('Ctrl Pts',(-4.01875873709201,3.33915419364338,9.2));
#13740=CARTESIAN_POINT('Ctrl Pts',(-4.01875873709201,3.33915419364338,10.));
#13741=CARTESIAN_POINT('Ctrl Pts',(-4.06693631701186,3.31768787322491,9.2));
#13742=CARTESIAN_POINT('Ctrl Pts',(-4.06693631701186,3.31768787322491,10.));
#13743=CARTESIAN_POINT('Ctrl Pts',(-4.17919216462355,3.26767041702044,9.2));
#13744=CARTESIAN_POINT('Ctrl Pts',(-4.17919216462355,3.26767041702044,10.));
#13745=CARTESIAN_POINT('Ctrl Pts',(-4.30113108753997,3.2506456583116,9.2));
#13746=CARTESIAN_POINT('Ctrl Pts',(-4.30113108753997,3.2506456583116,10.));
#13747=CARTESIAN_POINT('Ctrl Pts',(-4.37073668146609,3.24092752719288,9.2));
#13748=CARTESIAN_POINT('Ctrl Pts',(-4.37073668146609,3.24092752719288,10.));
#13749=CARTESIAN_POINT('',(-4.37073668146609,3.24092752719288,9.2));
#13750=CARTESIAN_POINT('Ctrl Pts',(-4.01875873709201,3.33915419364338,9.2));
#13751=CARTESIAN_POINT('Ctrl Pts',(-4.06693631701186,3.31768787322491,9.2));
#13752=CARTESIAN_POINT('Ctrl Pts',(-4.17919216462355,3.26767041702044,9.2));
#13753=CARTESIAN_POINT('Ctrl Pts',(-4.30113108753997,3.2506456583116,9.2));
#13754=CARTESIAN_POINT('Ctrl Pts',(-4.37073668146609,3.24092752719288,9.2));
#13755=CARTESIAN_POINT('',(-4.37073668146609,3.24092752719288,10.));
#13756=CARTESIAN_POINT('',(-4.37073668146609,3.24092752719288,10.));
#13757=CARTESIAN_POINT('Ctrl Pts',(-4.01875873709201,3.33915419364338,10.));
#13758=CARTESIAN_POINT('Ctrl Pts',(-4.06693631701186,3.31768787322491,10.));
#13759=CARTESIAN_POINT('Ctrl Pts',(-4.17919216462355,3.26767041702044,10.));
#13760=CARTESIAN_POINT('Ctrl Pts',(-4.30113108753997,3.2506456583116,10.));
#13761=CARTESIAN_POINT('Ctrl Pts',(-4.37073668146609,3.24092752719288,10.));
#13762=CARTESIAN_POINT('Ctrl Pts',(-4.37073668146609,3.24092752719288,9.2));
#13763=CARTESIAN_POINT('Ctrl Pts',(-4.37073668146609,3.24092752719288,10.));
#13764=CARTESIAN_POINT('Ctrl Pts',(-4.45740842537354,3.22929040652419,9.2));
#13765=CARTESIAN_POINT('Ctrl Pts',(-4.45740842537354,3.22929040652419,10.));
#13766=CARTESIAN_POINT('Ctrl Pts',(-4.59543121068936,3.21075855594248,9.2));
#13767=CARTESIAN_POINT('Ctrl Pts',(-4.59543121068936,3.21075855594248,10.));
#13768=CARTESIAN_POINT('Ctrl Pts',(-4.73443625490317,3.20291731315562,9.2));
#13769=CARTESIAN_POINT('Ctrl Pts',(-4.73443625490317,3.20291731315562,10.));
#13770=CARTESIAN_POINT('Ctrl Pts',(-4.7861527433443,3.19999999785786,9.2));
#13771=CARTESIAN_POINT('Ctrl Pts',(-4.7861527433443,3.19999999785786,10.));
#13772=CARTESIAN_POINT('',(-4.7861527433443,3.19999999785786,9.2));
#13773=CARTESIAN_POINT('Ctrl Pts',(-4.37073668146609,3.24092752719288,9.2));
#13774=CARTESIAN_POINT('Ctrl Pts',(-4.45740842537354,3.22929040652419,9.2));
#13775=CARTESIAN_POINT('Ctrl Pts',(-4.59543121068936,3.21075855594248,9.2));
#13776=CARTESIAN_POINT('Ctrl Pts',(-4.73443625490317,3.20291731315562,9.2));
#13777=CARTESIAN_POINT('Ctrl Pts',(-4.7861527433443,3.19999999785786,9.2));
#13778=CARTESIAN_POINT('',(-4.7861527433443,3.19999999785786,10.));
#13779=CARTESIAN_POINT('',(-4.7861527433443,3.19999999785786,10.));
#13780=CARTESIAN_POINT('Ctrl Pts',(-4.37073668146609,3.24092752719288,10.));
#13781=CARTESIAN_POINT('Ctrl Pts',(-4.45740842537354,3.22929040652419,10.));
#13782=CARTESIAN_POINT('Ctrl Pts',(-4.59543121068936,3.21075855594248,10.));
#13783=CARTESIAN_POINT('Ctrl Pts',(-4.73443625490317,3.20291731315562,10.));
#13784=CARTESIAN_POINT('Ctrl Pts',(-4.7861527433443,3.19999999785786,10.));
#13785=CARTESIAN_POINT('Origin',(-5.58628918284654,3.19999999785786,10.));
#13786=CARTESIAN_POINT('',(-4.7861527433443,3.19999999785786,9.2));
#13787=CARTESIAN_POINT('',(-15.4931445921092,3.19999999785786,10.));
#13788=CARTESIAN_POINT('Origin',(-25.4000000013718,0.,9.2));
#13789=CARTESIAN_POINT('Origin',(-20.2000000001447,3.19999999978056,0.));
#13790=CARTESIAN_POINT('',(-21.5500000001177,0.200000001494281,-1.65327317859361E-16));
#13791=CARTESIAN_POINT('',(-21.5499999999362,3.19999999986223,-1.65327317859361E-16));
#13792=CARTESIAN_POINT('',(-18.8500000005346,0.200000001330934,-1.65327317859361E-16));
#13793=CARTESIAN_POINT('Origin',(-20.2000000003262,0.200000001412607,0.));
#13794=CARTESIAN_POINT('Origin',(-20.2000000003262,0.200000001412607,0.));
#13795=CARTESIAN_POINT('Origin',(-20.2000000003262,0.100000000706304,0.));
#13796=CARTESIAN_POINT('',(-18.650000000106,0.,1.89820253894806E-16));
#13797=CARTESIAN_POINT('',(-18.7500000003203,0.100000000665467,-1.77573785877084E-16));
#13798=CARTESIAN_POINT('Origin',(-20.2000000003262,0.,0.));
#13799=CARTESIAN_POINT('Origin',(4.44089209850063E-15,0.,-2.22044604925031E-15));
#13800=CARTESIAN_POINT('',(-17.6000000000023,0.,-9.8));
#13801=CARTESIAN_POINT('',(-22.4000000013718,0.,-9.8));
#13802=CARTESIAN_POINT('',(12.7000000006859,0.,-9.8));
#13803=CARTESIAN_POINT('',(-17.5948646098872,0.,-9.79996703335196));
#13804=CARTESIAN_POINT('Ctrl Pts',(-17.5948646098872,0.,-9.79996703335196));
#13805=CARTESIAN_POINT('Ctrl Pts',(-17.5965763125362,0.,-9.79998901081542));
#13806=CARTESIAN_POINT('Ctrl Pts',(-17.5982881562689,0.,-9.8));
#13807=CARTESIAN_POINT('Ctrl Pts',(-17.6000000000023,0.,-9.8));
#13808=CARTESIAN_POINT('',(-17.2000000000023,0.,-9.4));
#13809=CARTESIAN_POINT('Ctrl Pts',(-17.2000000000023,0.,-9.4));
#13810=CARTESIAN_POINT('Ctrl Pts',(-17.2000000000023,0.,-9.50386383325294));
#13811=CARTESIAN_POINT('Ctrl Pts',(-17.2850968164956,0.,-9.71088592893469));
#13812=CARTESIAN_POINT('Ctrl Pts',(-17.4910093367403,0.,-9.79863358009544));
#13813=CARTESIAN_POINT('Ctrl Pts',(-17.5948646098872,0.,-9.79996703335196));
#13814=CARTESIAN_POINT('',(-17.2000000000023,0.,9.4));
#13815=CARTESIAN_POINT('',(-17.2000000000023,0.,0.));
#13816=CARTESIAN_POINT('',(-17.5948646098872,0.,9.79996703335196));
#13817=CARTESIAN_POINT('Ctrl Pts',(-17.5948646098872,0.,9.79996703335196));
#13818=CARTESIAN_POINT('Ctrl Pts',(-17.4910093367403,0.,9.79863358009544));
#13819=CARTESIAN_POINT('Ctrl Pts',(-17.2850968164956,0.,9.71088592893469));
#13820=CARTESIAN_POINT('Ctrl Pts',(-17.2000000000023,0.,9.50386383325294));
#13821=CARTESIAN_POINT('Ctrl Pts',(-17.2000000000023,0.,9.4));
#13822=CARTESIAN_POINT('',(-17.6000000000023,0.,9.8));
#13823=CARTESIAN_POINT('Ctrl Pts',(-17.6000000000023,0.,9.8));
#13824=CARTESIAN_POINT('Ctrl Pts',(-17.5982881562689,0.,9.8));
#13825=CARTESIAN_POINT('Ctrl Pts',(-17.5965763125362,0.,9.79998901081542));
#13826=CARTESIAN_POINT('Ctrl Pts',(-17.5948646098872,0.,9.79996703335196));
#13827=CARTESIAN_POINT('',(-22.4000000013718,0.,9.8));
#13828=CARTESIAN_POINT('',(-12.7000000006859,0.,9.8));
#13829=CARTESIAN_POINT('',(-25.2000000013718,0.,7.));
#13830=CARTESIAN_POINT('Origin',(-22.4000000013718,0.,7.));
#13831=CARTESIAN_POINT('',(-25.2000000013718,0.,-7.));
#13832=CARTESIAN_POINT('',(-25.2000000013718,0.,-5.));
#13833=CARTESIAN_POINT('Origin',(-22.4000000013718,0.,-7.));
#13834=CARTESIAN_POINT('Origin',(25.4000000013718,0.,-10.));
#13835=CARTESIAN_POINT('',(17.5922962799168,0.199999993879804,-10.));
#13836=CARTESIAN_POINT('',(17.6000000000041,0.2,-10.));
#13837=CARTESIAN_POINT('Ctrl Pts',(17.5922962799168,0.199999993885739,-10.));
#13838=CARTESIAN_POINT('Ctrl Pts',(17.5948644688224,0.200000002038642,-10.));
#13839=CARTESIAN_POINT('Ctrl Pts',(17.5974322344039,0.199999999999996,-10.));
#13840=CARTESIAN_POINT('Ctrl Pts',(17.6000000000041,0.199999999999996,-10.));
#13841=CARTESIAN_POINT('Origin',(15.0000000000041,-3.86337485418932E-15,
-10.));
#13842=CARTESIAN_POINT('',(12.4000000000041,0.2,-10.));
#13843=CARTESIAN_POINT('Ctrl Pts',(12.4000000000041,0.199999999999996,-10.));
#13844=CARTESIAN_POINT('Ctrl Pts',(12.4025677656042,0.199999999999996,-10.));
#13845=CARTESIAN_POINT('Ctrl Pts',(12.4051355311858,0.200000002038642,-10.));
#13846=CARTESIAN_POINT('Ctrl Pts',(12.4077037200914,0.199999993885739,-10.));
#13847=CARTESIAN_POINT('',(7.60000000000408,0.2,-10.));
#13848=CARTESIAN_POINT('',(12.7000000006859,0.2,-10.));
#13849=CARTESIAN_POINT('',(7.5922962799168,0.199999993879806,-10.));
#13850=CARTESIAN_POINT('Ctrl Pts',(7.5922962799168,0.199999993885742,-10.));
#13851=CARTESIAN_POINT('Ctrl Pts',(7.5948644688224,0.200000002038645,-10.));
#13852=CARTESIAN_POINT('Ctrl Pts',(7.59743223440394,0.199999999999999,-10.));
#13853=CARTESIAN_POINT('Ctrl Pts',(7.60000000000408,0.199999999999999,-10.));
#13854=CARTESIAN_POINT('Origin',(5.00000000000408,-1.28779161806584E-15,
-10.));
#13855=CARTESIAN_POINT('',(2.40000000000409,0.2,-10.));
#13856=CARTESIAN_POINT('Ctrl Pts',(2.40000000000409,0.199999999999999,-10.));
#13857=CARTESIAN_POINT('Ctrl Pts',(2.40256776560423,0.199999999999999,-10.));
#13858=CARTESIAN_POINT('Ctrl Pts',(2.40513553118577,0.200000002038645,-10.));
#13859=CARTESIAN_POINT('Ctrl Pts',(2.40770372009137,0.199999993885742,-10.));
#13860=CARTESIAN_POINT('',(-2.39999999999592,0.2,-10.));
#13861=CARTESIAN_POINT('',(12.7000000006859,0.2,-10.));
#13862=CARTESIAN_POINT('',(-2.40770372008321,0.199999993879809,-10.));
#13863=CARTESIAN_POINT('Ctrl Pts',(-2.40770372008321,0.199999993885744,
-10.));
#13864=CARTESIAN_POINT('Ctrl Pts',(-2.40513553117761,0.200000002038647,
-10.));
#13865=CARTESIAN_POINT('Ctrl Pts',(-2.40256776559607,0.200000000000001,
-10.));
#13866=CARTESIAN_POINT('Ctrl Pts',(-2.39999999999592,0.200000000000001,
-10.));
#13867=CARTESIAN_POINT('Origin',(-4.99999999999592,1.28779161805764E-15,
-10.));
#13868=CARTESIAN_POINT('',(-7.59999999999592,0.2,-10.));
#13869=CARTESIAN_POINT('Ctrl Pts',(-7.59999999999592,0.200000000000001,
-10.));
#13870=CARTESIAN_POINT('Ctrl Pts',(-7.59743223439578,0.200000000000001,
-10.));
#13871=CARTESIAN_POINT('Ctrl Pts',(-7.59486446881424,0.200000002038647,
-10.));
#13872=CARTESIAN_POINT('Ctrl Pts',(-7.59229627990864,0.199999993885744,
-10.));
#13873=CARTESIAN_POINT('',(-12.4000000000023,0.2,-10.));
#13874=CARTESIAN_POINT('',(12.7000000006859,0.2,-10.));
#13875=CARTESIAN_POINT('',(-12.4077037200896,0.199999993879812,-10.));
#13876=CARTESIAN_POINT('Ctrl Pts',(-12.4077037200896,0.199999993885747,
-10.));
#13877=CARTESIAN_POINT('Ctrl Pts',(-12.405135531184,0.20000000203865,-10.));
#13878=CARTESIAN_POINT('Ctrl Pts',(-12.4025677656024,0.200000000000004,
-10.));
#13879=CARTESIAN_POINT('Ctrl Pts',(-12.4000000000023,0.200000000000004,
-10.));
#13880=CARTESIAN_POINT('Origin',(-15.0000000000023,3.86337485418112E-15,
-10.));
#13881=CARTESIAN_POINT('',(-17.592296279915,0.199999993879811,-10.));
#13882=CARTESIAN_POINT('Origin',(-15.0000000000023,3.86337485418112E-15,
-10.));
#13883=CARTESIAN_POINT('',(-17.6000000000023,0.2,-10.));
#13884=CARTESIAN_POINT('Ctrl Pts',(-17.6000000000023,0.200000000000004,
-10.));
#13885=CARTESIAN_POINT('Ctrl Pts',(-17.5974322344022,0.200000000000004,
-10.));
#13886=CARTESIAN_POINT('Ctrl Pts',(-17.5948644688206,0.20000000203865,-10.));
#13887=CARTESIAN_POINT('Ctrl Pts',(-17.592296279915,0.199999993885747,-10.));
#13888=CARTESIAN_POINT('',(12.7000000006859,0.2,-10.));
#13889=CARTESIAN_POINT('',(12.7000000006859,0.2,-10.));
#13890=CARTESIAN_POINT('Origin',(-15.0000000000023,3.86337485418112E-15,
-9.4));
#13891=CARTESIAN_POINT('',(-16.9900000000023,0.199749843554382,-9.4));
#13892=CARTESIAN_POINT('Ctrl Pts',(-17.592296279915,0.199999993885747,-10.));
#13893=CARTESIAN_POINT('Ctrl Pts',(-17.436474846542,0.199999499219233,-10.0000000000201));
#13894=CARTESIAN_POINT('Ctrl Pts',(-17.123410030565,0.19991388058652,-9.87317468854803));
#13895=CARTESIAN_POINT('Ctrl Pts',(-16.9900000000023,0.199749843554386,
-9.55839234571074));
#13896=CARTESIAN_POINT('Ctrl Pts',(-16.9900000000023,0.199749843554386,
-9.4));
#13897=CARTESIAN_POINT('Origin',(-15.0000000000023,3.86337485418112E-15,
-9.4));
#13898=CARTESIAN_POINT('Origin',(-15.0000000000023,3.86337485418112E-15,
0.));
#13899=CARTESIAN_POINT('',(-16.9900000000023,0.199749843554386,9.4));
#13900=CARTESIAN_POINT('',(-16.9900000000023,0.199749843554382,0.));
#13901=CARTESIAN_POINT('Origin',(-15.0000000000023,3.86337485418112E-15,
9.4));
#13902=CARTESIAN_POINT('Origin',(-15.0000000000023,3.86337485418112E-15,
9.4));
#13903=CARTESIAN_POINT('',(-17.592296279915,0.199999993879811,10.));
#13904=CARTESIAN_POINT('Ctrl Pts',(-16.9900000000023,0.199749843554386,
9.4));
#13905=CARTESIAN_POINT('Ctrl Pts',(-16.9900000000023,0.199749843554386,
9.55839234571074));
#13906=CARTESIAN_POINT('Ctrl Pts',(-17.123410030565,0.19991388058652,9.87317468854802));
#13907=CARTESIAN_POINT('Ctrl Pts',(-17.436474846542,0.199999499219233,10.0000000000201));
#13908=CARTESIAN_POINT('Ctrl Pts',(-17.592296279915,0.199999993885747,10.));
#13909=CARTESIAN_POINT('Origin',(-15.0000000000023,3.86337485418112E-15,
10.));
#13910=CARTESIAN_POINT('Ctrl Pts',(-17.6000000000023,0.200000000000004,
10.));
#13911=CARTESIAN_POINT('Ctrl Pts',(-17.5974322344022,0.200000000000004,
10.));
#13912=CARTESIAN_POINT('Ctrl Pts',(-17.5948644688206,0.20000000203865,10.));
#13913=CARTESIAN_POINT('Ctrl Pts',(-17.592296279915,0.199999993885747,10.));
#13914=CARTESIAN_POINT('Ctrl Pts',(-17.6000000000023,0.133333333333336,
9.93333333333333));
#13915=CARTESIAN_POINT('Ctrl Pts',(-17.5977175416911,0.133333333333336,
9.93333333333333));
#13916=CARTESIAN_POINT('Ctrl Pts',(-17.5954350833925,0.133333334692433,
9.93332967027181));
#13917=CARTESIAN_POINT('Ctrl Pts',(-17.5931523899057,0.133333329257164,
9.93332234445065));
#13918=CARTESIAN_POINT('Ctrl Pts',(-17.6000000000023,0.066666666666668,
9.86666666666667));
#13919=CARTESIAN_POINT('Ctrl Pts',(-17.59800284898,0.066666666666668,9.86666666666667));
#13920=CARTESIAN_POINT('Ctrl Pts',(-17.5960056979644,0.0666666673462166,
9.86665934054362));
#13921=CARTESIAN_POINT('Ctrl Pts',(-17.5940084998965,0.0666666646285822,
9.8666446889013));
#13922=CARTESIAN_POINT('Ctrl Pts',(-17.6000000000023,0.,9.8));
#13923=CARTESIAN_POINT('Ctrl Pts',(-17.5982881562689,0.,9.8));
#13924=CARTESIAN_POINT('Ctrl Pts',(-17.5965763125362,0.,9.79998901081542));
#13925=CARTESIAN_POINT('Ctrl Pts',(-17.5948646098872,0.,9.79996703335196));
#13926=CARTESIAN_POINT('',(-17.592296279915,0.199999993879811,10.));
#13927=CARTESIAN_POINT('',(-17.6000000000023,0.2,10.));
#13928=CARTESIAN_POINT('Ctrl Pts',(-17.592296279915,0.199999993885747,10.));
#13929=CARTESIAN_POINT('Ctrl Pts',(-17.5948644688206,0.20000000203865,10.));
#13930=CARTESIAN_POINT('Ctrl Pts',(-17.5974322344022,0.200000000000004,
10.));
#13931=CARTESIAN_POINT('Ctrl Pts',(-17.6000000000023,0.200000000000004,
10.));
#13932=CARTESIAN_POINT('',(-17.6000000000023,0.,9.8));
#13933=CARTESIAN_POINT('Ctrl Pts',(-17.592296279915,0.199999993885747,-10.));
#13934=CARTESIAN_POINT('Ctrl Pts',(-17.5948644688206,0.20000000203865,-10.));
#13935=CARTESIAN_POINT('Ctrl Pts',(-17.5974322344022,0.200000000000004,
-10.));
#13936=CARTESIAN_POINT('Ctrl Pts',(-17.6000000000023,0.200000000000004,
-10.));
#13937=CARTESIAN_POINT('Ctrl Pts',(-17.5931523899057,0.133333329257164,
-9.93332234445065));
#13938=CARTESIAN_POINT('Ctrl Pts',(-17.5954350833925,0.133333334692433,
-9.93332967027181));
#13939=CARTESIAN_POINT('Ctrl Pts',(-17.5977175416911,0.133333333333336,
-9.93333333333333));
#13940=CARTESIAN_POINT('Ctrl Pts',(-17.6000000000023,0.133333333333336,
-9.93333333333333));
#13941=CARTESIAN_POINT('Ctrl Pts',(-17.5940084998965,0.0666666646285822,
-9.8666446889013));
#13942=CARTESIAN_POINT('Ctrl Pts',(-17.5960056979644,0.0666666673462166,
-9.86665934054362));
#13943=CARTESIAN_POINT('Ctrl Pts',(-17.59800284898,0.066666666666668,-9.86666666666667));
#13944=CARTESIAN_POINT('Ctrl Pts',(-17.6000000000023,0.066666666666668,
-9.86666666666667));
#13945=CARTESIAN_POINT('Ctrl Pts',(-17.5948646098872,0.,-9.79996703335196));
#13946=CARTESIAN_POINT('Ctrl Pts',(-17.5965763125362,0.,-9.79998901081542));
#13947=CARTESIAN_POINT('Ctrl Pts',(-17.5982881562689,0.,-9.8));
#13948=CARTESIAN_POINT('Ctrl Pts',(-17.6000000000023,0.,-9.8));
#13949=CARTESIAN_POINT('',(-17.6000000000023,0.2,-10.));
#13950=CARTESIAN_POINT('',(-17.5948646098872,0.,-9.79996703335196));
#13951=CARTESIAN_POINT('Origin',(-12.7000000006859,0.1,9.9));
#13952=CARTESIAN_POINT('',(-12.7000000006859,0.2,10.));
#13953=CARTESIAN_POINT('',(-22.4000000013718,0.,9.8));
#13954=CARTESIAN_POINT('Origin',(-22.4000000013718,0.1,7.));
#13955=CARTESIAN_POINT('',(-25.2000000013718,0.,7.));
#13956=CARTESIAN_POINT('Origin',(-25.3000000013718,0.1,-5.));
#13957=CARTESIAN_POINT('',(-25.2000000013718,0.,-7.));
#13958=CARTESIAN_POINT('Origin',(-22.4000000013718,0.1,-7.));
#13959=CARTESIAN_POINT('',(-22.4000000013718,0.,-9.8));
#13960=CARTESIAN_POINT('Origin',(12.7000000006859,0.1,-9.9));
#13961=CARTESIAN_POINT('Ctrl Pts',(-16.9900000000023,0.199749843554386,
-9.4));
#13962=CARTESIAN_POINT('Ctrl Pts',(-16.9900000000023,0.199749843554386,
-9.55839234571074));
#13963=CARTESIAN_POINT('Ctrl Pts',(-17.123410030565,0.19991388058652,-9.87317468854803));
#13964=CARTESIAN_POINT('Ctrl Pts',(-17.436474846542,0.199999499219233,-10.0000000000201));
#13965=CARTESIAN_POINT('Ctrl Pts',(-17.592296279915,0.199999993885747,-10.));
#13966=CARTESIAN_POINT('Ctrl Pts',(-17.0600000000023,0.133166562369591,
-9.4));
#13967=CARTESIAN_POINT('Ctrl Pts',(-17.0600000000023,0.133166562369591,
-9.54021617489147));
#13968=CARTESIAN_POINT('Ctrl Pts',(-17.1773056258752,0.133275920391013,
-9.81907843534358));
#13969=CARTESIAN_POINT('Ctrl Pts',(-17.4546530099414,0.133332999479489,
-9.93287786004521));
#13970=CARTESIAN_POINT('Ctrl Pts',(-17.5931523899057,0.133333329257164,
-9.93332234445065));
#13971=CARTESIAN_POINT('Ctrl Pts',(-17.1300000000023,0.0665832811847953,
-9.4));
#13972=CARTESIAN_POINT('Ctrl Pts',(-17.1300000000023,0.0665832811847953,
-9.52204000407221));
#13973=CARTESIAN_POINT('Ctrl Pts',(-17.2312012211854,0.0666379601955066,
-9.76498218213914));
#13974=CARTESIAN_POINT('Ctrl Pts',(-17.4728311733409,0.0666664997397444,
-9.86575572007033));
#13975=CARTESIAN_POINT('Ctrl Pts',(-17.5940084998965,0.0666666646285822,
-9.8666446889013));
#13976=CARTESIAN_POINT('Ctrl Pts',(-17.2000000000023,0.,-9.4));
#13977=CARTESIAN_POINT('Ctrl Pts',(-17.2000000000023,0.,-9.50386383325294));
#13978=CARTESIAN_POINT('Ctrl Pts',(-17.2850968164956,0.,-9.71088592893469));
#13979=CARTESIAN_POINT('Ctrl Pts',(-17.4910093367403,0.,-9.79863358009544));
#13980=CARTESIAN_POINT('Ctrl Pts',(-17.5948646098872,0.,-9.79996703335196));
#13981=CARTESIAN_POINT('',(-17.2000000000023,0.,-9.4));
#13982=CARTESIAN_POINT('Origin',(-17.0950000000023,0.0998749217771909,0.));
#13983=CARTESIAN_POINT('',(-17.2000000000023,0.,9.4));
#13984=CARTESIAN_POINT('Ctrl Pts',(-17.592296279915,0.199999993885747,10.));
#13985=CARTESIAN_POINT('Ctrl Pts',(-17.436474846542,0.199999499219233,10.0000000000201));
#13986=CARTESIAN_POINT('Ctrl Pts',(-17.123410030565,0.19991388058652,9.87317468854802));
#13987=CARTESIAN_POINT('Ctrl Pts',(-16.9900000000023,0.199749843554386,
9.55839234571074));
#13988=CARTESIAN_POINT('Ctrl Pts',(-16.9900000000023,0.199749843554386,
9.4));
#13989=CARTESIAN_POINT('Ctrl Pts',(-17.5931523899057,0.133333329257164,
9.93332234445065));
#13990=CARTESIAN_POINT('Ctrl Pts',(-17.4546530099414,0.133332999479489,
9.93287786004521));
#13991=CARTESIAN_POINT('Ctrl Pts',(-17.1773056258752,0.133275920391013,
9.81907843534358));
#13992=CARTESIAN_POINT('Ctrl Pts',(-17.0600000000023,0.13316656236959,9.54021617489147));
#13993=CARTESIAN_POINT('Ctrl Pts',(-17.0600000000023,0.13316656236959,9.4));
#13994=CARTESIAN_POINT('Ctrl Pts',(-17.5940084998965,0.0666666646285822,
9.8666446889013));
#13995=CARTESIAN_POINT('Ctrl Pts',(-17.4728311733409,0.0666664997397444,
9.86575572007033));
#13996=CARTESIAN_POINT('Ctrl Pts',(-17.2312012211854,0.0666379601955067,
9.76498218213914));
#13997=CARTESIAN_POINT('Ctrl Pts',(-17.1300000000023,0.0665832811847952,
9.52204000407221));
#13998=CARTESIAN_POINT('Ctrl Pts',(-17.1300000000023,0.0665832811847952,
9.4));
#13999=CARTESIAN_POINT('Ctrl Pts',(-17.5948646098872,0.,9.79996703335196));
#14000=CARTESIAN_POINT('Ctrl Pts',(-17.4910093367403,0.,9.79863358009544));
#14001=CARTESIAN_POINT('Ctrl Pts',(-17.2850968164956,0.,9.71088592893469));
#14002=CARTESIAN_POINT('Ctrl Pts',(-17.2000000000023,0.,9.50386383325294));
#14003=CARTESIAN_POINT('Ctrl Pts',(-17.2000000000023,0.,9.4));
#14004=CARTESIAN_POINT('Origin',(4.44089209850063E-15,0.,-2.22044604925031E-15));
#14005=CARTESIAN_POINT('',(-12.4000000000023,0.,9.8));
#14006=CARTESIAN_POINT('',(-7.59999999999593,0.,9.8));
#14007=CARTESIAN_POINT('',(-12.7000000006859,0.,9.8));
#14008=CARTESIAN_POINT('',(-12.4051353901174,0.,9.79996703335196));
#14009=CARTESIAN_POINT('Ctrl Pts',(-12.4051353901174,0.,9.79996703335196));
#14010=CARTESIAN_POINT('Ctrl Pts',(-12.4034236874684,0.,9.79998901081542));
#14011=CARTESIAN_POINT('Ctrl Pts',(-12.4017118437357,0.,9.8));
#14012=CARTESIAN_POINT('Ctrl Pts',(-12.4000000000023,0.,9.8));
#14013=CARTESIAN_POINT('',(-12.8000000000023,0.,9.4));
#14014=CARTESIAN_POINT('Ctrl Pts',(-12.8000000000023,0.,9.4));
#14015=CARTESIAN_POINT('Ctrl Pts',(-12.8000000000023,0.,9.50386383325294));
#14016=CARTESIAN_POINT('Ctrl Pts',(-12.7149233405215,0.,9.71090582880193));
#14017=CARTESIAN_POINT('Ctrl Pts',(-12.5089906632643,0.,9.79863358009544));
#14018=CARTESIAN_POINT('Ctrl Pts',(-12.4051353901174,0.,9.79996703335196));
#14019=CARTESIAN_POINT('',(-12.8000000000023,0.,-9.4));
#14020=CARTESIAN_POINT('',(-12.8000000000023,0.,0.));
#14021=CARTESIAN_POINT('',(-12.4051353901174,0.,-9.79996703335196));
#14022=CARTESIAN_POINT('Ctrl Pts',(-12.4051353901174,0.,-9.79996703335196));
#14023=CARTESIAN_POINT('Ctrl Pts',(-12.5089906632643,0.,-9.79863358009544));
#14024=CARTESIAN_POINT('Ctrl Pts',(-12.7149233405215,0.,-9.71090582880193));
#14025=CARTESIAN_POINT('Ctrl Pts',(-12.8000000000023,0.,-9.50386383325294));
#14026=CARTESIAN_POINT('Ctrl Pts',(-12.8000000000023,0.,-9.4));
#14027=CARTESIAN_POINT('',(-12.4000000000023,0.,-9.8));
#14028=CARTESIAN_POINT('Ctrl Pts',(-12.4000000000023,0.,-9.8));
#14029=CARTESIAN_POINT('Ctrl Pts',(-12.4017118437357,0.,-9.8));
#14030=CARTESIAN_POINT('Ctrl Pts',(-12.4034236874684,0.,-9.79998901081542));
#14031=CARTESIAN_POINT('Ctrl Pts',(-12.4051353901174,0.,-9.79996703335196));
#14032=CARTESIAN_POINT('',(-7.59999999999592,0.,-9.8));
#14033=CARTESIAN_POINT('',(12.7000000006859,0.,-9.8));
#14034=CARTESIAN_POINT('',(-7.59486460988078,0.,-9.79996703335196));
#14035=CARTESIAN_POINT('Ctrl Pts',(-7.59486460988078,0.,-9.79996703335196));
#14036=CARTESIAN_POINT('Ctrl Pts',(-7.59657631252984,0.,-9.79998901081542));
#14037=CARTESIAN_POINT('Ctrl Pts',(-7.59828815626249,0.,-9.8));
#14038=CARTESIAN_POINT('Ctrl Pts',(-7.59999999999592,0.,-9.8));
#14039=CARTESIAN_POINT('',(-7.19999999999593,0.,-9.4));
#14040=CARTESIAN_POINT('Ctrl Pts',(-7.19999999999593,0.,-9.4));
#14041=CARTESIAN_POINT('Ctrl Pts',(-7.19999999999593,0.,-9.50386383325294));
#14042=CARTESIAN_POINT('Ctrl Pts',(-7.28505242066116,0.,-9.71092975840028));
#14043=CARTESIAN_POINT('Ctrl Pts',(-7.49100933673393,0.,-9.79863358009544));
#14044=CARTESIAN_POINT('Ctrl Pts',(-7.59486460988078,0.,-9.79996703335196));
#14045=CARTESIAN_POINT('',(-7.19999999999593,0.,9.4));
#14046=CARTESIAN_POINT('',(-7.19999999999593,0.,0.));
#14047=CARTESIAN_POINT('',(-7.59486460988078,0.,9.79996703335196));
#14048=CARTESIAN_POINT('Ctrl Pts',(-7.59486460988078,0.,9.79996703335196));
#14049=CARTESIAN_POINT('Ctrl Pts',(-7.49100933673393,0.,9.79863358009544));
#14050=CARTESIAN_POINT('Ctrl Pts',(-7.28505242066116,0.,9.71092975840029));
#14051=CARTESIAN_POINT('Ctrl Pts',(-7.19999999999593,0.,9.50386383325294));
#14052=CARTESIAN_POINT('Ctrl Pts',(-7.19999999999593,0.,9.4));
#14053=CARTESIAN_POINT('Ctrl Pts',(-7.59999999999593,0.,9.8));
#14054=CARTESIAN_POINT('Ctrl Pts',(-7.59828815626249,0.,9.8));
#14055=CARTESIAN_POINT('Ctrl Pts',(-7.59657631252984,0.,9.79998901081542));
#14056=CARTESIAN_POINT('Ctrl Pts',(-7.59486460988078,0.,9.79996703335196));
#14057=CARTESIAN_POINT('Origin',(-15.0000000000023,3.86337485418112E-15,
9.4));
#14058=CARTESIAN_POINT('',(-12.4077037200896,0.199999993879811,10.));
#14059=CARTESIAN_POINT('',(-13.0100000000023,0.199749843554382,9.4));
#14060=CARTESIAN_POINT('Ctrl Pts',(-12.4077037200896,0.199999993885747,
10.));
#14061=CARTESIAN_POINT('Ctrl Pts',(-12.5635251534626,0.199999499219233,
10.0000000000201));
#14062=CARTESIAN_POINT('Ctrl Pts',(-12.8766199473743,0.199913886456288,
9.87320845898531));
#14063=CARTESIAN_POINT('Ctrl Pts',(-13.0100000000023,0.199749843554386,
9.55839234571074));
#14064=CARTESIAN_POINT('Ctrl Pts',(-13.0100000000023,0.199749843554386,
9.4));
#14065=CARTESIAN_POINT('Origin',(-15.0000000000023,3.86337485418112E-15,
10.));
#14066=CARTESIAN_POINT('Origin',(-15.0000000000023,3.86337485418112E-15,
9.4));
#14067=CARTESIAN_POINT('Origin',(-15.0000000000023,3.86337485418112E-15,
0.));
#14068=CARTESIAN_POINT('',(-13.0100000000023,0.199749843554386,-9.4));
#14069=CARTESIAN_POINT('',(-13.0100000000023,0.199749843554382,0.));
#14070=CARTESIAN_POINT('Origin',(-15.0000000000023,3.86337485418112E-15,
-9.4));
#14071=CARTESIAN_POINT('Origin',(-15.0000000000023,3.86337485418112E-15,
-9.4));
#14072=CARTESIAN_POINT('Ctrl Pts',(-13.0100000000023,0.199749843554386,
-9.4));
#14073=CARTESIAN_POINT('Ctrl Pts',(-13.0100000000023,0.199749843554386,
-9.55839234571074));
#14074=CARTESIAN_POINT('Ctrl Pts',(-12.8766199473743,0.199913886456288,
-9.87320845898531));
#14075=CARTESIAN_POINT('Ctrl Pts',(-12.5635251534626,0.199999499219233,
-10.0000000000201));
#14076=CARTESIAN_POINT('Ctrl Pts',(-12.4077037200896,0.199999993885747,
-10.));
#14077=CARTESIAN_POINT('Ctrl Pts',(-7.59999999999593,0.200000000000001,
10.));
#14078=CARTESIAN_POINT('Ctrl Pts',(-7.59743223439578,0.200000000000001,
10.));
#14079=CARTESIAN_POINT('Ctrl Pts',(-7.59486446881424,0.200000002038647,
10.));
#14080=CARTESIAN_POINT('Ctrl Pts',(-7.59229627990864,0.199999993885744,
10.));
#14081=CARTESIAN_POINT('Ctrl Pts',(-7.59999999999593,0.133333333333334,
9.93333333333333));
#14082=CARTESIAN_POINT('Ctrl Pts',(-7.59771754168468,0.133333333333334,
9.93333333333333));
#14083=CARTESIAN_POINT('Ctrl Pts',(-7.59543508338611,0.133333334692431,
9.93332967027181));
#14084=CARTESIAN_POINT('Ctrl Pts',(-7.59315238989936,0.133333329257163,
9.93332234445065));
#14085=CARTESIAN_POINT('Ctrl Pts',(-7.59999999999593,0.0666666666666671,
9.86666666666667));
#14086=CARTESIAN_POINT('Ctrl Pts',(-7.59800284897359,0.0666666666666671,
9.86666666666667));
#14087=CARTESIAN_POINT('Ctrl Pts',(-7.59600569795797,0.0666666673462157,
9.86665934054362));
#14088=CARTESIAN_POINT('Ctrl Pts',(-7.59400849989007,0.0666666646285814,
9.8666446889013));
#14089=CARTESIAN_POINT('Ctrl Pts',(-7.59999999999593,0.,9.8));
#14090=CARTESIAN_POINT('Ctrl Pts',(-7.59828815626249,0.,9.8));
#14091=CARTESIAN_POINT('Ctrl Pts',(-7.59657631252984,0.,9.79998901081542));
#14092=CARTESIAN_POINT('Ctrl Pts',(-7.59486460988078,0.,9.79996703335196));
#14093=CARTESIAN_POINT('',(-7.59229627990864,0.199999993879809,10.));
#14094=CARTESIAN_POINT('',(-7.59999999999593,0.2,10.));
#14095=CARTESIAN_POINT('Ctrl Pts',(-7.59229627990864,0.199999993885744,
10.));
#14096=CARTESIAN_POINT('Ctrl Pts',(-7.59486446881424,0.200000002038647,
10.));
#14097=CARTESIAN_POINT('Ctrl Pts',(-7.59743223439578,0.200000000000001,
10.));
#14098=CARTESIAN_POINT('Ctrl Pts',(-7.59999999999593,0.200000000000001,
10.));
#14099=CARTESIAN_POINT('',(-7.59999999999593,0.,9.8));
#14100=CARTESIAN_POINT('Ctrl Pts',(-12.4077037200896,0.199999993885747,
10.));
#14101=CARTESIAN_POINT('Ctrl Pts',(-12.405135531184,0.20000000203865,10.));
#14102=CARTESIAN_POINT('Ctrl Pts',(-12.4025677656025,0.200000000000004,
10.));
#14103=CARTESIAN_POINT('Ctrl Pts',(-12.4000000000023,0.200000000000004,
10.));
#14104=CARTESIAN_POINT('Ctrl Pts',(-12.4068476100989,0.133333329257164,
9.93332234445065));
#14105=CARTESIAN_POINT('Ctrl Pts',(-12.4045649166121,0.133333334692433,
9.93332967027181));
#14106=CARTESIAN_POINT('Ctrl Pts',(-12.4022824583135,0.133333333333336,
9.93333333333333));
#14107=CARTESIAN_POINT('Ctrl Pts',(-12.4000000000023,0.133333333333336,
9.93333333333333));
#14108=CARTESIAN_POINT('Ctrl Pts',(-12.4059915001082,0.0666666646285822,
9.8666446889013));
#14109=CARTESIAN_POINT('Ctrl Pts',(-12.4039943020403,0.0666666673462166,
9.86665934054362));
#14110=CARTESIAN_POINT('Ctrl Pts',(-12.4019971510246,0.066666666666668,
9.86666666666667));
#14111=CARTESIAN_POINT('Ctrl Pts',(-12.4000000000023,0.066666666666668,
9.86666666666667));
#14112=CARTESIAN_POINT('Ctrl Pts',(-12.4051353901174,0.,9.79996703335196));
#14113=CARTESIAN_POINT('Ctrl Pts',(-12.4034236874684,0.,9.79998901081542));
#14114=CARTESIAN_POINT('Ctrl Pts',(-12.4017118437357,0.,9.8));
#14115=CARTESIAN_POINT('Ctrl Pts',(-12.4000000000023,0.,9.8));
#14116=CARTESIAN_POINT('',(-12.4000000000023,0.2,10.));
#14117=CARTESIAN_POINT('',(-12.4000000000023,0.2,10.));
#14118=CARTESIAN_POINT('Ctrl Pts',(-12.4000000000023,0.200000000000004,
10.));
#14119=CARTESIAN_POINT('Ctrl Pts',(-12.4025677656025,0.200000000000004,
10.));
#14120=CARTESIAN_POINT('Ctrl Pts',(-12.405135531184,0.20000000203865,10.));
#14121=CARTESIAN_POINT('Ctrl Pts',(-12.4077037200896,0.199999993885747,
10.));
#14122=CARTESIAN_POINT('',(-12.4051353901174,0.,9.79996703335196));
#14123=CARTESIAN_POINT('Origin',(-12.7000000006859,0.1,9.9));
#14124=CARTESIAN_POINT('',(-12.7000000006859,0.2,10.));
#14125=CARTESIAN_POINT('Ctrl Pts',(-12.4000000000023,0.200000000000004,
-10.));
#14126=CARTESIAN_POINT('Ctrl Pts',(-12.4025677656024,0.200000000000004,
-10.));
#14127=CARTESIAN_POINT('Ctrl Pts',(-12.405135531184,0.20000000203865,-10.));
#14128=CARTESIAN_POINT('Ctrl Pts',(-12.4077037200896,0.199999993885747,
-10.));
#14129=CARTESIAN_POINT('Ctrl Pts',(-12.4000000000023,0.133333333333336,
-9.93333333333333));
#14130=CARTESIAN_POINT('Ctrl Pts',(-12.4022824583135,0.133333333333336,
-9.93333333333333));
#14131=CARTESIAN_POINT('Ctrl Pts',(-12.4045649166121,0.133333334692433,
-9.93332967027181));
#14132=CARTESIAN_POINT('Ctrl Pts',(-12.4068476100989,0.133333329257164,
-9.93332234445065));
#14133=CARTESIAN_POINT('Ctrl Pts',(-12.4000000000023,0.066666666666668,
-9.86666666666667));
#14134=CARTESIAN_POINT('Ctrl Pts',(-12.4019971510246,0.066666666666668,
-9.86666666666667));
#14135=CARTESIAN_POINT('Ctrl Pts',(-12.4039943020403,0.0666666673462166,
-9.86665934054362));
#14136=CARTESIAN_POINT('Ctrl Pts',(-12.4059915001082,0.0666666646285822,
-9.8666446889013));
#14137=CARTESIAN_POINT('Ctrl Pts',(-12.4000000000023,0.,-9.8));
#14138=CARTESIAN_POINT('Ctrl Pts',(-12.4017118437357,0.,-9.8));
#14139=CARTESIAN_POINT('Ctrl Pts',(-12.4034236874684,0.,-9.79998901081542));
#14140=CARTESIAN_POINT('Ctrl Pts',(-12.4051353901174,0.,-9.79996703335196));
#14141=CARTESIAN_POINT('',(-12.4077037200896,0.199999993879812,-10.));
#14142=CARTESIAN_POINT('',(-12.4000000000023,0.,-9.8));
#14143=CARTESIAN_POINT('Ctrl Pts',(-13.0100000000023,0.199749843554386,
9.4));
#14144=CARTESIAN_POINT('Ctrl Pts',(-13.0100000000023,0.199749843554386,
9.55839234571074));
#14145=CARTESIAN_POINT('Ctrl Pts',(-12.8766199473743,0.199913886456288,
9.87320845898531));
#14146=CARTESIAN_POINT('Ctrl Pts',(-12.5635251534626,0.199999499219233,
10.0000000000201));
#14147=CARTESIAN_POINT('Ctrl Pts',(-12.4077037200896,0.199999993885747,
10.));
#14148=CARTESIAN_POINT('Ctrl Pts',(-12.9400000000023,0.133166562369591,
9.4));
#14149=CARTESIAN_POINT('Ctrl Pts',(-12.9400000000023,0.133166562369591,
9.54021617489147));
#14150=CARTESIAN_POINT('Ctrl Pts',(-12.8227210784233,0.133275924304192,
9.81910758225752));
#14151=CARTESIAN_POINT('Ctrl Pts',(-12.5453469900632,0.133332999479489,
9.93287786004521));
#14152=CARTESIAN_POINT('Ctrl Pts',(-12.4068476100989,0.133333329257164,
9.93332234445065));
#14153=CARTESIAN_POINT('Ctrl Pts',(-12.8700000000023,0.0665832811847953,
9.4));
#14154=CARTESIAN_POINT('Ctrl Pts',(-12.8700000000023,0.0665832811847953,
9.52204000407221));
#14155=CARTESIAN_POINT('Ctrl Pts',(-12.7688222094724,0.066637962152096,
9.76500670552973));
#14156=CARTESIAN_POINT('Ctrl Pts',(-12.5271688266637,0.0666664997397444,
9.86575572007033));
#14157=CARTESIAN_POINT('Ctrl Pts',(-12.4059915001082,0.0666666646285822,
9.8666446889013));
#14158=CARTESIAN_POINT('Ctrl Pts',(-12.8000000000023,0.,9.4));
#14159=CARTESIAN_POINT('Ctrl Pts',(-12.8000000000023,0.,9.50386383325294));
#14160=CARTESIAN_POINT('Ctrl Pts',(-12.7149233405215,0.,9.71090582880193));
#14161=CARTESIAN_POINT('Ctrl Pts',(-12.5089906632643,0.,9.79863358009544));
#14162=CARTESIAN_POINT('Ctrl Pts',(-12.4051353901174,0.,9.79996703335196));
#14163=CARTESIAN_POINT('',(-12.8000000000023,0.,9.4));
#14164=CARTESIAN_POINT('Origin',(-12.9050000000023,0.0998749217771909,0.));
#14165=CARTESIAN_POINT('',(-12.8000000000023,0.,-9.4));
#14166=CARTESIAN_POINT('Ctrl Pts',(-12.4077037200896,0.199999993885747,
-10.));
#14167=CARTESIAN_POINT('Ctrl Pts',(-12.5635251534626,0.199999499219233,
-10.0000000000201));
#14168=CARTESIAN_POINT('Ctrl Pts',(-12.8766199473743,0.199913886456288,
-9.87320845898531));
#14169=CARTESIAN_POINT('Ctrl Pts',(-13.0100000000023,0.199749843554386,
-9.55839234571074));
#14170=CARTESIAN_POINT('Ctrl Pts',(-13.0100000000023,0.199749843554386,
-9.4));
#14171=CARTESIAN_POINT('Ctrl Pts',(-12.4068476100989,0.133333329257164,
-9.93332234445065));
#14172=CARTESIAN_POINT('Ctrl Pts',(-12.5453469900632,0.133332999479489,
-9.93287786004521));
#14173=CARTESIAN_POINT('Ctrl Pts',(-12.8227210784233,0.133275924304192,
-9.81910758225752));
#14174=CARTESIAN_POINT('Ctrl Pts',(-12.9400000000023,0.13316656236959,-9.54021617489147));
#14175=CARTESIAN_POINT('Ctrl Pts',(-12.9400000000023,0.13316656236959,-9.4));
#14176=CARTESIAN_POINT('Ctrl Pts',(-12.4059915001082,0.0666666646285822,
-9.8666446889013));
#14177=CARTESIAN_POINT('Ctrl Pts',(-12.5271688266637,0.0666664997397444,
-9.86575572007032));
#14178=CARTESIAN_POINT('Ctrl Pts',(-12.7688222094724,0.066637962152096,
-9.76500670552972));
#14179=CARTESIAN_POINT('Ctrl Pts',(-12.8700000000023,0.0665832811847952,
-9.52204000407221));
#14180=CARTESIAN_POINT('Ctrl Pts',(-12.8700000000023,0.0665832811847952,
-9.4));
#14181=CARTESIAN_POINT('Ctrl Pts',(-12.4051353901174,0.,-9.79996703335196));
#14182=CARTESIAN_POINT('Ctrl Pts',(-12.5089906632643,0.,-9.79863358009544));
#14183=CARTESIAN_POINT('Ctrl Pts',(-12.7149233405215,0.,-9.71090582880193));
#14184=CARTESIAN_POINT('Ctrl Pts',(-12.8000000000023,0.,-9.50386383325294));
#14185=CARTESIAN_POINT('Ctrl Pts',(-12.8000000000023,0.,-9.4));
#14186=CARTESIAN_POINT('Ctrl Pts',(-7.59229627990864,0.199999993885744,
-10.));
#14187=CARTESIAN_POINT('Ctrl Pts',(-7.59486446881424,0.200000002038647,
-10.));
#14188=CARTESIAN_POINT('Ctrl Pts',(-7.59743223439578,0.200000000000001,
-10.));
#14189=CARTESIAN_POINT('Ctrl Pts',(-7.59999999999592,0.200000000000001,
-10.));
#14190=CARTESIAN_POINT('Ctrl Pts',(-7.59315238989935,0.133333329257163,
-9.93332234445065));
#14191=CARTESIAN_POINT('Ctrl Pts',(-7.59543508338611,0.133333334692431,
-9.93332967027181));
#14192=CARTESIAN_POINT('Ctrl Pts',(-7.59771754168468,0.133333333333334,
-9.93333333333333));
#14193=CARTESIAN_POINT('Ctrl Pts',(-7.59999999999592,0.133333333333334,
-9.93333333333333));
#14194=CARTESIAN_POINT('Ctrl Pts',(-7.59400849989007,0.0666666646285814,
-9.8666446889013));
#14195=CARTESIAN_POINT('Ctrl Pts',(-7.59600569795797,0.0666666673462157,
-9.86665934054362));
#14196=CARTESIAN_POINT('Ctrl Pts',(-7.59800284897359,0.0666666666666671,
-9.86666666666667));
#14197=CARTESIAN_POINT('Ctrl Pts',(-7.59999999999592,0.0666666666666671,
-9.86666666666667));
#14198=CARTESIAN_POINT('Ctrl Pts',(-7.59486460988078,0.,-9.79996703335196));
#14199=CARTESIAN_POINT('Ctrl Pts',(-7.59657631252984,0.,-9.79998901081542));
#14200=CARTESIAN_POINT('Ctrl Pts',(-7.59828815626249,0.,-9.8));
#14201=CARTESIAN_POINT('Ctrl Pts',(-7.59999999999592,0.,-9.8));
#14202=CARTESIAN_POINT('',(-7.59999999999592,0.2,-10.));
#14203=CARTESIAN_POINT('',(-7.59486460988078,0.,-9.79996703335196));
#14204=CARTESIAN_POINT('Origin',(12.7000000006859,0.1,-9.9));
#14205=CARTESIAN_POINT('Ctrl Pts',(-6.98999999999593,0.199749843554384,
-9.4));
#14206=CARTESIAN_POINT('Ctrl Pts',(-6.98999999999593,0.199749843554384,
-9.55839234571074));
#14207=CARTESIAN_POINT('Ctrl Pts',(-7.12334400414549,0.199913893514684,
-9.87324906794971));
#14208=CARTESIAN_POINT('Ctrl Pts',(-7.43647484653563,0.199999499219231,
-10.0000000000201));
#14209=CARTESIAN_POINT('Ctrl Pts',(-7.59229627990864,0.199999993885744,
-10.));
#14210=CARTESIAN_POINT('Ctrl Pts',(-7.05999999999593,0.133166562369589,
-9.4));
#14211=CARTESIAN_POINT('Ctrl Pts',(-7.05999999999593,0.133166562369589,
-9.54021617489147));
#14212=CARTESIAN_POINT('Ctrl Pts',(-7.17724680965071,0.133275929009789,
-9.81914263143324));
#14213=CARTESIAN_POINT('Ctrl Pts',(-7.45465300993506,0.133332999479487,
-9.93287786004521));
#14214=CARTESIAN_POINT('Ctrl Pts',(-7.59315238989936,0.133333329257163,
-9.93332234445065));
#14215=CARTESIAN_POINT('Ctrl Pts',(-7.12999999999592,0.0665832811847945,
-9.4));
#14216=CARTESIAN_POINT('Ctrl Pts',(-7.12999999999592,0.0665832811847945,
-9.52204000407221));
#14217=CARTESIAN_POINT('Ctrl Pts',(-7.23114961515593,0.0666379645048946,
-9.76503619491676));
#14218=CARTESIAN_POINT('Ctrl Pts',(-7.47283117333449,0.0666664997397436,
-9.86575572007032));
#14219=CARTESIAN_POINT('Ctrl Pts',(-7.59400849989007,0.0666666646285814,
-9.8666446889013));
#14220=CARTESIAN_POINT('Ctrl Pts',(-7.19999999999593,0.,-9.4));
#14221=CARTESIAN_POINT('Ctrl Pts',(-7.19999999999593,0.,-9.50386383325294));
#14222=CARTESIAN_POINT('Ctrl Pts',(-7.28505242066116,0.,-9.71092975840028));
#14223=CARTESIAN_POINT('Ctrl Pts',(-7.49100933673393,0.,-9.79863358009544));
#14224=CARTESIAN_POINT('Ctrl Pts',(-7.59486460988078,0.,-9.79996703335196));
#14225=CARTESIAN_POINT('',(-7.19999999999593,0.,-9.4));
#14226=CARTESIAN_POINT('Origin',(-7.09499999999593,0.0998749217771909,0.));
#14227=CARTESIAN_POINT('',(-7.19999999999593,0.,9.4));
#14228=CARTESIAN_POINT('Ctrl Pts',(-7.59229627990864,0.199999993885744,
10.));
#14229=CARTESIAN_POINT('Ctrl Pts',(-7.43647484653563,0.199999499219231,
10.0000000000201));
#14230=CARTESIAN_POINT('Ctrl Pts',(-7.1233440041455,0.199913893514684,9.87324906794972));
#14231=CARTESIAN_POINT('Ctrl Pts',(-6.98999999999593,0.199749843554383,
9.55839234571074));
#14232=CARTESIAN_POINT('Ctrl Pts',(-6.98999999999593,0.199749843554383,
9.4));
#14233=CARTESIAN_POINT('Ctrl Pts',(-7.59315238989936,0.133333329257163,
9.93332234445065));
#14234=CARTESIAN_POINT('Ctrl Pts',(-7.45465300993506,0.133332999479487,
9.93287786004521));
#14235=CARTESIAN_POINT('Ctrl Pts',(-7.17724680965072,0.133275929009789,
9.81914263143324));
#14236=CARTESIAN_POINT('Ctrl Pts',(-7.05999999999593,0.133166562369589,
9.54021617489147));
#14237=CARTESIAN_POINT('Ctrl Pts',(-7.05999999999593,0.133166562369589,
9.4));
#14238=CARTESIAN_POINT('Ctrl Pts',(-7.59400849989007,0.0666666646285814,
9.8666446889013));
#14239=CARTESIAN_POINT('Ctrl Pts',(-7.47283117333449,0.0666664997397436,
9.86575572007032));
#14240=CARTESIAN_POINT('Ctrl Pts',(-7.23114961515594,0.0666379645048947,
9.76503619491676));
#14241=CARTESIAN_POINT('Ctrl Pts',(-7.12999999999592,0.0665832811847944,
9.52204000407221));
#14242=CARTESIAN_POINT('Ctrl Pts',(-7.12999999999592,0.0665832811847944,
9.4));
#14243=CARTESIAN_POINT('Ctrl Pts',(-7.59486460988078,0.,9.79996703335196));
#14244=CARTESIAN_POINT('Ctrl Pts',(-7.49100933673393,0.,9.79863358009544));
#14245=CARTESIAN_POINT('Ctrl Pts',(-7.28505242066116,0.,9.71092975840029));
#14246=CARTESIAN_POINT('Ctrl Pts',(-7.19999999999593,0.,9.50386383325294));
#14247=CARTESIAN_POINT('Ctrl Pts',(-7.19999999999593,0.,9.4));
#14248=CARTESIAN_POINT('Origin',(4.44089209850063E-15,0.,-2.22044604925031E-15));
#14249=CARTESIAN_POINT('',(-2.39999999999592,0.,9.8));
#14250=CARTESIAN_POINT('',(2.40000000000408,0.,9.8));
#14251=CARTESIAN_POINT('',(-12.7000000006859,0.,9.8));
#14252=CARTESIAN_POINT('',(-2.40513539011106,0.,9.79996703335196));
#14253=CARTESIAN_POINT('Ctrl Pts',(-2.40513539011106,0.,9.79996703335196));
#14254=CARTESIAN_POINT('Ctrl Pts',(-2.40342368746201,0.,9.79998901081542));
#14255=CARTESIAN_POINT('Ctrl Pts',(-2.40171184372935,0.,9.8));
#14256=CARTESIAN_POINT('Ctrl Pts',(-2.39999999999592,0.,9.8));
#14257=CARTESIAN_POINT('',(-2.79999999999592,0.,9.4));
#14258=CARTESIAN_POINT('Ctrl Pts',(-2.79999999999592,0.,9.4));
#14259=CARTESIAN_POINT('Ctrl Pts',(-2.79999999999592,0.,9.50386383325294));
#14260=CARTESIAN_POINT('Ctrl Pts',(-2.71497561697833,0.,9.71095743836856));
#14261=CARTESIAN_POINT('Ctrl Pts',(-2.50899066325792,0.,9.79863358009544));
#14262=CARTESIAN_POINT('Ctrl Pts',(-2.40513539011106,0.,9.79996703335196));
#14263=CARTESIAN_POINT('',(-2.79999999999592,0.,-9.4));
#14264=CARTESIAN_POINT('',(-2.79999999999592,0.,0.));
#14265=CARTESIAN_POINT('',(-2.40513539011106,0.,-9.79996703335196));
#14266=CARTESIAN_POINT('Ctrl Pts',(-2.40513539011106,0.,-9.79996703335196));
#14267=CARTESIAN_POINT('Ctrl Pts',(-2.50899066325792,0.,-9.79863358009544));
#14268=CARTESIAN_POINT('Ctrl Pts',(-2.71497561697833,0.,-9.71095743836856));
#14269=CARTESIAN_POINT('Ctrl Pts',(-2.79999999999592,0.,-9.50386383325294));
#14270=CARTESIAN_POINT('Ctrl Pts',(-2.79999999999592,0.,-9.4));
#14271=CARTESIAN_POINT('',(-2.39999999999592,0.,-9.8));
#14272=CARTESIAN_POINT('Ctrl Pts',(-2.39999999999592,0.,-9.8));
#14273=CARTESIAN_POINT('Ctrl Pts',(-2.40171184372935,0.,-9.8));
#14274=CARTESIAN_POINT('Ctrl Pts',(-2.40342368746201,0.,-9.79998901081542));
#14275=CARTESIAN_POINT('Ctrl Pts',(-2.40513539011106,0.,-9.79996703335196));
#14276=CARTESIAN_POINT('',(2.40000000000409,0.,-9.8));
#14277=CARTESIAN_POINT('',(12.7000000006859,0.,-9.8));
#14278=CARTESIAN_POINT('',(2.40513539011922,0.,-9.79996703335196));
#14279=CARTESIAN_POINT('Ctrl Pts',(2.40513539011922,0.,-9.79996703335196));
#14280=CARTESIAN_POINT('Ctrl Pts',(2.40342368747017,0.,-9.79998901081542));
#14281=CARTESIAN_POINT('Ctrl Pts',(2.40171184373752,0.,-9.8));
#14282=CARTESIAN_POINT('Ctrl Pts',(2.40000000000409,0.,-9.8));
#14283=CARTESIAN_POINT('',(2.80000000000408,0.,-9.4));
#14284=CARTESIAN_POINT('Ctrl Pts',(2.80000000000408,0.,-9.4));
#14285=CARTESIAN_POINT('Ctrl Pts',(2.80000000000408,0.,-9.50386383325294));
#14286=CARTESIAN_POINT('Ctrl Pts',(2.71497561698649,0.,-9.71095743836857));
#14287=CARTESIAN_POINT('Ctrl Pts',(2.50899066326608,0.,-9.79863358009544));
#14288=CARTESIAN_POINT('Ctrl Pts',(2.40513539011922,0.,-9.79996703335196));
#14289=CARTESIAN_POINT('',(2.80000000000408,0.,9.4));
#14290=CARTESIAN_POINT('',(2.80000000000408,0.,0.));
#14291=CARTESIAN_POINT('',(2.40513539011922,0.,9.79996703335196));
#14292=CARTESIAN_POINT('Ctrl Pts',(2.40513539011922,0.,9.79996703335196));
#14293=CARTESIAN_POINT('Ctrl Pts',(2.50899066326608,0.,9.79863358009544));
#14294=CARTESIAN_POINT('Ctrl Pts',(2.71497561698649,0.,9.71095743836856));
#14295=CARTESIAN_POINT('Ctrl Pts',(2.80000000000408,0.,9.50386383325294));
#14296=CARTESIAN_POINT('Ctrl Pts',(2.80000000000408,0.,9.4));
#14297=CARTESIAN_POINT('Ctrl Pts',(2.40000000000408,0.,9.8));
#14298=CARTESIAN_POINT('Ctrl Pts',(2.40171184373751,0.,9.8));
#14299=CARTESIAN_POINT('Ctrl Pts',(2.40342368747017,0.,9.79998901081542));
#14300=CARTESIAN_POINT('Ctrl Pts',(2.40513539011922,0.,9.79996703335196));
#14301=CARTESIAN_POINT('Origin',(-4.99999999999592,1.28779161805764E-15,
9.4));
#14302=CARTESIAN_POINT('',(-2.40770372008321,0.199999993879809,10.));
#14303=CARTESIAN_POINT('',(-3.00999999999592,0.199749843554382,9.4));
#14304=CARTESIAN_POINT('Ctrl Pts',(-2.40770372008321,0.199999993885744,
10.));
#14305=CARTESIAN_POINT('Ctrl Pts',(-2.56352515345622,0.199999499219231,
10.0000000000201));
#14306=CARTESIAN_POINT('Ctrl Pts',(-2.87669769402806,0.199913901679311,
9.87329604136022));
#14307=CARTESIAN_POINT('Ctrl Pts',(-3.00999999999592,0.199749843554383,
9.55839234571074));
#14308=CARTESIAN_POINT('Ctrl Pts',(-3.00999999999592,0.199749843554383,
9.4));
#14309=CARTESIAN_POINT('Origin',(-4.99999999999592,1.28779161805764E-15,
10.));
#14310=CARTESIAN_POINT('Origin',(-4.99999999999592,1.28779161805764E-15,
9.4));
#14311=CARTESIAN_POINT('Origin',(-4.99999999999592,1.28779161805764E-15,
0.));
#14312=CARTESIAN_POINT('',(-3.00999999999592,0.199749843554383,-9.4));
#14313=CARTESIAN_POINT('',(-3.00999999999592,0.199749843554382,0.));
#14314=CARTESIAN_POINT('Origin',(-4.99999999999592,1.28779161805764E-15,
-9.4));
#14315=CARTESIAN_POINT('Origin',(-4.99999999999592,1.28779161805764E-15,
-9.4));
#14316=CARTESIAN_POINT('Ctrl Pts',(-3.00999999999592,0.199749843554383,
-9.4));
#14317=CARTESIAN_POINT('Ctrl Pts',(-3.00999999999592,0.199749843554383,
-9.55839234571074));
#14318=CARTESIAN_POINT('Ctrl Pts',(-2.87669769402806,0.199913901679311,
-9.87329604136021));
#14319=CARTESIAN_POINT('Ctrl Pts',(-2.56352515345622,0.199999499219231,
-10.0000000000201));
#14320=CARTESIAN_POINT('Ctrl Pts',(-2.40770372008321,0.199999993885744,
-10.));
#14321=CARTESIAN_POINT('Ctrl Pts',(2.40000000000408,0.199999999999999,10.));
#14322=CARTESIAN_POINT('Ctrl Pts',(2.40256776560423,0.199999999999999,10.));
#14323=CARTESIAN_POINT('Ctrl Pts',(2.40513553118577,0.200000002038645,10.));
#14324=CARTESIAN_POINT('Ctrl Pts',(2.40770372009137,0.199999993885742,10.));
#14325=CARTESIAN_POINT('Ctrl Pts',(2.40000000000408,0.133333333333332,9.93333333333334));
#14326=CARTESIAN_POINT('Ctrl Pts',(2.40228245831532,0.133333333333332,9.93333333333334));
#14327=CARTESIAN_POINT('Ctrl Pts',(2.4045649166139,0.13333333469243,9.93332967027181));
#14328=CARTESIAN_POINT('Ctrl Pts',(2.40684761010065,0.133333329257161,9.93332234445065));
#14329=CARTESIAN_POINT('Ctrl Pts',(2.40000000000408,0.0666666666666662,
9.86666666666667));
#14330=CARTESIAN_POINT('Ctrl Pts',(2.40199715102642,0.0666666666666662,
9.86666666666667));
#14331=CARTESIAN_POINT('Ctrl Pts',(2.40399430204203,0.0666666673462148,
9.86665934054362));
#14332=CARTESIAN_POINT('Ctrl Pts',(2.40599150010994,0.0666666646285805,
9.8666446889013));
#14333=CARTESIAN_POINT('Ctrl Pts',(2.40000000000408,0.,9.8));
#14334=CARTESIAN_POINT('Ctrl Pts',(2.40171184373751,0.,9.8));
#14335=CARTESIAN_POINT('Ctrl Pts',(2.40342368747017,0.,9.79998901081542));
#14336=CARTESIAN_POINT('Ctrl Pts',(2.40513539011922,0.,9.79996703335196));
#14337=CARTESIAN_POINT('',(2.40770372009137,0.199999993879806,10.));
#14338=CARTESIAN_POINT('',(2.40000000000408,0.2,10.));
#14339=CARTESIAN_POINT('Ctrl Pts',(2.40770372009137,0.199999993885742,10.));
#14340=CARTESIAN_POINT('Ctrl Pts',(2.40513553118577,0.200000002038645,10.));
#14341=CARTESIAN_POINT('Ctrl Pts',(2.40256776560423,0.199999999999999,10.));
#14342=CARTESIAN_POINT('Ctrl Pts',(2.40000000000408,0.199999999999999,10.));
#14343=CARTESIAN_POINT('',(2.40000000000408,0.,9.8));
#14344=CARTESIAN_POINT('Ctrl Pts',(-2.40770372008321,0.199999993885744,
10.));
#14345=CARTESIAN_POINT('Ctrl Pts',(-2.40513553117761,0.200000002038647,
10.));
#14346=CARTESIAN_POINT('Ctrl Pts',(-2.40256776559607,0.200000000000001,
10.));
#14347=CARTESIAN_POINT('Ctrl Pts',(-2.39999999999592,0.200000000000001,
10.));
#14348=CARTESIAN_POINT('Ctrl Pts',(-2.40684761009249,0.133333329257163,
9.93332234445065));
#14349=CARTESIAN_POINT('Ctrl Pts',(-2.40456491660574,0.133333334692431,
9.93332967027181));
#14350=CARTESIAN_POINT('Ctrl Pts',(-2.40228245830716,0.133333333333334,
9.93333333333334));
#14351=CARTESIAN_POINT('Ctrl Pts',(-2.39999999999592,0.133333333333334,
9.93333333333334));
#14352=CARTESIAN_POINT('Ctrl Pts',(-2.40599150010178,0.0666666646285814,
9.8666446889013));
#14353=CARTESIAN_POINT('Ctrl Pts',(-2.40399430203387,0.0666666673462157,
9.86665934054362));
#14354=CARTESIAN_POINT('Ctrl Pts',(-2.40199715101826,0.0666666666666671,
9.86666666666667));
#14355=CARTESIAN_POINT('Ctrl Pts',(-2.39999999999592,0.0666666666666671,
9.86666666666667));
#14356=CARTESIAN_POINT('Ctrl Pts',(-2.40513539011106,0.,9.79996703335196));
#14357=CARTESIAN_POINT('Ctrl Pts',(-2.40342368746201,0.,9.79998901081542));
#14358=CARTESIAN_POINT('Ctrl Pts',(-2.40171184372935,0.,9.8));
#14359=CARTESIAN_POINT('Ctrl Pts',(-2.39999999999592,0.,9.8));
#14360=CARTESIAN_POINT('',(-2.39999999999592,0.2,10.));
#14361=CARTESIAN_POINT('',(-2.39999999999592,0.2,10.));
#14362=CARTESIAN_POINT('Ctrl Pts',(-2.39999999999592,0.200000000000001,
10.));
#14363=CARTESIAN_POINT('Ctrl Pts',(-2.40256776559607,0.200000000000001,
10.));
#14364=CARTESIAN_POINT('Ctrl Pts',(-2.40513553117761,0.200000002038647,
10.));
#14365=CARTESIAN_POINT('Ctrl Pts',(-2.40770372008321,0.199999993885744,
10.));
#14366=CARTESIAN_POINT('',(-2.40513539011106,0.,9.79996703335196));
#14367=CARTESIAN_POINT('Origin',(-12.7000000006859,0.1,9.9));
#14368=CARTESIAN_POINT('',(-12.7000000006859,0.2,10.));
#14369=CARTESIAN_POINT('Ctrl Pts',(-2.39999999999592,0.200000000000001,
-10.));
#14370=CARTESIAN_POINT('Ctrl Pts',(-2.40256776559607,0.200000000000001,
-10.));
#14371=CARTESIAN_POINT('Ctrl Pts',(-2.40513553117761,0.200000002038647,
-10.));
#14372=CARTESIAN_POINT('Ctrl Pts',(-2.40770372008321,0.199999993885744,
-10.));
#14373=CARTESIAN_POINT('Ctrl Pts',(-2.39999999999592,0.133333333333334,
-9.93333333333333));
#14374=CARTESIAN_POINT('Ctrl Pts',(-2.40228245830716,0.133333333333334,
-9.93333333333333));
#14375=CARTESIAN_POINT('Ctrl Pts',(-2.40456491660574,0.133333334692431,
-9.93332967027181));
#14376=CARTESIAN_POINT('Ctrl Pts',(-2.40684761009249,0.133333329257163,
-9.93332234445065));
#14377=CARTESIAN_POINT('Ctrl Pts',(-2.39999999999592,0.0666666666666671,
-9.86666666666667));
#14378=CARTESIAN_POINT('Ctrl Pts',(-2.40199715101826,0.0666666666666671,
-9.86666666666667));
#14379=CARTESIAN_POINT('Ctrl Pts',(-2.40399430203387,0.0666666673462157,
-9.86665934054362));
#14380=CARTESIAN_POINT('Ctrl Pts',(-2.40599150010178,0.0666666646285814,
-9.8666446889013));
#14381=CARTESIAN_POINT('Ctrl Pts',(-2.39999999999592,0.,-9.8));
#14382=CARTESIAN_POINT('Ctrl Pts',(-2.40171184372935,0.,-9.8));
#14383=CARTESIAN_POINT('Ctrl Pts',(-2.40342368746201,0.,-9.79998901081542));
#14384=CARTESIAN_POINT('Ctrl Pts',(-2.40513539011106,0.,-9.79996703335196));
#14385=CARTESIAN_POINT('',(-2.40770372008321,0.199999993879809,-10.));
#14386=CARTESIAN_POINT('',(-2.39999999999592,0.,-9.8));
#14387=CARTESIAN_POINT('Ctrl Pts',(-3.00999999999592,0.199749843554383,
9.4));
#14388=CARTESIAN_POINT('Ctrl Pts',(-3.00999999999592,0.199749843554383,
9.55839234571074));
#14389=CARTESIAN_POINT('Ctrl Pts',(-2.87669769402806,0.199913901679311,
9.87329604136022));
#14390=CARTESIAN_POINT('Ctrl Pts',(-2.56352515345622,0.199999499219231,
10.0000000000201));
#14391=CARTESIAN_POINT('Ctrl Pts',(-2.40770372008321,0.199999993885744,
10.));
#14392=CARTESIAN_POINT('Ctrl Pts',(-2.93999999999592,0.133166562369588,
9.4));
#14393=CARTESIAN_POINT('Ctrl Pts',(-2.93999999999592,0.133166562369588,
9.54021617489147));
#14394=CARTESIAN_POINT('Ctrl Pts',(-2.82279033501148,0.133275934452874,
9.81918317369633));
#14395=CARTESIAN_POINT('Ctrl Pts',(-2.54534699005679,0.133332999479487,
9.93287786004521));
#14396=CARTESIAN_POINT('Ctrl Pts',(-2.40684761009249,0.133333329257163,
9.93332234445065));
#14397=CARTESIAN_POINT('Ctrl Pts',(-2.86999999999592,0.0665832811847942,
9.4));
#14398=CARTESIAN_POINT('Ctrl Pts',(-2.86999999999592,0.0665832811847942,
9.52204000407221));
#14399=CARTESIAN_POINT('Ctrl Pts',(-2.76888297599491,0.066637967226437,
9.76507030603244));
#14400=CARTESIAN_POINT('Ctrl Pts',(-2.52716882665735,0.0666664997397436,
9.86575572007033));
#14401=CARTESIAN_POINT('Ctrl Pts',(-2.40599150010178,0.0666666646285814,
9.8666446889013));
#14402=CARTESIAN_POINT('Ctrl Pts',(-2.79999999999592,0.,9.4));
#14403=CARTESIAN_POINT('Ctrl Pts',(-2.79999999999592,0.,9.50386383325294));
#14404=CARTESIAN_POINT('Ctrl Pts',(-2.71497561697833,0.,9.71095743836856));
#14405=CARTESIAN_POINT('Ctrl Pts',(-2.50899066325792,0.,9.79863358009544));
#14406=CARTESIAN_POINT('Ctrl Pts',(-2.40513539011106,0.,9.79996703335196));
#14407=CARTESIAN_POINT('',(-2.79999999999592,0.,9.4));
#14408=CARTESIAN_POINT('Origin',(-2.90499999999592,0.0998749217771909,0.));
#14409=CARTESIAN_POINT('',(-2.79999999999592,0.,-9.4));
#14410=CARTESIAN_POINT('Ctrl Pts',(-2.40770372008321,0.199999993885744,
-10.));
#14411=CARTESIAN_POINT('Ctrl Pts',(-2.56352515345622,0.199999499219231,
-10.0000000000201));
#14412=CARTESIAN_POINT('Ctrl Pts',(-2.87669769402806,0.199913901679311,
-9.87329604136021));
#14413=CARTESIAN_POINT('Ctrl Pts',(-3.00999999999592,0.199749843554383,
-9.55839234571074));
#14414=CARTESIAN_POINT('Ctrl Pts',(-3.00999999999592,0.199749843554383,
-9.4));
#14415=CARTESIAN_POINT('Ctrl Pts',(-2.40684761009249,0.133333329257163,
-9.93332234445065));
#14416=CARTESIAN_POINT('Ctrl Pts',(-2.54534699005679,0.133332999479487,
-9.93287786004521));
#14417=CARTESIAN_POINT('Ctrl Pts',(-2.82279033501148,0.133275934452874,
-9.81918317369633));
#14418=CARTESIAN_POINT('Ctrl Pts',(-2.93999999999592,0.133166562369589,
-9.54021617489147));
#14419=CARTESIAN_POINT('Ctrl Pts',(-2.93999999999592,0.133166562369589,
-9.4));
#14420=CARTESIAN_POINT('Ctrl Pts',(-2.40599150010178,0.0666666646285814,
-9.8666446889013));
#14421=CARTESIAN_POINT('Ctrl Pts',(-2.52716882665735,0.0666664997397436,
-9.86575572007033));
#14422=CARTESIAN_POINT('Ctrl Pts',(-2.76888297599491,0.0666379672264369,
-9.76507030603245));
#14423=CARTESIAN_POINT('Ctrl Pts',(-2.86999999999592,0.0665832811847944,
-9.52204000407221));
#14424=CARTESIAN_POINT('Ctrl Pts',(-2.86999999999592,0.0665832811847944,
-9.4));
#14425=CARTESIAN_POINT('Ctrl Pts',(-2.40513539011106,0.,-9.79996703335196));
#14426=CARTESIAN_POINT('Ctrl Pts',(-2.50899066325792,0.,-9.79863358009544));
#14427=CARTESIAN_POINT('Ctrl Pts',(-2.71497561697833,0.,-9.71095743836856));
#14428=CARTESIAN_POINT('Ctrl Pts',(-2.79999999999592,0.,-9.50386383325294));
#14429=CARTESIAN_POINT('Ctrl Pts',(-2.79999999999592,0.,-9.4));
#14430=CARTESIAN_POINT('Ctrl Pts',(2.40770372009137,0.199999993885742,-10.));
#14431=CARTESIAN_POINT('Ctrl Pts',(2.40513553118577,0.200000002038645,-10.));
#14432=CARTESIAN_POINT('Ctrl Pts',(2.40256776560423,0.199999999999999,-10.));
#14433=CARTESIAN_POINT('Ctrl Pts',(2.40000000000409,0.199999999999999,-10.));
#14434=CARTESIAN_POINT('Ctrl Pts',(2.40684761010065,0.133333329257161,-9.93332234445065));
#14435=CARTESIAN_POINT('Ctrl Pts',(2.4045649166139,0.13333333469243,-9.93332967027181));
#14436=CARTESIAN_POINT('Ctrl Pts',(2.40228245831533,0.133333333333332,-9.93333333333333));
#14437=CARTESIAN_POINT('Ctrl Pts',(2.40000000000409,0.133333333333332,-9.93333333333333));
#14438=CARTESIAN_POINT('Ctrl Pts',(2.40599150010994,0.0666666646285805,
-9.8666446889013));
#14439=CARTESIAN_POINT('Ctrl Pts',(2.40399430204204,0.0666666673462148,
-9.86665934054362));
#14440=CARTESIAN_POINT('Ctrl Pts',(2.40199715102642,0.0666666666666662,
-9.86666666666667));
#14441=CARTESIAN_POINT('Ctrl Pts',(2.40000000000409,0.0666666666666662,
-9.86666666666667));
#14442=CARTESIAN_POINT('Ctrl Pts',(2.40513539011922,0.,-9.79996703335196));
#14443=CARTESIAN_POINT('Ctrl Pts',(2.40342368747017,0.,-9.79998901081542));
#14444=CARTESIAN_POINT('Ctrl Pts',(2.40171184373752,0.,-9.8));
#14445=CARTESIAN_POINT('Ctrl Pts',(2.40000000000409,0.,-9.8));
#14446=CARTESIAN_POINT('',(2.40000000000409,0.2,-10.));
#14447=CARTESIAN_POINT('',(2.40513539011922,0.,-9.79996703335196));
#14448=CARTESIAN_POINT('Origin',(12.7000000006859,0.1,-9.9));
#14449=CARTESIAN_POINT('Ctrl Pts',(3.01000000000408,0.199749843554381,-9.4));
#14450=CARTESIAN_POINT('Ctrl Pts',(3.01000000000408,0.199749843554381,-9.55839234571074));
#14451=CARTESIAN_POINT('Ctrl Pts',(2.87669769403622,0.199913901679308,-9.87329604136021));
#14452=CARTESIAN_POINT('Ctrl Pts',(2.56352515346438,0.199999499219228,-10.0000000000201));
#14453=CARTESIAN_POINT('Ctrl Pts',(2.40770372009137,0.199999993885741,-10.));
#14454=CARTESIAN_POINT('Ctrl Pts',(2.94000000000408,0.133166562369587,-9.4));
#14455=CARTESIAN_POINT('Ctrl Pts',(2.94000000000408,0.133166562369587,-9.54021617489147));
#14456=CARTESIAN_POINT('Ctrl Pts',(2.82279033501964,0.133275934452872,-9.81918317369633));
#14457=CARTESIAN_POINT('Ctrl Pts',(2.54534699006495,0.133332999479485,-9.93287786004521));
#14458=CARTESIAN_POINT('Ctrl Pts',(2.40684761010065,0.133333329257161,-9.93332234445065));
#14459=CARTESIAN_POINT('Ctrl Pts',(2.87000000000408,0.0665832811847936,
-9.4));
#14460=CARTESIAN_POINT('Ctrl Pts',(2.87000000000408,0.0665832811847936,
-9.52204000407221));
#14461=CARTESIAN_POINT('Ctrl Pts',(2.76888297600307,0.0666379672264361,
-9.76507030603245));
#14462=CARTESIAN_POINT('Ctrl Pts',(2.52716882666552,0.0666664997397427,
-9.86575572007033));
#14463=CARTESIAN_POINT('Ctrl Pts',(2.40599150010994,0.0666666646285805,
-9.8666446889013));
#14464=CARTESIAN_POINT('Ctrl Pts',(2.80000000000408,0.,-9.4));
#14465=CARTESIAN_POINT('Ctrl Pts',(2.80000000000408,0.,-9.50386383325294));
#14466=CARTESIAN_POINT('Ctrl Pts',(2.71497561698649,0.,-9.71095743836857));
#14467=CARTESIAN_POINT('Ctrl Pts',(2.50899066326608,0.,-9.79863358009544));
#14468=CARTESIAN_POINT('Ctrl Pts',(2.40513539011922,0.,-9.79996703335196));
#14469=CARTESIAN_POINT('',(2.80000000000408,0.,-9.4));
#14470=CARTESIAN_POINT('Origin',(2.90500000000408,0.0998749217771909,0.));
#14471=CARTESIAN_POINT('',(2.80000000000408,0.,9.4));
#14472=CARTESIAN_POINT('Ctrl Pts',(2.40770372009137,0.199999993885742,10.));
#14473=CARTESIAN_POINT('Ctrl Pts',(2.56352515346438,0.199999499219228,10.0000000000201));
#14474=CARTESIAN_POINT('Ctrl Pts',(2.87669769403622,0.199913901679308,9.87329604136021));
#14475=CARTESIAN_POINT('Ctrl Pts',(3.01000000000408,0.199749843554381,9.55839234571074));
#14476=CARTESIAN_POINT('Ctrl Pts',(3.01000000000408,0.199749843554381,9.4));
#14477=CARTESIAN_POINT('Ctrl Pts',(2.40684761010065,0.133333329257161,9.93332234445065));
#14478=CARTESIAN_POINT('Ctrl Pts',(2.54534699006495,0.133332999479485,9.93287786004521));
#14479=CARTESIAN_POINT('Ctrl Pts',(2.82279033501964,0.133275934452872,9.81918317369633));
#14480=CARTESIAN_POINT('Ctrl Pts',(2.94000000000408,0.133166562369587,9.54021617489147));
#14481=CARTESIAN_POINT('Ctrl Pts',(2.94000000000408,0.133166562369587,9.4));
#14482=CARTESIAN_POINT('Ctrl Pts',(2.40599150010994,0.0666666646285805,
9.8666446889013));
#14483=CARTESIAN_POINT('Ctrl Pts',(2.52716882666552,0.0666664997397427,
9.86575572007033));
#14484=CARTESIAN_POINT('Ctrl Pts',(2.76888297600307,0.0666379672264361,
9.76507030603244));
#14485=CARTESIAN_POINT('Ctrl Pts',(2.87000000000408,0.0665832811847935,
9.52204000407221));
#14486=CARTESIAN_POINT('Ctrl Pts',(2.87000000000408,0.0665832811847935,
9.4));
#14487=CARTESIAN_POINT('Ctrl Pts',(2.40513539011922,0.,9.79996703335196));
#14488=CARTESIAN_POINT('Ctrl Pts',(2.50899066326608,0.,9.79863358009544));
#14489=CARTESIAN_POINT('Ctrl Pts',(2.71497561698649,0.,9.71095743836856));
#14490=CARTESIAN_POINT('Ctrl Pts',(2.80000000000408,0.,9.50386383325294));
#14491=CARTESIAN_POINT('Ctrl Pts',(2.80000000000408,0.,9.4));
#14492=CARTESIAN_POINT('Origin',(4.44089209850063E-15,0.,-2.22044604925031E-15));
#14493=CARTESIAN_POINT('',(7.60000000000408,0.,9.8));
#14494=CARTESIAN_POINT('',(12.4000000000041,0.,9.8));
#14495=CARTESIAN_POINT('',(-12.7000000006859,0.,9.8));
#14496=CARTESIAN_POINT('',(7.59486460988894,0.,9.79996703335196));
#14497=CARTESIAN_POINT('Ctrl Pts',(7.59486460988894,0.,9.79996703335196));
#14498=CARTESIAN_POINT('Ctrl Pts',(7.596576312538,0.,9.79998901081542));
#14499=CARTESIAN_POINT('Ctrl Pts',(7.59828815627065,0.,9.8));
#14500=CARTESIAN_POINT('Ctrl Pts',(7.60000000000408,0.,9.8));
#14501=CARTESIAN_POINT('',(7.20000000000408,0.,9.4));
#14502=CARTESIAN_POINT('Ctrl Pts',(7.20000000000408,0.,9.4));
#14503=CARTESIAN_POINT('Ctrl Pts',(7.20000000000408,0.,9.50386383325294));
#14504=CARTESIAN_POINT('Ctrl Pts',(7.28505242066931,0.,9.71092975840028));
#14505=CARTESIAN_POINT('Ctrl Pts',(7.49100933674209,0.,9.79863358009544));
#14506=CARTESIAN_POINT('Ctrl Pts',(7.59486460988894,0.,9.79996703335196));
#14507=CARTESIAN_POINT('',(7.20000000000408,0.,-9.4));
#14508=CARTESIAN_POINT('',(7.20000000000408,0.,0.));
#14509=CARTESIAN_POINT('',(7.59486460988894,0.,-9.79996703335196));
#14510=CARTESIAN_POINT('Ctrl Pts',(7.59486460988894,0.,-9.79996703335196));
#14511=CARTESIAN_POINT('Ctrl Pts',(7.49100933674209,0.,-9.79863358009544));
#14512=CARTESIAN_POINT('Ctrl Pts',(7.28505242066931,0.,-9.71092975840029));
#14513=CARTESIAN_POINT('Ctrl Pts',(7.20000000000408,0.,-9.50386383325294));
#14514=CARTESIAN_POINT('Ctrl Pts',(7.20000000000408,0.,-9.4));
#14515=CARTESIAN_POINT('',(7.60000000000408,0.,-9.8));
#14516=CARTESIAN_POINT('Ctrl Pts',(7.60000000000408,0.,-9.8));
#14517=CARTESIAN_POINT('Ctrl Pts',(7.59828815627066,0.,-9.8));
#14518=CARTESIAN_POINT('Ctrl Pts',(7.596576312538,0.,-9.79998901081542));
#14519=CARTESIAN_POINT('Ctrl Pts',(7.59486460988894,0.,-9.79996703335196));
#14520=CARTESIAN_POINT('',(12.4000000000041,0.,-9.8));
#14521=CARTESIAN_POINT('',(12.7000000006859,0.,-9.8));
#14522=CARTESIAN_POINT('',(12.4051353901192,0.,-9.79996703335196));
#14523=CARTESIAN_POINT('Ctrl Pts',(12.4051353901192,0.,-9.79996703335196));
#14524=CARTESIAN_POINT('Ctrl Pts',(12.4034236874702,0.,-9.79998901081542));
#14525=CARTESIAN_POINT('Ctrl Pts',(12.4017118437375,0.,-9.8));
#14526=CARTESIAN_POINT('Ctrl Pts',(12.4000000000041,0.,-9.8));
#14527=CARTESIAN_POINT('',(12.8000000000041,0.,-9.4));
#14528=CARTESIAN_POINT('Ctrl Pts',(12.8000000000041,0.,-9.4));
#14529=CARTESIAN_POINT('Ctrl Pts',(12.8000000000041,0.,-9.50386383325294));
#14530=CARTESIAN_POINT('Ctrl Pts',(12.7149233405233,0.,-9.71090582880194));
#14531=CARTESIAN_POINT('Ctrl Pts',(12.5089906632661,0.,-9.79863358009544));
#14532=CARTESIAN_POINT('Ctrl Pts',(12.4051353901192,0.,-9.79996703335196));
#14533=CARTESIAN_POINT('',(12.8000000000041,0.,9.4));
#14534=CARTESIAN_POINT('',(12.8000000000041,0.,0.));
#14535=CARTESIAN_POINT('',(12.4051353901192,0.,9.79996703335196));
#14536=CARTESIAN_POINT('Ctrl Pts',(12.4051353901192,0.,9.79996703335196));
#14537=CARTESIAN_POINT('Ctrl Pts',(12.5089906632661,0.,9.79863358009544));
#14538=CARTESIAN_POINT('Ctrl Pts',(12.7149233405233,0.,9.71090582880193));
#14539=CARTESIAN_POINT('Ctrl Pts',(12.8000000000041,0.,9.50386383325294));
#14540=CARTESIAN_POINT('Ctrl Pts',(12.8000000000041,0.,9.4));
#14541=CARTESIAN_POINT('Ctrl Pts',(12.4000000000041,0.,9.8));
#14542=CARTESIAN_POINT('Ctrl Pts',(12.4017118437375,0.,9.8));
#14543=CARTESIAN_POINT('Ctrl Pts',(12.4034236874702,0.,9.79998901081542));
#14544=CARTESIAN_POINT('Ctrl Pts',(12.4051353901192,0.,9.79996703335196));
#14545=CARTESIAN_POINT('Origin',(5.00000000000408,-1.28779161806584E-15,
9.4));
#14546=CARTESIAN_POINT('',(7.5922962799168,0.199999993879806,10.));
#14547=CARTESIAN_POINT('',(6.99000000000408,0.199749843554382,9.4));
#14548=CARTESIAN_POINT('Ctrl Pts',(7.5922962799168,0.199999993885742,10.));
#14549=CARTESIAN_POINT('Ctrl Pts',(7.43647484654379,0.199999499219228,10.0000000000201));
#14550=CARTESIAN_POINT('Ctrl Pts',(7.12334400415365,0.199913893514681,9.87324906794971));
#14551=CARTESIAN_POINT('Ctrl Pts',(6.99000000000408,0.199749843554381,9.55839234571074));
#14552=CARTESIAN_POINT('Ctrl Pts',(6.99000000000408,0.199749843554381,9.4));
#14553=CARTESIAN_POINT('Origin',(5.00000000000408,-1.28779161806584E-15,
10.));
#14554=CARTESIAN_POINT('Origin',(5.00000000000408,-1.28779161806584E-15,
9.4));
#14555=CARTESIAN_POINT('Origin',(5.00000000000408,-1.28779161806584E-15,
0.));
#14556=CARTESIAN_POINT('',(6.99000000000408,0.199749843554381,-9.4));
#14557=CARTESIAN_POINT('',(6.99000000000408,0.199749843554382,0.));
#14558=CARTESIAN_POINT('Origin',(5.00000000000408,-1.28779161806584E-15,
-9.4));
#14559=CARTESIAN_POINT('Origin',(5.00000000000408,-1.28779161806584E-15,
-9.4));
#14560=CARTESIAN_POINT('Ctrl Pts',(6.99000000000408,0.199749843554381,-9.4));
#14561=CARTESIAN_POINT('Ctrl Pts',(6.99000000000408,0.199749843554381,-9.55839234571074));
#14562=CARTESIAN_POINT('Ctrl Pts',(7.12334400415366,0.199913893514681,-9.87324906794971));
#14563=CARTESIAN_POINT('Ctrl Pts',(7.43647484654379,0.199999499219228,-10.0000000000201));
#14564=CARTESIAN_POINT('Ctrl Pts',(7.5922962799168,0.199999993885742,-10.));
#14565=CARTESIAN_POINT('Ctrl Pts',(12.4000000000041,0.199999999999996,10.));
#14566=CARTESIAN_POINT('Ctrl Pts',(12.4025677656042,0.199999999999996,10.));
#14567=CARTESIAN_POINT('Ctrl Pts',(12.4051355311858,0.200000002038642,10.));
#14568=CARTESIAN_POINT('Ctrl Pts',(12.4077037200914,0.199999993885739,10.));
#14569=CARTESIAN_POINT('Ctrl Pts',(12.4000000000041,0.133333333333331,9.93333333333334));
#14570=CARTESIAN_POINT('Ctrl Pts',(12.4022824583153,0.133333333333331,9.93333333333334));
#14571=CARTESIAN_POINT('Ctrl Pts',(12.4045649166139,0.133333334692428,9.93332967027181));
#14572=CARTESIAN_POINT('Ctrl Pts',(12.4068476101007,0.133333329257159,9.93332234445065));
#14573=CARTESIAN_POINT('Ctrl Pts',(12.4000000000041,0.0666666666666654,
9.86666666666667));
#14574=CARTESIAN_POINT('Ctrl Pts',(12.4019971510264,0.0666666666666654,
9.86666666666667));
#14575=CARTESIAN_POINT('Ctrl Pts',(12.403994302042,0.066666667346214,9.86665934054362));
#14576=CARTESIAN_POINT('Ctrl Pts',(12.4059915001099,0.0666666646285796,
9.8666446889013));
#14577=CARTESIAN_POINT('Ctrl Pts',(12.4000000000041,0.,9.8));
#14578=CARTESIAN_POINT('Ctrl Pts',(12.4017118437375,0.,9.8));
#14579=CARTESIAN_POINT('Ctrl Pts',(12.4034236874702,0.,9.79998901081542));
#14580=CARTESIAN_POINT('Ctrl Pts',(12.4051353901192,0.,9.79996703335196));
#14581=CARTESIAN_POINT('',(12.4077037200914,0.199999993879804,10.));
#14582=CARTESIAN_POINT('',(12.4000000000041,0.2,10.));
#14583=CARTESIAN_POINT('Ctrl Pts',(12.4077037200914,0.199999993885739,10.));
#14584=CARTESIAN_POINT('Ctrl Pts',(12.4051355311858,0.200000002038642,10.));
#14585=CARTESIAN_POINT('Ctrl Pts',(12.4025677656042,0.199999999999996,10.));
#14586=CARTESIAN_POINT('Ctrl Pts',(12.4000000000041,0.199999999999996,10.));
#14587=CARTESIAN_POINT('',(12.4000000000041,0.,9.8));
#14588=CARTESIAN_POINT('Ctrl Pts',(7.5922962799168,0.199999993885742,10.));
#14589=CARTESIAN_POINT('Ctrl Pts',(7.5948644688224,0.200000002038645,10.));
#14590=CARTESIAN_POINT('Ctrl Pts',(7.59743223440394,0.199999999999999,10.));
#14591=CARTESIAN_POINT('Ctrl Pts',(7.60000000000408,0.199999999999999,10.));
#14592=CARTESIAN_POINT('Ctrl Pts',(7.59315238990751,0.133333329257161,9.93332234445065));
#14593=CARTESIAN_POINT('Ctrl Pts',(7.59543508339426,0.13333333469243,9.93332967027181));
#14594=CARTESIAN_POINT('Ctrl Pts',(7.59771754169284,0.133333333333332,9.93333333333334));
#14595=CARTESIAN_POINT('Ctrl Pts',(7.60000000000408,0.133333333333332,9.93333333333334));
#14596=CARTESIAN_POINT('Ctrl Pts',(7.59400849989823,0.0666666646285805,
9.8666446889013));
#14597=CARTESIAN_POINT('Ctrl Pts',(7.59600569796613,0.0666666673462148,
9.86665934054362));
#14598=CARTESIAN_POINT('Ctrl Pts',(7.59800284898175,0.0666666666666662,
9.86666666666667));
#14599=CARTESIAN_POINT('Ctrl Pts',(7.60000000000408,0.0666666666666662,
9.86666666666667));
#14600=CARTESIAN_POINT('Ctrl Pts',(7.59486460988894,0.,9.79996703335196));
#14601=CARTESIAN_POINT('Ctrl Pts',(7.596576312538,0.,9.79998901081542));
#14602=CARTESIAN_POINT('Ctrl Pts',(7.59828815627065,0.,9.8));
#14603=CARTESIAN_POINT('Ctrl Pts',(7.60000000000408,0.,9.8));
#14604=CARTESIAN_POINT('',(7.60000000000408,0.2,10.));
#14605=CARTESIAN_POINT('',(7.60000000000408,0.2,10.));
#14606=CARTESIAN_POINT('Ctrl Pts',(7.60000000000408,0.199999999999999,10.));
#14607=CARTESIAN_POINT('Ctrl Pts',(7.59743223440394,0.199999999999999,10.));
#14608=CARTESIAN_POINT('Ctrl Pts',(7.5948644688224,0.200000002038645,10.));
#14609=CARTESIAN_POINT('Ctrl Pts',(7.5922962799168,0.199999993885742,10.));
#14610=CARTESIAN_POINT('',(7.59486460988894,0.,9.79996703335196));
#14611=CARTESIAN_POINT('Origin',(-12.7000000006859,0.1,9.9));
#14612=CARTESIAN_POINT('',(-12.7000000006859,0.2,10.));
#14613=CARTESIAN_POINT('Ctrl Pts',(7.60000000000408,0.199999999999999,-10.));
#14614=CARTESIAN_POINT('Ctrl Pts',(7.59743223440394,0.199999999999999,-10.));
#14615=CARTESIAN_POINT('Ctrl Pts',(7.5948644688224,0.200000002038645,-10.));
#14616=CARTESIAN_POINT('Ctrl Pts',(7.5922962799168,0.199999993885742,-10.));
#14617=CARTESIAN_POINT('Ctrl Pts',(7.60000000000408,0.133333333333332,-9.93333333333333));
#14618=CARTESIAN_POINT('Ctrl Pts',(7.59771754169284,0.133333333333332,-9.93333333333333));
#14619=CARTESIAN_POINT('Ctrl Pts',(7.59543508339427,0.13333333469243,-9.93332967027181));
#14620=CARTESIAN_POINT('Ctrl Pts',(7.59315238990752,0.133333329257161,-9.93332234445065));
#14621=CARTESIAN_POINT('Ctrl Pts',(7.60000000000408,0.0666666666666662,
-9.86666666666667));
#14622=CARTESIAN_POINT('Ctrl Pts',(7.59800284898175,0.0666666666666662,
-9.86666666666667));
#14623=CARTESIAN_POINT('Ctrl Pts',(7.59600569796613,0.0666666673462148,
-9.86665934054362));
#14624=CARTESIAN_POINT('Ctrl Pts',(7.59400849989823,0.0666666646285805,
-9.8666446889013));
#14625=CARTESIAN_POINT('Ctrl Pts',(7.60000000000408,0.,-9.8));
#14626=CARTESIAN_POINT('Ctrl Pts',(7.59828815627066,0.,-9.8));
#14627=CARTESIAN_POINT('Ctrl Pts',(7.596576312538,0.,-9.79998901081542));
#14628=CARTESIAN_POINT('Ctrl Pts',(7.59486460988894,0.,-9.79996703335196));
#14629=CARTESIAN_POINT('',(7.5922962799168,0.199999993879806,-10.));
#14630=CARTESIAN_POINT('',(7.60000000000408,0.,-9.8));
#14631=CARTESIAN_POINT('Ctrl Pts',(6.99000000000408,0.199749843554381,9.4));
#14632=CARTESIAN_POINT('Ctrl Pts',(6.99000000000408,0.199749843554381,9.55839234571074));
#14633=CARTESIAN_POINT('Ctrl Pts',(7.12334400415365,0.199913893514681,9.87324906794971));
#14634=CARTESIAN_POINT('Ctrl Pts',(7.43647484654379,0.199999499219228,10.0000000000201));
#14635=CARTESIAN_POINT('Ctrl Pts',(7.5922962799168,0.199999993885742,10.));
#14636=CARTESIAN_POINT('Ctrl Pts',(7.06000000000409,0.133166562369587,9.4));
#14637=CARTESIAN_POINT('Ctrl Pts',(7.06000000000409,0.133166562369587,9.54021617489147));
#14638=CARTESIAN_POINT('Ctrl Pts',(7.17724680965887,0.133275929009787,9.81914263143323));
#14639=CARTESIAN_POINT('Ctrl Pts',(7.45465300994322,0.133332999479485,9.93287786004521));
#14640=CARTESIAN_POINT('Ctrl Pts',(7.59315238990752,0.133333329257161,9.93332234445065));
#14641=CARTESIAN_POINT('Ctrl Pts',(7.13000000000409,0.0665832811847936,
9.4));
#14642=CARTESIAN_POINT('Ctrl Pts',(7.13000000000409,0.0665832811847936,
9.52204000407221));
#14643=CARTESIAN_POINT('Ctrl Pts',(7.23114961516409,0.0666379645048937,
9.76503619491676));
#14644=CARTESIAN_POINT('Ctrl Pts',(7.47283117334265,0.0666664997397427,
9.86575572007032));
#14645=CARTESIAN_POINT('Ctrl Pts',(7.59400849989823,0.0666666646285805,
9.8666446889013));
#14646=CARTESIAN_POINT('Ctrl Pts',(7.20000000000408,0.,9.4));
#14647=CARTESIAN_POINT('Ctrl Pts',(7.20000000000408,0.,9.50386383325294));
#14648=CARTESIAN_POINT('Ctrl Pts',(7.28505242066931,0.,9.71092975840028));
#14649=CARTESIAN_POINT('Ctrl Pts',(7.49100933674209,0.,9.79863358009544));
#14650=CARTESIAN_POINT('Ctrl Pts',(7.59486460988894,0.,9.79996703335196));
#14651=CARTESIAN_POINT('',(7.20000000000408,0.,9.4));
#14652=CARTESIAN_POINT('Origin',(7.09500000000408,0.0998749217771909,0.));
#14653=CARTESIAN_POINT('',(7.20000000000408,0.,-9.4));
#14654=CARTESIAN_POINT('Ctrl Pts',(7.5922962799168,0.199999993885742,-10.));
#14655=CARTESIAN_POINT('Ctrl Pts',(7.43647484654379,0.199999499219228,-10.0000000000201));
#14656=CARTESIAN_POINT('Ctrl Pts',(7.12334400415366,0.199913893514681,-9.87324906794971));
#14657=CARTESIAN_POINT('Ctrl Pts',(6.99000000000408,0.199749843554381,-9.55839234571074));
#14658=CARTESIAN_POINT('Ctrl Pts',(6.99000000000408,0.199749843554381,-9.4));
#14659=CARTESIAN_POINT('Ctrl Pts',(7.59315238990752,0.133333329257161,-9.93332234445065));
#14660=CARTESIAN_POINT('Ctrl Pts',(7.45465300994322,0.133332999479485,-9.93287786004521));
#14661=CARTESIAN_POINT('Ctrl Pts',(7.17724680965888,0.133275929009788,-9.81914263143324));
#14662=CARTESIAN_POINT('Ctrl Pts',(7.06000000000409,0.133166562369587,-9.54021617489147));
#14663=CARTESIAN_POINT('Ctrl Pts',(7.06000000000409,0.133166562369587,-9.4));
#14664=CARTESIAN_POINT('Ctrl Pts',(7.59400849989823,0.0666666646285805,
-9.8666446889013));
#14665=CARTESIAN_POINT('Ctrl Pts',(7.47283117334265,0.0666664997397427,
-9.86575572007033));
#14666=CARTESIAN_POINT('Ctrl Pts',(7.2311496151641,0.0666379645048938,-9.76503619491677));
#14667=CARTESIAN_POINT('Ctrl Pts',(7.13000000000409,0.0665832811847935,
-9.52204000407221));
#14668=CARTESIAN_POINT('Ctrl Pts',(7.13000000000409,0.0665832811847935,
-9.4));
#14669=CARTESIAN_POINT('Ctrl Pts',(7.59486460988894,0.,-9.79996703335196));
#14670=CARTESIAN_POINT('Ctrl Pts',(7.49100933674209,0.,-9.79863358009544));
#14671=CARTESIAN_POINT('Ctrl Pts',(7.28505242066931,0.,-9.71092975840029));
#14672=CARTESIAN_POINT('Ctrl Pts',(7.20000000000408,0.,-9.50386383325294));
#14673=CARTESIAN_POINT('Ctrl Pts',(7.20000000000408,0.,-9.4));
#14674=CARTESIAN_POINT('Ctrl Pts',(12.4077037200914,0.199999993885739,-10.));
#14675=CARTESIAN_POINT('Ctrl Pts',(12.4051355311858,0.200000002038642,-10.));
#14676=CARTESIAN_POINT('Ctrl Pts',(12.4025677656042,0.199999999999996,-10.));
#14677=CARTESIAN_POINT('Ctrl Pts',(12.4000000000041,0.199999999999996,-10.));
#14678=CARTESIAN_POINT('Ctrl Pts',(12.4068476101007,0.133333329257159,-9.93332234445065));
#14679=CARTESIAN_POINT('Ctrl Pts',(12.4045649166139,0.133333334692428,-9.93332967027181));
#14680=CARTESIAN_POINT('Ctrl Pts',(12.4022824583153,0.133333333333331,-9.93333333333333));
#14681=CARTESIAN_POINT('Ctrl Pts',(12.4000000000041,0.133333333333331,-9.93333333333333));
#14682=CARTESIAN_POINT('Ctrl Pts',(12.4059915001099,0.0666666646285796,
-9.8666446889013));
#14683=CARTESIAN_POINT('Ctrl Pts',(12.403994302042,0.066666667346214,-9.86665934054362));
#14684=CARTESIAN_POINT('Ctrl Pts',(12.4019971510264,0.0666666666666654,
-9.86666666666667));
#14685=CARTESIAN_POINT('Ctrl Pts',(12.4000000000041,0.0666666666666654,
-9.86666666666667));
#14686=CARTESIAN_POINT('Ctrl Pts',(12.4051353901192,0.,-9.79996703335196));
#14687=CARTESIAN_POINT('Ctrl Pts',(12.4034236874702,0.,-9.79998901081542));
#14688=CARTESIAN_POINT('Ctrl Pts',(12.4017118437375,0.,-9.8));
#14689=CARTESIAN_POINT('Ctrl Pts',(12.4000000000041,0.,-9.8));
#14690=CARTESIAN_POINT('',(12.4000000000041,0.2,-10.));
#14691=CARTESIAN_POINT('',(12.4051353901192,0.,-9.79996703335196));
#14692=CARTESIAN_POINT('Origin',(12.7000000006859,0.1,-9.9));
#14693=CARTESIAN_POINT('Origin',(12.9050000000041,0.099874921777191,0.));
#14694=CARTESIAN_POINT('',(13.0100000000041,0.199749843554378,-9.4));
#14695=CARTESIAN_POINT('',(12.8000000000041,0.,9.4));
#14696=CARTESIAN_POINT('Ctrl Pts',(13.0100000000041,0.199749843554378,-9.4));
#14697=CARTESIAN_POINT('Ctrl Pts',(13.0100000000041,0.199749843554378,-9.55839234571074));
#14698=CARTESIAN_POINT('Ctrl Pts',(12.876619947376,0.19991388645628,-9.87320845898532));
#14699=CARTESIAN_POINT('Ctrl Pts',(12.5635251534644,0.199999499219226,-10.0000000000201));
#14700=CARTESIAN_POINT('Ctrl Pts',(12.4077037200914,0.199999993885739,-10.));
#14701=CARTESIAN_POINT('Ctrl Pts',(12.9400000000041,0.133166562369586,-9.4));
#14702=CARTESIAN_POINT('Ctrl Pts',(12.9400000000041,0.133166562369586,-9.54021617489147));
#14703=CARTESIAN_POINT('Ctrl Pts',(12.8227210784251,0.133275924304187,-9.81910758225752));
#14704=CARTESIAN_POINT('Ctrl Pts',(12.5453469900649,0.133332999479484,-9.93287786004521));
#14705=CARTESIAN_POINT('Ctrl Pts',(12.4068476101007,0.133333329257159,-9.93332234445065));
#14706=CARTESIAN_POINT('Ctrl Pts',(12.8700000000041,0.0665832811847928,
-9.4));
#14707=CARTESIAN_POINT('Ctrl Pts',(12.8700000000041,0.0665832811847928,
-9.52204000407221));
#14708=CARTESIAN_POINT('Ctrl Pts',(12.7688222094742,0.0666379621520935,
-9.76500670552973));
#14709=CARTESIAN_POINT('Ctrl Pts',(12.5271688266655,0.0666664997397418,
-9.86575572007033));
#14710=CARTESIAN_POINT('Ctrl Pts',(12.4059915001099,0.0666666646285796,
-9.8666446889013));
#14711=CARTESIAN_POINT('Ctrl Pts',(12.8000000000041,0.,-9.4));
#14712=CARTESIAN_POINT('Ctrl Pts',(12.8000000000041,0.,-9.50386383325294));
#14713=CARTESIAN_POINT('Ctrl Pts',(12.7149233405233,0.,-9.71090582880194));
#14714=CARTESIAN_POINT('Ctrl Pts',(12.5089906632661,0.,-9.79863358009544));
#14715=CARTESIAN_POINT('Ctrl Pts',(12.4051353901192,0.,-9.79996703335196));
#14716=CARTESIAN_POINT('Ctrl Pts',(12.4077037200914,0.199999993885739,10.));
#14717=CARTESIAN_POINT('Ctrl Pts',(12.5635251534644,0.199999499219226,10.0000000000201));
#14718=CARTESIAN_POINT('Ctrl Pts',(12.876619947376,0.19991388645628,9.87320845898532));
#14719=CARTESIAN_POINT('Ctrl Pts',(13.0100000000041,0.199749843554378,9.55839234571074));
#14720=CARTESIAN_POINT('Ctrl Pts',(13.0100000000041,0.199749843554378,9.4));
#14721=CARTESIAN_POINT('Ctrl Pts',(12.4068476101007,0.133333329257159,9.93332234445065));
#14722=CARTESIAN_POINT('Ctrl Pts',(12.5453469900649,0.133332999479484,9.93287786004521));
#14723=CARTESIAN_POINT('Ctrl Pts',(12.8227210784251,0.133275924304187,9.81910758225752));
#14724=CARTESIAN_POINT('Ctrl Pts',(12.9400000000041,0.133166562369585,9.54021617489147));
#14725=CARTESIAN_POINT('Ctrl Pts',(12.9400000000041,0.133166562369585,9.4));
#14726=CARTESIAN_POINT('Ctrl Pts',(12.4059915001099,0.0666666646285796,
9.8666446889013));
#14727=CARTESIAN_POINT('Ctrl Pts',(12.5271688266655,0.0666664997397419,
9.86575572007032));
#14728=CARTESIAN_POINT('Ctrl Pts',(12.7688222094742,0.0666379621520934,
9.76500670552973));
#14729=CARTESIAN_POINT('Ctrl Pts',(12.8700000000041,0.0665832811847927,
9.52204000407221));
#14730=CARTESIAN_POINT('Ctrl Pts',(12.8700000000041,0.0665832811847927,
9.4));
#14731=CARTESIAN_POINT('Ctrl Pts',(12.4051353901192,0.,9.79996703335196));
#14732=CARTESIAN_POINT('Ctrl Pts',(12.5089906632661,0.,9.79863358009544));
#14733=CARTESIAN_POINT('Ctrl Pts',(12.7149233405233,0.,9.71090582880193));
#14734=CARTESIAN_POINT('Ctrl Pts',(12.8000000000041,0.,9.50386383325294));
#14735=CARTESIAN_POINT('Ctrl Pts',(12.8000000000041,0.,9.4));
#14736=CARTESIAN_POINT('Origin',(20.1999999999399,3.20000000034639,0.));
#14737=CARTESIAN_POINT('',(18.8499999995236,0.200000000418342,-1.65327317935879E-16));
#14738=CARTESIAN_POINT('',(18.8499999995236,3.20000000034639,-1.65327317935879E-16));
#14739=CARTESIAN_POINT('',(21.5500000003563,0.200000000418343,-1.65327317935879E-16));
#14740=CARTESIAN_POINT('Origin',(20.1999999999399,0.200000000418342,0.));
#14741=CARTESIAN_POINT('Origin',(20.1999999999399,0.200000000418342,0.));
#14742=CARTESIAN_POINT('Origin',(20.1999999999399,0.100000000209171,0.));
#14743=CARTESIAN_POINT('',(21.7500000013976,0.,1.89820254046359E-16));
#14744=CARTESIAN_POINT('',(21.650000000877,0.100000000209171,-1.77573785991119E-16));
#14745=CARTESIAN_POINT('Origin',(20.1999999999399,0.,0.));
#14746=CARTESIAN_POINT('Origin',(4.44089209850063E-15,0.,-2.22044604925031E-15));
#14747=CARTESIAN_POINT('',(17.6000000000041,0.,9.8));
#14748=CARTESIAN_POINT('',(22.4000000013718,0.,9.8));
#14749=CARTESIAN_POINT('',(-12.7000000006859,0.,9.8));
#14750=CARTESIAN_POINT('',(17.5948646098889,0.,9.79996703335196));
#14751=CARTESIAN_POINT('Ctrl Pts',(17.5948646098889,0.,9.79996703335196));
#14752=CARTESIAN_POINT('Ctrl Pts',(17.596576312538,0.,9.79998901081542));
#14753=CARTESIAN_POINT('Ctrl Pts',(17.5982881562707,0.,9.8));
#14754=CARTESIAN_POINT('Ctrl Pts',(17.6000000000041,0.,9.8));
#14755=CARTESIAN_POINT('',(17.2000000000041,0.,9.4));
#14756=CARTESIAN_POINT('Ctrl Pts',(17.2000000000041,0.,9.4));
#14757=CARTESIAN_POINT('Ctrl Pts',(17.2000000000041,0.,9.50386383325294));
#14758=CARTESIAN_POINT('Ctrl Pts',(17.2850968164974,0.,9.71088592893469));
#14759=CARTESIAN_POINT('Ctrl Pts',(17.4910093367421,0.,9.79863358009544));
#14760=CARTESIAN_POINT('Ctrl Pts',(17.5948646098889,0.,9.79996703335196));
#14761=CARTESIAN_POINT('',(17.2000000000041,0.,-9.4));
#14762=CARTESIAN_POINT('',(17.2000000000041,0.,0.));
#14763=CARTESIAN_POINT('',(17.5948646098889,0.,-9.79996703335196));
#14764=CARTESIAN_POINT('Ctrl Pts',(17.5948646098889,0.,-9.79996703335196));
#14765=CARTESIAN_POINT('Ctrl Pts',(17.4910093367421,0.,-9.79863358009544));
#14766=CARTESIAN_POINT('Ctrl Pts',(17.2850968164974,0.,-9.71088592893469));
#14767=CARTESIAN_POINT('Ctrl Pts',(17.2000000000041,0.,-9.50386383325294));
#14768=CARTESIAN_POINT('Ctrl Pts',(17.2000000000041,0.,-9.4));
#14769=CARTESIAN_POINT('',(17.6000000000041,0.,-9.8));
#14770=CARTESIAN_POINT('Ctrl Pts',(17.6000000000041,0.,-9.8));
#14771=CARTESIAN_POINT('Ctrl Pts',(17.5982881562707,0.,-9.8));
#14772=CARTESIAN_POINT('Ctrl Pts',(17.596576312538,0.,-9.79998901081542));
#14773=CARTESIAN_POINT('Ctrl Pts',(17.5948646098889,0.,-9.79996703335196));
#14774=CARTESIAN_POINT('',(22.4000000013718,0.,-9.8));
#14775=CARTESIAN_POINT('',(12.7000000006859,0.,-9.8));
#14776=CARTESIAN_POINT('',(25.2000000013718,0.,-7.));
#14777=CARTESIAN_POINT('Origin',(22.4000000013718,0.,-7.));
#14778=CARTESIAN_POINT('',(25.2000000013718,0.,7.));
#14779=CARTESIAN_POINT('',(25.2000000013718,0.,5.));
#14780=CARTESIAN_POINT('Origin',(22.4000000013718,0.,7.));
#14781=CARTESIAN_POINT('Origin',(-25.4000000013718,0.,10.));
#14782=CARTESIAN_POINT('',(17.6000000000041,0.2,10.));
#14783=CARTESIAN_POINT('',(17.5922962799168,0.199999993879804,10.));
#14784=CARTESIAN_POINT('Ctrl Pts',(17.6000000000041,0.199999999999996,10.));
#14785=CARTESIAN_POINT('Ctrl Pts',(17.5974322344039,0.199999999999996,10.));
#14786=CARTESIAN_POINT('Ctrl Pts',(17.5948644688224,0.200000002038642,10.));
#14787=CARTESIAN_POINT('Ctrl Pts',(17.5922962799168,0.199999993885739,10.));
#14788=CARTESIAN_POINT('',(-12.7000000006859,0.2,10.));
#14789=CARTESIAN_POINT('Origin',(15.0000000000041,-3.86337485418932E-15,
10.));
#14790=CARTESIAN_POINT('Origin',(15.0000000000041,-3.86337485418932E-15,
9.4));
#14791=CARTESIAN_POINT('',(16.9900000000041,0.199749843554382,9.4));
#14792=CARTESIAN_POINT('Ctrl Pts',(17.5922962799168,0.199999993885739,10.));
#14793=CARTESIAN_POINT('Ctrl Pts',(17.4364748465438,0.199999499219226,10.0000000000201));
#14794=CARTESIAN_POINT('Ctrl Pts',(17.1234100305668,0.199913880586512,9.87317468854803));
#14795=CARTESIAN_POINT('Ctrl Pts',(16.9900000000041,0.199749843554378,9.55839234571074));
#14796=CARTESIAN_POINT('Ctrl Pts',(16.9900000000041,0.199749843554378,9.4));
#14797=CARTESIAN_POINT('Origin',(15.0000000000041,-3.86337485418932E-15,
9.4));
#14798=CARTESIAN_POINT('Origin',(15.0000000000041,-3.86337485418932E-15,
0.));
#14799=CARTESIAN_POINT('',(16.9900000000041,0.199749843554378,-9.4));
#14800=CARTESIAN_POINT('',(16.9900000000041,0.199749843554382,0.));
#14801=CARTESIAN_POINT('Origin',(15.0000000000041,-3.86337485418932E-15,
-9.4));
#14802=CARTESIAN_POINT('Origin',(15.0000000000041,-3.86337485418932E-15,
-9.4));
#14803=CARTESIAN_POINT('Ctrl Pts',(16.9900000000041,0.199749843554378,-9.4));
#14804=CARTESIAN_POINT('Ctrl Pts',(16.9900000000041,0.199749843554378,-9.55839234571074));
#14805=CARTESIAN_POINT('Ctrl Pts',(17.1234100305668,0.199913880586512,-9.87317468854803));
#14806=CARTESIAN_POINT('Ctrl Pts',(17.4364748465438,0.199999499219226,-10.0000000000201));
#14807=CARTESIAN_POINT('Ctrl Pts',(17.5922962799168,0.199999993885739,-10.));
#14808=CARTESIAN_POINT('Ctrl Pts',(17.6000000000041,0.199999999999996,-10.));
#14809=CARTESIAN_POINT('Ctrl Pts',(17.5974322344039,0.199999999999996,-10.));
#14810=CARTESIAN_POINT('Ctrl Pts',(17.5948644688224,0.200000002038642,-10.));
#14811=CARTESIAN_POINT('Ctrl Pts',(17.5922962799168,0.199999993885739,-10.));
#14812=CARTESIAN_POINT('Ctrl Pts',(17.6000000000041,0.133333333333331,-9.93333333333333));
#14813=CARTESIAN_POINT('Ctrl Pts',(17.5977175416928,0.133333333333331,-9.93333333333333));
#14814=CARTESIAN_POINT('Ctrl Pts',(17.5954350833943,0.133333334692428,-9.93332967027181));
#14815=CARTESIAN_POINT('Ctrl Pts',(17.5931523899075,0.133333329257159,-9.93332234445065));
#14816=CARTESIAN_POINT('Ctrl Pts',(17.6000000000041,0.0666666666666654,
-9.86666666666667));
#14817=CARTESIAN_POINT('Ctrl Pts',(17.5980028489817,0.0666666666666654,
-9.86666666666667));
#14818=CARTESIAN_POINT('Ctrl Pts',(17.5960056979661,0.066666667346214,-9.86665934054362));
#14819=CARTESIAN_POINT('Ctrl Pts',(17.5940084998982,0.0666666646285796,
-9.8666446889013));
#14820=CARTESIAN_POINT('Ctrl Pts',(17.6000000000041,0.,-9.8));
#14821=CARTESIAN_POINT('Ctrl Pts',(17.5982881562707,0.,-9.8));
#14822=CARTESIAN_POINT('Ctrl Pts',(17.596576312538,0.,-9.79998901081542));
#14823=CARTESIAN_POINT('Ctrl Pts',(17.5948646098889,0.,-9.79996703335196));
#14824=CARTESIAN_POINT('',(17.5922962799168,0.199999993879804,-10.));
#14825=CARTESIAN_POINT('',(17.6000000000041,0.,-9.8));
#14826=CARTESIAN_POINT('Ctrl Pts',(17.5922962799168,0.199999993885739,10.));
#14827=CARTESIAN_POINT('Ctrl Pts',(17.5948644688224,0.200000002038642,10.));
#14828=CARTESIAN_POINT('Ctrl Pts',(17.5974322344039,0.199999999999996,10.));
#14829=CARTESIAN_POINT('Ctrl Pts',(17.6000000000041,0.199999999999996,10.));
#14830=CARTESIAN_POINT('Ctrl Pts',(17.5931523899075,0.133333329257159,9.93332234445066));
#14831=CARTESIAN_POINT('Ctrl Pts',(17.5954350833943,0.133333334692428,9.93332967027181));
#14832=CARTESIAN_POINT('Ctrl Pts',(17.5977175416928,0.133333333333331,9.93333333333334));
#14833=CARTESIAN_POINT('Ctrl Pts',(17.6000000000041,0.133333333333331,9.93333333333334));
#14834=CARTESIAN_POINT('Ctrl Pts',(17.5940084998982,0.0666666646285796,
9.86664468890131));
#14835=CARTESIAN_POINT('Ctrl Pts',(17.5960056979661,0.066666667346214,9.86665934054362));
#14836=CARTESIAN_POINT('Ctrl Pts',(17.5980028489817,0.0666666666666654,
9.86666666666667));
#14837=CARTESIAN_POINT('Ctrl Pts',(17.6000000000041,0.0666666666666654,
9.86666666666667));
#14838=CARTESIAN_POINT('Ctrl Pts',(17.5948646098889,0.,9.79996703335196));
#14839=CARTESIAN_POINT('Ctrl Pts',(17.596576312538,0.,9.79998901081542));
#14840=CARTESIAN_POINT('Ctrl Pts',(17.5982881562707,0.,9.8));
#14841=CARTESIAN_POINT('Ctrl Pts',(17.6000000000041,0.,9.8));
#14842=CARTESIAN_POINT('',(17.6000000000041,0.2,10.));
#14843=CARTESIAN_POINT('',(17.5948646098889,0.,9.79996703335196));
#14844=CARTESIAN_POINT('Origin',(12.7000000006859,0.1,-9.9));
#14845=CARTESIAN_POINT('',(22.4000000013718,0.,-9.8));
#14846=CARTESIAN_POINT('Origin',(22.4000000013718,0.1,-7.));
#14847=CARTESIAN_POINT('',(25.2000000013718,0.,-7.));
#14848=CARTESIAN_POINT('Origin',(25.3000000013718,0.1,5.));
#14849=CARTESIAN_POINT('',(25.2000000013718,0.,7.));
#14850=CARTESIAN_POINT('Origin',(22.4000000013718,0.1,7.));
#14851=CARTESIAN_POINT('',(22.4000000013718,0.,9.8));
#14852=CARTESIAN_POINT('Origin',(-12.7000000006859,0.1,9.9));
#14853=CARTESIAN_POINT('Ctrl Pts',(16.9900000000041,0.199749843554378,9.4));
#14854=CARTESIAN_POINT('Ctrl Pts',(16.9900000000041,0.199749843554378,9.55839234571074));
#14855=CARTESIAN_POINT('Ctrl Pts',(17.1234100305668,0.199913880586512,9.87317468854803));
#14856=CARTESIAN_POINT('Ctrl Pts',(17.4364748465438,0.199999499219226,10.0000000000201));
#14857=CARTESIAN_POINT('Ctrl Pts',(17.5922962799168,0.199999993885739,10.));
#14858=CARTESIAN_POINT('Ctrl Pts',(17.0600000000041,0.133166562369586,9.4));
#14859=CARTESIAN_POINT('Ctrl Pts',(17.0600000000041,0.133166562369586,9.54021617489147));
#14860=CARTESIAN_POINT('Ctrl Pts',(17.177305625877,0.133275920391008,9.81907843534358));
#14861=CARTESIAN_POINT('Ctrl Pts',(17.4546530099432,0.133332999479484,9.93287786004521));
#14862=CARTESIAN_POINT('Ctrl Pts',(17.5931523899075,0.133333329257159,9.93332234445065));
#14863=CARTESIAN_POINT('Ctrl Pts',(17.1300000000041,0.0665832811847928,
9.4));
#14864=CARTESIAN_POINT('Ctrl Pts',(17.1300000000041,0.0665832811847928,
9.52204000407221));
#14865=CARTESIAN_POINT('Ctrl Pts',(17.2312012211872,0.0666379601955041,
9.76498218213914));
#14866=CARTESIAN_POINT('Ctrl Pts',(17.4728311733427,0.0666664997397418,
9.86575572007033));
#14867=CARTESIAN_POINT('Ctrl Pts',(17.5940084998982,0.0666666646285796,
9.8666446889013));
#14868=CARTESIAN_POINT('Ctrl Pts',(17.2000000000041,0.,9.4));
#14869=CARTESIAN_POINT('Ctrl Pts',(17.2000000000041,0.,9.50386383325294));
#14870=CARTESIAN_POINT('Ctrl Pts',(17.2850968164974,0.,9.71088592893469));
#14871=CARTESIAN_POINT('Ctrl Pts',(17.4910093367421,0.,9.79863358009544));
#14872=CARTESIAN_POINT('Ctrl Pts',(17.5948646098889,0.,9.79996703335196));
#14873=CARTESIAN_POINT('',(17.2000000000041,0.,9.4));
#14874=CARTESIAN_POINT('Origin',(17.0950000000041,0.099874921777191,0.));
#14875=CARTESIAN_POINT('',(17.2000000000041,0.,-9.4));
#14876=CARTESIAN_POINT('Ctrl Pts',(17.5922962799168,0.199999993885739,-10.));
#14877=CARTESIAN_POINT('Ctrl Pts',(17.4364748465438,0.199999499219226,-10.0000000000201));
#14878=CARTESIAN_POINT('Ctrl Pts',(17.1234100305668,0.199913880586512,-9.87317468854803));
#14879=CARTESIAN_POINT('Ctrl Pts',(16.9900000000041,0.199749843554378,-9.55839234571074));
#14880=CARTESIAN_POINT('Ctrl Pts',(16.9900000000041,0.199749843554378,-9.4));
#14881=CARTESIAN_POINT('Ctrl Pts',(17.5931523899075,0.133333329257159,-9.93332234445065));
#14882=CARTESIAN_POINT('Ctrl Pts',(17.4546530099432,0.133332999479484,-9.93287786004521));
#14883=CARTESIAN_POINT('Ctrl Pts',(17.177305625877,0.133275920391008,-9.81907843534358));
#14884=CARTESIAN_POINT('Ctrl Pts',(17.0600000000041,0.133166562369585,-9.54021617489147));
#14885=CARTESIAN_POINT('Ctrl Pts',(17.0600000000041,0.133166562369585,-9.4));
#14886=CARTESIAN_POINT('Ctrl Pts',(17.5940084998982,0.0666666646285796,
-9.8666446889013));
#14887=CARTESIAN_POINT('Ctrl Pts',(17.4728311733427,0.0666664997397419,
-9.86575572007032));
#14888=CARTESIAN_POINT('Ctrl Pts',(17.2312012211872,0.0666379601955041,
-9.76498218213914));
#14889=CARTESIAN_POINT('Ctrl Pts',(17.1300000000041,0.0665832811847927,
-9.52204000407221));
#14890=CARTESIAN_POINT('Ctrl Pts',(17.1300000000041,0.0665832811847927,
-9.4));
#14891=CARTESIAN_POINT('Ctrl Pts',(17.5948646098889,0.,-9.79996703335196));
#14892=CARTESIAN_POINT('Ctrl Pts',(17.4910093367421,0.,-9.79863358009544));
#14893=CARTESIAN_POINT('Ctrl Pts',(17.2850968164974,0.,-9.71088592893469));
#14894=CARTESIAN_POINT('Ctrl Pts',(17.2000000000041,0.,-9.50386383325294));
#14895=CARTESIAN_POINT('Ctrl Pts',(17.2000000000041,0.,-9.4));
#14896=CARTESIAN_POINT('',(0.,0.,0.));
#14897=CARTESIAN_POINT('',(0.,0.,0.));
#14898=CARTESIAN_POINT('Origin',(20.1999999999399,-5.90000000001298,0.));
#14899=CARTESIAN_POINT('',(23.4000000014776,-6.00000000001298,3.91886975915462E-16));
#14900=CARTESIAN_POINT('Origin',(20.1999999999399,-6.00000000001298,0.));
#14901=CARTESIAN_POINT('',(23.2000000014776,-5.80000000001297,-3.67394039932515E-16));
#14902=CARTESIAN_POINT('',(23.3000000014776,-5.90000000001298,3.79640507923988E-16));
#14903=CARTESIAN_POINT('',(17.1999999984023,-5.80000000001297,-3.67394039932515E-16));
#14904=CARTESIAN_POINT('Origin',(20.1999999999399,-5.80000000001297,0.));
#14905=CARTESIAN_POINT('Origin',(20.1999999999399,-5.80000000001297,0.));
#14906=CARTESIAN_POINT('Origin',(2.22044604925031E-15,-6.00000000001298,
2.22044604925031E-15));
#14907=CARTESIAN_POINT('',(-22.4000000013718,-6.00000000001298,9.));
#14908=CARTESIAN_POINT('',(22.4000000013718,-6.00000000001298,9.));
#14909=CARTESIAN_POINT('',(-12.7000000006859,-6.00000000001298,9.));
#14910=CARTESIAN_POINT('',(-24.4000000013718,-6.00000000001298,7.));
#14911=CARTESIAN_POINT('Origin',(-22.4000000013718,-6.00000000001298,7.));
#14912=CARTESIAN_POINT('',(-24.4000000013718,-6.00000000001298,-7.));
#14913=CARTESIAN_POINT('',(-24.4000000013718,-6.00000000001298,-5.));
#14914=CARTESIAN_POINT('',(-22.4000000013718,-6.00000000001298,-9.));
#14915=CARTESIAN_POINT('Origin',(-22.4000000013718,-6.00000000001298,-7.));
#14916=CARTESIAN_POINT('',(22.4000000013718,-6.00000000001298,-9.));
#14917=CARTESIAN_POINT('',(12.7000000006859,-6.00000000001298,-9.));
#14918=CARTESIAN_POINT('',(24.4000000013718,-6.00000000001298,-7.));
#14919=CARTESIAN_POINT('Origin',(22.4000000013718,-6.00000000001298,-7.));
#14920=CARTESIAN_POINT('',(24.4000000013719,-6.00000000001298,7.));
#14921=CARTESIAN_POINT('',(24.4000000013718,-6.00000000001298,5.));
#14922=CARTESIAN_POINT('Origin',(22.4000000013718,-6.00000000001298,7.));
#14923=CARTESIAN_POINT('',(-17.0000000000062,-6.00000000001298,3.91886975810796E-16));
#14924=CARTESIAN_POINT('Origin',(-20.2000000006892,-6.00000000001298,0.));
#14925=CARTESIAN_POINT('Origin',(20.1999999999399,-4.80000000010493,0.));
#14926=CARTESIAN_POINT('',(17.1999999984023,-3.60000000019688,-3.67394039932515E-16));
#14927=CARTESIAN_POINT('Origin',(20.1999999999399,-3.60000000019688,0.));
#14928=CARTESIAN_POINT('',(17.1999999984023,-4.80000000010493,-3.67394039932515E-16));
#14929=CARTESIAN_POINT('Origin',(-20.2000000006892,-5.89999999869411,0.));
#14930=CARTESIAN_POINT('',(-17.2000000000183,-5.79999999755673,-3.67394039826366E-16));
#14931=CARTESIAN_POINT('',(-17.1000000000122,-5.89999999878486,3.79640507818581E-16));
#14932=CARTESIAN_POINT('',(-23.2000000013601,-5.79999999719373,-3.67394039826366E-16));
#14933=CARTESIAN_POINT('Origin',(-20.2000000006892,-5.79999999737523,0.));
#14934=CARTESIAN_POINT('Origin',(-20.2000000006892,-5.79999999737523,0.));
#14935=CARTESIAN_POINT('Origin',(-20.2000000006287,-4.80000000035732,0.));
#14936=CARTESIAN_POINT('',(-23.200000001227,-3.59999999978546,-3.67394039826366E-16));
#14937=CARTESIAN_POINT('Origin',(-20.2000000005561,-3.59999999996696,0.));
#14938=CARTESIAN_POINT('',(-23.2000000012996,-4.80000000017583,-3.67394039826366E-16));
#14939=CARTESIAN_POINT('Origin',(20.1999999999399,-0.0999999997933948,0.));
#14940=CARTESIAN_POINT('',(22.0000000015191,0.,-2.20436424039921E-16));
#14941=CARTESIAN_POINT('Origin',(20.1999999999399,0.,0.));
#14942=CARTESIAN_POINT('',(21.8000000014788,-0.199999999586789,1.95943488052031E-16));
#14943=CARTESIAN_POINT('',(21.900000001499,-0.0999999997933945,-2.08189956045976E-16));
#14944=CARTESIAN_POINT('',(18.5999999984011,-0.19999999958679,-1.95943488052031E-16));
#14945=CARTESIAN_POINT('Origin',(20.1999999999399,-0.19999999958679,0.));
#14946=CARTESIAN_POINT('Origin',(20.1999999999399,-0.19999999958679,0.));
#14947=CARTESIAN_POINT('Origin',(4.44089209850063E-15,0.,-2.22044604925031E-15));
#14948=CARTESIAN_POINT('',(22.4000000013718,0.,9.8));
#14949=CARTESIAN_POINT('',(17.6000000000041,0.,9.8));
#14950=CARTESIAN_POINT('',(-12.7000000006859,0.,9.8));
#14951=CARTESIAN_POINT('',(25.2000000013718,0.,7.));
#14952=CARTESIAN_POINT('Origin',(22.4000000013718,0.,7.));
#14953=CARTESIAN_POINT('',(25.2000000013718,0.,-7.));
#14954=CARTESIAN_POINT('',(25.2000000013718,0.,5.));
#14955=CARTESIAN_POINT('',(22.4000000013718,0.,-9.8));
#14956=CARTESIAN_POINT('Origin',(22.4000000013718,0.,-7.));
#14957=CARTESIAN_POINT('',(17.6000000000041,0.,-9.8));
#14958=CARTESIAN_POINT('',(12.7000000006859,0.,-9.8));
#14959=CARTESIAN_POINT('',(17.5948646098889,0.,-9.79996703335196));
#14960=CARTESIAN_POINT('Ctrl Pts',(17.5948646098889,0.,-9.79996703335196));
#14961=CARTESIAN_POINT('Ctrl Pts',(17.596576312538,0.,-9.79998901081542));
#14962=CARTESIAN_POINT('Ctrl Pts',(17.5982881562707,0.,-9.8));
#14963=CARTESIAN_POINT('Ctrl Pts',(17.6000000000041,0.,-9.8));
#14964=CARTESIAN_POINT('',(17.2000000000041,0.,-9.4));
#14965=CARTESIAN_POINT('Ctrl Pts',(17.2000000000041,0.,-9.4));
#14966=CARTESIAN_POINT('Ctrl Pts',(17.2000000000041,0.,-9.50386383325294));
#14967=CARTESIAN_POINT('Ctrl Pts',(17.2850968164974,0.,-9.71088592893469));
#14968=CARTESIAN_POINT('Ctrl Pts',(17.4910093367421,0.,-9.79863358009544));
#14969=CARTESIAN_POINT('Ctrl Pts',(17.5948646098889,0.,-9.79996703335196));
#14970=CARTESIAN_POINT('',(17.2000000000041,0.,9.4));
#14971=CARTESIAN_POINT('',(17.2000000000041,0.,0.));
#14972=CARTESIAN_POINT('',(17.5948646098889,0.,9.79996703335196));
#14973=CARTESIAN_POINT('Ctrl Pts',(17.5948646098889,0.,9.79996703335196));
#14974=CARTESIAN_POINT('Ctrl Pts',(17.4910093367421,0.,9.79863358009544));
#14975=CARTESIAN_POINT('Ctrl Pts',(17.2850968164974,0.,9.71088592893469));
#14976=CARTESIAN_POINT('Ctrl Pts',(17.2000000000041,0.,9.50386383325294));
#14977=CARTESIAN_POINT('Ctrl Pts',(17.2000000000041,0.,9.4));
#14978=CARTESIAN_POINT('Ctrl Pts',(17.6000000000041,0.,9.8));
#14979=CARTESIAN_POINT('Ctrl Pts',(17.5982881562707,0.,9.8));
#14980=CARTESIAN_POINT('Ctrl Pts',(17.596576312538,0.,9.79998901081542));
#14981=CARTESIAN_POINT('Ctrl Pts',(17.5948646098889,0.,9.79996703335196));
#14982=CARTESIAN_POINT('Origin',(20.1999999999399,-1.79999999989184,0.));
#14983=CARTESIAN_POINT('',(18.5999999984011,-3.60000000019688,-1.95943488052031E-16));
#14984=CARTESIAN_POINT('',(18.5999999984011,-1.79999999989184,-1.95943488052031E-16));
#14985=CARTESIAN_POINT('Origin',(20.1999999999399,-3.60000000019688,0.));
#14986=CARTESIAN_POINT('Ctrl Pts',(17.5948646098889,0.,-9.79996703335196));
#14987=CARTESIAN_POINT('Ctrl Pts',(17.4910093367421,0.,-9.79863358009544));
#14988=CARTESIAN_POINT('Ctrl Pts',(17.2850968164974,0.,-9.71088592893469));
#14989=CARTESIAN_POINT('Ctrl Pts',(17.2000000000041,0.,-9.50386383325294));
#14990=CARTESIAN_POINT('Ctrl Pts',(17.2000000000041,0.,-9.4));
#14991=CARTESIAN_POINT('Ctrl Pts',(17.5940084998982,-0.0666666646285822,
-9.8666446889013));
#14992=CARTESIAN_POINT('Ctrl Pts',(17.4728311733427,-0.0666664997397444,
-9.86575572007032));
#14993=CARTESIAN_POINT('Ctrl Pts',(17.2312012211872,-0.0666379601955067,
-9.76498218213914));
#14994=CARTESIAN_POINT('Ctrl Pts',(17.1300000000041,-0.0665832811847952,
-9.52204000407221));
#14995=CARTESIAN_POINT('Ctrl Pts',(17.1300000000041,-0.0665832811847952,
-9.4));
#14996=CARTESIAN_POINT('Ctrl Pts',(17.5931523899075,-0.133333329257164,
-9.93332234445065));
#14997=CARTESIAN_POINT('Ctrl Pts',(17.4546530099432,-0.133332999479489,
-9.93287786004521));
#14998=CARTESIAN_POINT('Ctrl Pts',(17.177305625877,-0.133275920391013,-9.81907843534358));
#14999=CARTESIAN_POINT('Ctrl Pts',(17.0600000000041,-0.13316656236959,-9.54021617489147));
#15000=CARTESIAN_POINT('Ctrl Pts',(17.0600000000041,-0.13316656236959,-9.4));
#15001=CARTESIAN_POINT('Ctrl Pts',(17.5922962799168,-0.199999993885747,
-10.));
#15002=CARTESIAN_POINT('Ctrl Pts',(17.4364748465438,-0.199999499219233,
-10.0000000000201));
#15003=CARTESIAN_POINT('Ctrl Pts',(17.1234100305668,-0.19991388058652,-9.87317468854803));
#15004=CARTESIAN_POINT('Ctrl Pts',(16.9900000000041,-0.199749843554386,
-9.55839234571074));
#15005=CARTESIAN_POINT('Ctrl Pts',(16.9900000000041,-0.199749843554386,
-9.4));
#15006=CARTESIAN_POINT('',(17.5922962799168,-0.199999993879812,-10.));
#15007=CARTESIAN_POINT('',(17.5948646098889,0.,-9.79996703335196));
#15008=CARTESIAN_POINT('',(16.9900000000041,-0.199749843554386,-9.4));
#15009=CARTESIAN_POINT('Ctrl Pts',(17.5922962799168,-0.199999993885747,
-10.));
#15010=CARTESIAN_POINT('Ctrl Pts',(17.4364748465438,-0.199999499219233,
-10.0000000000201));
#15011=CARTESIAN_POINT('Ctrl Pts',(17.1234100305668,-0.19991388058652,-9.87317468854803));
#15012=CARTESIAN_POINT('Ctrl Pts',(16.9900000000041,-0.199749843554386,
-9.55839234571074));
#15013=CARTESIAN_POINT('Ctrl Pts',(16.9900000000041,-0.199749843554386,
-9.4));
#15014=CARTESIAN_POINT('',(16.9900000000041,-0.199749843554386,-9.4));
#15015=CARTESIAN_POINT('Origin',(17.0950000000041,-0.0998749217771909,0.));
#15016=CARTESIAN_POINT('',(16.9900000000041,-0.199749843554382,9.4));
#15017=CARTESIAN_POINT('',(16.9900000000041,-0.199749843554382,9.4));
#15018=CARTESIAN_POINT('',(16.9900000000041,-0.199749843554382,0.));
#15019=CARTESIAN_POINT('Ctrl Pts',(17.2000000000041,0.,9.4));
#15020=CARTESIAN_POINT('Ctrl Pts',(17.2000000000041,0.,9.50386383325294));
#15021=CARTESIAN_POINT('Ctrl Pts',(17.2850968164974,0.,9.71088592893469));
#15022=CARTESIAN_POINT('Ctrl Pts',(17.4910093367421,0.,9.79863358009544));
#15023=CARTESIAN_POINT('Ctrl Pts',(17.5948646098889,0.,9.79996703335196));
#15024=CARTESIAN_POINT('Ctrl Pts',(17.1300000000041,-0.0665832811847953,
9.4));
#15025=CARTESIAN_POINT('Ctrl Pts',(17.1300000000041,-0.0665832811847953,
9.52204000407221));
#15026=CARTESIAN_POINT('Ctrl Pts',(17.2312012211872,-0.0666379601955066,
9.76498218213914));
#15027=CARTESIAN_POINT('Ctrl Pts',(17.4728311733427,-0.0666664997397444,
9.86575572007033));
#15028=CARTESIAN_POINT('Ctrl Pts',(17.5940084998982,-0.0666666646285822,
9.8666446889013));
#15029=CARTESIAN_POINT('Ctrl Pts',(17.0600000000041,-0.133166562369591,
9.4));
#15030=CARTESIAN_POINT('Ctrl Pts',(17.0600000000041,-0.133166562369591,
9.54021617489147));
#15031=CARTESIAN_POINT('Ctrl Pts',(17.177305625877,-0.133275920391013,9.81907843534358));
#15032=CARTESIAN_POINT('Ctrl Pts',(17.4546530099432,-0.133332999479489,
9.93287786004521));
#15033=CARTESIAN_POINT('Ctrl Pts',(17.5931523899075,-0.133333329257164,
9.93332234445065));
#15034=CARTESIAN_POINT('Ctrl Pts',(16.9900000000041,-0.199749843554386,
9.4));
#15035=CARTESIAN_POINT('Ctrl Pts',(16.9900000000041,-0.199749843554386,
9.55839234571074));
#15036=CARTESIAN_POINT('Ctrl Pts',(17.1234100305668,-0.19991388058652,9.87317468854802));
#15037=CARTESIAN_POINT('Ctrl Pts',(17.4364748465438,-0.199999499219233,
10.0000000000201));
#15038=CARTESIAN_POINT('Ctrl Pts',(17.5922962799168,-0.199999993885747,
10.));
#15039=CARTESIAN_POINT('',(17.5922962799168,-0.199999993879811,10.));
#15040=CARTESIAN_POINT('',(17.5922962799168,-0.199999993879811,10.));
#15041=CARTESIAN_POINT('Ctrl Pts',(16.9900000000041,-0.199749843554386,
9.4));
#15042=CARTESIAN_POINT('Ctrl Pts',(16.9900000000041,-0.199749843554386,
9.55839234571074));
#15043=CARTESIAN_POINT('Ctrl Pts',(17.1234100305668,-0.19991388058652,9.87317468854802));
#15044=CARTESIAN_POINT('Ctrl Pts',(17.4364748465438,-0.199999499219233,
10.0000000000201));
#15045=CARTESIAN_POINT('Ctrl Pts',(17.5922962799168,-0.199999993885747,
10.));
#15046=CARTESIAN_POINT('Origin',(-12.7000000006859,-0.1,9.9));
#15047=CARTESIAN_POINT('',(22.4000000013718,-0.2,10.));
#15048=CARTESIAN_POINT('',(22.4000000013718,-0.2,10.));
#15049=CARTESIAN_POINT('',(17.6000000000041,-0.2,10.));
#15050=CARTESIAN_POINT('',(17.6000000000041,0.,9.8));
#15051=CARTESIAN_POINT('',(-12.7000000006859,-0.2,10.));
#15052=CARTESIAN_POINT('Origin',(22.4000000013718,-0.1,7.));
#15053=CARTESIAN_POINT('',(25.4000000013718,-0.2,7.));
#15054=CARTESIAN_POINT('',(25.4000000013718,-0.2,7.));
#15055=CARTESIAN_POINT('Origin',(22.4000000013718,-0.2,7.));
#15056=CARTESIAN_POINT('Origin',(25.3000000013718,-0.1,5.));
#15057=CARTESIAN_POINT('',(25.4000000013718,-0.2,-7.));
#15058=CARTESIAN_POINT('',(25.4000000013718,-0.2,-7.));
#15059=CARTESIAN_POINT('',(25.4000000013718,-0.2,5.));
#15060=CARTESIAN_POINT('Origin',(22.4000000013718,-0.1,-7.));
#15061=CARTESIAN_POINT('',(22.4000000013718,-0.2,-10.));
#15062=CARTESIAN_POINT('',(22.4000000013718,-0.2,-10.));
#15063=CARTESIAN_POINT('Origin',(22.4000000013718,-0.2,-7.));
#15064=CARTESIAN_POINT('Origin',(12.7000000006859,-0.1,-9.9));
#15065=CARTESIAN_POINT('',(17.6000000000041,-0.2,-10.));
#15066=CARTESIAN_POINT('',(17.6000000000041,-0.2,-10.));
#15067=CARTESIAN_POINT('',(12.7000000006859,-0.2,-10.));
#15068=CARTESIAN_POINT('Ctrl Pts',(17.5948646098889,0.,9.79996703335196));
#15069=CARTESIAN_POINT('Ctrl Pts',(17.596576312538,0.,9.79998901081542));
#15070=CARTESIAN_POINT('Ctrl Pts',(17.5982881562707,0.,9.8));
#15071=CARTESIAN_POINT('Ctrl Pts',(17.6000000000041,0.,9.8));
#15072=CARTESIAN_POINT('Ctrl Pts',(17.5940084998982,-0.0666666646285822,
9.86664468890131));
#15073=CARTESIAN_POINT('Ctrl Pts',(17.5960056979661,-0.0666666673462166,
9.86665934054362));
#15074=CARTESIAN_POINT('Ctrl Pts',(17.5980028489817,-0.066666666666668,
9.86666666666667));
#15075=CARTESIAN_POINT('Ctrl Pts',(17.6000000000041,-0.066666666666668,
9.86666666666667));
#15076=CARTESIAN_POINT('Ctrl Pts',(17.5931523899075,-0.133333329257164,
9.93332234445066));
#15077=CARTESIAN_POINT('Ctrl Pts',(17.5954350833943,-0.133333334692433,
9.93332967027181));
#15078=CARTESIAN_POINT('Ctrl Pts',(17.5977175416928,-0.133333333333336,
9.93333333333334));
#15079=CARTESIAN_POINT('Ctrl Pts',(17.6000000000041,-0.133333333333336,
9.93333333333334));
#15080=CARTESIAN_POINT('Ctrl Pts',(17.5922962799168,-0.199999993885747,
10.));
#15081=CARTESIAN_POINT('Ctrl Pts',(17.5948644688224,-0.20000000203865,10.));
#15082=CARTESIAN_POINT('Ctrl Pts',(17.5974322344039,-0.200000000000004,
10.));
#15083=CARTESIAN_POINT('Ctrl Pts',(17.6000000000041,-0.200000000000004,
10.));
#15084=CARTESIAN_POINT('Ctrl Pts',(17.5922962799168,-0.199999993885747,
10.));
#15085=CARTESIAN_POINT('Ctrl Pts',(17.5948644688224,-0.20000000203865,10.));
#15086=CARTESIAN_POINT('Ctrl Pts',(17.5974322344039,-0.200000000000004,
10.));
#15087=CARTESIAN_POINT('Ctrl Pts',(17.6000000000041,-0.200000000000004,
10.));
#15088=CARTESIAN_POINT('Ctrl Pts',(17.6000000000041,0.,-9.8));
#15089=CARTESIAN_POINT('Ctrl Pts',(17.5982881562707,0.,-9.8));
#15090=CARTESIAN_POINT('Ctrl Pts',(17.596576312538,0.,-9.79998901081542));
#15091=CARTESIAN_POINT('Ctrl Pts',(17.5948646098889,0.,-9.79996703335196));
#15092=CARTESIAN_POINT('Ctrl Pts',(17.6000000000041,-0.066666666666668,
-9.86666666666667));
#15093=CARTESIAN_POINT('Ctrl Pts',(17.5980028489817,-0.066666666666668,
-9.86666666666667));
#15094=CARTESIAN_POINT('Ctrl Pts',(17.5960056979661,-0.0666666673462166,
-9.86665934054362));
#15095=CARTESIAN_POINT('Ctrl Pts',(17.5940084998982,-0.0666666646285822,
-9.8666446889013));
#15096=CARTESIAN_POINT('Ctrl Pts',(17.6000000000041,-0.133333333333336,
-9.93333333333333));
#15097=CARTESIAN_POINT('Ctrl Pts',(17.5977175416928,-0.133333333333336,
-9.93333333333333));
#15098=CARTESIAN_POINT('Ctrl Pts',(17.5954350833943,-0.133333334692433,
-9.93332967027181));
#15099=CARTESIAN_POINT('Ctrl Pts',(17.5931523899075,-0.133333329257164,
-9.93332234445065));
#15100=CARTESIAN_POINT('Ctrl Pts',(17.6000000000041,-0.200000000000004,
-10.));
#15101=CARTESIAN_POINT('Ctrl Pts',(17.5974322344039,-0.200000000000004,
-10.));
#15102=CARTESIAN_POINT('Ctrl Pts',(17.5948644688224,-0.20000000203865,-10.));
#15103=CARTESIAN_POINT('Ctrl Pts',(17.5922962799168,-0.199999993885747,
-10.));
#15104=CARTESIAN_POINT('Ctrl Pts',(17.6000000000041,-0.200000000000004,
-10.));
#15105=CARTESIAN_POINT('Ctrl Pts',(17.5974322344039,-0.200000000000004,
-10.));
#15106=CARTESIAN_POINT('Ctrl Pts',(17.5948644688224,-0.20000000203865,-10.));
#15107=CARTESIAN_POINT('Ctrl Pts',(17.5922962799168,-0.199999993885747,
-10.));
#15108=CARTESIAN_POINT('Origin',(25.4000000013718,0.,-10.));
#15109=CARTESIAN_POINT('',(22.4000000013718,-5.00000000001298,-10.));
#15110=CARTESIAN_POINT('',(22.4000000013718,0.,-10.));
#15111=CARTESIAN_POINT('',(-22.4000000013718,-5.00000000001298,-10.));
#15112=CARTESIAN_POINT('',(12.7000000006859,-5.00000000001298,-10.));
#15113=CARTESIAN_POINT('',(-22.4000000013718,-0.2,-10.));
#15114=CARTESIAN_POINT('',(-22.4000000013718,0.,-10.));
#15115=CARTESIAN_POINT('',(-17.6000000000023,-0.2,-10.));
#15116=CARTESIAN_POINT('',(12.7000000006859,-0.2,-10.));
#15117=CARTESIAN_POINT('',(-17.592296279915,-0.199999993879804,-10.));
#15118=CARTESIAN_POINT('Ctrl Pts',(-17.592296279915,-0.199999993885739,
-10.));
#15119=CARTESIAN_POINT('Ctrl Pts',(-17.5948644688206,-0.200000002038642,
-10.));
#15120=CARTESIAN_POINT('Ctrl Pts',(-17.5974322344022,-0.199999999999996,
-10.));
#15121=CARTESIAN_POINT('Ctrl Pts',(-17.6000000000023,-0.199999999999996,
-10.));
#15122=CARTESIAN_POINT('',(-16.6712477851554,-1.99171555213608,-10.));
#15123=CARTESIAN_POINT('Origin',(-15.0000000000023,3.86337485418112E-15,
-10.));
#15124=CARTESIAN_POINT('',(-15.5887965312869,-2.90000000000462,-10.));
#15125=CARTESIAN_POINT('',(-4.81740119000894,-11.9382738578419,-10.));
#15126=CARTESIAN_POINT('',(-14.4112034686751,-2.89999999997329,-10.));
#15127=CARTESIAN_POINT('',(5.01479280536274,-2.89999999945634,-10.));
#15128=CARTESIAN_POINT('',(-13.3287522148284,-1.99171555210913,-10.));
#15129=CARTESIAN_POINT('',(-1.93248603422595,7.57088719676988,-10.));
#15130=CARTESIAN_POINT('',(-12.4077037200896,-0.199999993879804,-10.));
#15131=CARTESIAN_POINT('Origin',(-15.0000000000023,3.86337485418112E-15,
-10.));
#15132=CARTESIAN_POINT('',(-12.4000000000023,-0.2,-10.));
#15133=CARTESIAN_POINT('Ctrl Pts',(-12.4000000000023,-0.199999999999996,
-10.));
#15134=CARTESIAN_POINT('Ctrl Pts',(-12.4025677656025,-0.199999999999996,
-10.));
#15135=CARTESIAN_POINT('Ctrl Pts',(-12.405135531184,-0.200000002038642,
-10.));
#15136=CARTESIAN_POINT('Ctrl Pts',(-12.4077037200896,-0.199999993885739,
-10.));
#15137=CARTESIAN_POINT('',(-7.59999999999592,-0.2,-10.));
#15138=CARTESIAN_POINT('',(12.7000000006859,-0.2,-10.));
#15139=CARTESIAN_POINT('',(-7.59229627990864,-0.199999993879806,-10.));
#15140=CARTESIAN_POINT('Ctrl Pts',(-7.59229627990864,-0.199999993885742,
-10.));
#15141=CARTESIAN_POINT('Ctrl Pts',(-7.59486446881424,-0.200000002038645,
-10.));
#15142=CARTESIAN_POINT('Ctrl Pts',(-7.59743223439578,-0.199999999999999,
-10.));
#15143=CARTESIAN_POINT('Ctrl Pts',(-7.59999999999592,-0.199999999999999,
-10.));
#15144=CARTESIAN_POINT('',(-6.67124778512706,-1.99171555215455,-10.));
#15145=CARTESIAN_POINT('Origin',(-4.99999999999592,1.28779161805764E-15,
-10.));
#15146=CARTESIAN_POINT('',(-5.5887965313095,-2.89999999995571,-10.));
#15147=CARTESIAN_POINT('',(2.24847836594561,-9.4762544753162,-10.));
#15148=CARTESIAN_POINT('',(-4.41120346871928,-2.90000000003428,-10.));
#15149=CARTESIAN_POINT('',(10.0147928051984,-2.90000000099679,-10.));
#15150=CARTESIAN_POINT('',(-3.32875221480448,-1.99171555209858,-10.));
#15151=CARTESIAN_POINT('',(5.13339352147495,5.1088678142476,-10.));
#15152=CARTESIAN_POINT('',(-2.40770372008321,-0.199999993879806,-10.));
#15153=CARTESIAN_POINT('Origin',(-4.99999999999592,1.28779161805764E-15,
-10.));
#15154=CARTESIAN_POINT('',(-2.39999999999592,-0.2,-10.));
#15155=CARTESIAN_POINT('Ctrl Pts',(-2.39999999999593,-0.199999999999999,
-10.));
#15156=CARTESIAN_POINT('Ctrl Pts',(-2.40256776559607,-0.199999999999999,
-10.));
#15157=CARTESIAN_POINT('Ctrl Pts',(-2.40513553117761,-0.200000002038645,
-10.));
#15158=CARTESIAN_POINT('Ctrl Pts',(-2.40770372008321,-0.199999993885742,
-10.));
#15159=CARTESIAN_POINT('',(2.40000000000409,-0.2,-10.));
#15160=CARTESIAN_POINT('',(12.7000000006859,-0.2,-10.));
#15161=CARTESIAN_POINT('',(2.40770372009137,-0.199999993879809,-10.));
#15162=CARTESIAN_POINT('Ctrl Pts',(2.40770372009137,-0.199999993885744,
-10.));
#15163=CARTESIAN_POINT('Ctrl Pts',(2.40513553118577,-0.200000002038647,
-10.));
#15164=CARTESIAN_POINT('Ctrl Pts',(2.40256776560423,-0.200000000000001,
-10.));
#15165=CARTESIAN_POINT('Ctrl Pts',(2.40000000000409,-0.200000000000001,
-10.));
#15166=CARTESIAN_POINT('',(3.32875221484153,-1.99171555212818,-10.));
#15167=CARTESIAN_POINT('Origin',(5.00000000000408,-1.28779161806584E-15,
-10.));
#15168=CARTESIAN_POINT('',(4.41120346870904,-2.899999999995,-10.));
#15169=CARTESIAN_POINT('',(9.31435792146074,-7.01423509280999,-10.));
#15170=CARTESIAN_POINT('',(5.58879653129926,-2.89999999999499,-10.));
#15171=CARTESIAN_POINT('',(15.0147928053184,-2.89999999999498,-10.));
#15172=CARTESIAN_POINT('',(6.67124778516675,-1.99171555212808,-10.));
#15173=CARTESIAN_POINT('',(12.1992730774737,2.64684843167975,-10.));
#15174=CARTESIAN_POINT('',(7.5922962799168,-0.199999993879809,-10.));
#15175=CARTESIAN_POINT('Origin',(5.00000000000408,-1.28779161806584E-15,
-10.));
#15176=CARTESIAN_POINT('',(7.60000000000408,-0.2,-10.));
#15177=CARTESIAN_POINT('Ctrl Pts',(7.60000000000408,-0.200000000000001,
-10.));
#15178=CARTESIAN_POINT('Ctrl Pts',(7.59743223440394,-0.200000000000001,
-10.));
#15179=CARTESIAN_POINT('Ctrl Pts',(7.5948644688224,-0.200000002038647,-10.));
#15180=CARTESIAN_POINT('Ctrl Pts',(7.5922962799168,-0.199999993885744,-10.));
#15181=CARTESIAN_POINT('',(12.4000000000041,-0.2,-10.));
#15182=CARTESIAN_POINT('',(12.7000000006859,-0.2,-10.));
#15183=CARTESIAN_POINT('',(12.4077037200914,-0.199999993879811,-10.));
#15184=CARTESIAN_POINT('Ctrl Pts',(12.4077037200914,-0.199999993885747,
-10.));
#15185=CARTESIAN_POINT('Ctrl Pts',(12.4051355311858,-0.20000000203865,-10.));
#15186=CARTESIAN_POINT('Ctrl Pts',(12.4025677656042,-0.200000000000004,
-10.));
#15187=CARTESIAN_POINT('Ctrl Pts',(12.4000000000041,-0.200000000000004,
-10.));
#15188=CARTESIAN_POINT('',(13.3287522148419,-1.9917155521285,-10.));
#15189=CARTESIAN_POINT('Origin',(15.0000000000041,-3.86337485418932E-15,
-10.));
#15190=CARTESIAN_POINT('',(14.4112034687095,-2.89999999999502,-10.));
#15191=CARTESIAN_POINT('',(16.380237477236,-4.55221571028668,-10.));
#15192=CARTESIAN_POINT('',(15.5887965312997,-2.89999999999502,-10.));
#15193=CARTESIAN_POINT('',(20.0147928053186,-2.89999999999501,-10.));
#15194=CARTESIAN_POINT('',(16.6712477851672,-1.99171555212772,-10.));
#15195=CARTESIAN_POINT('',(19.2651526332505,0.184829049159378,-10.));
#15196=CARTESIAN_POINT('Origin',(15.0000000000041,-3.86337485418932E-15,
-10.));
#15197=CARTESIAN_POINT('Origin',(22.4000000013718,0.,-7.));
#15198=CARTESIAN_POINT('',(25.4000000013718,-5.00000000001298,-7.));
#15199=CARTESIAN_POINT('',(25.4000000013718,0.,-7.));
#15200=CARTESIAN_POINT('Origin',(22.4000000013718,-5.00000000001298,-7.));
#15201=CARTESIAN_POINT('Origin',(25.4000000013718,0.,10.));
#15202=CARTESIAN_POINT('',(25.4000000013718,-5.00000000001298,7.));
#15203=CARTESIAN_POINT('',(25.4000000013718,0.,7.));
#15204=CARTESIAN_POINT('',(25.4000000013718,-5.00000000001298,5.));
#15205=CARTESIAN_POINT('',(25.4000000013718,-4.25000131130219,1.64494976401329));
#15206=CARTESIAN_POINT('',(25.4000000013718,-0.750001221895218,1.6449536383152));
#15207=CARTESIAN_POINT('',(25.4000000013718,-1.2499960090182,1.64495308484928));
#15208=CARTESIAN_POINT('',(25.4000000013718,-0.750000029802322,0.222631245851517));
#15209=CARTESIAN_POINT('',(25.4000000013718,-0.750004425184605,5.466895906739));
#15210=CARTESIAN_POINT('',(25.4000000013718,-2.87960410118103,-0.325887612998486));
#15211=CARTESIAN_POINT('',(25.4000000013718,0.250101380316975,0.480225834247362));
#15212=CARTESIAN_POINT('',(25.4000000013718,-0.749998986721039,-0.870484560728073));
#15213=CARTESIAN_POINT('',(25.4000000013718,-2.23503860707393,-0.490720237750868));
#15214=CARTESIAN_POINT('',(25.4000000013718,-0.749997794628143,-2.29194894433022));
#15215=CARTESIAN_POINT('',(25.4000000013718,-0.750003246893861,4.20939130924309));
#15216=CARTESIAN_POINT('',(25.4000000013718,-4.2499977350235,-2.29195296764374));
#15217=CARTESIAN_POINT('',(25.4000000013718,-1.24999181750409,-2.29194951908243));
#15218=CARTESIAN_POINT('',(25.4000000013718,-4.24999862909317,-1.40620946884155));
#15219=CARTESIAN_POINT('',(25.4000000013718,-4.25000416228869,4.07545724589812));
#15220=CARTESIAN_POINT('',(25.4000000013718,-1.58083066344261,-1.40620648860931));
#15221=CARTESIAN_POINT('',(25.4000000013718,-1.45770095539323,-1.4062063511301));
#15222=CARTESIAN_POINT('',(25.4000000013718,-4.24999922513962,-0.723735243082047));
#15223=CARTESIAN_POINT('',(25.4000000013718,-2.87493738011231,-1.075320445875));
#15224=CARTESIAN_POINT('',(25.4000000013718,-4.24999982118607,0.077962838113308));
#15225=CARTESIAN_POINT('',(25.4000000013718,-4.25000336059112,4.83855531886025));
#15226=CARTESIAN_POINT('',(25.4000000013718,-1.58083260059357,0.759209170937538));
#15227=CARTESIAN_POINT('',(25.4000000013718,-0.398913705443118,1.06086802048619));
#15228=CARTESIAN_POINT('',(25.4000000013718,-4.25000041723251,0.759206265211105));
#15229=CARTESIAN_POINT('',(25.4000000013718,-1.45770322457324,0.759209304979422));
#15230=CARTESIAN_POINT('',(25.4000000013718,-4.25000530457732,5.60103686232574));
#15231=CARTESIAN_POINT('',(25.4000000013718,-4.25000548362732,6.25988841056824));
#15232=CARTESIAN_POINT('',(25.4000000013718,-0.750005543231964,6.25989139080048));
#15233=CARTESIAN_POINT('',(25.4000000013718,-1.25000116437332,6.25989096505673));
#15234=CARTESIAN_POINT('',(25.4000000013718,-0.750004053115845,4.83756929636002));
#15235=CARTESIAN_POINT('',(25.4000000013718,-0.750007129891707,7.77436477891105));
#15236=CARTESIAN_POINT('',(25.4000000013718,-2.87960797548294,4.28905040025711));
#15237=CARTESIAN_POINT('',(25.4000000013718,-0.307256106708408,4.95160722250419));
#15238=CARTESIAN_POINT('',(25.4000000013718,-0.750003010034561,3.74445378780365));
#15239=CARTESIAN_POINT('',(25.4000000013718,-1.68117917226733,3.98258029097069));
#15240=CARTESIAN_POINT('',(25.4000000013718,-0.750001817941668,2.32298910617828));
#15241=CARTESIAN_POINT('',(25.4000000013718,-0.750005335077371,6.51686040900314));
#15242=CARTESIAN_POINT('',(25.4000000013718,-4.25000190734863,2.32298523187637));
#15243=CARTESIAN_POINT('',(25.4000000013718,-1.24999668231486,2.32298855271228));
#15244=CARTESIAN_POINT('',(25.4000000013718,-4.25000250339508,3.20872873067856));
#15245=CARTESIAN_POINT('',(25.4000000013718,-4.25000463941938,6.38292706065273));
#15246=CARTESIAN_POINT('',(25.4000000013718,-1.58083468675613,3.20873141288757));
#15247=CARTESIAN_POINT('',(25.4000000013718,-1.45770588531369,3.20873153661797));
#15248=CARTESIAN_POINT('',(25.4000000013718,-4.25000309944153,3.8912034034729));
#15249=CARTESIAN_POINT('',(25.4000000013718,-2.32115511491734,3.39802181280274));
#15250=CARTESIAN_POINT('',(25.4000000013718,-4.2500039935112,4.69290107488632));
#15251=CARTESIAN_POINT('',(25.4000000013718,-4.25000672928388,7.14602374974073));
#15252=CARTESIAN_POINT('',(25.4000000013718,-1.58083662390709,5.37414729595184));
#15253=CARTESIAN_POINT('',(25.4000000013718,-0.951829261749214,5.53468758030126));
#15254=CARTESIAN_POINT('',(25.4000000013718,-4.25000458955765,5.3741443157196));
#15255=CARTESIAN_POINT('',(25.4000000013718,-1.45770772089287,5.37414743343016));
#15256=CARTESIAN_POINT('',(25.4000000013718,-4.25000714774117,7.90850603659329));
#15257=CARTESIAN_POINT('',(25.4000000013718,-1.9914685189724,-5.2714866399765));
#15258=CARTESIAN_POINT('',(25.4000000013718,-2.81752586364746,-5.31207382678986));
#15259=CARTESIAN_POINT('Ctrl Pts',(25.4000000013718,-1.9914685189724,-5.2714866399765));
#15260=CARTESIAN_POINT('Ctrl Pts',(25.4000000013718,-1.84056648709398,-5.22227360130379));
#15261=CARTESIAN_POINT('Ctrl Pts',(25.4000000013718,-1.5557706140408,-5.06399650064389));
#15262=CARTESIAN_POINT('Ctrl Pts',(25.4000000013718,-1.45095281464303,-4.55979437585312));
#15263=CARTESIAN_POINT('Ctrl Pts',(25.4000000013718,-1.65953924725615,-4.11106131548906));
#15264=CARTESIAN_POINT('Ctrl Pts',(25.4000000013718,-2.09158929726489,-3.94856899267495));
#15265=CARTESIAN_POINT('Ctrl Pts',(25.4000000013718,-2.47910171919512,-3.93512133389675));
#15266=CARTESIAN_POINT('Ctrl Pts',(25.4000000013718,-2.82720263103664,-3.94816456369196));
#15267=CARTESIAN_POINT('Ctrl Pts',(25.4000000013718,-3.1897484739015,-4.01193117555265));
#15268=CARTESIAN_POINT('Ctrl Pts',(25.4000000013718,-3.46010265141202,-4.27322273032741));
#15269=CARTESIAN_POINT('Ctrl Pts',(25.4000000013718,-3.51895946666906,-4.62659334201406));
#15270=CARTESIAN_POINT('Ctrl Pts',(25.4000000013718,-3.42687399606174,-5.12310823699072));
#15271=CARTESIAN_POINT('Ctrl Pts',(25.4000000013718,-3.04469085746576,-5.25336084038988));
#15272=CARTESIAN_POINT('Ctrl Pts',(25.4000000013718,-2.81752586364746,-5.31207382678986));
#15273=CARTESIAN_POINT('',(25.4000000013718,-3.10401916503906,-6.25989198684692));
#15274=CARTESIAN_POINT('',(25.4000000013718,-0.650785090484429,1.85624823506836));
#15275=CARTESIAN_POINT('',(25.4000000013718,-1.77898496389389,-6.22646510601044));
#15276=CARTESIAN_POINT('Ctrl Pts',(25.4000000013718,-3.10401916503906,-6.25989198684692));
#15277=CARTESIAN_POINT('Ctrl Pts',(25.4000000013718,-3.559148601839,-6.13045844728193));
#15278=CARTESIAN_POINT('Ctrl Pts',(25.4000000013718,-4.26517699872068,-5.69761246240177));
#15279=CARTESIAN_POINT('Ctrl Pts',(25.4000000013718,-4.33016211554634,-4.58119859342218));
#15280=CARTESIAN_POINT('Ctrl Pts',(25.4000000013718,-4.23339690302986,-3.66798708886602));
#15281=CARTESIAN_POINT('Ctrl Pts',(25.4000000013718,-3.48592687358197,-2.96414963940341));
#15282=CARTESIAN_POINT('Ctrl Pts',(25.4000000013718,-2.3567189193236,-2.76547923987542));
#15283=CARTESIAN_POINT('Ctrl Pts',(25.4000000013718,-0.97327552671477,-3.12217759057546));
#15284=CARTESIAN_POINT('Ctrl Pts',(25.4000000013718,-0.594505840947227,
-4.48696867346822));
#15285=CARTESIAN_POINT('Ctrl Pts',(25.4000000013718,-0.81143302446782,-5.7286154434555));
#15286=CARTESIAN_POINT('Ctrl Pts',(25.4000000013718,-1.44381689985151,-6.09407730138123));
#15287=CARTESIAN_POINT('Ctrl Pts',(25.4000000013718,-1.77898496389389,-6.22646510601043));
#15288=CARTESIAN_POINT('',(25.4000000013718,-3.51019493871562,1.55422288900674));
#15289=CARTESIAN_POINT('Origin',(22.4000000013718,0.,7.));
#15290=CARTESIAN_POINT('',(22.4000000013718,-5.00000000001298,10.));
#15291=CARTESIAN_POINT('',(22.4000000013718,0.,10.));
#15292=CARTESIAN_POINT('Origin',(22.4000000013718,-5.00000000001298,7.));
#15293=CARTESIAN_POINT('Ctrl Pts',(12.4051353901192,0.,9.79996703335196));
#15294=CARTESIAN_POINT('Ctrl Pts',(12.5089906632661,0.,9.79863358009544));
#15295=CARTESIAN_POINT('Ctrl Pts',(12.7149233405233,0.,9.71090582880193));
#15296=CARTESIAN_POINT('Ctrl Pts',(12.8000000000041,0.,9.50386383325294));
#15297=CARTESIAN_POINT('Ctrl Pts',(12.8000000000041,0.,9.4));
#15298=CARTESIAN_POINT('Ctrl Pts',(12.4059915001099,-0.0666666646285822,
9.8666446889013));
#15299=CARTESIAN_POINT('Ctrl Pts',(12.5271688266655,-0.0666664997397444,
9.86575572007032));
#15300=CARTESIAN_POINT('Ctrl Pts',(12.7688222094742,-0.066637962152096,
9.76500670552973));
#15301=CARTESIAN_POINT('Ctrl Pts',(12.8700000000041,-0.0665832811847952,
9.52204000407221));
#15302=CARTESIAN_POINT('Ctrl Pts',(12.8700000000041,-0.0665832811847952,
9.4));
#15303=CARTESIAN_POINT('Ctrl Pts',(12.4068476101007,-0.133333329257164,
9.93332234445065));
#15304=CARTESIAN_POINT('Ctrl Pts',(12.5453469900649,-0.133332999479489,
9.93287786004521));
#15305=CARTESIAN_POINT('Ctrl Pts',(12.8227210784251,-0.133275924304192,
9.81910758225752));
#15306=CARTESIAN_POINT('Ctrl Pts',(12.9400000000041,-0.13316656236959,9.54021617489147));
#15307=CARTESIAN_POINT('Ctrl Pts',(12.9400000000041,-0.13316656236959,9.4));
#15308=CARTESIAN_POINT('Ctrl Pts',(12.4077037200914,-0.199999993885747,
10.));
#15309=CARTESIAN_POINT('Ctrl Pts',(12.5635251534644,-0.199999499219233,
10.0000000000201));
#15310=CARTESIAN_POINT('Ctrl Pts',(12.876619947376,-0.199913886456288,9.87320845898531));
#15311=CARTESIAN_POINT('Ctrl Pts',(13.0100000000041,-0.199749843554386,
9.55839234571074));
#15312=CARTESIAN_POINT('Ctrl Pts',(13.0100000000041,-0.199749843554386,
9.4));
#15313=CARTESIAN_POINT('',(12.4051353901192,0.,9.79996703335196));
#15314=CARTESIAN_POINT('',(12.4077037200914,-0.199999993879812,10.));
#15315=CARTESIAN_POINT('',(12.4051353901192,0.,9.79996703335196));
#15316=CARTESIAN_POINT('',(13.0100000000041,-0.199749843554386,9.4));
#15317=CARTESIAN_POINT('Ctrl Pts',(12.4077037200914,-0.199999993885747,
10.));
#15318=CARTESIAN_POINT('Ctrl Pts',(12.5635251534644,-0.199999499219233,
10.0000000000201));
#15319=CARTESIAN_POINT('Ctrl Pts',(12.876619947376,-0.199913886456288,9.87320845898531));
#15320=CARTESIAN_POINT('Ctrl Pts',(13.0100000000041,-0.199749843554386,
9.55839234571074));
#15321=CARTESIAN_POINT('Ctrl Pts',(13.0100000000041,-0.199749843554386,
9.4));
#15322=CARTESIAN_POINT('',(12.8000000000041,0.,9.4));
#15323=CARTESIAN_POINT('',(13.0100000000041,-0.199749843554386,9.4));
#15324=CARTESIAN_POINT('Ctrl Pts',(12.8000000000041,0.,9.4));
#15325=CARTESIAN_POINT('Ctrl Pts',(12.8000000000041,0.,9.50386383325294));
#15326=CARTESIAN_POINT('Ctrl Pts',(12.7149233405233,0.,9.71090582880193));
#15327=CARTESIAN_POINT('Ctrl Pts',(12.5089906632661,0.,9.79863358009544));
#15328=CARTESIAN_POINT('Ctrl Pts',(12.4051353901192,0.,9.79996703335196));
#15329=CARTESIAN_POINT('Ctrl Pts',(12.8000000000041,0.,-9.4));
#15330=CARTESIAN_POINT('Ctrl Pts',(12.8000000000041,0.,-9.50386383325294));
#15331=CARTESIAN_POINT('Ctrl Pts',(12.7149233405233,0.,-9.71090582880194));
#15332=CARTESIAN_POINT('Ctrl Pts',(12.5089906632661,0.,-9.79863358009544));
#15333=CARTESIAN_POINT('Ctrl Pts',(12.4051353901192,0.,-9.79996703335196));
#15334=CARTESIAN_POINT('Ctrl Pts',(12.8700000000041,-0.0665832811847953,
-9.4));
#15335=CARTESIAN_POINT('Ctrl Pts',(12.8700000000041,-0.0665832811847953,
-9.52204000407221));
#15336=CARTESIAN_POINT('Ctrl Pts',(12.7688222094742,-0.066637962152096,
-9.76500670552973));
#15337=CARTESIAN_POINT('Ctrl Pts',(12.5271688266655,-0.0666664997397444,
-9.86575572007033));
#15338=CARTESIAN_POINT('Ctrl Pts',(12.4059915001099,-0.0666666646285822,
-9.8666446889013));
#15339=CARTESIAN_POINT('Ctrl Pts',(12.9400000000041,-0.133166562369591,
-9.4));
#15340=CARTESIAN_POINT('Ctrl Pts',(12.9400000000041,-0.133166562369591,
-9.54021617489147));
#15341=CARTESIAN_POINT('Ctrl Pts',(12.8227210784251,-0.133275924304192,
-9.81910758225752));
#15342=CARTESIAN_POINT('Ctrl Pts',(12.5453469900649,-0.133332999479489,
-9.93287786004521));
#15343=CARTESIAN_POINT('Ctrl Pts',(12.4068476101007,-0.133333329257164,
-9.93332234445065));
#15344=CARTESIAN_POINT('Ctrl Pts',(13.0100000000041,-0.199749843554386,
-9.4));
#15345=CARTESIAN_POINT('Ctrl Pts',(13.0100000000041,-0.199749843554386,
-9.55839234571074));
#15346=CARTESIAN_POINT('Ctrl Pts',(12.876619947376,-0.199913886456288,-9.87320845898532));
#15347=CARTESIAN_POINT('Ctrl Pts',(12.5635251534644,-0.199999499219233,
-10.0000000000201));
#15348=CARTESIAN_POINT('Ctrl Pts',(12.4077037200914,-0.199999993885747,
-10.));
#15349=CARTESIAN_POINT('',(12.4051353901192,0.,-9.79996703335196));
#15350=CARTESIAN_POINT('',(12.4077037200914,-0.199999993879811,-10.));
#15351=CARTESIAN_POINT('',(12.8000000000041,0.,-9.4));
#15352=CARTESIAN_POINT('Ctrl Pts',(12.4051353901192,0.,-9.79996703335196));
#15353=CARTESIAN_POINT('Ctrl Pts',(12.5089906632661,0.,-9.79863358009544));
#15354=CARTESIAN_POINT('Ctrl Pts',(12.7149233405233,0.,-9.71090582880194));
#15355=CARTESIAN_POINT('Ctrl Pts',(12.8000000000041,0.,-9.50386383325294));
#15356=CARTESIAN_POINT('Ctrl Pts',(12.8000000000041,0.,-9.4));
#15357=CARTESIAN_POINT('',(13.0100000000041,-0.199749843554386,-9.4));
#15358=CARTESIAN_POINT('',(12.8000000000041,0.,-9.4));
#15359=CARTESIAN_POINT('Ctrl Pts',(13.0100000000041,-0.199749843554386,
-9.4));
#15360=CARTESIAN_POINT('Ctrl Pts',(13.0100000000041,-0.199749843554386,
-9.55839234571074));
#15361=CARTESIAN_POINT('Ctrl Pts',(12.876619947376,-0.199913886456288,-9.87320845898532));
#15362=CARTESIAN_POINT('Ctrl Pts',(12.5635251534644,-0.199999499219233,
-10.0000000000201));
#15363=CARTESIAN_POINT('Ctrl Pts',(12.4077037200914,-0.199999993885747,
-10.));
#15364=CARTESIAN_POINT('Origin',(12.9050000000041,-0.0998749217771909,0.));
#15365=CARTESIAN_POINT('',(12.8000000000041,0.,0.));
#15366=CARTESIAN_POINT('',(13.0100000000041,-0.199749843554382,0.));
#15367=CARTESIAN_POINT('Origin',(12.7000000006859,-0.1,-9.9));
#15368=CARTESIAN_POINT('',(7.60000000000408,0.,-9.8));
#15369=CARTESIAN_POINT('',(7.60000000000408,-0.2,-10.));
#15370=CARTESIAN_POINT('',(12.4000000000041,0.,-9.8));
#15371=CARTESIAN_POINT('',(12.7000000006859,0.,-9.8));
#15372=CARTESIAN_POINT('',(12.4000000000041,0.,-9.8));
#15373=CARTESIAN_POINT('Ctrl Pts',(12.4051353901192,0.,-9.79996703335196));
#15374=CARTESIAN_POINT('Ctrl Pts',(12.4034236874702,0.,-9.79998901081542));
#15375=CARTESIAN_POINT('Ctrl Pts',(12.4017118437375,0.,-9.8));
#15376=CARTESIAN_POINT('Ctrl Pts',(12.4000000000041,0.,-9.8));
#15377=CARTESIAN_POINT('Ctrl Pts',(12.4059915001099,-0.0666666646285822,
-9.8666446889013));
#15378=CARTESIAN_POINT('Ctrl Pts',(12.403994302042,-0.0666666673462166,
-9.86665934054362));
#15379=CARTESIAN_POINT('Ctrl Pts',(12.4019971510264,-0.066666666666668,
-9.86666666666667));
#15380=CARTESIAN_POINT('Ctrl Pts',(12.4000000000041,-0.066666666666668,
-9.86666666666667));
#15381=CARTESIAN_POINT('Ctrl Pts',(12.4068476101007,-0.133333329257164,
-9.93332234445065));
#15382=CARTESIAN_POINT('Ctrl Pts',(12.4045649166139,-0.133333334692433,
-9.93332967027181));
#15383=CARTESIAN_POINT('Ctrl Pts',(12.4022824583153,-0.133333333333336,
-9.93333333333333));
#15384=CARTESIAN_POINT('Ctrl Pts',(12.4000000000041,-0.133333333333336,
-9.93333333333333));
#15385=CARTESIAN_POINT('Ctrl Pts',(12.4077037200914,-0.199999993885747,
-10.));
#15386=CARTESIAN_POINT('Ctrl Pts',(12.4051355311858,-0.20000000203865,-10.));
#15387=CARTESIAN_POINT('Ctrl Pts',(12.4025677656042,-0.200000000000004,
-10.));
#15388=CARTESIAN_POINT('Ctrl Pts',(12.4000000000041,-0.200000000000004,
-10.));
#15389=CARTESIAN_POINT('Ctrl Pts',(12.4000000000041,0.,-9.8));
#15390=CARTESIAN_POINT('Ctrl Pts',(12.4017118437375,0.,-9.8));
#15391=CARTESIAN_POINT('Ctrl Pts',(12.4034236874702,0.,-9.79998901081542));
#15392=CARTESIAN_POINT('Ctrl Pts',(12.4051353901192,0.,-9.79996703335196));
#15393=CARTESIAN_POINT('Ctrl Pts',(7.59486460988894,0.,-9.79996703335196));
#15394=CARTESIAN_POINT('Ctrl Pts',(7.49100933674209,0.,-9.79863358009544));
#15395=CARTESIAN_POINT('Ctrl Pts',(7.28505242066931,0.,-9.71092975840029));
#15396=CARTESIAN_POINT('Ctrl Pts',(7.20000000000408,0.,-9.50386383325294));
#15397=CARTESIAN_POINT('Ctrl Pts',(7.20000000000408,0.,-9.4));
#15398=CARTESIAN_POINT('Ctrl Pts',(7.59400849989823,-0.0666666646285814,
-9.8666446889013));
#15399=CARTESIAN_POINT('Ctrl Pts',(7.47283117334265,-0.0666664997397436,
-9.86575572007033));
#15400=CARTESIAN_POINT('Ctrl Pts',(7.2311496151641,-0.0666379645048946,
-9.76503619491677));
#15401=CARTESIAN_POINT('Ctrl Pts',(7.13000000000409,-0.0665832811847944,
-9.52204000407221));
#15402=CARTESIAN_POINT('Ctrl Pts',(7.13000000000409,-0.0665832811847944,
-9.4));
#15403=CARTESIAN_POINT('Ctrl Pts',(7.59315238990752,-0.133333329257163,
-9.93332234445065));
#15404=CARTESIAN_POINT('Ctrl Pts',(7.45465300994322,-0.133332999479487,
-9.93287786004521));
#15405=CARTESIAN_POINT('Ctrl Pts',(7.17724680965888,-0.133275929009789,
-9.81914263143324));
#15406=CARTESIAN_POINT('Ctrl Pts',(7.06000000000409,-0.133166562369589,
-9.54021617489147));
#15407=CARTESIAN_POINT('Ctrl Pts',(7.06000000000409,-0.133166562369589,
-9.4));
#15408=CARTESIAN_POINT('Ctrl Pts',(7.5922962799168,-0.199999993885744,-10.));
#15409=CARTESIAN_POINT('Ctrl Pts',(7.43647484654379,-0.199999499219231,
-10.0000000000201));
#15410=CARTESIAN_POINT('Ctrl Pts',(7.12334400415366,-0.199913893514684,
-9.87324906794971));
#15411=CARTESIAN_POINT('Ctrl Pts',(6.99000000000408,-0.199749843554383,
-9.55839234571074));
#15412=CARTESIAN_POINT('Ctrl Pts',(6.99000000000408,-0.199749843554383,
-9.4));
#15413=CARTESIAN_POINT('',(7.59486460988894,0.,-9.79996703335196));
#15414=CARTESIAN_POINT('',(7.59486460988894,0.,-9.79996703335196));
#15415=CARTESIAN_POINT('',(6.99000000000408,-0.199749843554383,-9.4));
#15416=CARTESIAN_POINT('Ctrl Pts',(7.5922962799168,-0.199999993885744,-10.));
#15417=CARTESIAN_POINT('Ctrl Pts',(7.43647484654379,-0.199999499219231,
-10.0000000000201));
#15418=CARTESIAN_POINT('Ctrl Pts',(7.12334400415366,-0.199913893514684,
-9.87324906794971));
#15419=CARTESIAN_POINT('Ctrl Pts',(6.99000000000408,-0.199749843554383,
-9.55839234571074));
#15420=CARTESIAN_POINT('Ctrl Pts',(6.99000000000408,-0.199749843554383,
-9.4));
#15421=CARTESIAN_POINT('',(7.20000000000408,0.,-9.4));
#15422=CARTESIAN_POINT('',(6.99000000000408,-0.199749843554383,-9.4));
#15423=CARTESIAN_POINT('Ctrl Pts',(7.20000000000408,0.,-9.4));
#15424=CARTESIAN_POINT('Ctrl Pts',(7.20000000000408,0.,-9.50386383325294));
#15425=CARTESIAN_POINT('Ctrl Pts',(7.28505242066931,0.,-9.71092975840029));
#15426=CARTESIAN_POINT('Ctrl Pts',(7.49100933674209,0.,-9.79863358009544));
#15427=CARTESIAN_POINT('Ctrl Pts',(7.59486460988894,0.,-9.79996703335196));
#15428=CARTESIAN_POINT('Origin',(7.09500000000409,-0.0998749217771909,0.));
#15429=CARTESIAN_POINT('',(6.99000000000408,-0.199749843554382,9.4));
#15430=CARTESIAN_POINT('',(7.20000000000409,0.,9.4));
#15431=CARTESIAN_POINT('',(6.99000000000408,-0.199749843554382,9.4));
#15432=CARTESIAN_POINT('',(7.20000000000409,0.,0.));
#15433=CARTESIAN_POINT('',(6.99000000000408,-0.199749843554382,0.));
#15434=CARTESIAN_POINT('Ctrl Pts',(7.20000000000408,0.,9.4));
#15435=CARTESIAN_POINT('Ctrl Pts',(7.20000000000408,0.,9.50386383325294));
#15436=CARTESIAN_POINT('Ctrl Pts',(7.28505242066931,0.,9.71092975840028));
#15437=CARTESIAN_POINT('Ctrl Pts',(7.49100933674209,0.,9.79863358009544));
#15438=CARTESIAN_POINT('Ctrl Pts',(7.59486460988894,0.,9.79996703335196));
#15439=CARTESIAN_POINT('Ctrl Pts',(7.13000000000409,-0.0665832811847945,
9.4));
#15440=CARTESIAN_POINT('Ctrl Pts',(7.13000000000409,-0.0665832811847945,
9.52204000407221));
#15441=CARTESIAN_POINT('Ctrl Pts',(7.23114961516409,-0.0666379645048946,
9.76503619491676));
#15442=CARTESIAN_POINT('Ctrl Pts',(7.47283117334265,-0.0666664997397436,
9.86575572007032));
#15443=CARTESIAN_POINT('Ctrl Pts',(7.59400849989823,-0.0666666646285814,
9.8666446889013));
#15444=CARTESIAN_POINT('Ctrl Pts',(7.06000000000409,-0.133166562369589,
9.4));
#15445=CARTESIAN_POINT('Ctrl Pts',(7.06000000000409,-0.133166562369589,
9.54021617489147));
#15446=CARTESIAN_POINT('Ctrl Pts',(7.17724680965887,-0.133275929009789,
9.81914263143323));
#15447=CARTESIAN_POINT('Ctrl Pts',(7.45465300994322,-0.133332999479487,
9.93287786004521));
#15448=CARTESIAN_POINT('Ctrl Pts',(7.59315238990752,-0.133333329257163,
9.93332234445065));
#15449=CARTESIAN_POINT('Ctrl Pts',(6.99000000000408,-0.199749843554383,
9.4));
#15450=CARTESIAN_POINT('Ctrl Pts',(6.99000000000408,-0.199749843554383,
9.55839234571074));
#15451=CARTESIAN_POINT('Ctrl Pts',(7.12334400415365,-0.199913893514684,
9.87324906794971));
#15452=CARTESIAN_POINT('Ctrl Pts',(7.43647484654379,-0.199999499219231,
10.0000000000201));
#15453=CARTESIAN_POINT('Ctrl Pts',(7.5922962799168,-0.199999993885744,10.));
#15454=CARTESIAN_POINT('',(7.5922962799168,-0.199999993879809,10.));
#15455=CARTESIAN_POINT('',(7.59486460988894,0.,9.79996703335196));
#15456=CARTESIAN_POINT('',(7.5922962799168,-0.199999993879809,10.));
#15457=CARTESIAN_POINT('Ctrl Pts',(7.59486460988894,0.,9.79996703335196));
#15458=CARTESIAN_POINT('Ctrl Pts',(7.49100933674209,0.,9.79863358009544));
#15459=CARTESIAN_POINT('Ctrl Pts',(7.28505242066931,0.,9.71092975840028));
#15460=CARTESIAN_POINT('Ctrl Pts',(7.20000000000408,0.,9.50386383325294));
#15461=CARTESIAN_POINT('Ctrl Pts',(7.20000000000408,0.,9.4));
#15462=CARTESIAN_POINT('Ctrl Pts',(6.99000000000408,-0.199749843554383,
9.4));
#15463=CARTESIAN_POINT('Ctrl Pts',(6.99000000000408,-0.199749843554383,
9.55839234571074));
#15464=CARTESIAN_POINT('Ctrl Pts',(7.12334400415365,-0.199913893514684,
9.87324906794971));
#15465=CARTESIAN_POINT('Ctrl Pts',(7.43647484654379,-0.199999499219231,
10.0000000000201));
#15466=CARTESIAN_POINT('Ctrl Pts',(7.5922962799168,-0.199999993885744,10.));
#15467=CARTESIAN_POINT('Ctrl Pts',(7.60000000000408,0.,-9.8));
#15468=CARTESIAN_POINT('Ctrl Pts',(7.59828815627065,0.,-9.8));
#15469=CARTESIAN_POINT('Ctrl Pts',(7.596576312538,0.,-9.79998901081542));
#15470=CARTESIAN_POINT('Ctrl Pts',(7.59486460988894,0.,-9.79996703335196));
#15471=CARTESIAN_POINT('Ctrl Pts',(7.60000000000408,-0.0666666666666671,
-9.86666666666667));
#15472=CARTESIAN_POINT('Ctrl Pts',(7.59800284898175,-0.0666666666666671,
-9.86666666666667));
#15473=CARTESIAN_POINT('Ctrl Pts',(7.59600569796613,-0.0666666673462157,
-9.86665934054362));
#15474=CARTESIAN_POINT('Ctrl Pts',(7.59400849989823,-0.0666666646285814,
-9.8666446889013));
#15475=CARTESIAN_POINT('Ctrl Pts',(7.60000000000408,-0.133333333333334,
-9.93333333333333));
#15476=CARTESIAN_POINT('Ctrl Pts',(7.59771754169284,-0.133333333333334,
-9.93333333333333));
#15477=CARTESIAN_POINT('Ctrl Pts',(7.59543508339427,-0.133333334692431,
-9.93332967027181));
#15478=CARTESIAN_POINT('Ctrl Pts',(7.59315238990752,-0.133333329257163,
-9.93332234445065));
#15479=CARTESIAN_POINT('Ctrl Pts',(7.60000000000408,-0.200000000000001,
-10.));
#15480=CARTESIAN_POINT('Ctrl Pts',(7.59743223440394,-0.200000000000001,
-10.));
#15481=CARTESIAN_POINT('Ctrl Pts',(7.5948644688224,-0.200000002038647,-10.));
#15482=CARTESIAN_POINT('Ctrl Pts',(7.5922962799168,-0.199999993885744,-10.));
#15483=CARTESIAN_POINT('Ctrl Pts',(7.59486460988894,0.,-9.79996703335196));
#15484=CARTESIAN_POINT('Ctrl Pts',(7.596576312538,0.,-9.79998901081542));
#15485=CARTESIAN_POINT('Ctrl Pts',(7.59828815627065,0.,-9.8));
#15486=CARTESIAN_POINT('Ctrl Pts',(7.60000000000408,0.,-9.8));
#15487=CARTESIAN_POINT('Origin',(-12.7000000006859,-0.1,9.9));
#15488=CARTESIAN_POINT('',(12.4000000000041,-0.2,10.));
#15489=CARTESIAN_POINT('',(12.4000000000041,0.,9.8));
#15490=CARTESIAN_POINT('',(12.4000000000041,-0.2,10.));
#15491=CARTESIAN_POINT('',(7.60000000000408,0.,9.8));
#15492=CARTESIAN_POINT('',(-12.7000000006859,0.,9.8));
#15493=CARTESIAN_POINT('',(7.60000000000408,-0.2,10.));
#15494=CARTESIAN_POINT('',(7.60000000000408,0.,9.8));
#15495=CARTESIAN_POINT('',(-12.7000000006859,-0.2,10.));
#15496=CARTESIAN_POINT('Ctrl Pts',(7.59486460988894,0.,9.79996703335196));
#15497=CARTESIAN_POINT('Ctrl Pts',(7.596576312538,0.,9.79998901081542));
#15498=CARTESIAN_POINT('Ctrl Pts',(7.59828815627065,0.,9.8));
#15499=CARTESIAN_POINT('Ctrl Pts',(7.60000000000408,0.,9.8));
#15500=CARTESIAN_POINT('Ctrl Pts',(7.59400849989823,-0.0666666646285814,
9.8666446889013));
#15501=CARTESIAN_POINT('Ctrl Pts',(7.59600569796613,-0.0666666673462157,
9.86665934054362));
#15502=CARTESIAN_POINT('Ctrl Pts',(7.59800284898175,-0.0666666666666671,
9.86666666666667));
#15503=CARTESIAN_POINT('Ctrl Pts',(7.60000000000408,-0.0666666666666671,
9.86666666666667));
#15504=CARTESIAN_POINT('Ctrl Pts',(7.59315238990751,-0.133333329257163,
9.93332234445065));
#15505=CARTESIAN_POINT('Ctrl Pts',(7.59543508339427,-0.133333334692431,
9.93332967027181));
#15506=CARTESIAN_POINT('Ctrl Pts',(7.59771754169284,-0.133333333333334,
9.93333333333334));
#15507=CARTESIAN_POINT('Ctrl Pts',(7.60000000000408,-0.133333333333334,
9.93333333333334));
#15508=CARTESIAN_POINT('Ctrl Pts',(7.5922962799168,-0.199999993885744,10.));
#15509=CARTESIAN_POINT('Ctrl Pts',(7.5948644688224,-0.200000002038647,10.));
#15510=CARTESIAN_POINT('Ctrl Pts',(7.59743223440394,-0.200000000000001,
10.));
#15511=CARTESIAN_POINT('Ctrl Pts',(7.60000000000408,-0.200000000000001,
10.));
#15512=CARTESIAN_POINT('Ctrl Pts',(7.60000000000408,0.,9.8));
#15513=CARTESIAN_POINT('Ctrl Pts',(7.59828815627065,0.,9.8));
#15514=CARTESIAN_POINT('Ctrl Pts',(7.596576312538,0.,9.79998901081542));
#15515=CARTESIAN_POINT('Ctrl Pts',(7.59486460988894,0.,9.79996703335196));
#15516=CARTESIAN_POINT('Ctrl Pts',(7.5922962799168,-0.199999993885744,10.));
#15517=CARTESIAN_POINT('Ctrl Pts',(7.5948644688224,-0.200000002038647,10.));
#15518=CARTESIAN_POINT('Ctrl Pts',(7.59743223440394,-0.200000000000001,
10.));
#15519=CARTESIAN_POINT('Ctrl Pts',(7.60000000000408,-0.200000000000001,
10.));
#15520=CARTESIAN_POINT('Ctrl Pts',(12.4000000000041,0.,9.8));
#15521=CARTESIAN_POINT('Ctrl Pts',(12.4017118437375,0.,9.8));
#15522=CARTESIAN_POINT('Ctrl Pts',(12.4034236874702,0.,9.79998901081542));
#15523=CARTESIAN_POINT('Ctrl Pts',(12.4051353901192,0.,9.79996703335196));
#15524=CARTESIAN_POINT('Ctrl Pts',(12.4000000000041,-0.066666666666668,
9.86666666666667));
#15525=CARTESIAN_POINT('Ctrl Pts',(12.4019971510264,-0.066666666666668,
9.86666666666667));
#15526=CARTESIAN_POINT('Ctrl Pts',(12.403994302042,-0.0666666673462166,
9.86665934054362));
#15527=CARTESIAN_POINT('Ctrl Pts',(12.4059915001099,-0.0666666646285822,
9.8666446889013));
#15528=CARTESIAN_POINT('Ctrl Pts',(12.4000000000041,-0.133333333333336,
9.93333333333334));
#15529=CARTESIAN_POINT('Ctrl Pts',(12.4022824583153,-0.133333333333336,
9.93333333333334));
#15530=CARTESIAN_POINT('Ctrl Pts',(12.4045649166139,-0.133333334692433,
9.93332967027181));
#15531=CARTESIAN_POINT('Ctrl Pts',(12.4068476101007,-0.133333329257164,
9.93332234445065));
#15532=CARTESIAN_POINT('Ctrl Pts',(12.4000000000041,-0.200000000000004,
10.));
#15533=CARTESIAN_POINT('Ctrl Pts',(12.4025677656042,-0.200000000000004,
10.));
#15534=CARTESIAN_POINT('Ctrl Pts',(12.4051355311858,-0.20000000203865,10.));
#15535=CARTESIAN_POINT('Ctrl Pts',(12.4077037200914,-0.199999993885747,
10.));
#15536=CARTESIAN_POINT('Ctrl Pts',(12.4051353901192,0.,9.79996703335196));
#15537=CARTESIAN_POINT('Ctrl Pts',(12.4034236874702,0.,9.79998901081542));
#15538=CARTESIAN_POINT('Ctrl Pts',(12.4017118437375,0.,9.8));
#15539=CARTESIAN_POINT('Ctrl Pts',(12.4000000000041,0.,9.8));
#15540=CARTESIAN_POINT('Ctrl Pts',(12.4000000000041,-0.200000000000004,
10.));
#15541=CARTESIAN_POINT('Ctrl Pts',(12.4025677656042,-0.200000000000004,
10.));
#15542=CARTESIAN_POINT('Ctrl Pts',(12.4051355311858,-0.20000000203865,10.));
#15543=CARTESIAN_POINT('Ctrl Pts',(12.4077037200914,-0.199999993885747,
10.));
#15544=CARTESIAN_POINT('Origin',(15.0000000000041,-3.86337485418932E-15,
-9.4));
#15545=CARTESIAN_POINT('',(13.7144247806486,-1.53208888625269,-9.4));
#15546=CARTESIAN_POINT('Origin',(15.0000000000041,-3.86337485418932E-15,
-9.4));
#15547=CARTESIAN_POINT('Origin',(13.3287522148419,-1.9917155521285,-9.4));
#15548=CARTESIAN_POINT('Origin',(15.0000000000041,-3.86337485418932E-15,
0.));
#15549=CARTESIAN_POINT('',(13.7144247806486,-1.53208888625269,9.4));
#15550=CARTESIAN_POINT('Origin',(15.0000000000041,-3.86337485418932E-15,
9.4));
#15551=CARTESIAN_POINT('',(13.7144247806486,-1.53208888625269,0.));
#15552=CARTESIAN_POINT('Origin',(15.0000000000041,-3.86337485418932E-15,
9.4));
#15553=CARTESIAN_POINT('',(13.3287522148419,-1.99171555212849,10.));
#15554=CARTESIAN_POINT('Origin',(15.0000000000041,-3.86337485418932E-15,
10.));
#15555=CARTESIAN_POINT('Origin',(13.3287522148419,-1.99171555212849,9.4));
#15556=CARTESIAN_POINT('Origin',(-25.4000000013718,0.,10.));
#15557=CARTESIAN_POINT('',(16.6712477851672,-1.99171555212772,10.));
#15558=CARTESIAN_POINT('Origin',(15.0000000000041,-3.86337485418932E-15,
10.));
#15559=CARTESIAN_POINT('',(15.5887965312997,-2.89999999999502,10.));
#15560=CARTESIAN_POINT('',(4.35982077580045,-12.3222294147227,10.));
#15561=CARTESIAN_POINT('',(14.4112034687095,-2.89999999999502,10.));
#15562=CARTESIAN_POINT('',(-5.38520719605327,-2.89999999999505,10.));
#15563=CARTESIAN_POINT('',(1.47490561977431,7.95484275359333,10.));
#15564=CARTESIAN_POINT('',(6.67124778516676,-1.99171555212808,10.));
#15565=CARTESIAN_POINT('Origin',(5.00000000000408,-1.28779161806584E-15,
10.));
#15566=CARTESIAN_POINT('',(5.58879653129927,-2.89999999999499,10.));
#15567=CARTESIAN_POINT('',(-2.70605877998178,-9.86021003220133,10.));
#15568=CARTESIAN_POINT('',(4.41120346870904,-2.89999999999499,10.));
#15569=CARTESIAN_POINT('',(-10.3852071960535,-2.89999999999501,10.));
#15570=CARTESIAN_POINT('',(3.32875221484153,-1.99171555212818,10.));
#15571=CARTESIAN_POINT('',(-5.59097393599629,5.49282337107083,10.));
#15572=CARTESIAN_POINT('',(2.40770372009137,-0.199999993879809,10.));
#15573=CARTESIAN_POINT('Origin',(5.00000000000408,-1.28779161806584E-15,
10.));
#15574=CARTESIAN_POINT('',(2.40000000000408,-0.2,10.));
#15575=CARTESIAN_POINT('Ctrl Pts',(2.40000000000408,-0.200000000000001,
10.));
#15576=CARTESIAN_POINT('Ctrl Pts',(2.40256776560423,-0.200000000000001,
10.));
#15577=CARTESIAN_POINT('Ctrl Pts',(2.40513553118577,-0.200000002038647,
10.));
#15578=CARTESIAN_POINT('Ctrl Pts',(2.40770372009137,-0.199999993885744,
10.));
#15579=CARTESIAN_POINT('',(-2.39999999999592,-0.2,10.));
#15580=CARTESIAN_POINT('',(-12.7000000006859,-0.2,10.));
#15581=CARTESIAN_POINT('',(-2.40770372008321,-0.199999993879806,10.));
#15582=CARTESIAN_POINT('Ctrl Pts',(-2.40770372008321,-0.199999993885742,
10.));
#15583=CARTESIAN_POINT('Ctrl Pts',(-2.40513553117761,-0.200000002038645,
10.));
#15584=CARTESIAN_POINT('Ctrl Pts',(-2.40256776559607,-0.199999999999999,
10.));
#15585=CARTESIAN_POINT('Ctrl Pts',(-2.39999999999592,-0.199999999999999,
10.));
#15586=CARTESIAN_POINT('',(-3.32875221480185,-1.99171555210173,10.));
#15587=CARTESIAN_POINT('Origin',(-4.99999999999592,1.28779161805764E-15,
10.));
#15588=CARTESIAN_POINT('',(-4.41120346871928,-2.90000000003428,10.));
#15589=CARTESIAN_POINT('',(-9.77193833558611,-7.39819064970305,10.));
#15590=CARTESIAN_POINT('',(-5.58879653130951,-2.89999999995571,10.));
#15591=CARTESIAN_POINT('',(-15.3852071961735,-2.89999999930209,10.));
#15592=CARTESIAN_POINT('',(-6.6712477851297,-1.99171555215769,10.));
#15593=CARTESIAN_POINT('',(-12.656853491906,3.03080398849505,10.));
#15594=CARTESIAN_POINT('',(-7.59229627990864,-0.199999993879806,10.));
#15595=CARTESIAN_POINT('Origin',(-4.99999999999592,1.28779161805764E-15,
10.));
#15596=CARTESIAN_POINT('',(-7.59999999999593,-0.2,10.));
#15597=CARTESIAN_POINT('Ctrl Pts',(-7.59999999999593,-0.199999999999999,
10.));
#15598=CARTESIAN_POINT('Ctrl Pts',(-7.59743223439578,-0.199999999999999,
10.));
#15599=CARTESIAN_POINT('Ctrl Pts',(-7.59486446881424,-0.200000002038645,
10.));
#15600=CARTESIAN_POINT('Ctrl Pts',(-7.59229627990864,-0.199999993885742,
10.));
#15601=CARTESIAN_POINT('',(-12.4000000000023,-0.2,10.));
#15602=CARTESIAN_POINT('',(-12.7000000006859,-0.2,10.));
#15603=CARTESIAN_POINT('',(-12.4077037200896,-0.199999993879804,10.));
#15604=CARTESIAN_POINT('Ctrl Pts',(-12.4077037200896,-0.199999993885739,
10.));
#15605=CARTESIAN_POINT('Ctrl Pts',(-12.405135531184,-0.200000002038642,
10.));
#15606=CARTESIAN_POINT('Ctrl Pts',(-12.4025677656025,-0.199999999999996,
10.));
#15607=CARTESIAN_POINT('Ctrl Pts',(-12.4000000000023,-0.199999999999996,
10.));
#15608=CARTESIAN_POINT('',(-13.3287522148237,-1.99171555211473,10.));
#15609=CARTESIAN_POINT('Origin',(-15.0000000000023,3.86337485418112E-15,
10.));
#15610=CARTESIAN_POINT('',(-14.4112034686751,-2.89999999997329,10.));
#15611=CARTESIAN_POINT('',(-16.8378178914817,-4.93617126714644,10.));
#15612=CARTESIAN_POINT('',(-15.5887965312869,-2.90000000000462,10.));
#15613=CARTESIAN_POINT('',(-20.3852071960091,-2.90000000013226,10.));
#15614=CARTESIAN_POINT('',(-16.6712477851601,-1.99171555214169,10.));
#15615=CARTESIAN_POINT('',(-19.7227330475843,0.568784606018082,10.));
#15616=CARTESIAN_POINT('',(-17.592296279915,-0.199999993879804,10.));
#15617=CARTESIAN_POINT('Origin',(-15.0000000000023,3.86337485418112E-15,
10.));
#15618=CARTESIAN_POINT('',(-17.6000000000023,-0.2,10.));
#15619=CARTESIAN_POINT('Ctrl Pts',(-17.6000000000023,-0.199999999999996,
10.));
#15620=CARTESIAN_POINT('Ctrl Pts',(-17.5974322344022,-0.199999999999996,
10.));
#15621=CARTESIAN_POINT('Ctrl Pts',(-17.5948644688206,-0.200000002038642,
10.));
#15622=CARTESIAN_POINT('Ctrl Pts',(-17.592296279915,-0.199999993885739,
10.));
#15623=CARTESIAN_POINT('',(-22.4000000013718,-0.2,10.));
#15624=CARTESIAN_POINT('',(-12.7000000006859,-0.2,10.));
#15625=CARTESIAN_POINT('',(-22.4000000013718,-5.00000000001298,10.));
#15626=CARTESIAN_POINT('',(-22.4000000013718,0.,10.));
#15627=CARTESIAN_POINT('',(-12.7000000006859,-5.00000000001298,10.));
#15628=CARTESIAN_POINT('Origin',(4.44089209850063E-15,0.,-2.22044604925031E-15));
#15629=CARTESIAN_POINT('Ctrl Pts',(2.40513539011922,0.,9.79996703335196));
#15630=CARTESIAN_POINT('Ctrl Pts',(2.50899066326608,0.,9.79863358009544));
#15631=CARTESIAN_POINT('Ctrl Pts',(2.71497561698649,0.,9.71095743836856));
#15632=CARTESIAN_POINT('Ctrl Pts',(2.80000000000408,0.,9.50386383325294));
#15633=CARTESIAN_POINT('Ctrl Pts',(2.80000000000408,0.,9.4));
#15634=CARTESIAN_POINT('Ctrl Pts',(2.40599150010994,-0.0666666646285814,
9.8666446889013));
#15635=CARTESIAN_POINT('Ctrl Pts',(2.52716882666552,-0.0666664997397436,
9.86575572007033));
#15636=CARTESIAN_POINT('Ctrl Pts',(2.76888297600307,-0.0666379672264369,
9.76507030603244));
#15637=CARTESIAN_POINT('Ctrl Pts',(2.87000000000408,-0.0665832811847944,
9.52204000407221));
#15638=CARTESIAN_POINT('Ctrl Pts',(2.87000000000408,-0.0665832811847944,
9.4));
#15639=CARTESIAN_POINT('Ctrl Pts',(2.40684761010065,-0.133333329257163,
9.93332234445065));
#15640=CARTESIAN_POINT('Ctrl Pts',(2.54534699006495,-0.133332999479487,
9.93287786004521));
#15641=CARTESIAN_POINT('Ctrl Pts',(2.82279033501964,-0.133275934452874,
9.81918317369633));
#15642=CARTESIAN_POINT('Ctrl Pts',(2.94000000000408,-0.133166562369589,
9.54021617489147));
#15643=CARTESIAN_POINT('Ctrl Pts',(2.94000000000408,-0.133166562369589,
9.4));
#15644=CARTESIAN_POINT('Ctrl Pts',(2.40770372009137,-0.199999993885744,
10.));
#15645=CARTESIAN_POINT('Ctrl Pts',(2.56352515346438,-0.199999499219231,
10.0000000000201));
#15646=CARTESIAN_POINT('Ctrl Pts',(2.87669769403622,-0.199913901679311,
9.87329604136021));
#15647=CARTESIAN_POINT('Ctrl Pts',(3.01000000000408,-0.199749843554383,
9.55839234571074));
#15648=CARTESIAN_POINT('Ctrl Pts',(3.01000000000408,-0.199749843554383,
9.4));
#15649=CARTESIAN_POINT('',(2.40513539011922,0.,9.79996703335196));
#15650=CARTESIAN_POINT('',(2.40513539011922,0.,9.79996703335196));
#15651=CARTESIAN_POINT('',(3.01000000000408,-0.199749843554383,9.4));
#15652=CARTESIAN_POINT('Ctrl Pts',(2.40770372009137,-0.199999993885744,
10.));
#15653=CARTESIAN_POINT('Ctrl Pts',(2.56352515346438,-0.199999499219231,
10.0000000000201));
#15654=CARTESIAN_POINT('Ctrl Pts',(2.87669769403622,-0.199913901679311,
9.87329604136021));
#15655=CARTESIAN_POINT('Ctrl Pts',(3.01000000000408,-0.199749843554383,
9.55839234571074));
#15656=CARTESIAN_POINT('Ctrl Pts',(3.01000000000408,-0.199749843554383,
9.4));
#15657=CARTESIAN_POINT('',(2.80000000000408,0.,9.4));
#15658=CARTESIAN_POINT('',(3.01000000000408,-0.199749843554383,9.4));
#15659=CARTESIAN_POINT('Ctrl Pts',(2.80000000000408,0.,9.4));
#15660=CARTESIAN_POINT('Ctrl Pts',(2.80000000000408,0.,9.50386383325294));
#15661=CARTESIAN_POINT('Ctrl Pts',(2.71497561698649,0.,9.71095743836856));
#15662=CARTESIAN_POINT('Ctrl Pts',(2.50899066326608,0.,9.79863358009544));
#15663=CARTESIAN_POINT('Ctrl Pts',(2.40513539011922,0.,9.79996703335196));
#15664=CARTESIAN_POINT('Origin',(2.90500000000408,-0.0998749217771909,0.));
#15665=CARTESIAN_POINT('',(3.01000000000408,-0.199749843554382,-9.4));
#15666=CARTESIAN_POINT('',(2.80000000000408,0.,-9.4));
#15667=CARTESIAN_POINT('',(3.01000000000408,-0.199749843554382,-9.4));
#15668=CARTESIAN_POINT('',(2.80000000000408,0.,0.));
#15669=CARTESIAN_POINT('',(3.01000000000408,-0.199749843554382,0.));
#15670=CARTESIAN_POINT('Ctrl Pts',(2.80000000000408,0.,-9.4));
#15671=CARTESIAN_POINT('Ctrl Pts',(2.80000000000408,0.,-9.50386383325294));
#15672=CARTESIAN_POINT('Ctrl Pts',(2.71497561698649,0.,-9.71095743836856));
#15673=CARTESIAN_POINT('Ctrl Pts',(2.50899066326608,0.,-9.79863358009544));
#15674=CARTESIAN_POINT('Ctrl Pts',(2.40513539011922,0.,-9.79996703335196));
#15675=CARTESIAN_POINT('Ctrl Pts',(2.87000000000408,-0.0665832811847945,
-9.4));
#15676=CARTESIAN_POINT('Ctrl Pts',(2.87000000000408,-0.0665832811847945,
-9.52204000407221));
#15677=CARTESIAN_POINT('Ctrl Pts',(2.76888297600307,-0.0666379672264369,
-9.76507030603244));
#15678=CARTESIAN_POINT('Ctrl Pts',(2.52716882666552,-0.0666664997397435,
-9.86575572007033));
#15679=CARTESIAN_POINT('Ctrl Pts',(2.40599150010994,-0.0666666646285813,
-9.8666446889013));
#15680=CARTESIAN_POINT('Ctrl Pts',(2.94000000000408,-0.133166562369589,
-9.4));
#15681=CARTESIAN_POINT('Ctrl Pts',(2.94000000000408,-0.133166562369589,
-9.54021617489147));
#15682=CARTESIAN_POINT('Ctrl Pts',(2.82279033501964,-0.133275934452874,
-9.81918317369633));
#15683=CARTESIAN_POINT('Ctrl Pts',(2.54534699006495,-0.133332999479487,
-9.93287786004521));
#15684=CARTESIAN_POINT('Ctrl Pts',(2.40684761010065,-0.133333329257163,
-9.93332234445065));
#15685=CARTESIAN_POINT('Ctrl Pts',(3.01000000000408,-0.199749843554383,
-9.4));
#15686=CARTESIAN_POINT('Ctrl Pts',(3.01000000000408,-0.199749843554383,
-9.55839234571074));
#15687=CARTESIAN_POINT('Ctrl Pts',(2.87669769403622,-0.199913901679311,
-9.87329604136021));
#15688=CARTESIAN_POINT('Ctrl Pts',(2.56352515346438,-0.199999499219231,
-10.0000000000201));
#15689=CARTESIAN_POINT('Ctrl Pts',(2.40770372009137,-0.199999993885744,
-10.));
#15690=CARTESIAN_POINT('',(2.40513539011922,0.,-9.79996703335196));
#15691=CARTESIAN_POINT('',(2.40770372009137,-0.199999993879809,-10.));
#15692=CARTESIAN_POINT('Ctrl Pts',(2.40513539011922,0.,-9.79996703335196));
#15693=CARTESIAN_POINT('Ctrl Pts',(2.50899066326608,0.,-9.79863358009544));
#15694=CARTESIAN_POINT('Ctrl Pts',(2.71497561698649,0.,-9.71095743836856));
#15695=CARTESIAN_POINT('Ctrl Pts',(2.80000000000408,0.,-9.50386383325294));
#15696=CARTESIAN_POINT('Ctrl Pts',(2.80000000000408,0.,-9.4));
#15697=CARTESIAN_POINT('Ctrl Pts',(3.01000000000408,-0.199749843554383,
-9.4));
#15698=CARTESIAN_POINT('Ctrl Pts',(3.01000000000408,-0.199749843554383,
-9.55839234571074));
#15699=CARTESIAN_POINT('Ctrl Pts',(2.87669769403622,-0.199913901679311,
-9.87329604136021));
#15700=CARTESIAN_POINT('Ctrl Pts',(2.56352515346438,-0.199999499219231,
-10.0000000000201));
#15701=CARTESIAN_POINT('Ctrl Pts',(2.40770372009137,-0.199999993885744,
-10.));
#15702=CARTESIAN_POINT('Origin',(12.7000000006859,-0.1,-9.9));
#15703=CARTESIAN_POINT('',(-2.39999999999592,0.,-9.8));
#15704=CARTESIAN_POINT('',(-2.39999999999592,-0.2,-10.));
#15705=CARTESIAN_POINT('',(2.40000000000409,0.,-9.8));
#15706=CARTESIAN_POINT('',(12.7000000006859,0.,-9.8));
#15707=CARTESIAN_POINT('',(2.40000000000409,0.,-9.8));
#15708=CARTESIAN_POINT('Ctrl Pts',(2.40513539011923,0.,-9.79996703335196));
#15709=CARTESIAN_POINT('Ctrl Pts',(2.40342368747017,0.,-9.79998901081542));
#15710=CARTESIAN_POINT('Ctrl Pts',(2.40171184373752,0.,-9.8));
#15711=CARTESIAN_POINT('Ctrl Pts',(2.40000000000409,0.,-9.8));
#15712=CARTESIAN_POINT('Ctrl Pts',(2.40599150010994,-0.0666666646285814,
-9.8666446889013));
#15713=CARTESIAN_POINT('Ctrl Pts',(2.40399430204204,-0.0666666673462157,
-9.86665934054362));
#15714=CARTESIAN_POINT('Ctrl Pts',(2.40199715102642,-0.0666666666666671,
-9.86666666666667));
#15715=CARTESIAN_POINT('Ctrl Pts',(2.40000000000409,-0.0666666666666671,
-9.86666666666667));
#15716=CARTESIAN_POINT('Ctrl Pts',(2.40684761010065,-0.133333329257163,
-9.93332234445065));
#15717=CARTESIAN_POINT('Ctrl Pts',(2.4045649166139,-0.133333334692431,-9.93332967027181));
#15718=CARTESIAN_POINT('Ctrl Pts',(2.40228245831533,-0.133333333333334,
-9.93333333333333));
#15719=CARTESIAN_POINT('Ctrl Pts',(2.40000000000409,-0.133333333333334,
-9.93333333333333));
#15720=CARTESIAN_POINT('Ctrl Pts',(2.40770372009137,-0.199999993885744,
-10.));
#15721=CARTESIAN_POINT('Ctrl Pts',(2.40513553118577,-0.200000002038647,
-10.));
#15722=CARTESIAN_POINT('Ctrl Pts',(2.40256776560423,-0.200000000000001,
-10.));
#15723=CARTESIAN_POINT('Ctrl Pts',(2.40000000000409,-0.200000000000001,
-10.));
#15724=CARTESIAN_POINT('Ctrl Pts',(2.40000000000409,0.,-9.8));
#15725=CARTESIAN_POINT('Ctrl Pts',(2.40171184373752,0.,-9.8));
#15726=CARTESIAN_POINT('Ctrl Pts',(2.40342368747017,0.,-9.79998901081542));
#15727=CARTESIAN_POINT('Ctrl Pts',(2.40513539011923,0.,-9.79996703335196));
#15728=CARTESIAN_POINT('Ctrl Pts',(-2.40513539011106,0.,-9.79996703335196));
#15729=CARTESIAN_POINT('Ctrl Pts',(-2.50899066325792,0.,-9.79863358009544));
#15730=CARTESIAN_POINT('Ctrl Pts',(-2.71497561697833,0.,-9.71095743836856));
#15731=CARTESIAN_POINT('Ctrl Pts',(-2.79999999999592,0.,-9.50386383325294));
#15732=CARTESIAN_POINT('Ctrl Pts',(-2.79999999999592,0.,-9.4));
#15733=CARTESIAN_POINT('Ctrl Pts',(-2.40599150010178,-0.0666666646285805,
-9.8666446889013));
#15734=CARTESIAN_POINT('Ctrl Pts',(-2.52716882665735,-0.0666664997397427,
-9.86575572007033));
#15735=CARTESIAN_POINT('Ctrl Pts',(-2.7688829759949,-0.0666379672264361,
-9.76507030603245));
#15736=CARTESIAN_POINT('Ctrl Pts',(-2.86999999999592,-0.0665832811847935,
-9.52204000407221));
#15737=CARTESIAN_POINT('Ctrl Pts',(-2.86999999999592,-0.0665832811847935,
-9.4));
#15738=CARTESIAN_POINT('Ctrl Pts',(-2.40684761009249,-0.133333329257161,
-9.93332234445065));
#15739=CARTESIAN_POINT('Ctrl Pts',(-2.54534699005679,-0.133332999479485,
-9.93287786004521));
#15740=CARTESIAN_POINT('Ctrl Pts',(-2.82279033501148,-0.133275934452872,
-9.81918317369633));
#15741=CARTESIAN_POINT('Ctrl Pts',(-2.93999999999592,-0.133166562369587,
-9.54021617489147));
#15742=CARTESIAN_POINT('Ctrl Pts',(-2.93999999999592,-0.133166562369587,
-9.4));
#15743=CARTESIAN_POINT('Ctrl Pts',(-2.40770372008321,-0.199999993885742,
-10.));
#15744=CARTESIAN_POINT('Ctrl Pts',(-2.56352515345622,-0.199999499219228,
-10.0000000000201));
#15745=CARTESIAN_POINT('Ctrl Pts',(-2.87669769402806,-0.199913901679308,
-9.87329604136021));
#15746=CARTESIAN_POINT('Ctrl Pts',(-3.00999999999592,-0.199749843554381,
-9.55839234571074));
#15747=CARTESIAN_POINT('Ctrl Pts',(-3.00999999999592,-0.199749843554381,
-9.4));
#15748=CARTESIAN_POINT('',(-2.40513539011106,0.,-9.79996703335196));
#15749=CARTESIAN_POINT('',(-2.40513539011106,0.,-9.79996703335196));
#15750=CARTESIAN_POINT('',(-3.00999999999592,-0.199749843554381,-9.4));
#15751=CARTESIAN_POINT('Ctrl Pts',(-2.40770372008321,-0.199999993885742,
-10.));
#15752=CARTESIAN_POINT('Ctrl Pts',(-2.56352515345622,-0.199999499219228,
-10.0000000000201));
#15753=CARTESIAN_POINT('Ctrl Pts',(-2.87669769402806,-0.199913901679308,
-9.87329604136021));
#15754=CARTESIAN_POINT('Ctrl Pts',(-3.00999999999592,-0.199749843554381,
-9.55839234571074));
#15755=CARTESIAN_POINT('Ctrl Pts',(-3.00999999999592,-0.199749843554381,
-9.4));
#15756=CARTESIAN_POINT('',(-2.79999999999592,0.,-9.4));
#15757=CARTESIAN_POINT('',(-3.00999999999592,-0.199749843554381,-9.4));
#15758=CARTESIAN_POINT('Ctrl Pts',(-2.79999999999592,0.,-9.4));
#15759=CARTESIAN_POINT('Ctrl Pts',(-2.79999999999592,0.,-9.50386383325294));
#15760=CARTESIAN_POINT('Ctrl Pts',(-2.71497561697833,0.,-9.71095743836856));
#15761=CARTESIAN_POINT('Ctrl Pts',(-2.50899066325792,0.,-9.79863358009544));
#15762=CARTESIAN_POINT('Ctrl Pts',(-2.40513539011106,0.,-9.79996703335196));
#15763=CARTESIAN_POINT('Origin',(-2.90499999999592,-0.0998749217771909,
0.));
#15764=CARTESIAN_POINT('',(-3.00999999999592,-0.199749843554382,9.4));
#15765=CARTESIAN_POINT('',(-2.79999999999592,0.,9.4));
#15766=CARTESIAN_POINT('',(-3.00999999999592,-0.199749843554382,9.4));
#15767=CARTESIAN_POINT('',(-2.79999999999592,0.,0.));
#15768=CARTESIAN_POINT('',(-3.00999999999592,-0.199749843554382,0.));
#15769=CARTESIAN_POINT('Ctrl Pts',(-2.79999999999592,0.,9.4));
#15770=CARTESIAN_POINT('Ctrl Pts',(-2.79999999999592,0.,9.50386383325294));
#15771=CARTESIAN_POINT('Ctrl Pts',(-2.71497561697833,0.,9.71095743836856));
#15772=CARTESIAN_POINT('Ctrl Pts',(-2.50899066325792,0.,9.79863358009544));
#15773=CARTESIAN_POINT('Ctrl Pts',(-2.40513539011106,0.,9.79996703335196));
#15774=CARTESIAN_POINT('Ctrl Pts',(-2.86999999999592,-0.0665832811847934,
9.4));
#15775=CARTESIAN_POINT('Ctrl Pts',(-2.86999999999592,-0.0665832811847934,
9.52204000407221));
#15776=CARTESIAN_POINT('Ctrl Pts',(-2.7688829759949,-0.0666379672264362,
9.76507030603245));
#15777=CARTESIAN_POINT('Ctrl Pts',(-2.52716882665735,-0.0666664997397427,
9.86575572007033));
#15778=CARTESIAN_POINT('Ctrl Pts',(-2.40599150010178,-0.0666666646285805,
9.8666446889013));
#15779=CARTESIAN_POINT('Ctrl Pts',(-2.93999999999592,-0.133166562369587,
9.4));
#15780=CARTESIAN_POINT('Ctrl Pts',(-2.93999999999592,-0.133166562369587,
9.54021617489147));
#15781=CARTESIAN_POINT('Ctrl Pts',(-2.82279033501149,-0.133275934452872,
9.81918317369633));
#15782=CARTESIAN_POINT('Ctrl Pts',(-2.54534699005679,-0.133332999479485,
9.93287786004521));
#15783=CARTESIAN_POINT('Ctrl Pts',(-2.40684761009249,-0.133333329257161,
9.93332234445065));
#15784=CARTESIAN_POINT('Ctrl Pts',(-3.00999999999592,-0.19974984355438,
9.4));
#15785=CARTESIAN_POINT('Ctrl Pts',(-3.00999999999592,-0.19974984355438,
9.55839234571074));
#15786=CARTESIAN_POINT('Ctrl Pts',(-2.87669769402806,-0.199913901679309,
9.87329604136021));
#15787=CARTESIAN_POINT('Ctrl Pts',(-2.56352515345622,-0.199999499219228,
10.0000000000201));
#15788=CARTESIAN_POINT('Ctrl Pts',(-2.40770372008321,-0.199999993885741,
10.));
#15789=CARTESIAN_POINT('',(-2.40513539011106,0.,9.79996703335196));
#15790=CARTESIAN_POINT('',(-2.40770372008321,-0.199999993879806,10.));
#15791=CARTESIAN_POINT('Ctrl Pts',(-2.40513539011106,0.,9.79996703335196));
#15792=CARTESIAN_POINT('Ctrl Pts',(-2.50899066325792,0.,9.79863358009544));
#15793=CARTESIAN_POINT('Ctrl Pts',(-2.71497561697833,0.,9.71095743836856));
#15794=CARTESIAN_POINT('Ctrl Pts',(-2.79999999999592,0.,9.50386383325294));
#15795=CARTESIAN_POINT('Ctrl Pts',(-2.79999999999592,0.,9.4));
#15796=CARTESIAN_POINT('Ctrl Pts',(-3.00999999999592,-0.19974984355438,
9.4));
#15797=CARTESIAN_POINT('Ctrl Pts',(-3.00999999999592,-0.19974984355438,
9.55839234571074));
#15798=CARTESIAN_POINT('Ctrl Pts',(-2.87669769402806,-0.199913901679309,
9.87329604136021));
#15799=CARTESIAN_POINT('Ctrl Pts',(-2.56352515345622,-0.199999499219228,
10.0000000000201));
#15800=CARTESIAN_POINT('Ctrl Pts',(-2.40770372008321,-0.199999993885741,
10.));
#15801=CARTESIAN_POINT('Ctrl Pts',(-2.39999999999592,0.,-9.8));
#15802=CARTESIAN_POINT('Ctrl Pts',(-2.40171184372935,0.,-9.8));
#15803=CARTESIAN_POINT('Ctrl Pts',(-2.40342368746201,0.,-9.79998901081542));
#15804=CARTESIAN_POINT('Ctrl Pts',(-2.40513539011106,0.,-9.79996703335196));
#15805=CARTESIAN_POINT('Ctrl Pts',(-2.39999999999592,-0.0666666666666662,
-9.86666666666667));
#15806=CARTESIAN_POINT('Ctrl Pts',(-2.40199715101826,-0.0666666666666662,
-9.86666666666667));
#15807=CARTESIAN_POINT('Ctrl Pts',(-2.40399430203387,-0.0666666673462148,
-9.86665934054362));
#15808=CARTESIAN_POINT('Ctrl Pts',(-2.40599150010178,-0.0666666646285805,
-9.8666446889013));
#15809=CARTESIAN_POINT('Ctrl Pts',(-2.39999999999592,-0.133333333333332,
-9.93333333333333));
#15810=CARTESIAN_POINT('Ctrl Pts',(-2.40228245830716,-0.133333333333332,
-9.93333333333333));
#15811=CARTESIAN_POINT('Ctrl Pts',(-2.40456491660574,-0.13333333469243,
-9.93332967027181));
#15812=CARTESIAN_POINT('Ctrl Pts',(-2.40684761009249,-0.133333329257161,
-9.93332234445065));
#15813=CARTESIAN_POINT('Ctrl Pts',(-2.39999999999593,-0.199999999999999,
-10.));
#15814=CARTESIAN_POINT('Ctrl Pts',(-2.40256776559607,-0.199999999999999,
-10.));
#15815=CARTESIAN_POINT('Ctrl Pts',(-2.40513553117761,-0.200000002038645,
-10.));
#15816=CARTESIAN_POINT('Ctrl Pts',(-2.40770372008321,-0.199999993885742,
-10.));
#15817=CARTESIAN_POINT('Ctrl Pts',(-2.40513539011106,0.,-9.79996703335196));
#15818=CARTESIAN_POINT('Ctrl Pts',(-2.40342368746201,0.,-9.79998901081542));
#15819=CARTESIAN_POINT('Ctrl Pts',(-2.40171184372935,0.,-9.8));
#15820=CARTESIAN_POINT('Ctrl Pts',(-2.39999999999592,0.,-9.8));
#15821=CARTESIAN_POINT('Origin',(-12.7000000006859,-0.1,9.9));
#15822=CARTESIAN_POINT('',(2.40000000000408,0.,9.8));
#15823=CARTESIAN_POINT('',(2.40000000000408,-0.2,10.));
#15824=CARTESIAN_POINT('',(-2.39999999999592,0.,9.8));
#15825=CARTESIAN_POINT('',(-12.7000000006859,0.,9.8));
#15826=CARTESIAN_POINT('',(-2.39999999999592,0.,9.8));
#15827=CARTESIAN_POINT('Ctrl Pts',(-2.40513539011106,0.,9.79996703335196));
#15828=CARTESIAN_POINT('Ctrl Pts',(-2.40342368746201,0.,9.79998901081542));
#15829=CARTESIAN_POINT('Ctrl Pts',(-2.40171184372935,0.,9.8));
#15830=CARTESIAN_POINT('Ctrl Pts',(-2.39999999999592,0.,9.8));
#15831=CARTESIAN_POINT('Ctrl Pts',(-2.40599150010178,-0.0666666646285805,
9.8666446889013));
#15832=CARTESIAN_POINT('Ctrl Pts',(-2.40399430203387,-0.0666666673462148,
9.86665934054362));
#15833=CARTESIAN_POINT('Ctrl Pts',(-2.40199715101826,-0.0666666666666662,
9.86666666666667));
#15834=CARTESIAN_POINT('Ctrl Pts',(-2.39999999999592,-0.0666666666666662,
9.86666666666667));
#15835=CARTESIAN_POINT('Ctrl Pts',(-2.40684761009249,-0.133333329257161,
9.93332234445065));
#15836=CARTESIAN_POINT('Ctrl Pts',(-2.40456491660574,-0.13333333469243,
9.93332967027181));
#15837=CARTESIAN_POINT('Ctrl Pts',(-2.40228245830716,-0.133333333333332,
9.93333333333334));
#15838=CARTESIAN_POINT('Ctrl Pts',(-2.39999999999592,-0.133333333333332,
9.93333333333334));
#15839=CARTESIAN_POINT('Ctrl Pts',(-2.40770372008321,-0.199999993885742,
10.));
#15840=CARTESIAN_POINT('Ctrl Pts',(-2.40513553117761,-0.200000002038645,
10.));
#15841=CARTESIAN_POINT('Ctrl Pts',(-2.40256776559607,-0.199999999999999,
10.));
#15842=CARTESIAN_POINT('Ctrl Pts',(-2.39999999999592,-0.199999999999999,
10.));
#15843=CARTESIAN_POINT('Ctrl Pts',(-2.39999999999592,0.,9.8));
#15844=CARTESIAN_POINT('Ctrl Pts',(-2.40171184372935,0.,9.8));
#15845=CARTESIAN_POINT('Ctrl Pts',(-2.40342368746201,0.,9.79998901081542));
#15846=CARTESIAN_POINT('Ctrl Pts',(-2.40513539011106,0.,9.79996703335196));
#15847=CARTESIAN_POINT('Ctrl Pts',(2.40000000000408,0.,9.8));
#15848=CARTESIAN_POINT('Ctrl Pts',(2.40171184373751,0.,9.8));
#15849=CARTESIAN_POINT('Ctrl Pts',(2.40342368747017,0.,9.79998901081542));
#15850=CARTESIAN_POINT('Ctrl Pts',(2.40513539011923,0.,9.79996703335196));
#15851=CARTESIAN_POINT('Ctrl Pts',(2.40000000000408,-0.0666666666666671,
9.86666666666667));
#15852=CARTESIAN_POINT('Ctrl Pts',(2.40199715102642,-0.0666666666666671,
9.86666666666667));
#15853=CARTESIAN_POINT('Ctrl Pts',(2.40399430204204,-0.0666666673462157,
9.86665934054362));
#15854=CARTESIAN_POINT('Ctrl Pts',(2.40599150010994,-0.0666666646285814,
9.8666446889013));
#15855=CARTESIAN_POINT('Ctrl Pts',(2.40000000000408,-0.133333333333334,
9.93333333333334));
#15856=CARTESIAN_POINT('Ctrl Pts',(2.40228245831532,-0.133333333333334,
9.93333333333334));
#15857=CARTESIAN_POINT('Ctrl Pts',(2.4045649166139,-0.133333334692431,9.93332967027181));
#15858=CARTESIAN_POINT('Ctrl Pts',(2.40684761010065,-0.133333329257163,
9.93332234445065));
#15859=CARTESIAN_POINT('Ctrl Pts',(2.40000000000408,-0.200000000000001,
10.));
#15860=CARTESIAN_POINT('Ctrl Pts',(2.40256776560423,-0.200000000000001,
10.));
#15861=CARTESIAN_POINT('Ctrl Pts',(2.40513553118577,-0.200000002038647,
10.));
#15862=CARTESIAN_POINT('Ctrl Pts',(2.40770372009137,-0.199999993885744,
10.));
#15863=CARTESIAN_POINT('Ctrl Pts',(2.40513539011923,0.,9.79996703335196));
#15864=CARTESIAN_POINT('Ctrl Pts',(2.40342368747017,0.,9.79998901081542));
#15865=CARTESIAN_POINT('Ctrl Pts',(2.40171184373751,0.,9.8));
#15866=CARTESIAN_POINT('Ctrl Pts',(2.40000000000408,0.,9.8));
#15867=CARTESIAN_POINT('Origin',(5.00000000000408,-1.28779161806584E-15,
-9.4));
#15868=CARTESIAN_POINT('',(3.71442478064828,-1.53208888625245,-9.4));
#15869=CARTESIAN_POINT('Origin',(5.00000000000408,-1.28779161806584E-15,
-9.4));
#15870=CARTESIAN_POINT('Origin',(3.32875221484153,-1.99171555212818,-9.4));
#15871=CARTESIAN_POINT('Origin',(5.00000000000408,-1.28779161806584E-15,
0.));
#15872=CARTESIAN_POINT('',(3.71442478064828,-1.53208888625245,9.4));
#15873=CARTESIAN_POINT('Origin',(5.00000000000408,-1.28779161806584E-15,
9.4));
#15874=CARTESIAN_POINT('',(3.71442478064828,-1.53208888625245,0.));
#15875=CARTESIAN_POINT('Origin',(5.00000000000408,-1.28779161806584E-15,
9.4));
#15876=CARTESIAN_POINT('Origin',(3.32875221484153,-1.99171555212818,9.4));
#15877=CARTESIAN_POINT('Origin',(4.44089209850063E-15,0.,-2.22044604925031E-15));
#15878=CARTESIAN_POINT('Ctrl Pts',(-7.59486460988078,0.,9.79996703335196));
#15879=CARTESIAN_POINT('Ctrl Pts',(-7.49100933673393,0.,9.79863358009544));
#15880=CARTESIAN_POINT('Ctrl Pts',(-7.28505242066116,0.,9.71092975840029));
#15881=CARTESIAN_POINT('Ctrl Pts',(-7.19999999999593,0.,9.50386383325294));
#15882=CARTESIAN_POINT('Ctrl Pts',(-7.19999999999593,0.,9.4));
#15883=CARTESIAN_POINT('Ctrl Pts',(-7.59400849989007,-0.0666666646285805,
9.8666446889013));
#15884=CARTESIAN_POINT('Ctrl Pts',(-7.47283117333449,-0.0666664997397427,
9.86575572007032));
#15885=CARTESIAN_POINT('Ctrl Pts',(-7.23114961515594,-0.0666379645048938,
9.76503619491677));
#15886=CARTESIAN_POINT('Ctrl Pts',(-7.12999999999592,-0.0665832811847935,
9.52204000407221));
#15887=CARTESIAN_POINT('Ctrl Pts',(-7.12999999999592,-0.0665832811847935,
9.4));
#15888=CARTESIAN_POINT('Ctrl Pts',(-7.59315238989936,-0.133333329257161,
9.93332234445065));
#15889=CARTESIAN_POINT('Ctrl Pts',(-7.45465300993506,-0.133332999479485,
9.93287786004521));
#15890=CARTESIAN_POINT('Ctrl Pts',(-7.17724680965072,-0.133275929009788,
9.81914263143324));
#15891=CARTESIAN_POINT('Ctrl Pts',(-7.05999999999593,-0.133166562369587,
9.54021617489147));
#15892=CARTESIAN_POINT('Ctrl Pts',(-7.05999999999593,-0.133166562369587,
9.4));
#15893=CARTESIAN_POINT('Ctrl Pts',(-7.59229627990864,-0.199999993885741,
10.));
#15894=CARTESIAN_POINT('Ctrl Pts',(-7.43647484653563,-0.199999499219228,
10.0000000000201));
#15895=CARTESIAN_POINT('Ctrl Pts',(-7.1233440041455,-0.199913893514681,
9.87324906794971));
#15896=CARTESIAN_POINT('Ctrl Pts',(-6.98999999999593,-0.199749843554381,
9.55839234571074));
#15897=CARTESIAN_POINT('Ctrl Pts',(-6.98999999999593,-0.199749843554381,
9.4));
#15898=CARTESIAN_POINT('',(-7.59486460988078,0.,9.79996703335196));
#15899=CARTESIAN_POINT('',(-7.59486460988078,0.,9.79996703335196));
#15900=CARTESIAN_POINT('',(-6.98999999999593,-0.199749843554381,9.4));
#15901=CARTESIAN_POINT('Ctrl Pts',(-7.59229627990864,-0.199999993885741,
10.));
#15902=CARTESIAN_POINT('Ctrl Pts',(-7.43647484653563,-0.199999499219228,
10.0000000000201));
#15903=CARTESIAN_POINT('Ctrl Pts',(-7.1233440041455,-0.199913893514681,
9.87324906794971));
#15904=CARTESIAN_POINT('Ctrl Pts',(-6.98999999999593,-0.199749843554381,
9.55839234571074));
#15905=CARTESIAN_POINT('Ctrl Pts',(-6.98999999999593,-0.199749843554381,
9.4));
#15906=CARTESIAN_POINT('',(-7.19999999999593,0.,9.4));
#15907=CARTESIAN_POINT('',(-6.98999999999593,-0.199749843554381,9.4));
#15908=CARTESIAN_POINT('Ctrl Pts',(-7.19999999999593,0.,9.4));
#15909=CARTESIAN_POINT('Ctrl Pts',(-7.19999999999593,0.,9.50386383325294));
#15910=CARTESIAN_POINT('Ctrl Pts',(-7.28505242066116,0.,9.71092975840029));
#15911=CARTESIAN_POINT('Ctrl Pts',(-7.49100933673393,0.,9.79863358009544));
#15912=CARTESIAN_POINT('Ctrl Pts',(-7.59486460988078,0.,9.79996703335196));
#15913=CARTESIAN_POINT('Origin',(-7.09499999999593,-0.0998749217771909,
0.));
#15914=CARTESIAN_POINT('',(-6.98999999999593,-0.199749843554382,-9.4));
#15915=CARTESIAN_POINT('',(-7.19999999999593,0.,-9.4));
#15916=CARTESIAN_POINT('',(-6.98999999999593,-0.199749843554382,-9.4));
#15917=CARTESIAN_POINT('',(-7.19999999999593,0.,0.));
#15918=CARTESIAN_POINT('',(-6.98999999999593,-0.199749843554382,0.));
#15919=CARTESIAN_POINT('Ctrl Pts',(-7.19999999999593,0.,-9.4));
#15920=CARTESIAN_POINT('Ctrl Pts',(-7.19999999999593,0.,-9.50386383325294));
#15921=CARTESIAN_POINT('Ctrl Pts',(-7.28505242066115,0.,-9.71092975840028));
#15922=CARTESIAN_POINT('Ctrl Pts',(-7.49100933673393,0.,-9.79863358009544));
#15923=CARTESIAN_POINT('Ctrl Pts',(-7.59486460988078,0.,-9.79996703335196));
#15924=CARTESIAN_POINT('Ctrl Pts',(-7.12999999999592,-0.0665832811847937,
-9.4));
#15925=CARTESIAN_POINT('Ctrl Pts',(-7.12999999999592,-0.0665832811847937,
-9.52204000407221));
#15926=CARTESIAN_POINT('Ctrl Pts',(-7.23114961515594,-0.0666379645048937,
-9.76503619491677));
#15927=CARTESIAN_POINT('Ctrl Pts',(-7.47283117333449,-0.0666664997397427,
-9.86575572007032));
#15928=CARTESIAN_POINT('Ctrl Pts',(-7.59400849989007,-0.0666666646285805,
-9.8666446889013));
#15929=CARTESIAN_POINT('Ctrl Pts',(-7.05999999999593,-0.133166562369587,
-9.4));
#15930=CARTESIAN_POINT('Ctrl Pts',(-7.05999999999593,-0.133166562369587,
-9.54021617489147));
#15931=CARTESIAN_POINT('Ctrl Pts',(-7.17724680965071,-0.133275929009787,
-9.81914263143324));
#15932=CARTESIAN_POINT('Ctrl Pts',(-7.45465300993506,-0.133332999479485,
-9.93287786004521));
#15933=CARTESIAN_POINT('Ctrl Pts',(-7.59315238989936,-0.133333329257161,
-9.93332234445065));
#15934=CARTESIAN_POINT('Ctrl Pts',(-6.98999999999593,-0.199749843554381,
-9.4));
#15935=CARTESIAN_POINT('Ctrl Pts',(-6.98999999999593,-0.199749843554381,
-9.55839234571074));
#15936=CARTESIAN_POINT('Ctrl Pts',(-7.12334400414549,-0.199913893514681,
-9.87324906794971));
#15937=CARTESIAN_POINT('Ctrl Pts',(-7.43647484653563,-0.199999499219228,
-10.0000000000201));
#15938=CARTESIAN_POINT('Ctrl Pts',(-7.59229627990864,-0.199999993885742,
-10.));
#15939=CARTESIAN_POINT('',(-7.59486460988078,0.,-9.79996703335196));
#15940=CARTESIAN_POINT('',(-7.59229627990864,-0.199999993879806,-10.));
#15941=CARTESIAN_POINT('Ctrl Pts',(-7.59486460988078,0.,-9.79996703335196));
#15942=CARTESIAN_POINT('Ctrl Pts',(-7.49100933673393,0.,-9.79863358009544));
#15943=CARTESIAN_POINT('Ctrl Pts',(-7.28505242066115,0.,-9.71092975840028));
#15944=CARTESIAN_POINT('Ctrl Pts',(-7.19999999999593,0.,-9.50386383325294));
#15945=CARTESIAN_POINT('Ctrl Pts',(-7.19999999999593,0.,-9.4));
#15946=CARTESIAN_POINT('Ctrl Pts',(-6.98999999999593,-0.199749843554381,
-9.4));
#15947=CARTESIAN_POINT('Ctrl Pts',(-6.98999999999593,-0.199749843554381,
-9.55839234571074));
#15948=CARTESIAN_POINT('Ctrl Pts',(-7.12334400414549,-0.199913893514681,
-9.87324906794971));
#15949=CARTESIAN_POINT('Ctrl Pts',(-7.43647484653563,-0.199999499219228,
-10.0000000000201));
#15950=CARTESIAN_POINT('Ctrl Pts',(-7.59229627990864,-0.199999993885742,
-10.));
#15951=CARTESIAN_POINT('Origin',(12.7000000006859,-0.1,-9.9));
#15952=CARTESIAN_POINT('',(-12.4000000000023,0.,-9.8));
#15953=CARTESIAN_POINT('',(-12.4000000000023,-0.2,-10.));
#15954=CARTESIAN_POINT('',(-7.59999999999592,0.,-9.8));
#15955=CARTESIAN_POINT('',(12.7000000006859,0.,-9.8));
#15956=CARTESIAN_POINT('',(-7.59999999999592,0.,-9.8));
#15957=CARTESIAN_POINT('Ctrl Pts',(-7.59486460988078,0.,-9.79996703335196));
#15958=CARTESIAN_POINT('Ctrl Pts',(-7.59657631252984,0.,-9.79998901081542));
#15959=CARTESIAN_POINT('Ctrl Pts',(-7.59828815626249,0.,-9.8));
#15960=CARTESIAN_POINT('Ctrl Pts',(-7.59999999999592,0.,-9.8));
#15961=CARTESIAN_POINT('Ctrl Pts',(-7.59400849989007,-0.0666666646285805,
-9.8666446889013));
#15962=CARTESIAN_POINT('Ctrl Pts',(-7.59600569795797,-0.0666666673462148,
-9.86665934054362));
#15963=CARTESIAN_POINT('Ctrl Pts',(-7.59800284897359,-0.0666666666666662,
-9.86666666666667));
#15964=CARTESIAN_POINT('Ctrl Pts',(-7.59999999999592,-0.0666666666666662,
-9.86666666666667));
#15965=CARTESIAN_POINT('Ctrl Pts',(-7.59315238989936,-0.133333329257161,
-9.93332234445065));
#15966=CARTESIAN_POINT('Ctrl Pts',(-7.59543508338611,-0.13333333469243,
-9.93332967027181));
#15967=CARTESIAN_POINT('Ctrl Pts',(-7.59771754168468,-0.133333333333332,
-9.93333333333333));
#15968=CARTESIAN_POINT('Ctrl Pts',(-7.59999999999592,-0.133333333333332,
-9.93333333333333));
#15969=CARTESIAN_POINT('Ctrl Pts',(-7.59229627990864,-0.199999993885742,
-10.));
#15970=CARTESIAN_POINT('Ctrl Pts',(-7.59486446881424,-0.200000002038645,
-10.));
#15971=CARTESIAN_POINT('Ctrl Pts',(-7.59743223439578,-0.199999999999999,
-10.));
#15972=CARTESIAN_POINT('Ctrl Pts',(-7.59999999999592,-0.199999999999999,
-10.));
#15973=CARTESIAN_POINT('Ctrl Pts',(-7.59999999999592,0.,-9.8));
#15974=CARTESIAN_POINT('Ctrl Pts',(-7.59828815626249,0.,-9.8));
#15975=CARTESIAN_POINT('Ctrl Pts',(-7.59657631252984,0.,-9.79998901081542));
#15976=CARTESIAN_POINT('Ctrl Pts',(-7.59486460988078,0.,-9.79996703335196));
#15977=CARTESIAN_POINT('Ctrl Pts',(-12.4051353901174,0.,-9.79996703335196));
#15978=CARTESIAN_POINT('Ctrl Pts',(-12.5089906632643,0.,-9.79863358009544));
#15979=CARTESIAN_POINT('Ctrl Pts',(-12.7149233405215,0.,-9.71090582880193));
#15980=CARTESIAN_POINT('Ctrl Pts',(-12.8000000000023,0.,-9.50386383325294));
#15981=CARTESIAN_POINT('Ctrl Pts',(-12.8000000000023,0.,-9.4));
#15982=CARTESIAN_POINT('Ctrl Pts',(-12.4059915001082,-0.0666666646285796,
-9.8666446889013));
#15983=CARTESIAN_POINT('Ctrl Pts',(-12.5271688266637,-0.0666664997397419,
-9.86575572007032));
#15984=CARTESIAN_POINT('Ctrl Pts',(-12.7688222094724,-0.0666379621520934,
-9.76500670552972));
#15985=CARTESIAN_POINT('Ctrl Pts',(-12.8700000000023,-0.0665832811847927,
-9.52204000407221));
#15986=CARTESIAN_POINT('Ctrl Pts',(-12.8700000000023,-0.0665832811847927,
-9.4));
#15987=CARTESIAN_POINT('Ctrl Pts',(-12.4068476100989,-0.133333329257159,
-9.93332234445065));
#15988=CARTESIAN_POINT('Ctrl Pts',(-12.5453469900632,-0.133332999479484,
-9.93287786004521));
#15989=CARTESIAN_POINT('Ctrl Pts',(-12.8227210784233,-0.133275924304187,
-9.81910758225752));
#15990=CARTESIAN_POINT('Ctrl Pts',(-12.9400000000023,-0.133166562369585,
-9.54021617489147));
#15991=CARTESIAN_POINT('Ctrl Pts',(-12.9400000000023,-0.133166562369585,
-9.4));
#15992=CARTESIAN_POINT('Ctrl Pts',(-12.4077037200896,-0.199999993885739,
-10.));
#15993=CARTESIAN_POINT('Ctrl Pts',(-12.5635251534626,-0.199999499219226,
-10.0000000000201));
#15994=CARTESIAN_POINT('Ctrl Pts',(-12.8766199473743,-0.19991388645628,
-9.87320845898531));
#15995=CARTESIAN_POINT('Ctrl Pts',(-13.0100000000023,-0.199749843554378,
-9.55839234571074));
#15996=CARTESIAN_POINT('Ctrl Pts',(-13.0100000000023,-0.199749843554378,
-9.4));
#15997=CARTESIAN_POINT('',(-12.4051353901174,0.,-9.79996703335196));
#15998=CARTESIAN_POINT('',(-12.4051353901174,0.,-9.79996703335196));
#15999=CARTESIAN_POINT('',(-13.0100000000023,-0.199749843554378,-9.4));
#16000=CARTESIAN_POINT('Ctrl Pts',(-12.4077037200896,-0.199999993885739,
-10.));
#16001=CARTESIAN_POINT('Ctrl Pts',(-12.5635251534626,-0.199999499219226,
-10.0000000000201));
#16002=CARTESIAN_POINT('Ctrl Pts',(-12.8766199473743,-0.19991388645628,
-9.87320845898531));
#16003=CARTESIAN_POINT('Ctrl Pts',(-13.0100000000023,-0.199749843554378,
-9.55839234571074));
#16004=CARTESIAN_POINT('Ctrl Pts',(-13.0100000000023,-0.199749843554378,
-9.4));
#16005=CARTESIAN_POINT('',(-12.8000000000023,0.,-9.4));
#16006=CARTESIAN_POINT('',(-13.0100000000023,-0.199749843554378,-9.4));
#16007=CARTESIAN_POINT('Ctrl Pts',(-12.8000000000023,0.,-9.4));
#16008=CARTESIAN_POINT('Ctrl Pts',(-12.8000000000023,0.,-9.50386383325294));
#16009=CARTESIAN_POINT('Ctrl Pts',(-12.7149233405215,0.,-9.71090582880193));
#16010=CARTESIAN_POINT('Ctrl Pts',(-12.5089906632643,0.,-9.79863358009544));
#16011=CARTESIAN_POINT('Ctrl Pts',(-12.4051353901174,0.,-9.79996703335196));
#16012=CARTESIAN_POINT('Origin',(-12.9050000000023,-0.099874921777191,0.));
#16013=CARTESIAN_POINT('',(-13.0100000000023,-0.199749843554382,9.4));
#16014=CARTESIAN_POINT('',(-12.8000000000023,0.,9.4));
#16015=CARTESIAN_POINT('',(-13.0100000000023,-0.199749843554382,9.4));
#16016=CARTESIAN_POINT('',(-12.8000000000023,0.,0.));
#16017=CARTESIAN_POINT('',(-13.0100000000023,-0.199749843554382,0.));
#16018=CARTESIAN_POINT('Ctrl Pts',(-12.8000000000023,0.,9.4));
#16019=CARTESIAN_POINT('Ctrl Pts',(-12.8000000000023,0.,9.50386383325294));
#16020=CARTESIAN_POINT('Ctrl Pts',(-12.7149233405215,0.,9.71090582880193));
#16021=CARTESIAN_POINT('Ctrl Pts',(-12.5089906632643,0.,9.79863358009544));
#16022=CARTESIAN_POINT('Ctrl Pts',(-12.4051353901174,0.,9.79996703335196));
#16023=CARTESIAN_POINT('Ctrl Pts',(-12.8700000000023,-0.0665832811847928,
9.4));
#16024=CARTESIAN_POINT('Ctrl Pts',(-12.8700000000023,-0.0665832811847928,
9.52204000407221));
#16025=CARTESIAN_POINT('Ctrl Pts',(-12.7688222094724,-0.0666379621520934,
9.76500670552973));
#16026=CARTESIAN_POINT('Ctrl Pts',(-12.5271688266637,-0.0666664997397418,
9.86575572007033));
#16027=CARTESIAN_POINT('Ctrl Pts',(-12.4059915001082,-0.0666666646285796,
9.8666446889013));
#16028=CARTESIAN_POINT('Ctrl Pts',(-12.9400000000023,-0.133166562369586,
9.4));
#16029=CARTESIAN_POINT('Ctrl Pts',(-12.9400000000023,-0.133166562369586,
9.54021617489147));
#16030=CARTESIAN_POINT('Ctrl Pts',(-12.8227210784233,-0.133275924304187,
9.81910758225752));
#16031=CARTESIAN_POINT('Ctrl Pts',(-12.5453469900632,-0.133332999479484,
9.93287786004521));
#16032=CARTESIAN_POINT('Ctrl Pts',(-12.4068476100989,-0.133333329257159,
9.93332234445065));
#16033=CARTESIAN_POINT('Ctrl Pts',(-13.0100000000023,-0.199749843554378,
9.4));
#16034=CARTESIAN_POINT('Ctrl Pts',(-13.0100000000023,-0.199749843554378,
9.55839234571074));
#16035=CARTESIAN_POINT('Ctrl Pts',(-12.8766199473743,-0.19991388645628,
9.87320845898531));
#16036=CARTESIAN_POINT('Ctrl Pts',(-12.5635251534626,-0.199999499219226,
10.0000000000201));
#16037=CARTESIAN_POINT('Ctrl Pts',(-12.4077037200896,-0.199999993885739,
10.));
#16038=CARTESIAN_POINT('',(-12.4051353901174,0.,9.79996703335196));
#16039=CARTESIAN_POINT('',(-12.4077037200896,-0.199999993879804,10.));
#16040=CARTESIAN_POINT('Ctrl Pts',(-12.4051353901174,0.,9.79996703335196));
#16041=CARTESIAN_POINT('Ctrl Pts',(-12.5089906632643,0.,9.79863358009544));
#16042=CARTESIAN_POINT('Ctrl Pts',(-12.7149233405215,0.,9.71090582880193));
#16043=CARTESIAN_POINT('Ctrl Pts',(-12.8000000000023,0.,9.50386383325294));
#16044=CARTESIAN_POINT('Ctrl Pts',(-12.8000000000023,0.,9.4));
#16045=CARTESIAN_POINT('Ctrl Pts',(-13.0100000000023,-0.199749843554378,
9.4));
#16046=CARTESIAN_POINT('Ctrl Pts',(-13.0100000000023,-0.199749843554378,
9.55839234571074));
#16047=CARTESIAN_POINT('Ctrl Pts',(-12.8766199473743,-0.19991388645628,
9.87320845898531));
#16048=CARTESIAN_POINT('Ctrl Pts',(-12.5635251534626,-0.199999499219226,
10.0000000000201));
#16049=CARTESIAN_POINT('Ctrl Pts',(-12.4077037200896,-0.199999993885739,
10.));
#16050=CARTESIAN_POINT('Ctrl Pts',(-12.4000000000023,0.,-9.8));
#16051=CARTESIAN_POINT('Ctrl Pts',(-12.4017118437357,0.,-9.8));
#16052=CARTESIAN_POINT('Ctrl Pts',(-12.4034236874684,0.,-9.79998901081542));
#16053=CARTESIAN_POINT('Ctrl Pts',(-12.4051353901174,0.,-9.79996703335196));
#16054=CARTESIAN_POINT('Ctrl Pts',(-12.4000000000023,-0.0666666666666654,
-9.86666666666667));
#16055=CARTESIAN_POINT('Ctrl Pts',(-12.4019971510246,-0.0666666666666654,
-9.86666666666667));
#16056=CARTESIAN_POINT('Ctrl Pts',(-12.4039943020403,-0.066666667346214,
-9.86665934054362));
#16057=CARTESIAN_POINT('Ctrl Pts',(-12.4059915001082,-0.0666666646285796,
-9.8666446889013));
#16058=CARTESIAN_POINT('Ctrl Pts',(-12.4000000000023,-0.133333333333331,
-9.93333333333333));
#16059=CARTESIAN_POINT('Ctrl Pts',(-12.4022824583135,-0.133333333333331,
-9.93333333333333));
#16060=CARTESIAN_POINT('Ctrl Pts',(-12.4045649166121,-0.133333334692428,
-9.93332967027181));
#16061=CARTESIAN_POINT('Ctrl Pts',(-12.4068476100989,-0.133333329257159,
-9.93332234445065));
#16062=CARTESIAN_POINT('Ctrl Pts',(-12.4000000000023,-0.199999999999996,
-10.));
#16063=CARTESIAN_POINT('Ctrl Pts',(-12.4025677656025,-0.199999999999996,
-10.));
#16064=CARTESIAN_POINT('Ctrl Pts',(-12.405135531184,-0.200000002038642,
-10.));
#16065=CARTESIAN_POINT('Ctrl Pts',(-12.4077037200896,-0.199999993885739,
-10.));
#16066=CARTESIAN_POINT('Ctrl Pts',(-12.4051353901174,0.,-9.79996703335196));
#16067=CARTESIAN_POINT('Ctrl Pts',(-12.4034236874684,0.,-9.79998901081542));
#16068=CARTESIAN_POINT('Ctrl Pts',(-12.4017118437357,0.,-9.8));
#16069=CARTESIAN_POINT('Ctrl Pts',(-12.4000000000023,0.,-9.8));
#16070=CARTESIAN_POINT('Origin',(-12.7000000006859,-0.1,9.9));
#16071=CARTESIAN_POINT('',(-7.59999999999593,0.,9.8));
#16072=CARTESIAN_POINT('',(-7.59999999999593,-0.2,10.));
#16073=CARTESIAN_POINT('',(-12.4000000000023,0.,9.8));
#16074=CARTESIAN_POINT('',(-12.7000000006859,0.,9.8));
#16075=CARTESIAN_POINT('',(-12.4000000000023,0.,9.8));
#16076=CARTESIAN_POINT('Ctrl Pts',(-12.4051353901174,0.,9.79996703335196));
#16077=CARTESIAN_POINT('Ctrl Pts',(-12.4034236874684,0.,9.79998901081542));
#16078=CARTESIAN_POINT('Ctrl Pts',(-12.4017118437357,0.,9.8));
#16079=CARTESIAN_POINT('Ctrl Pts',(-12.4000000000023,0.,9.8));
#16080=CARTESIAN_POINT('Ctrl Pts',(-12.4059915001082,-0.0666666646285796,
9.8666446889013));
#16081=CARTESIAN_POINT('Ctrl Pts',(-12.4039943020403,-0.066666667346214,
9.86665934054362));
#16082=CARTESIAN_POINT('Ctrl Pts',(-12.4019971510246,-0.0666666666666654,
9.86666666666667));
#16083=CARTESIAN_POINT('Ctrl Pts',(-12.4000000000023,-0.0666666666666654,
9.86666666666667));
#16084=CARTESIAN_POINT('Ctrl Pts',(-12.4068476100989,-0.133333329257159,
9.93332234445065));
#16085=CARTESIAN_POINT('Ctrl Pts',(-12.4045649166121,-0.133333334692428,
9.93332967027181));
#16086=CARTESIAN_POINT('Ctrl Pts',(-12.4022824583135,-0.133333333333331,
9.93333333333333));
#16087=CARTESIAN_POINT('Ctrl Pts',(-12.4000000000023,-0.133333333333331,
9.93333333333333));
#16088=CARTESIAN_POINT('Ctrl Pts',(-12.4077037200896,-0.199999993885739,
10.));
#16089=CARTESIAN_POINT('Ctrl Pts',(-12.405135531184,-0.200000002038642,
10.));
#16090=CARTESIAN_POINT('Ctrl Pts',(-12.4025677656025,-0.199999999999996,
10.));
#16091=CARTESIAN_POINT('Ctrl Pts',(-12.4000000000023,-0.199999999999996,
10.));
#16092=CARTESIAN_POINT('Ctrl Pts',(-12.4000000000023,0.,9.8));
#16093=CARTESIAN_POINT('Ctrl Pts',(-12.4017118437357,0.,9.8));
#16094=CARTESIAN_POINT('Ctrl Pts',(-12.4034236874684,0.,9.79998901081542));
#16095=CARTESIAN_POINT('Ctrl Pts',(-12.4051353901174,0.,9.79996703335196));
#16096=CARTESIAN_POINT('Ctrl Pts',(-7.59999999999593,0.,9.8));
#16097=CARTESIAN_POINT('Ctrl Pts',(-7.59828815626249,0.,9.8));
#16098=CARTESIAN_POINT('Ctrl Pts',(-7.59657631252984,0.,9.79998901081542));
#16099=CARTESIAN_POINT('Ctrl Pts',(-7.59486460988078,0.,9.79996703335196));
#16100=CARTESIAN_POINT('Ctrl Pts',(-7.59999999999593,-0.0666666666666662,
9.86666666666667));
#16101=CARTESIAN_POINT('Ctrl Pts',(-7.59800284897359,-0.0666666666666662,
9.86666666666667));
#16102=CARTESIAN_POINT('Ctrl Pts',(-7.59600569795797,-0.0666666673462148,
9.86665934054362));
#16103=CARTESIAN_POINT('Ctrl Pts',(-7.59400849989007,-0.0666666646285805,
9.8666446889013));
#16104=CARTESIAN_POINT('Ctrl Pts',(-7.59999999999593,-0.133333333333332,
9.93333333333333));
#16105=CARTESIAN_POINT('Ctrl Pts',(-7.59771754168469,-0.133333333333332,
9.93333333333333));
#16106=CARTESIAN_POINT('Ctrl Pts',(-7.59543508338611,-0.13333333469243,
9.93332967027181));
#16107=CARTESIAN_POINT('Ctrl Pts',(-7.59315238989936,-0.133333329257161,
9.93332234445065));
#16108=CARTESIAN_POINT('Ctrl Pts',(-7.59999999999593,-0.199999999999999,
10.));
#16109=CARTESIAN_POINT('Ctrl Pts',(-7.59743223439578,-0.199999999999999,
10.));
#16110=CARTESIAN_POINT('Ctrl Pts',(-7.59486446881424,-0.200000002038645,
10.));
#16111=CARTESIAN_POINT('Ctrl Pts',(-7.59229627990864,-0.199999993885742,
10.));
#16112=CARTESIAN_POINT('Ctrl Pts',(-7.59486460988078,0.,9.79996703335196));
#16113=CARTESIAN_POINT('Ctrl Pts',(-7.59657631252984,0.,9.79998901081542));
#16114=CARTESIAN_POINT('Ctrl Pts',(-7.59828815626249,0.,9.8));
#16115=CARTESIAN_POINT('Ctrl Pts',(-7.59999999999593,0.,9.8));
#16116=CARTESIAN_POINT('Origin',(-4.99999999999592,1.28779161805764E-15,
-9.4));
#16117=CARTESIAN_POINT('',(-6.2855752193302,-1.53208888627587,-9.4));
#16118=CARTESIAN_POINT('Origin',(-4.99999999999592,1.28779161805764E-15,
-9.4));
#16119=CARTESIAN_POINT('Origin',(-6.67124778512706,-1.99171555215455,-9.4));
#16120=CARTESIAN_POINT('Origin',(-4.99999999999592,1.28779161805764E-15,
0.));
#16121=CARTESIAN_POINT('',(-6.2855752193302,-1.53208888627587,9.4));
#16122=CARTESIAN_POINT('Origin',(-4.99999999999592,1.28779161805764E-15,
9.4));
#16123=CARTESIAN_POINT('',(-6.2855752193302,-1.53208888627587,0.));
#16124=CARTESIAN_POINT('Origin',(-4.99999999999592,1.28779161805764E-15,
9.4));
#16125=CARTESIAN_POINT('Origin',(-6.6712477851297,-1.99171555215769,9.4));
#16126=CARTESIAN_POINT('Origin',(4.44089209850063E-15,0.,-2.22044604925031E-15));
#16127=CARTESIAN_POINT('Origin',(-20.2000000003504,-0.0999999992877476,
0.));
#16128=CARTESIAN_POINT('',(-18.4000000000329,0.,-2.20436423885404E-16));
#16129=CARTESIAN_POINT('Origin',(-20.2000000003504,0.,0.));
#16130=CARTESIAN_POINT('',(-18.5999999999221,-0.199999998672293,1.95943487916021E-16));
#16131=CARTESIAN_POINT('',(-18.4999999999775,-0.0999999993361467,-2.08189955900712E-16));
#16132=CARTESIAN_POINT('',(-21.8000000007786,-0.199999998478697,-1.95943487916021E-16));
#16133=CARTESIAN_POINT('Origin',(-20.2000000003504,-0.199999998575495,0.));
#16134=CARTESIAN_POINT('Origin',(-20.2000000003504,-0.199999998575495,0.));
#16135=CARTESIAN_POINT('Origin',(4.44089209850063E-15,0.,-2.22044604925031E-15));
#16136=CARTESIAN_POINT('',(-22.4000000013718,0.,-9.8));
#16137=CARTESIAN_POINT('',(-17.6000000000023,0.,-9.8));
#16138=CARTESIAN_POINT('',(12.7000000006859,0.,-9.8));
#16139=CARTESIAN_POINT('',(-25.2000000013718,0.,-7.));
#16140=CARTESIAN_POINT('Origin',(-22.4000000013718,0.,-7.));
#16141=CARTESIAN_POINT('',(-25.2000000013718,0.,7.));
#16142=CARTESIAN_POINT('',(-25.2000000013718,0.,-5.));
#16143=CARTESIAN_POINT('',(-22.4000000013718,0.,9.8));
#16144=CARTESIAN_POINT('Origin',(-22.4000000013718,0.,7.));
#16145=CARTESIAN_POINT('',(-17.6000000000023,0.,9.8));
#16146=CARTESIAN_POINT('',(-12.7000000006859,0.,9.8));
#16147=CARTESIAN_POINT('',(-17.5948646098872,0.,9.79996703335196));
#16148=CARTESIAN_POINT('Ctrl Pts',(-17.5948646098872,0.,9.79996703335196));
#16149=CARTESIAN_POINT('Ctrl Pts',(-17.5965763125362,0.,9.79998901081542));
#16150=CARTESIAN_POINT('Ctrl Pts',(-17.5982881562689,0.,9.8));
#16151=CARTESIAN_POINT('Ctrl Pts',(-17.6000000000023,0.,9.8));
#16152=CARTESIAN_POINT('',(-17.2000000000023,0.,9.4));
#16153=CARTESIAN_POINT('Ctrl Pts',(-17.2000000000023,0.,9.4));
#16154=CARTESIAN_POINT('Ctrl Pts',(-17.2000000000023,0.,9.50386383325294));
#16155=CARTESIAN_POINT('Ctrl Pts',(-17.2850968164956,0.,9.71088592893469));
#16156=CARTESIAN_POINT('Ctrl Pts',(-17.4910093367403,0.,9.79863358009544));
#16157=CARTESIAN_POINT('Ctrl Pts',(-17.5948646098872,0.,9.79996703335196));
#16158=CARTESIAN_POINT('',(-17.2000000000023,0.,-9.4));
#16159=CARTESIAN_POINT('',(-17.2000000000023,0.,0.));
#16160=CARTESIAN_POINT('',(-17.5948646098872,0.,-9.79996703335196));
#16161=CARTESIAN_POINT('Ctrl Pts',(-17.5948646098872,0.,-9.79996703335196));
#16162=CARTESIAN_POINT('Ctrl Pts',(-17.4910093367403,0.,-9.79863358009544));
#16163=CARTESIAN_POINT('Ctrl Pts',(-17.2850968164956,0.,-9.71088592893469));
#16164=CARTESIAN_POINT('Ctrl Pts',(-17.2000000000023,0.,-9.50386383325294));
#16165=CARTESIAN_POINT('Ctrl Pts',(-17.2000000000023,0.,-9.4));
#16166=CARTESIAN_POINT('Ctrl Pts',(-17.6000000000023,0.,-9.8));
#16167=CARTESIAN_POINT('Ctrl Pts',(-17.5982881562689,0.,-9.8));
#16168=CARTESIAN_POINT('Ctrl Pts',(-17.5965763125362,0.,-9.79998901081542));
#16169=CARTESIAN_POINT('Ctrl Pts',(-17.5948646098872,0.,-9.79996703335196));
#16170=CARTESIAN_POINT('Origin',(-20.2000000004472,-1.79999999997839,0.));
#16171=CARTESIAN_POINT('',(-21.8000000009843,-3.59999999995352,-1.95943487916021E-16));
#16172=CARTESIAN_POINT('',(-21.8000000008754,-1.7999999998816,-1.95943487916021E-16));
#16173=CARTESIAN_POINT('Origin',(-20.2000000005561,-3.60000000005032,0.));
#16174=CARTESIAN_POINT('Ctrl Pts',(-17.5948646098872,0.,9.79996703335196));
#16175=CARTESIAN_POINT('Ctrl Pts',(-17.4910093367403,0.,9.79863358009544));
#16176=CARTESIAN_POINT('Ctrl Pts',(-17.2850968164956,0.,9.71088592893469));
#16177=CARTESIAN_POINT('Ctrl Pts',(-17.2000000000023,0.,9.50386383325294));
#16178=CARTESIAN_POINT('Ctrl Pts',(-17.2000000000023,0.,9.4));
#16179=CARTESIAN_POINT('Ctrl Pts',(-17.5940084998965,-0.0666666646285796,
9.8666446889013));
#16180=CARTESIAN_POINT('Ctrl Pts',(-17.4728311733409,-0.0666664997397419,
9.86575572007033));
#16181=CARTESIAN_POINT('Ctrl Pts',(-17.2312012211854,-0.0666379601955041,
9.76498218213914));
#16182=CARTESIAN_POINT('Ctrl Pts',(-17.1300000000023,-0.0665832811847927,
9.52204000407221));
#16183=CARTESIAN_POINT('Ctrl Pts',(-17.1300000000023,-0.0665832811847927,
9.4));
#16184=CARTESIAN_POINT('Ctrl Pts',(-17.5931523899057,-0.133333329257159,
9.93332234445065));
#16185=CARTESIAN_POINT('Ctrl Pts',(-17.4546530099414,-0.133332999479484,
9.93287786004521));
#16186=CARTESIAN_POINT('Ctrl Pts',(-17.1773056258752,-0.133275920391008,
9.81907843534358));
#16187=CARTESIAN_POINT('Ctrl Pts',(-17.0600000000023,-0.133166562369585,
9.54021617489147));
#16188=CARTESIAN_POINT('Ctrl Pts',(-17.0600000000023,-0.133166562369585,
9.4));
#16189=CARTESIAN_POINT('Ctrl Pts',(-17.592296279915,-0.199999993885739,
10.));
#16190=CARTESIAN_POINT('Ctrl Pts',(-17.436474846542,-0.199999499219226,
10.0000000000201));
#16191=CARTESIAN_POINT('Ctrl Pts',(-17.123410030565,-0.199913880586512,
9.87317468854803));
#16192=CARTESIAN_POINT('Ctrl Pts',(-16.9900000000023,-0.199749843554378,
9.55839234571074));
#16193=CARTESIAN_POINT('Ctrl Pts',(-16.9900000000023,-0.199749843554378,
9.4));
#16194=CARTESIAN_POINT('',(-17.5948646098872,0.,9.79996703335196));
#16195=CARTESIAN_POINT('',(-16.9900000000023,-0.199749843554378,9.4));
#16196=CARTESIAN_POINT('Ctrl Pts',(-17.592296279915,-0.199999993885739,
10.));
#16197=CARTESIAN_POINT('Ctrl Pts',(-17.436474846542,-0.199999499219226,
10.0000000000201));
#16198=CARTESIAN_POINT('Ctrl Pts',(-17.123410030565,-0.199913880586512,
9.87317468854803));
#16199=CARTESIAN_POINT('Ctrl Pts',(-16.9900000000023,-0.199749843554378,
9.55839234571074));
#16200=CARTESIAN_POINT('Ctrl Pts',(-16.9900000000023,-0.199749843554378,
9.4));
#16201=CARTESIAN_POINT('',(-16.9900000000023,-0.199749843554378,9.4));
#16202=CARTESIAN_POINT('Origin',(-17.0950000000023,-0.099874921777191,0.));
#16203=CARTESIAN_POINT('',(-16.9900000000023,-0.199749843554382,-9.4));
#16204=CARTESIAN_POINT('',(-16.9900000000023,-0.199749843554382,-9.4));
#16205=CARTESIAN_POINT('',(-16.9900000000023,-0.199749843554382,0.));
#16206=CARTESIAN_POINT('Ctrl Pts',(-17.2000000000023,0.,-9.4));
#16207=CARTESIAN_POINT('Ctrl Pts',(-17.2000000000023,0.,-9.50386383325294));
#16208=CARTESIAN_POINT('Ctrl Pts',(-17.2850968164956,0.,-9.71088592893469));
#16209=CARTESIAN_POINT('Ctrl Pts',(-17.4910093367403,0.,-9.79863358009544));
#16210=CARTESIAN_POINT('Ctrl Pts',(-17.5948646098872,0.,-9.79996703335196));
#16211=CARTESIAN_POINT('Ctrl Pts',(-17.1300000000023,-0.0665832811847928,
-9.4));
#16212=CARTESIAN_POINT('Ctrl Pts',(-17.1300000000023,-0.0665832811847928,
-9.52204000407221));
#16213=CARTESIAN_POINT('Ctrl Pts',(-17.2312012211854,-0.0666379601955041,
-9.76498218213914));
#16214=CARTESIAN_POINT('Ctrl Pts',(-17.4728311733409,-0.0666664997397418,
-9.86575572007033));
#16215=CARTESIAN_POINT('Ctrl Pts',(-17.5940084998965,-0.0666666646285796,
-9.8666446889013));
#16216=CARTESIAN_POINT('Ctrl Pts',(-17.0600000000023,-0.133166562369586,
-9.4));
#16217=CARTESIAN_POINT('Ctrl Pts',(-17.0600000000023,-0.133166562369586,
-9.54021617489147));
#16218=CARTESIAN_POINT('Ctrl Pts',(-17.1773056258752,-0.133275920391008,
-9.81907843534358));
#16219=CARTESIAN_POINT('Ctrl Pts',(-17.4546530099414,-0.133332999479484,
-9.93287786004521));
#16220=CARTESIAN_POINT('Ctrl Pts',(-17.5931523899057,-0.133333329257159,
-9.93332234445065));
#16221=CARTESIAN_POINT('Ctrl Pts',(-16.9900000000023,-0.199749843554378,
-9.4));
#16222=CARTESIAN_POINT('Ctrl Pts',(-16.9900000000023,-0.199749843554378,
-9.55839234571074));
#16223=CARTESIAN_POINT('Ctrl Pts',(-17.123410030565,-0.199913880586512,
-9.87317468854803));
#16224=CARTESIAN_POINT('Ctrl Pts',(-17.436474846542,-0.199999499219226,
-10.0000000000201));
#16225=CARTESIAN_POINT('Ctrl Pts',(-17.592296279915,-0.199999993885739,
-10.));
#16226=CARTESIAN_POINT('',(-17.592296279915,-0.199999993879804,-10.));
#16227=CARTESIAN_POINT('Ctrl Pts',(-16.9900000000023,-0.199749843554378,
-9.4));
#16228=CARTESIAN_POINT('Ctrl Pts',(-16.9900000000023,-0.199749843554378,
-9.55839234571074));
#16229=CARTESIAN_POINT('Ctrl Pts',(-17.123410030565,-0.199913880586512,
-9.87317468854803));
#16230=CARTESIAN_POINT('Ctrl Pts',(-17.436474846542,-0.199999499219226,
-10.0000000000201));
#16231=CARTESIAN_POINT('Ctrl Pts',(-17.592296279915,-0.199999993885739,
-10.));
#16232=CARTESIAN_POINT('Origin',(12.7000000006859,-0.1,-9.9));
#16233=CARTESIAN_POINT('',(-22.4000000013718,-0.2,-10.));
#16234=CARTESIAN_POINT('',(-17.6000000000023,0.,-9.8));
#16235=CARTESIAN_POINT('Origin',(-22.4000000013718,-0.1,-7.));
#16236=CARTESIAN_POINT('',(-25.4000000013718,-0.2,-7.));
#16237=CARTESIAN_POINT('',(-25.4000000013718,-0.2,-7.));
#16238=CARTESIAN_POINT('Origin',(-22.4000000013718,-0.2,-7.));
#16239=CARTESIAN_POINT('Origin',(-25.3000000013718,-0.1,-5.));
#16240=CARTESIAN_POINT('',(-25.4000000013718,-0.2,7.));
#16241=CARTESIAN_POINT('',(-25.4000000013718,-0.2,7.));
#16242=CARTESIAN_POINT('',(-25.4000000013718,-0.2,-5.));
#16243=CARTESIAN_POINT('Origin',(-22.4000000013718,-0.1,7.));
#16244=CARTESIAN_POINT('',(-22.4000000013718,-0.2,10.));
#16245=CARTESIAN_POINT('Origin',(-22.4000000013718,-0.2,7.));
#16246=CARTESIAN_POINT('Origin',(-12.7000000006859,-0.1,9.9));
#16247=CARTESIAN_POINT('',(-17.6000000000023,-0.2,10.));
#16248=CARTESIAN_POINT('Ctrl Pts',(-17.5948646098872,0.,-9.79996703335196));
#16249=CARTESIAN_POINT('Ctrl Pts',(-17.5965763125362,0.,-9.79998901081542));
#16250=CARTESIAN_POINT('Ctrl Pts',(-17.5982881562689,0.,-9.8));
#16251=CARTESIAN_POINT('Ctrl Pts',(-17.6000000000023,0.,-9.8));
#16252=CARTESIAN_POINT('Ctrl Pts',(-17.5940084998964,-0.0666666646285796,
-9.8666446889013));
#16253=CARTESIAN_POINT('Ctrl Pts',(-17.5960056979644,-0.066666667346214,
-9.86665934054362));
#16254=CARTESIAN_POINT('Ctrl Pts',(-17.59800284898,-0.0666666666666654,
-9.86666666666667));
#16255=CARTESIAN_POINT('Ctrl Pts',(-17.6000000000023,-0.0666666666666654,
-9.86666666666667));
#16256=CARTESIAN_POINT('Ctrl Pts',(-17.5931523899057,-0.133333329257159,
-9.93332234445065));
#16257=CARTESIAN_POINT('Ctrl Pts',(-17.5954350833925,-0.133333334692428,
-9.93332967027181));
#16258=CARTESIAN_POINT('Ctrl Pts',(-17.5977175416911,-0.133333333333331,
-9.93333333333333));
#16259=CARTESIAN_POINT('Ctrl Pts',(-17.6000000000023,-0.133333333333331,
-9.93333333333333));
#16260=CARTESIAN_POINT('Ctrl Pts',(-17.592296279915,-0.199999993885739,
-10.));
#16261=CARTESIAN_POINT('Ctrl Pts',(-17.5948644688206,-0.200000002038642,
-10.));
#16262=CARTESIAN_POINT('Ctrl Pts',(-17.5974322344022,-0.199999999999996,
-10.));
#16263=CARTESIAN_POINT('Ctrl Pts',(-17.6000000000023,-0.199999999999996,
-10.));
#16264=CARTESIAN_POINT('Ctrl Pts',(-17.6000000000023,0.,9.8));
#16265=CARTESIAN_POINT('Ctrl Pts',(-17.5982881562689,0.,9.8));
#16266=CARTESIAN_POINT('Ctrl Pts',(-17.5965763125362,0.,9.79998901081542));
#16267=CARTESIAN_POINT('Ctrl Pts',(-17.5948646098872,0.,9.79996703335196));
#16268=CARTESIAN_POINT('Ctrl Pts',(-17.6000000000023,-0.0666666666666654,
9.86666666666667));
#16269=CARTESIAN_POINT('Ctrl Pts',(-17.59800284898,-0.0666666666666654,
9.86666666666667));
#16270=CARTESIAN_POINT('Ctrl Pts',(-17.5960056979644,-0.066666667346214,
9.86665934054362));
#16271=CARTESIAN_POINT('Ctrl Pts',(-17.5940084998965,-0.0666666646285796,
9.8666446889013));
#16272=CARTESIAN_POINT('Ctrl Pts',(-17.6000000000023,-0.133333333333331,
9.93333333333333));
#16273=CARTESIAN_POINT('Ctrl Pts',(-17.5977175416911,-0.133333333333331,
9.93333333333333));
#16274=CARTESIAN_POINT('Ctrl Pts',(-17.5954350833925,-0.133333334692428,
9.93332967027181));
#16275=CARTESIAN_POINT('Ctrl Pts',(-17.5931523899057,-0.133333329257159,
9.93332234445065));
#16276=CARTESIAN_POINT('Ctrl Pts',(-17.6000000000023,-0.199999999999996,
10.));
#16277=CARTESIAN_POINT('Ctrl Pts',(-17.5974322344022,-0.199999999999996,
10.));
#16278=CARTESIAN_POINT('Ctrl Pts',(-17.5948644688206,-0.200000002038642,
10.));
#16279=CARTESIAN_POINT('Ctrl Pts',(-17.592296279915,-0.199999993885739,
10.));
#16280=CARTESIAN_POINT('Origin',(-22.4000000013718,0.,7.));
#16281=CARTESIAN_POINT('',(-25.4000000013718,-5.00000000001298,7.));
#16282=CARTESIAN_POINT('',(-25.4000000013718,0.,7.));
#16283=CARTESIAN_POINT('Origin',(-22.4000000013718,-5.00000000001298,7.));
#16284=CARTESIAN_POINT('Origin',(-25.4000000013718,0.,-10.));
#16285=CARTESIAN_POINT('',(-25.4000000013718,-5.00000000001298,-7.));
#16286=CARTESIAN_POINT('',(-25.4000000013718,0.,-7.));
#16287=CARTESIAN_POINT('',(-25.4000000013718,-5.00000000001298,-5.));
#16288=CARTESIAN_POINT('Origin',(-22.4000000013718,0.,-7.));
#16289=CARTESIAN_POINT('Origin',(-22.4000000013718,-5.00000000001298,-7.));
#16290=CARTESIAN_POINT('Origin',(24.6000000013718,0.,10.));
#16291=CARTESIAN_POINT('',(24.6000000013718,-2.81752586364746,-5.31207382678986));
#16292=CARTESIAN_POINT('',(24.6000000013718,-1.9914685189724,-5.2714866399765));
#16293=CARTESIAN_POINT('Ctrl Pts',(24.6000000013718,-2.81752586364746,-5.31207382678986));
#16294=CARTESIAN_POINT('Ctrl Pts',(24.6000000013718,-3.04469085746576,-5.25336084038988));
#16295=CARTESIAN_POINT('Ctrl Pts',(24.6000000013718,-3.42687399606174,-5.12310823699072));
#16296=CARTESIAN_POINT('Ctrl Pts',(24.6000000013718,-3.51895946666906,-4.62659334201406));
#16297=CARTESIAN_POINT('Ctrl Pts',(24.6000000013718,-3.46010265141202,-4.27322273032741));
#16298=CARTESIAN_POINT('Ctrl Pts',(24.6000000013718,-3.1897484739015,-4.01193117555265));
#16299=CARTESIAN_POINT('Ctrl Pts',(24.6000000013718,-2.82720263103664,-3.94816456369196));
#16300=CARTESIAN_POINT('Ctrl Pts',(24.6000000013718,-2.47910171919512,-3.93512133389675));
#16301=CARTESIAN_POINT('Ctrl Pts',(24.6000000013718,-2.09158929726489,-3.94856899267495));
#16302=CARTESIAN_POINT('Ctrl Pts',(24.6000000013718,-1.65953924725615,-4.11106131548906));
#16303=CARTESIAN_POINT('Ctrl Pts',(24.6000000013718,-1.45095281464303,-4.55979437585312));
#16304=CARTESIAN_POINT('Ctrl Pts',(24.6000000013718,-1.5557706140408,-5.06399650064389));
#16305=CARTESIAN_POINT('Ctrl Pts',(24.6000000013718,-1.84056648709398,-5.22227360130379));
#16306=CARTESIAN_POINT('Ctrl Pts',(24.6000000013718,-1.9914685189724,-5.2714866399765));
#16307=CARTESIAN_POINT('',(24.6000000013718,-1.77898496389389,-6.22646510601044));
#16308=CARTESIAN_POINT('',(24.6000000013718,-1.9914685189724,-5.2714866399765));
#16309=CARTESIAN_POINT('',(24.6000000013718,-3.10401916503906,-6.25989198684692));
#16310=CARTESIAN_POINT('Ctrl Pts',(24.6000000013718,-1.77898496389389,-6.22646510601043));
#16311=CARTESIAN_POINT('Ctrl Pts',(24.6000000013718,-1.44381689985151,-6.09407730138123));
#16312=CARTESIAN_POINT('Ctrl Pts',(24.6000000013718,-0.81143302446782,-5.7286154434555));
#16313=CARTESIAN_POINT('Ctrl Pts',(24.6000000013718,-0.594505840947227,
-4.48696867346822));
#16314=CARTESIAN_POINT('Ctrl Pts',(24.6000000013718,-0.97327552671477,-3.12217759057546));
#16315=CARTESIAN_POINT('Ctrl Pts',(24.6000000013718,-2.3567189193236,-2.76547923987542));
#16316=CARTESIAN_POINT('Ctrl Pts',(24.6000000013718,-3.48592687358197,-2.96414963940341));
#16317=CARTESIAN_POINT('Ctrl Pts',(24.6000000013718,-4.23339690302986,-3.66798708886602));
#16318=CARTESIAN_POINT('Ctrl Pts',(24.6000000013718,-4.33016211554634,-4.58119859342218));
#16319=CARTESIAN_POINT('Ctrl Pts',(24.6000000013718,-4.26517699872068,-5.69761246240177));
#16320=CARTESIAN_POINT('Ctrl Pts',(24.6000000013718,-3.559148601839,-6.13045844728193));
#16321=CARTESIAN_POINT('Ctrl Pts',(24.6000000013718,-3.10401916503906,-6.25989198684692));
#16322=CARTESIAN_POINT('',(24.6000000013718,-3.10401916503906,-6.25989198684692));
#16323=CARTESIAN_POINT('Ctrl Pts',(24.6000000013718,-2.81752586364746,-5.31207382678986));
#16324=CARTESIAN_POINT('Ctrl Pts',(25.4000000013718,-2.81752586364746,-5.31207382678986));
#16325=CARTESIAN_POINT('Ctrl Pts',(24.6000000013718,-3.04469085746576,-5.25336084038988));
#16326=CARTESIAN_POINT('Ctrl Pts',(25.4000000013718,-3.04469085746576,-5.25336084038988));
#16327=CARTESIAN_POINT('Ctrl Pts',(24.6000000013718,-3.42687399606174,-5.12310823699072));
#16328=CARTESIAN_POINT('Ctrl Pts',(25.4000000013718,-3.42687399606174,-5.12310823699072));
#16329=CARTESIAN_POINT('Ctrl Pts',(24.6000000013718,-3.51895946666906,-4.62659334201406));
#16330=CARTESIAN_POINT('Ctrl Pts',(25.4000000013718,-3.51895946666906,-4.62659334201406));
#16331=CARTESIAN_POINT('Ctrl Pts',(24.6000000013718,-3.46010265141202,-4.27322273032741));
#16332=CARTESIAN_POINT('Ctrl Pts',(25.4000000013718,-3.46010265141202,-4.27322273032741));
#16333=CARTESIAN_POINT('Ctrl Pts',(24.6000000013718,-3.1897484739015,-4.01193117555265));
#16334=CARTESIAN_POINT('Ctrl Pts',(25.4000000013718,-3.1897484739015,-4.01193117555265));
#16335=CARTESIAN_POINT('Ctrl Pts',(24.6000000013718,-2.82720263103664,-3.94816456369196));
#16336=CARTESIAN_POINT('Ctrl Pts',(25.4000000013718,-2.82720263103664,-3.94816456369196));
#16337=CARTESIAN_POINT('Ctrl Pts',(24.6000000013718,-2.47910171919512,-3.93512133389675));
#16338=CARTESIAN_POINT('Ctrl Pts',(25.4000000013718,-2.47910171919512,-3.93512133389675));
#16339=CARTESIAN_POINT('Ctrl Pts',(24.6000000013718,-2.09158929726489,-3.94856899267495));
#16340=CARTESIAN_POINT('Ctrl Pts',(25.4000000013718,-2.09158929726489,-3.94856899267495));
#16341=CARTESIAN_POINT('Ctrl Pts',(24.6000000013718,-1.65953924725615,-4.11106131548906));
#16342=CARTESIAN_POINT('Ctrl Pts',(25.4000000013718,-1.65953924725615,-4.11106131548906));
#16343=CARTESIAN_POINT('Ctrl Pts',(24.6000000013718,-1.45095281464303,-4.55979437585312));
#16344=CARTESIAN_POINT('Ctrl Pts',(25.4000000013718,-1.45095281464303,-4.55979437585312));
#16345=CARTESIAN_POINT('Ctrl Pts',(24.6000000013718,-1.5557706140408,-5.06399650064389));
#16346=CARTESIAN_POINT('Ctrl Pts',(25.4000000013718,-1.5557706140408,-5.06399650064389));
#16347=CARTESIAN_POINT('Ctrl Pts',(24.6000000013718,-1.84056648709398,-5.22227360130379));
#16348=CARTESIAN_POINT('Ctrl Pts',(25.4000000013718,-1.84056648709398,-5.22227360130379));
#16349=CARTESIAN_POINT('Ctrl Pts',(24.6000000013718,-1.9914685189724,-5.2714866399765));
#16350=CARTESIAN_POINT('Ctrl Pts',(25.4000000013718,-1.9914685189724,-5.2714866399765));
#16351=CARTESIAN_POINT('',(25.4000000013718,-2.81752586364746,-5.31207382678986));
#16352=CARTESIAN_POINT('',(25.4000000013718,-1.9914685189724,-5.2714866399765));
#16353=CARTESIAN_POINT('Origin',(25.4000000013718,-1.88522674143314,-5.74897587299347));
#16354=CARTESIAN_POINT('',(25.4000000013718,-1.77898496389389,-6.22646510601044));
#16355=CARTESIAN_POINT('Ctrl Pts',(24.6000000013718,-1.77898496389389,-6.22646510601043));
#16356=CARTESIAN_POINT('Ctrl Pts',(25.4000000013718,-1.77898496389389,-6.22646510601043));
#16357=CARTESIAN_POINT('Ctrl Pts',(24.6000000013718,-1.44381689985151,-6.09407730138123));
#16358=CARTESIAN_POINT('Ctrl Pts',(25.4000000013718,-1.44381689985151,-6.09407730138123));
#16359=CARTESIAN_POINT('Ctrl Pts',(24.6000000013718,-0.81143302446782,-5.7286154434555));
#16360=CARTESIAN_POINT('Ctrl Pts',(25.4000000013718,-0.81143302446782,-5.7286154434555));
#16361=CARTESIAN_POINT('Ctrl Pts',(24.6000000013718,-0.594505840947227,
-4.48696867346822));
#16362=CARTESIAN_POINT('Ctrl Pts',(25.4000000013718,-0.594505840947227,
-4.48696867346822));
#16363=CARTESIAN_POINT('Ctrl Pts',(24.6000000013718,-0.97327552671477,-3.12217759057546));
#16364=CARTESIAN_POINT('Ctrl Pts',(25.4000000013718,-0.97327552671477,-3.12217759057546));
#16365=CARTESIAN_POINT('Ctrl Pts',(24.6000000013718,-2.3567189193236,-2.76547923987542));
#16366=CARTESIAN_POINT('Ctrl Pts',(25.4000000013718,-2.3567189193236,-2.76547923987542));
#16367=CARTESIAN_POINT('Ctrl Pts',(24.6000000013718,-3.48592687358197,-2.96414963940341));
#16368=CARTESIAN_POINT('Ctrl Pts',(25.4000000013718,-3.48592687358197,-2.96414963940341));
#16369=CARTESIAN_POINT('Ctrl Pts',(24.6000000013718,-4.23339690302986,-3.66798708886602));
#16370=CARTESIAN_POINT('Ctrl Pts',(25.4000000013718,-4.23339690302986,-3.66798708886602));
#16371=CARTESIAN_POINT('Ctrl Pts',(24.6000000013718,-4.33016211554634,-4.58119859342218));
#16372=CARTESIAN_POINT('Ctrl Pts',(25.4000000013718,-4.33016211554634,-4.58119859342218));
#16373=CARTESIAN_POINT('Ctrl Pts',(24.6000000013718,-4.26517699872068,-5.69761246240177));
#16374=CARTESIAN_POINT('Ctrl Pts',(25.4000000013718,-4.26517699872068,-5.69761246240177));
#16375=CARTESIAN_POINT('Ctrl Pts',(24.6000000013718,-3.559148601839,-6.13045844728193));
#16376=CARTESIAN_POINT('Ctrl Pts',(25.4000000013718,-3.559148601839,-6.13045844728193));
#16377=CARTESIAN_POINT('Ctrl Pts',(24.6000000013718,-3.10401916503906,-6.25989198684692));
#16378=CARTESIAN_POINT('Ctrl Pts',(25.4000000013718,-3.10401916503906,-6.25989198684692));
#16379=CARTESIAN_POINT('',(25.4000000013718,-3.10401916503906,-6.25989198684692));
#16380=CARTESIAN_POINT('Origin',(25.4000000013718,-2.96077251434326,-5.78598290681839));
#16381=CARTESIAN_POINT('Origin',(24.6000000013718,0.,10.));
#16382=CARTESIAN_POINT('',(24.6000000013718,-0.750005543231964,6.25989139080048));
#16383=CARTESIAN_POINT('',(24.6000000013718,-4.25000548362732,6.25988841056824));
#16384=CARTESIAN_POINT('',(24.6000000013718,-0.750005543231964,6.25989139080048));
#16385=CARTESIAN_POINT('',(24.6000000013718,-4.25000458955765,5.3741443157196));
#16386=CARTESIAN_POINT('',(24.6000000013718,-4.25000548362732,6.25988841056824));
#16387=CARTESIAN_POINT('',(24.6000000013718,-1.58083662390709,5.37414729595184));
#16388=CARTESIAN_POINT('',(24.6000000013718,-4.25000458955765,5.3741443157196));
#16389=CARTESIAN_POINT('',(24.6000000013718,-4.2500039935112,4.69290107488632));
#16390=CARTESIAN_POINT('',(24.6000000013718,-1.58083662390709,5.37414729595184));
#16391=CARTESIAN_POINT('',(24.6000000013718,-4.25000309944153,3.8912034034729));
#16392=CARTESIAN_POINT('',(24.6000000013718,-4.2500039935112,4.69290107488632));
#16393=CARTESIAN_POINT('',(24.6000000013718,-1.58083468675613,3.20873141288757));
#16394=CARTESIAN_POINT('',(24.6000000013718,-4.25000309944153,3.8912034034729));
#16395=CARTESIAN_POINT('',(24.6000000013718,-4.25000250339508,3.20872873067856));
#16396=CARTESIAN_POINT('',(24.6000000013718,-1.58083468675613,3.20873141288757));
#16397=CARTESIAN_POINT('',(24.6000000013718,-4.25000190734863,2.32298523187637));
#16398=CARTESIAN_POINT('',(24.6000000013718,-4.25000250339508,3.20872873067856));
#16399=CARTESIAN_POINT('',(24.6000000013718,-0.750001817941668,2.32298910617828));
#16400=CARTESIAN_POINT('',(24.6000000013718,-4.25000190734863,2.32298523187637));
#16401=CARTESIAN_POINT('',(24.6000000013718,-0.750003010034561,3.74445378780365));
#16402=CARTESIAN_POINT('',(24.6000000013718,-0.750001817941666,2.32298910617828));
#16403=CARTESIAN_POINT('',(24.6000000013718,-2.87960797548294,4.28905040025711));
#16404=CARTESIAN_POINT('',(24.6000000013718,-0.750003010034561,3.74445378780365));
#16405=CARTESIAN_POINT('',(24.6000000013718,-0.750004053115845,4.83756929636002));
#16406=CARTESIAN_POINT('',(24.6000000013718,-2.87960797548294,4.28905040025711));
#16407=CARTESIAN_POINT('',(24.6000000013718,-0.750004053115845,4.83756929636002));
#16408=CARTESIAN_POINT('Origin',(25.4000000013718,-2.50000551342964,6.25988990068436));
#16409=CARTESIAN_POINT('',(25.4000000013718,-0.750005543231964,6.25989139080048));
#16410=CARTESIAN_POINT('',(25.4000000013718,-4.25000548362732,6.25988841056824));
#16411=CARTESIAN_POINT('Origin',(25.4000000013718,-4.25000503659248,5.81701636314392));
#16412=CARTESIAN_POINT('',(25.4000000013718,-4.25000458955765,5.3741443157196));
#16413=CARTESIAN_POINT('Origin',(25.4000000013718,-2.91542060673237,5.37414580583572));
#16414=CARTESIAN_POINT('',(25.4000000013718,-1.58083662390709,5.37414729595184));
#16415=CARTESIAN_POINT('Origin',(25.4000000013718,-2.91542030870914,5.03352418541908));
#16416=CARTESIAN_POINT('',(25.4000000013718,-4.2500039935112,4.69290107488632));
#16417=CARTESIAN_POINT('Origin',(25.4000000013718,-4.25000354647636,4.29205223917961));
#16418=CARTESIAN_POINT('',(25.4000000013718,-4.25000309944153,3.8912034034729));
#16419=CARTESIAN_POINT('Origin',(25.4000000013718,-2.91541889309883,3.54996740818024));
#16420=CARTESIAN_POINT('',(25.4000000013718,-1.58083468675613,3.20873141288757));
#16421=CARTESIAN_POINT('Origin',(25.4000000013718,-2.91541859507561,3.20873007178307));
#16422=CARTESIAN_POINT('',(25.4000000013718,-4.25000250339508,3.20872873067856));
#16423=CARTESIAN_POINT('Origin',(25.4000000013718,-4.25000220537186,2.76585698127747));
#16424=CARTESIAN_POINT('',(25.4000000013718,-4.25000190734863,2.32298523187637));
#16425=CARTESIAN_POINT('Origin',(25.4000000013718,-2.50000186264515,2.32298716902733));
#16426=CARTESIAN_POINT('',(25.4000000013718,-0.750001817941668,2.32298910617828));
#16427=CARTESIAN_POINT('Origin',(25.4000000013718,-0.750002413988113,3.03372144699097));
#16428=CARTESIAN_POINT('',(25.4000000013718,-0.750003010034561,3.74445378780365));
#16429=CARTESIAN_POINT('Origin',(25.4000000013718,-1.81480549275875,4.01675209403038));
#16430=CARTESIAN_POINT('',(25.4000000013718,-2.87960797548294,4.28905040025711));
#16431=CARTESIAN_POINT('Origin',(25.4000000013718,-1.81480601429939,4.56330984830856));
#16432=CARTESIAN_POINT('',(25.4000000013718,-0.750004053115845,4.83756929636002));
#16433=CARTESIAN_POINT('Origin',(25.4000000013718,-0.750004798173904,5.54873034358025));
#16434=CARTESIAN_POINT('Origin',(24.6000000013718,0.,10.));
#16435=CARTESIAN_POINT('',(24.6000000013718,-0.750001221895218,1.6449536383152));
#16436=CARTESIAN_POINT('',(24.6000000013718,-4.25000131130219,1.64494976401329));
#16437=CARTESIAN_POINT('',(24.6000000013718,-0.750001221895218,1.6449536383152));
#16438=CARTESIAN_POINT('',(24.6000000013718,-4.25000041723251,0.759206265211105));
#16439=CARTESIAN_POINT('',(24.6000000013718,-4.25000131130219,1.64494976401329));
#16440=CARTESIAN_POINT('',(24.6000000013718,-1.58083260059357,0.759209170937538));
#16441=CARTESIAN_POINT('',(24.6000000013718,-4.25000041723251,0.759206265211105));
#16442=CARTESIAN_POINT('',(24.6000000013718,-4.24999982118607,0.077962838113308));
#16443=CARTESIAN_POINT('',(24.6000000013718,-1.58083260059357,0.759209170937538));
#16444=CARTESIAN_POINT('',(24.6000000013718,-4.24999922513962,-0.723735243082047));
#16445=CARTESIAN_POINT('',(24.6000000013718,-4.24999982118607,0.077962838113308));
#16446=CARTESIAN_POINT('',(24.6000000013718,-1.58083066344261,-1.40620648860931));
#16447=CARTESIAN_POINT('',(24.6000000013718,-4.24999922513962,-0.723735243082047));
#16448=CARTESIAN_POINT('',(24.6000000013718,-4.24999862909317,-1.40620946884155));
#16449=CARTESIAN_POINT('',(24.6000000013718,-1.58083066344261,-1.40620648860931));
#16450=CARTESIAN_POINT('',(24.6000000013718,-4.2499977350235,-2.29195296764374));
#16451=CARTESIAN_POINT('',(24.6000000013718,-4.24999862909317,-1.40620946884155));
#16452=CARTESIAN_POINT('',(24.6000000013718,-0.749997794628143,-2.29194894433022));
#16453=CARTESIAN_POINT('',(24.6000000013718,-4.2499977350235,-2.29195296764374));
#16454=CARTESIAN_POINT('',(24.6000000013718,-0.749998986721039,-0.870484560728073));
#16455=CARTESIAN_POINT('',(24.6000000013718,-0.749997794628143,-2.29194894433022));
#16456=CARTESIAN_POINT('',(24.6000000013718,-2.87960410118103,-0.325887612998486));
#16457=CARTESIAN_POINT('',(24.6000000013718,-0.749998986721039,-0.870484560728073));
#16458=CARTESIAN_POINT('',(24.6000000013718,-0.750000029802322,0.222631245851517));
#16459=CARTESIAN_POINT('',(24.6000000013718,-2.87960410118103,-0.325887612998486));
#16460=CARTESIAN_POINT('',(24.6000000013718,-0.750000029802322,0.222631245851517));
#16461=CARTESIAN_POINT('Origin',(25.4000000013718,-2.5000012665987,1.64495170116425));
#16462=CARTESIAN_POINT('',(25.4000000013718,-0.750001221895218,1.6449536383152));
#16463=CARTESIAN_POINT('',(25.4000000013718,-4.25000131130219,1.64494976401329));
#16464=CARTESIAN_POINT('Origin',(25.4000000013718,-4.25000086426735,1.2020780146122));
#16465=CARTESIAN_POINT('',(25.4000000013718,-4.25000041723251,0.759206265211105));
#16466=CARTESIAN_POINT('Origin',(25.4000000013718,-2.91541650891304,0.759207718074322));
#16467=CARTESIAN_POINT('',(25.4000000013718,-1.58083260059357,0.759209170937538));
#16468=CARTESIAN_POINT('Origin',(25.4000000013718,-2.91541621088982,0.418586004525423));
#16469=CARTESIAN_POINT('',(25.4000000013718,-4.24999982118607,0.077962838113308));
#16470=CARTESIAN_POINT('Origin',(25.4000000013718,-4.24999952316284,-0.322886202484369));
#16471=CARTESIAN_POINT('',(25.4000000013718,-4.24999922513962,-0.723735243082047));
#16472=CARTESIAN_POINT('Origin',(25.4000000013718,-2.91541494429111,-1.06497086584568));
#16473=CARTESIAN_POINT('',(25.4000000013718,-1.58083066344261,-1.40620648860931));
#16474=CARTESIAN_POINT('Origin',(25.4000000013718,-2.91541464626789,-1.40620797872543));
#16475=CARTESIAN_POINT('',(25.4000000013718,-4.24999862909317,-1.40620946884155));
#16476=CARTESIAN_POINT('Origin',(25.4000000013718,-4.24999818205833,-1.84908121824265));
#16477=CARTESIAN_POINT('',(25.4000000013718,-4.2499977350235,-2.29195296764374));
#16478=CARTESIAN_POINT('Origin',(25.4000000013718,-2.49999776482582,-2.29195095598698));
#16479=CARTESIAN_POINT('',(25.4000000013718,-0.749997794628143,-2.29194894433022));
#16480=CARTESIAN_POINT('Origin',(25.4000000013718,-0.749998390674591,-1.58121675252914));
#16481=CARTESIAN_POINT('',(25.4000000013718,-0.749998986721039,-0.870484560728073));
#16482=CARTESIAN_POINT('Origin',(25.4000000013718,-1.81480154395103,-0.598186086863279));
#16483=CARTESIAN_POINT('',(25.4000000013718,-2.87960410118103,-0.325887612998486));
#16484=CARTESIAN_POINT('Origin',(25.4000000013718,-1.81480206549168,-0.0516281835734844));
#16485=CARTESIAN_POINT('',(25.4000000013718,-0.750000029802322,0.222631245851517));
#16486=CARTESIAN_POINT('Origin',(25.4000000013718,-0.75000062584877,0.933792442083359));
#16487=CARTESIAN_POINT('Origin',(23.2000000015112,-3.60000000019688,0.));
#16488=CARTESIAN_POINT('Origin',(-17.1999999999564,-3.60000000014845,0.));
#16489=CARTESIAN_POINT('Origin',(-22.4000000013718,-5.50000000001298,7.));
#16490=CARTESIAN_POINT('',(-22.4000000013718,-5.00000000001298,10.));
#16491=CARTESIAN_POINT('',(-24.4000000013718,-6.00000000001298,7.));
#16492=CARTESIAN_POINT('Origin',(-24.9000000013718,-5.50000000001298,-5.));
#16493=CARTESIAN_POINT('',(-24.4000000013718,-6.00000000001298,-7.));
#16494=CARTESIAN_POINT('Origin',(-22.4000000013718,-5.50000000001298,-7.));
#16495=CARTESIAN_POINT('',(-22.4000000013718,-6.00000000001298,-9.));
#16496=CARTESIAN_POINT('Origin',(12.7000000006859,-5.50000000001298,-9.5));
#16497=CARTESIAN_POINT('',(22.4000000013718,-6.00000000001298,-9.));
#16498=CARTESIAN_POINT('Origin',(22.4000000013718,-5.50000000001298,-7.));
#16499=CARTESIAN_POINT('',(24.4000000013718,-6.00000000001298,-7.));
#16500=CARTESIAN_POINT('Origin',(24.9000000013718,-5.50000000001298,5.));
#16501=CARTESIAN_POINT('',(24.4000000013719,-6.00000000001298,7.));
#16502=CARTESIAN_POINT('Origin',(22.4000000013718,-5.50000000001298,7.));
#16503=CARTESIAN_POINT('',(22.4000000013718,-6.00000000001298,9.));
#16504=CARTESIAN_POINT('Origin',(-12.7000000006859,-5.50000000001298,9.5));
#16505=CARTESIAN_POINT('Origin',(-15.0000000000023,3.86337485418112E-15,
0.));
#16506=CARTESIAN_POINT('',(-16.2855752193556,-1.53208888626413,9.4));
#16507=CARTESIAN_POINT('Origin',(-15.0000000000023,3.86337485418112E-15,
9.4));
#16508=CARTESIAN_POINT('',(-16.2855752193556,-1.53208888626413,-9.4));
#16509=CARTESIAN_POINT('',(-16.2855752193556,-1.53208888626413,0.));
#16510=CARTESIAN_POINT('Origin',(-15.0000000000023,3.86337485418112E-15,
-9.4));
#16511=CARTESIAN_POINT('Origin',(-1.93248603422595,7.57088719676988,-9.4));
#16512=CARTESIAN_POINT('',(-14.6295856092406,-2.2999999999791,-9.4));
#16513=CARTESIAN_POINT('',(-13.7144247806389,-1.5320888862365,-9.4));
#16514=CARTESIAN_POINT('',(-2.31815860003639,8.03051386264251,-9.4));
#16515=CARTESIAN_POINT('Origin',(-13.3287522148284,-1.99171555210913,-9.4));
#16516=CARTESIAN_POINT('Origin',(-14.4112034686751,-2.89999999997329,-9.4));
#16517=CARTESIAN_POINT('Origin',(-4.81740119000894,-11.9382738578419,-9.4));
#16518=CARTESIAN_POINT('Origin',(-16.6712477851554,-1.99171555213608,-9.4));
#16519=CARTESIAN_POINT('',(-15.3704143907395,-2.29999999999881,-9.4));
#16520=CARTESIAN_POINT('',(-4.43172862420437,-11.4786471919643,-9.4));
#16521=CARTESIAN_POINT('Origin',(-15.5887965312869,-2.90000000000462,-9.4));
#16522=CARTESIAN_POINT('Origin',(-15.0000000000023,3.86337485418112E-15,
-9.4));
#16523=CARTESIAN_POINT('Origin',(5.01479280536274,-2.89999999945634,-9.4));
#16524=CARTESIAN_POINT('',(5.01479280534677,-2.29999999945634,-9.4));
#16525=CARTESIAN_POINT('Origin',(5.13339352147495,5.1088678142476,-9.4));
#16526=CARTESIAN_POINT('',(-4.62958560926319,-2.30000000001971,-9.4));
#16527=CARTESIAN_POINT('',(-3.7144247806185,-1.53208888622895,-9.4));
#16528=CARTESIAN_POINT('',(4.74772095566093,5.56849448011723,-9.4));
#16529=CARTESIAN_POINT('Origin',(-3.32875221480448,-1.99171555209858,-9.4));
#16530=CARTESIAN_POINT('Origin',(-4.41120346871928,-2.90000000003428,-9.4));
#16531=CARTESIAN_POINT('Origin',(2.24847836594561,-9.4762544753162,-9.4));
#16532=CARTESIAN_POINT('',(-5.37041439074161,-2.29999999997028,-9.4));
#16533=CARTESIAN_POINT('',(2.63415093174511,-9.01662780943438,-9.4));
#16534=CARTESIAN_POINT('Origin',(-5.5887965313095,-2.89999999995571,-9.4));
#16535=CARTESIAN_POINT('Origin',(10.0147928051984,-2.90000000099679,-9.4));
#16536=CARTESIAN_POINT('',(10.0147928052384,-2.30000000099679,-9.4));
#16537=CARTESIAN_POINT('Origin',(12.1992730774737,2.64684843167975,-9.4));
#16538=CARTESIAN_POINT('',(5.37041439074335,-2.29999999999499,-9.4));
#16539=CARTESIAN_POINT('',(6.28557521935998,-1.53208888625237,-9.4));
#16540=CARTESIAN_POINT('',(11.813600511667,3.10647509755547,-9.4));
#16541=CARTESIAN_POINT('Origin',(6.67124778516675,-1.99171555212808,-9.4));
#16542=CARTESIAN_POINT('Origin',(5.58879653129926,-2.89999999999499,-9.4));
#16543=CARTESIAN_POINT('Origin',(9.31435792146074,-7.01423509280999,-9.4));
#16544=CARTESIAN_POINT('',(4.62958560926493,-2.29999999999499,-9.4));
#16545=CARTESIAN_POINT('',(9.70003048726748,-6.55460842693426,-9.4));
#16546=CARTESIAN_POINT('Origin',(4.41120346870904,-2.89999999999499,-9.4));
#16547=CARTESIAN_POINT('Origin',(15.0147928053184,-2.89999999999498,-9.4));
#16548=CARTESIAN_POINT('',(15.0147928053184,-2.29999999999498,-9.4));
#16549=CARTESIAN_POINT('Origin',(15.0000000000041,-3.86337485418932E-15,
-9.4));
#16550=CARTESIAN_POINT('',(16.2855752193603,-1.53208888625209,-9.4));
#16551=CARTESIAN_POINT('Origin',(16.6712477851672,-1.99171555212772,-9.4));
#16552=CARTESIAN_POINT('Origin',(15.0000000000041,-3.86337485418932E-15,
-9.4));
#16553=CARTESIAN_POINT('Origin',(19.2651526332505,0.184829049159378,-9.4));
#16554=CARTESIAN_POINT('',(15.3704143907437,-2.29999999999502,-9.4));
#16555=CARTESIAN_POINT('',(18.8794800674437,0.644455715035004,-9.4));
#16556=CARTESIAN_POINT('Origin',(15.5887965312997,-2.89999999999502,-9.4));
#16557=CARTESIAN_POINT('Origin',(16.380237477236,-4.55221571028668,-9.4));
#16558=CARTESIAN_POINT('',(14.6295856092653,-2.29999999999502,-9.4));
#16559=CARTESIAN_POINT('',(16.7659100430426,-4.09258904441087,-9.4));
#16560=CARTESIAN_POINT('Origin',(14.4112034687095,-2.89999999999502,-9.4));
#16561=CARTESIAN_POINT('Origin',(20.0147928053186,-2.89999999999501,-9.4));
#16562=CARTESIAN_POINT('',(20.0147928053186,-2.29999999999501,-9.4));
#16563=CARTESIAN_POINT('Origin',(15.0000000000041,-3.86337485418932E-15,
0.));
#16564=CARTESIAN_POINT('',(16.2855752193603,-1.53208888625209,9.4));
#16565=CARTESIAN_POINT('',(16.2855752193603,-1.53208888625209,0.));
#16566=CARTESIAN_POINT('Origin',(15.0000000000041,-3.86337485418932E-15,
9.4));
#16567=CARTESIAN_POINT('Origin',(15.3704143907437,-2.29999999999502,0.));
#16568=CARTESIAN_POINT('',(15.3704143907437,-2.29999999999502,9.4));
#16569=CARTESIAN_POINT('',(3.97414820999358,-11.862602748847,9.4));
#16570=CARTESIAN_POINT('',(15.3704143907437,-2.29999999999502,0.));
#16571=CARTESIAN_POINT('Origin',(14.6295856092653,-2.29999999999502,0.));
#16572=CARTESIAN_POINT('',(14.6295856092653,-2.29999999999502,9.4));
#16573=CARTESIAN_POINT('',(-5.38520719605327,-2.29999999999505,9.4));
#16574=CARTESIAN_POINT('',(14.6295856092653,-2.29999999999502,0.));
#16575=CARTESIAN_POINT('Origin',(13.7144247806487,-1.53208888625278,0.));
#16576=CARTESIAN_POINT('',(1.86057818558097,8.41446941946913,9.4));
#16577=CARTESIAN_POINT('Origin',(1.47490561977431,7.95484275359333,9.4));
#16578=CARTESIAN_POINT('Origin',(14.4112034687095,-2.89999999999502,9.4));
#16579=CARTESIAN_POINT('Origin',(4.35982077580045,-12.3222294147227,9.4));
#16580=CARTESIAN_POINT('Origin',(16.6712477851672,-1.99171555212772,9.4));
#16581=CARTESIAN_POINT('Origin',(15.5887965312997,-2.89999999999502,9.4));
#16582=CARTESIAN_POINT('Origin',(15.0000000000041,-3.86337485418932E-15,
9.4));
#16583=CARTESIAN_POINT('Origin',(-5.38520719605327,-2.89999999999505,9.4));
#16584=CARTESIAN_POINT('Origin',(5.37041439074335,-2.29999999999499,0.));
#16585=CARTESIAN_POINT('',(6.28557521935998,-1.53208888625237,9.4));
#16586=CARTESIAN_POINT('',(5.37041439074335,-2.29999999999499,9.4));
#16587=CARTESIAN_POINT('',(-3.09173134578855,-9.40058336632562,9.4));
#16588=CARTESIAN_POINT('',(6.28557521935998,-1.53208888625237,0.));
#16589=CARTESIAN_POINT('',(5.37041439074335,-2.29999999999499,0.));
#16590=CARTESIAN_POINT('Origin',(4.62958560926493,-2.29999999999499,0.));
#16591=CARTESIAN_POINT('',(4.62958560926493,-2.29999999999499,9.4));
#16592=CARTESIAN_POINT('',(-10.3852071960535,-2.29999999999501,9.4));
#16593=CARTESIAN_POINT('',(4.62958560926493,-2.29999999999499,0.));
#16594=CARTESIAN_POINT('Origin',(3.71442478065488,-1.53208888625799,0.));
#16595=CARTESIAN_POINT('',(-5.20530137018955,5.95245003694656,9.4));
#16596=CARTESIAN_POINT('Origin',(-5.59097393599629,5.49282337107083,9.4));
#16597=CARTESIAN_POINT('Origin',(4.41120346870903,-2.89999999999499,9.4));
#16598=CARTESIAN_POINT('Origin',(-2.70605877998178,-9.86021003220133,9.4));
#16599=CARTESIAN_POINT('Origin',(6.67124778516676,-1.99171555212808,9.4));
#16600=CARTESIAN_POINT('Origin',(5.58879653129926,-2.89999999999499,9.4));
#16601=CARTESIAN_POINT('Origin',(5.00000000000408,-1.28779161806584E-15,
9.4));
#16602=CARTESIAN_POINT('Origin',(5.00000000000408,-1.28779161806584E-15,
9.4));
#16603=CARTESIAN_POINT('Origin',(-10.3852071960535,-2.89999999999501,9.4));
#16604=CARTESIAN_POINT('Origin',(-4.62958560926319,-2.30000000001971,0.));
#16605=CARTESIAN_POINT('',(-3.7144247806185,-1.53208888622895,9.4));
#16606=CARTESIAN_POINT('',(-4.62958560926319,-2.30000000001971,9.4));
#16607=CARTESIAN_POINT('',(-10.1576109014001,-6.93856398383342,9.4));
#16608=CARTESIAN_POINT('',(-3.7144247806185,-1.53208888622895,0.));
#16609=CARTESIAN_POINT('',(-4.62958560926319,-2.30000000001971,0.));
#16610=CARTESIAN_POINT('Origin',(-5.37041439074161,-2.29999999997028,0.));
#16611=CARTESIAN_POINT('',(-5.37041439074161,-2.29999999997028,9.4));
#16612=CARTESIAN_POINT('',(-15.3852071961335,-2.29999999930209,9.4));
#16613=CARTESIAN_POINT('',(-5.37041439074161,-2.29999999997028,0.));
#16614=CARTESIAN_POINT('Origin',(-6.28557521932932,-1.53208888627661,0.));
#16615=CARTESIAN_POINT('',(-12.2711809261065,3.49043065437686,9.4));
#16616=CARTESIAN_POINT('Origin',(-12.656853491906,3.03080398849505,9.4));
#16617=CARTESIAN_POINT('Origin',(-5.5887965313095,-2.89999999995571,9.4));
#16618=CARTESIAN_POINT('Origin',(-9.77193833558611,-7.39819064970305,9.4));
#16619=CARTESIAN_POINT('Origin',(-3.32875221480185,-1.99171555210173,9.4));
#16620=CARTESIAN_POINT('Origin',(-4.41120346871928,-2.90000000003428,9.4));
#16621=CARTESIAN_POINT('Origin',(-15.3852071961735,-2.89999999930209,9.4));
#16622=CARTESIAN_POINT('Origin',(-14.6295856092406,-2.2999999999791,0.));
#16623=CARTESIAN_POINT('',(-13.7144247806389,-1.5320888862365,9.4));
#16624=CARTESIAN_POINT('',(-14.6295856092406,-2.2999999999791,9.4));
#16625=CARTESIAN_POINT('',(-17.2234904572921,-4.47654460127381,9.4));
#16626=CARTESIAN_POINT('',(-13.7144247806389,-1.5320888862365,0.));
#16627=CARTESIAN_POINT('',(-14.6295856092406,-2.2999999999791,0.));
#16628=CARTESIAN_POINT('Origin',(-15.3704143907395,-2.29999999999881,0.));
#16629=CARTESIAN_POINT('',(-15.3704143907395,-2.29999999999881,9.4));
#16630=CARTESIAN_POINT('',(-20.3852071960251,-2.30000000013226,9.4));
#16631=CARTESIAN_POINT('',(-15.3704143907395,-2.29999999999881,0.));
#16632=CARTESIAN_POINT('Origin',(-16.2855752193682,-1.53208888625354,0.));
#16633=CARTESIAN_POINT('',(-19.3370604817797,1.02841127189564,9.4));
#16634=CARTESIAN_POINT('Origin',(-15.0000000000023,3.86337485418112E-15,
9.4));
#16635=CARTESIAN_POINT('Origin',(-16.6712477851601,-1.99171555214169,9.4));
#16636=CARTESIAN_POINT('Origin',(-19.7227330475843,0.568784606018082,9.4));
#16637=CARTESIAN_POINT('Origin',(-15.5887965312869,-2.90000000000462,9.4));
#16638=CARTESIAN_POINT('Origin',(-16.8378178914817,-4.93617126714644,9.4));
#16639=CARTESIAN_POINT('Origin',(-13.3287522148237,-1.99171555211473,9.4));
#16640=CARTESIAN_POINT('Origin',(-14.4112034686751,-2.89999999997329,9.4));
#16641=CARTESIAN_POINT('Origin',(-20.3852071960091,-2.90000000013226,9.4));
#16642=CARTESIAN_POINT('Origin',(-15.0000000000023,3.86337485418112E-15,
-9.4));
#16643=CARTESIAN_POINT('Origin',(-15.0000000000023,3.86337485418112E-15,
-9.4));
#16644=CARTESIAN_POINT('Origin',(-15.0000000000023,3.86337485418112E-15,
0.));
#16645=CARTESIAN_POINT('Origin',(-15.0000000000023,3.86337485418112E-15,
9.4));
#16646=CARTESIAN_POINT('Origin',(-15.0000000000023,3.86337485418112E-15,
9.4));
#16647=CARTESIAN_POINT('Origin',(-4.99999999999592,1.28779161805764E-15,
-9.4));
#16648=CARTESIAN_POINT('Origin',(-4.99999999999592,1.28779161805764E-15,
-9.4));
#16649=CARTESIAN_POINT('Origin',(-4.99999999999592,1.28779161805764E-15,
0.));
#16650=CARTESIAN_POINT('Origin',(-4.99999999999592,1.28779161805764E-15,
9.4));
#16651=CARTESIAN_POINT('Origin',(-4.99999999999592,1.28779161805764E-15,
9.4));
#16652=CARTESIAN_POINT('Origin',(5.00000000000408,-1.28779161806584E-15,
-9.4));
#16653=CARTESIAN_POINT('Origin',(5.00000000000408,-1.28779161806584E-15,
-9.4));
#16654=CARTESIAN_POINT('Origin',(5.00000000000408,-1.28779161806584E-15,
0.));
#16655=CARTESIAN_POINT('',(0.,0.,0.));
#16656=CARTESIAN_POINT('',(0.,-3.06161699786838E-15,-25.));
#16657=UNCERTAINTY_MEASURE_WITH_UNIT(LENGTH_MEASURE(0.01),#16675,
'DISTANCE_ACCURACY_VALUE',
'Maximum model space distance between geometric entities at asserted c
onnectivities');
#16658=UNCERTAINTY_MEASURE_WITH_UNIT(LENGTH_MEASURE(0.01),#16675,
'DISTANCE_ACCURACY_VALUE',
'Maximum model space distance between geometric entities at asserted c
onnectivities');
#16659=UNCERTAINTY_MEASURE_WITH_UNIT(LENGTH_MEASURE(0.01),#16675,
'DISTANCE_ACCURACY_VALUE',
'Maximum model space distance between geometric entities at asserted c
onnectivities');
#16660=UNCERTAINTY_MEASURE_WITH_UNIT(LENGTH_MEASURE(0.01),#16675,
'DISTANCE_ACCURACY_VALUE',
'Maximum model space distance between geometric entities at asserted c
onnectivities');
#16661=UNCERTAINTY_MEASURE_WITH_UNIT(LENGTH_MEASURE(0.01),#16675,
'DISTANCE_ACCURACY_VALUE',
'Maximum model space distance between geometric entities at asserted c
onnectivities');
#16662=UNCERTAINTY_MEASURE_WITH_UNIT(LENGTH_MEASURE(0.01),#16675,
'DISTANCE_ACCURACY_VALUE',
'Maximum model space distance between geometric entities at asserted c
onnectivities');
#16663=UNCERTAINTY_MEASURE_WITH_UNIT(LENGTH_MEASURE(0.01),#16675,
'DISTANCE_ACCURACY_VALUE',
'Maximum model space distance between geometric entities at asserted c
onnectivities');
#16664=UNCERTAINTY_MEASURE_WITH_UNIT(LENGTH_MEASURE(0.01),#16675,
'DISTANCE_ACCURACY_VALUE',
'Maximum model space distance between geometric entities at asserted c
onnectivities');
#16665=UNCERTAINTY_MEASURE_WITH_UNIT(LENGTH_MEASURE(0.01),#16675,
'DISTANCE_ACCURACY_VALUE',
'Maximum model space distance between geometric entities at asserted c
onnectivities');
#16666=(
GEOMETRIC_REPRESENTATION_CONTEXT(3)
GLOBAL_UNCERTAINTY_ASSIGNED_CONTEXT((#16657))
GLOBAL_UNIT_ASSIGNED_CONTEXT((#16675,#16677,#16678))
REPRESENTATION_CONTEXT('','3D')
);
#16667=(
GEOMETRIC_REPRESENTATION_CONTEXT(3)
GLOBAL_UNCERTAINTY_ASSIGNED_CONTEXT((#16658))
GLOBAL_UNIT_ASSIGNED_CONTEXT((#16675,#16677,#16678))
REPRESENTATION_CONTEXT('','3D')
);
#16668=(
GEOMETRIC_REPRESENTATION_CONTEXT(3)
GLOBAL_UNCERTAINTY_ASSIGNED_CONTEXT((#16659))
GLOBAL_UNIT_ASSIGNED_CONTEXT((#16675,#16677,#16678))
REPRESENTATION_CONTEXT('','3D')
);
#16669=(
GEOMETRIC_REPRESENTATION_CONTEXT(3)
GLOBAL_UNCERTAINTY_ASSIGNED_CONTEXT((#16660))
GLOBAL_UNIT_ASSIGNED_CONTEXT((#16675,#16677,#16678))
REPRESENTATION_CONTEXT('','3D')
);
#16670=(
GEOMETRIC_REPRESENTATION_CONTEXT(3)
GLOBAL_UNCERTAINTY_ASSIGNED_CONTEXT((#16661))
GLOBAL_UNIT_ASSIGNED_CONTEXT((#16675,#16677,#16678))
REPRESENTATION_CONTEXT('','3D')
);
#16671=(
GEOMETRIC_REPRESENTATION_CONTEXT(3)
GLOBAL_UNCERTAINTY_ASSIGNED_CONTEXT((#16662))
GLOBAL_UNIT_ASSIGNED_CONTEXT((#16675,#16677,#16678))
REPRESENTATION_CONTEXT('','3D')
);
#16672=(
GEOMETRIC_REPRESENTATION_CONTEXT(3)
GLOBAL_UNCERTAINTY_ASSIGNED_CONTEXT((#16663))
GLOBAL_UNIT_ASSIGNED_CONTEXT((#16675,#16677,#16678))
REPRESENTATION_CONTEXT('','3D')
);
#16673=(
GEOMETRIC_REPRESENTATION_CONTEXT(3)
GLOBAL_UNCERTAINTY_ASSIGNED_CONTEXT((#16664))
GLOBAL_UNIT_ASSIGNED_CONTEXT((#16675,#16677,#16678))
REPRESENTATION_CONTEXT('','3D')
);
#16674=(
GEOMETRIC_REPRESENTATION_CONTEXT(3)
GLOBAL_UNCERTAINTY_ASSIGNED_CONTEXT((#16665))
GLOBAL_UNIT_ASSIGNED_CONTEXT((#16675,#16677,#16678))
REPRESENTATION_CONTEXT('','3D')
);
#16675=(
LENGTH_UNIT()
NAMED_UNIT(*)
SI_UNIT(.MILLI.,.METRE.)
);
#16676=(
LENGTH_UNIT()
NAMED_UNIT(*)
SI_UNIT($,.METRE.)
);
#16677=(
NAMED_UNIT(*)
PLANE_ANGLE_UNIT()
SI_UNIT($,.RADIAN.)
);
#16678=(
NAMED_UNIT(*)
SI_UNIT($,.STERADIAN.)
SOLID_ANGLE_UNIT()
);
#16679=SHAPE_DEFINITION_REPRESENTATION(#16687,#16702);
#16680=SHAPE_DEFINITION_REPRESENTATION(#16688,#16703);
#16681=SHAPE_DEFINITION_REPRESENTATION(#16689,#16704);
#16682=SHAPE_DEFINITION_REPRESENTATION(#16690,#16705);
#16683=SHAPE_DEFINITION_REPRESENTATION(#16691,#16706);
#16684=SHAPE_DEFINITION_REPRESENTATION(#16692,#16707);
#16685=SHAPE_DEFINITION_REPRESENTATION(#16693,#16708);
#16686=SHAPE_DEFINITION_REPRESENTATION(#16699,#16709);
#16687=PRODUCT_DEFINITION_SHAPE('',$,#16711);
#16688=PRODUCT_DEFINITION_SHAPE('',$,#16712);
#16689=PRODUCT_DEFINITION_SHAPE('',$,#16713);
#16690=PRODUCT_DEFINITION_SHAPE('',$,#16714);
#16691=PRODUCT_DEFINITION_SHAPE('',$,#16715);
#16692=PRODUCT_DEFINITION_SHAPE('',$,#16716);
#16693=PRODUCT_DEFINITION_SHAPE('',$,#16717);
#16694=PRODUCT_DEFINITION_SHAPE($,$,#304);
#16695=PRODUCT_DEFINITION_SHAPE($,$,#305);
#16696=PRODUCT_DEFINITION_SHAPE($,$,#306);
#16697=PRODUCT_DEFINITION_SHAPE($,$,#307);
#16698=PRODUCT_DEFINITION_SHAPE($,$,#308);
#16699=PRODUCT_DEFINITION_SHAPE('',$,#16718);
#16700=PRODUCT_DEFINITION_SHAPE($,$,#309);
#16701=PRODUCT_DEFINITION_SHAPE($,$,#310);
#16702=SHAPE_REPRESENTATION('',(#8761,#9492,#9493),#16666);
#16703=SHAPE_REPRESENTATION('',(#8762,#9247),#16667);
#16704=SHAPE_REPRESENTATION('',(#8763,#9000,#9001,#9002,#9003),#16668);
#16705=SHAPE_REPRESENTATION('',(#8764),#16669);
#16706=SHAPE_REPRESENTATION('',(#8823),#16670);
#16707=SHAPE_REPRESENTATION('',(#8882),#16671);
#16708=SHAPE_REPRESENTATION('',(#8941),#16672);
#16709=SHAPE_REPRESENTATION('',(#9248),#16673);
#16710=PRODUCT_DEFINITION_CONTEXT('part definition',#16736,'design');
#16711=PRODUCT_DEFINITION('Cable_Clamp_FBLR','Cable_Clamp_FBLR v2',#16719,
#16710);
#16712=PRODUCT_DEFINITION('Cable_Clamp_Top','Cable_Clamp_Top',#16720,#16710);
#16713=PRODUCT_DEFINITION('Labels','Labels',#16721,#16710);
#16714=PRODUCT_DEFINITION('Cable_Clamp_Top_FBLR (1)',
'Cable_Clamp_Top_FBLR (1)',#16722,#16710);
#16715=PRODUCT_DEFINITION('Cable_Clamp_Top_FBLR (2)',
'Cable_Clamp_Top_FBLR (2)',#16723,#16710);
#16716=PRODUCT_DEFINITION('Cable_Clamp_Top_FBLR (4)',
'Cable_Clamp_Top_FBLR (4)',#16724,#16710);
#16717=PRODUCT_DEFINITION('Cable_Clamp_Top_FBLR (3)',
'Cable_Clamp_Top_FBLR (3)',#16725,#16710);
#16718=PRODUCT_DEFINITION('Cable_Clamp_Bottom','Cable_Clamp_Bottom',#16726,
#16710);
#16719=PRODUCT_DEFINITION_FORMATION('',$,#16738);
#16720=PRODUCT_DEFINITION_FORMATION('',$,#16739);
#16721=PRODUCT_DEFINITION_FORMATION('',$,#16740);
#16722=PRODUCT_DEFINITION_FORMATION('',$,#16741);
#16723=PRODUCT_DEFINITION_FORMATION('',$,#16742);
#16724=PRODUCT_DEFINITION_FORMATION('',$,#16743);
#16725=PRODUCT_DEFINITION_FORMATION('',$,#16744);
#16726=PRODUCT_DEFINITION_FORMATION('',$,#16745);
#16727=PRODUCT_RELATED_PRODUCT_CATEGORY('Cable_Clamp_FBLR v2',
'Cable_Clamp_FBLR v2',(#16738));
#16728=PRODUCT_RELATED_PRODUCT_CATEGORY('Cable_Clamp_Top',
'Cable_Clamp_Top',(#16739));
#16729=PRODUCT_RELATED_PRODUCT_CATEGORY('Labels','Labels',(#16740));
#16730=PRODUCT_RELATED_PRODUCT_CATEGORY('Cable_Clamp_Top_FBLR (1)',
'Cable_Clamp_Top_FBLR (1)',(#16741));
#16731=PRODUCT_RELATED_PRODUCT_CATEGORY('Cable_Clamp_Top_FBLR (2)',
'Cable_Clamp_Top_FBLR (2)',(#16742));
#16732=PRODUCT_RELATED_PRODUCT_CATEGORY('Cable_Clamp_Top_FBLR (4)',
'Cable_Clamp_Top_FBLR (4)',(#16743));
#16733=PRODUCT_RELATED_PRODUCT_CATEGORY('Cable_Clamp_Top_FBLR (3)',
'Cable_Clamp_Top_FBLR (3)',(#16744));
#16734=PRODUCT_RELATED_PRODUCT_CATEGORY('Cable_Clamp_Bottom',
'Cable_Clamp_Bottom',(#16745));
#16735=APPLICATION_PROTOCOL_DEFINITION('international standard',
'automotive_design',2009,#16736);
#16736=APPLICATION_CONTEXT(
'Core Data for Automotive Mechanical Design Process');
#16737=PRODUCT_CONTEXT('part definition',#16736,'mechanical');
#16738=PRODUCT('Cable_Clamp_FBLR','Cable_Clamp_FBLR v2',$,(#16737));
#16739=PRODUCT('Cable_Clamp_Top','Cable_Clamp_Top',$,(#16737));
#16740=PRODUCT('Labels','Labels',$,(#16737));
#16741=PRODUCT('Cable_Clamp_Top_FBLR (1)','Cable_Clamp_Top_FBLR (1)',$,
(#16737));
#16742=PRODUCT('Cable_Clamp_Top_FBLR (2)','Cable_Clamp_Top_FBLR (2)',$,
(#16737));
#16743=PRODUCT('Cable_Clamp_Top_FBLR (4)','Cable_Clamp_Top_FBLR (4)',$,
(#16737));
#16744=PRODUCT('Cable_Clamp_Top_FBLR (3)','Cable_Clamp_Top_FBLR (3)',$,
(#16737));
#16745=PRODUCT('Cable_Clamp_Bottom','Cable_Clamp_Bottom',$,(#16737));
#16746=PRESENTATION_STYLE_ASSIGNMENT((#16747));
#16747=SURFACE_STYLE_USAGE(.BOTH.,#16748);
#16748=SURFACE_SIDE_STYLE('',(#16749));
#16749=SURFACE_STYLE_FILL_AREA(#16750);
#16750=FILL_AREA_STYLE('Steel - Satin',(#16751));
#16751=FILL_AREA_STYLE_COLOUR('Steel - Satin',#16752);
#16752=COLOUR_RGB('Steel - Satin',0.627450980392157,0.627450980392157,0.627450980392157);
ENDSEC;
END-ISO-10303-21;
