ISO-10303-21;
HEADER;
/* Generated by software containing ST-Developer
 * from STEP Tools, Inc. (www.steptools.com) 
 */

FILE_DESCRIPTION(
/* description */ (''),
/* implementation_level */ '2;1');

FILE_NAME(
/* name */ 'Cable_Clamp_Dimple.step',
/* time_stamp */ '2026-07-10T17:11:33-06:00',
/* author */ (''),
/* organization */ (''),
/* preprocessor_version */ 'ST-DEVELOPER v20.1',
/* originating_system */ 'Autodesk Translation Framework v15.8.0.0',
/* authorisation */ '');

FILE_SCHEMA (('AUTOMOTIVE_DESIGN { 1 0 10303 214 3 1 1 }'));
ENDSEC;

DATA;
#10=MECHANICAL_DESIGN_GEOMETRIC_PRESENTATION_REPRESENTATION('',(#482,#483,
#484,#485,#486,#487,#488,#489,#490,#491),#15942);
#11=TOROIDAL_SURFACE('',#8557,2.6,0.6);
#12=TOROIDAL_SURFACE('',#8589,2.6,0.6);
#13=TOROIDAL_SURFACE('',#8594,2.6,0.6);
#14=TOROIDAL_SURFACE('',#8596,2.6,0.6);
#15=TOROIDAL_SURFACE('',#8601,2.6,0.6);
#16=TOROIDAL_SURFACE('',#8605,2.6,0.6);
#17=TOROIDAL_SURFACE('',#8668,2.6,0.6);
#18=TOROIDAL_SURFACE('',#8672,2.6,0.6);
#19=TOROIDAL_SURFACE('',#8681,2.6,0.6);
#20=TOROIDAL_SURFACE('',#8686,2.6,0.6);
#21=TOROIDAL_SURFACE('',#8692,2.6,0.6);
#22=TOROIDAL_SURFACE('',#8697,2.6,0.6);
#23=TOROIDAL_SURFACE('',#8703,2.6,0.6);
#24=TOROIDAL_SURFACE('',#8708,2.6,0.6);
#25=TOROIDAL_SURFACE('',#8723,2.6,0.6);
#26=TOROIDAL_SURFACE('',#8727,2.6,0.6);
#27=TOROIDAL_SURFACE('',#8788,2.6,0.6);
#28=TOROIDAL_SURFACE('',#8793,2.6,0.6);
#29=TOROIDAL_SURFACE('',#8809,2.6,0.6);
#30=TOROIDAL_SURFACE('',#8814,2.6,0.6);
#31=TOROIDAL_SURFACE('',#8821,2.6,0.6);
#32=TOROIDAL_SURFACE('',#8826,2.6,0.6);
#33=TOROIDAL_SURFACE('',#8901,2.6,0.6);
#34=TOROIDAL_SURFACE('',#8915,2.6,0.6);
#35=TOROIDAL_SURFACE('',#8933,2.6,0.6);
#36=TOROIDAL_SURFACE('',#8943,2.6,0.6);
#37=TOROIDAL_SURFACE('',#8958,2.6,0.6);
#38=TOROIDAL_SURFACE('',#8966,2.6,0.6);
#39=TOROIDAL_SURFACE('',#8970,2.6,0.6);
#40=TOROIDAL_SURFACE('',#8971,2.6,0.6);
#41=TOROIDAL_SURFACE('',#8975,2.6,0.6);
#42=TOROIDAL_SURFACE('',#8976,2.6,0.6);
#43=CONICAL_SURFACE('',#8510,2.5,0.785398163397448);
#44=CONICAL_SURFACE('',#8513,2.5,0.785398163397448);
#45=CONICAL_SURFACE('',#8516,2.5,0.785398163397447);
#46=CONICAL_SURFACE('',#8520,2.5,0.785398163397448);
#47=CONICAL_SURFACE('',#8657,1.45000000000586,0.785398161141812);
#48=CONICAL_SURFACE('',#8675,2.9,0.78539816339745);
#49=CONICAL_SURFACE('',#8677,2.9,0.785398163397448);
#50=CONICAL_SURFACE('',#8716,1.45000000093703,0.785398164955048);
#51=CONICAL_SURFACE('',#8729,2.9,0.785398163397449);
#52=CONICAL_SURFACE('',#8731,2.9,0.78539816339745);
#53=CONICAL_SURFACE('',#8736,3.10000000153766,0.785398163397412);
#54=CONICAL_SURFACE('',#8748,3.10000000067694,0.785398157287072);
#55=CONICAL_SURFACE('',#8753,1.70000000155903,0.785398164531379);
#56=CONICAL_SURFACE('',#8764,2.9,0.78539816339745);
#57=CONICAL_SURFACE('',#8767,2.9,0.785398163397449);
#58=CONICAL_SURFACE('',#8829,1.70000000037286,0.785398166439814);
#59=CONICAL_SURFACE('',#8840,2.9,0.785398163397448);
#60=CONICAL_SURFACE('',#8843,2.9,0.78539816339745);
#61=CONICAL_SURFACE('',#8884,2.5,0.785398163397448);
#62=CONICAL_SURFACE('',#8886,2.5,0.785398163397447);
#63=CONICAL_SURFACE('',#8888,2.5,0.785398163397448);
#64=CONICAL_SURFACE('',#8890,2.5,0.785398163397447);
#65=ITEM_DEFINED_TRANSFORMATION($,$,#8330,#8483);
#66=ITEM_DEFINED_TRANSFORMATION($,$,#8371,#8484);
#67=ITEM_DEFINED_TRANSFORMATION($,$,#8440,#8485);
#68=ITEM_DEFINED_TRANSFORMATION($,$,#8471,#8486);
#69=ITEM_DEFINED_TRANSFORMATION($,$,#8329,#8734);
#70=ITEM_DEFINED_TRANSFORMATION($,$,#8328,#8979);
#71=ITEM_DEFINED_TRANSFORMATION($,$,#8735,#8980);
#72=(
REPRESENTATION_RELATIONSHIP($,$,#15973,#15972)
REPRESENTATION_RELATIONSHIP_WITH_TRANSFORMATION(#65)
SHAPE_REPRESENTATION_RELATIONSHIP()
);
#73=(
REPRESENTATION_RELATIONSHIP($,$,#15974,#15972)
REPRESENTATION_RELATIONSHIP_WITH_TRANSFORMATION(#66)
SHAPE_REPRESENTATION_RELATIONSHIP()
);
#74=(
REPRESENTATION_RELATIONSHIP($,$,#15975,#15972)
REPRESENTATION_RELATIONSHIP_WITH_TRANSFORMATION(#67)
SHAPE_REPRESENTATION_RELATIONSHIP()
);
#75=(
REPRESENTATION_RELATIONSHIP($,$,#15976,#15972)
REPRESENTATION_RELATIONSHIP_WITH_TRANSFORMATION(#68)
SHAPE_REPRESENTATION_RELATIONSHIP()
);
#76=(
REPRESENTATION_RELATIONSHIP($,$,#15972,#15971)
REPRESENTATION_RELATIONSHIP_WITH_TRANSFORMATION(#69)
SHAPE_REPRESENTATION_RELATIONSHIP()
);
#77=(
REPRESENTATION_RELATIONSHIP($,$,#15971,#15970)
REPRESENTATION_RELATIONSHIP_WITH_TRANSFORMATION(#70)
SHAPE_REPRESENTATION_RELATIONSHIP()
);
#78=(
REPRESENTATION_RELATIONSHIP($,$,#15977,#15970)
REPRESENTATION_RELATIONSHIP_WITH_TRANSFORMATION(#71)
SHAPE_REPRESENTATION_RELATIONSHIP()
);
#79=CONTEXT_DEPENDENT_SHAPE_REPRESENTATION(#72,#15962);
#80=CONTEXT_DEPENDENT_SHAPE_REPRESENTATION(#73,#15963);
#81=CONTEXT_DEPENDENT_SHAPE_REPRESENTATION(#74,#15964);
#82=CONTEXT_DEPENDENT_SHAPE_REPRESENTATION(#75,#15965);
#83=CONTEXT_DEPENDENT_SHAPE_REPRESENTATION(#76,#15966);
#84=CONTEXT_DEPENDENT_SHAPE_REPRESENTATION(#77,#15968);
#85=CONTEXT_DEPENDENT_SHAPE_REPRESENTATION(#78,#15969);
#86=NEXT_ASSEMBLY_USAGE_OCCURRENCE('Volume_Down:1','Volume_Down:1',
'Volume_Down:1',#15981,#15982,'Volume_Down:1');
#87=NEXT_ASSEMBLY_USAGE_OCCURRENCE('Volume_Up:1','Volume_Up:1',
'Volume_Up:1',#15981,#15983,'Volume_Up:1');
#88=NEXT_ASSEMBLY_USAGE_OCCURRENCE('Song:1','Song:1','Song:1',#15981,#15984,
'Song:1');
#89=NEXT_ASSEMBLY_USAGE_OCCURRENCE('Peek_A_Boo:1','Peek_A_Boo:1',
'Peek_A_Boo:1',#15981,#15985,'Peek_A_Boo:1');
#90=NEXT_ASSEMBLY_USAGE_OCCURRENCE('Labels:1','Labels:1','Labels:1',#15980,
#15981,'Labels:1');
#91=NEXT_ASSEMBLY_USAGE_OCCURRENCE('Cable_Clamp_Top:1',
'Cable_Clamp_Top:1','Cable_Clamp_Top:1',#15979,#15980,
'Cable_Clamp_Top:1');
#92=NEXT_ASSEMBLY_USAGE_OCCURRENCE('Cable_Clamp_Bottom:1',
'Cable_Clamp_Bottom:1','Cable_Clamp_Bottom:1',#15979,#15986,
'Cable_Clamp_Bottom:1');
#93=B_SPLINE_SURFACE_WITH_KNOTS('',3,3,((#11448,#11449,#11450,#11451),(#11452,
#11453,#11454,#11455),(#11456,#11457,#11458,#11459),(#11460,#11461,#11462,
#11463),(#11464,#11465,#11466,#11467),(#11468,#11469,#11470,#11471),(#11472,
#11473,#11474,#11475)),.UNSPECIFIED.,.F.,.F.,.F.,(4,1,1,1,4),(4,4),(0.,
0.285714285714286,0.571428571428571,0.785714285714286,1.),(-1.38777878078145E-17,
0.15),.UNSPECIFIED.);
#94=B_SPLINE_SURFACE_WITH_KNOTS('',3,1,((#11499,#11500),(#11501,#11502),
(#11503,#11504),(#11505,#11506),(#11507,#11508),(#11509,#11510),(#11511,
#11512),(#11513,#11514),(#11515,#11516),(#11517,#11518),(#11519,#11520),
(#11521,#11522),(#11523,#11524),(#11525,#11526),(#11527,#11528),(#11529,
#11530),(#11531,#11532),(#11533,#11534),(#11535,#11536)),.UNSPECIFIED.,
 .F.,.F.,.F.,(4,3,3,3,3,3,4),(2,2),(-1.,-0.94372704312554,-0.751557557847437,
-0.56955075598932,-0.334065486758833,-0.183929073626982,-0.0289192602661644),
(0.,0.15),.UNSPECIFIED.);
#95=B_SPLINE_SURFACE_WITH_KNOTS('',3,3,((#11558,#11559,#11560,#11561),(#11562,
#11563,#11564,#11565),(#11566,#11567,#11568,#11569),(#11570,#11571,#11572,
#11573)),.UNSPECIFIED.,.F.,.F.,.F.,(4,4),(4,4),(0.,1.),(1.11022302462516E-16,
0.150000000000001),.UNSPECIFIED.);
#96=B_SPLINE_SURFACE_WITH_KNOTS('',3,1,((#11594,#11595),(#11596,#11597),
(#11598,#11599),(#11600,#11601),(#11602,#11603),(#11604,#11605),(#11606,
#11607),(#11608,#11609),(#11610,#11611),(#11612,#11613),(#11614,#11615),
(#11616,#11617),(#11618,#11619),(#11620,#11621),(#11622,#11623),(#11624,
#11625),(#11626,#11627),(#11628,#11629),(#11630,#11631)),.UNSPECIFIED.,
 .F.,.F.,.F.,(4,3,3,3,3,3,4),(2,2),(0.00422168320612255,0.168742132701268,
0.325921922794168,0.522459086750185,0.713088911068836,0.956247995890267,
1.),(0.,0.15),.UNSPECIFIED.);
#97=B_SPLINE_SURFACE_WITH_KNOTS('',3,1,((#12036,#12037),(#12038,#12039),
(#12040,#12041),(#12042,#12043),(#12044,#12045)),.UNSPECIFIED.,.F.,.F.,
 .F.,(4,1,4),(2,2),(0.,0.0406426878889564,0.0833387877702162),(-0.08,0.),
 .UNSPECIFIED.);
#98=B_SPLINE_SURFACE_WITH_KNOTS('',3,1,((#12068,#12069),(#12070,#12071),
(#12072,#12073),(#12074,#12075),(#12076,#12077)),.UNSPECIFIED.,.F.,.F.,
 .F.,(4,1,4),(2,2),(0.,0.0194221126515759,0.0350529507619118),(-0.08,0.),
 .UNSPECIFIED.);
#99=B_SPLINE_SURFACE_WITH_KNOTS('',3,1,((#12091,#12092),(#12093,#12094),
(#12095,#12096),(#12097,#12098),(#12099,#12100)),.UNSPECIFIED.,.F.,.F.,
 .F.,(4,1,4),(2,2),(0.,0.0221166492402307,0.046086493183492),(-0.08,0.),
 .UNSPECIFIED.);
#100=B_SPLINE_SURFACE_WITH_KNOTS('',3,1,((#12114,#12115),(#12116,#12117),
(#12118,#12119),(#12120,#12121),(#12122,#12123)),.UNSPECIFIED.,.F.,.F.,
 .F.,(4,1,4),(2,2),(0.,0.0177268398935438,0.0325014650160307),(-0.08,0.),
 .UNSPECIFIED.);
#101=B_SPLINE_SURFACE_WITH_KNOTS('',3,1,((#12137,#12138),(#12139,#12140),
(#12141,#12142),(#12143,#12144),(#12145,#12146)),.UNSPECIFIED.,.F.,.F.,
 .F.,(4,1,4),(2,2),(0.,0.0128835374070778,0.0247285511505944),(-0.08,0.),
 .UNSPECIFIED.);
#102=B_SPLINE_SURFACE_WITH_KNOTS('',3,1,((#12160,#12161),(#12162,#12163),
(#12164,#12165),(#12166,#12167),(#12168,#12169)),.UNSPECIFIED.,.F.,.F.,
 .F.,(4,1,4),(2,2),(0.,0.0113426618573437,0.0238075835708481),(-0.08,0.),
 .UNSPECIFIED.);
#103=B_SPLINE_SURFACE_WITH_KNOTS('',3,1,((#12183,#12184),(#12185,#12186),
(#12187,#12188),(#12189,#12190),(#12191,#12192)),.UNSPECIFIED.,.F.,.F.,
 .F.,(4,1,4),(2,2),(0.,0.0192001275023427,0.050838165677439),(-0.08,0.),
 .UNSPECIFIED.);
#104=B_SPLINE_SURFACE_WITH_KNOTS('',3,1,((#12206,#12207),(#12208,#12209),
(#12210,#12211),(#12212,#12213),(#12214,#12215)),.UNSPECIFIED.,.F.,.F.,
 .F.,(4,1,4),(2,2),(0.,0.0546183822470403,0.0949353178505077),(-0.08,0.),
 .UNSPECIFIED.);
#105=B_SPLINE_SURFACE_WITH_KNOTS('',3,1,((#12229,#12230),(#12231,#12232),
(#12233,#12234),(#12235,#12236),(#12237,#12238)),.UNSPECIFIED.,.F.,.F.,
 .F.,(4,1,4),(2,2),(0.,0.0324563671811613,0.0651950396346156),(-0.08,0.),
 .UNSPECIFIED.);
#106=B_SPLINE_SURFACE_WITH_KNOTS('',3,1,((#12252,#12253),(#12254,#12255),
(#12256,#12257),(#12258,#12259),(#12260,#12261)),.UNSPECIFIED.,.F.,.F.,
 .F.,(4,1,4),(2,2),(0.,0.0227329611545927,0.0462008149544845),(-0.08,0.),
 .UNSPECIFIED.);
#107=B_SPLINE_SURFACE_WITH_KNOTS('',3,1,((#12275,#12276),(#12277,#12278),
(#12279,#12280),(#12281,#12282),(#12283,#12284)),.UNSPECIFIED.,.F.,.F.,
 .F.,(4,1,4),(2,2),(0.,0.0248777313414365,0.0522435456133309),(-0.08,0.),
 .UNSPECIFIED.);
#108=B_SPLINE_SURFACE_WITH_KNOTS('',3,1,((#12298,#12299),(#12300,#12301),
(#12302,#12303),(#12304,#12305),(#12306,#12307)),.UNSPECIFIED.,.F.,.F.,
 .F.,(4,1,4),(2,2),(0.,0.0330962990625418,0.0750736536893655),(-0.08,0.),
 .UNSPECIFIED.);
#109=B_SPLINE_SURFACE_WITH_KNOTS('',3,1,((#12321,#12322),(#12323,#12324),
(#12325,#12326),(#12327,#12328),(#12329,#12330)),.UNSPECIFIED.,.F.,.F.,
 .F.,(4,1,4),(2,2),(0.,0.0509548405306961,0.0912942793354711),(-0.08,0.),
 .UNSPECIFIED.);
#110=B_SPLINE_SURFACE_WITH_KNOTS('',3,1,((#12344,#12345),(#12346,#12347),
(#12348,#12349),(#12350,#12351),(#12352,#12353)),.UNSPECIFIED.,.F.,.F.,
 .F.,(4,1,4),(2,2),(0.,0.036699416705929,0.0787414237352477),(-0.08,0.),
 .UNSPECIFIED.);
#111=B_SPLINE_SURFACE_WITH_KNOTS('',3,1,((#12373,#12374),(#12375,#12376),
(#12377,#12378),(#12379,#12380),(#12381,#12382)),.UNSPECIFIED.,.F.,.F.,
 .F.,(4,1,4),(2,2),(0.,0.0183101583533922,0.0334292123757509),(-0.08,0.),
 .UNSPECIFIED.);
#112=B_SPLINE_SURFACE_WITH_KNOTS('',3,1,((#12396,#12397),(#12398,#12399),
(#12400,#12401),(#12402,#12403),(#12404,#12405)),.UNSPECIFIED.,.F.,.F.,
 .F.,(4,1,4),(2,2),(0.,0.0149649714766617,0.0326377320769943),(-0.08,0.),
 .UNSPECIFIED.);
#113=B_SPLINE_SURFACE_WITH_KNOTS('',3,1,((#12419,#12420),(#12421,#12422),
(#12423,#12424),(#12425,#12426),(#12427,#12428)),.UNSPECIFIED.,.F.,.F.,
 .F.,(4,1,4),(2,2),(0.,0.0142744712796428,0.0256798823942577),(-0.08,0.),
 .UNSPECIFIED.);
#114=B_SPLINE_SURFACE_WITH_KNOTS('',3,1,((#12442,#12443),(#12444,#12445),
(#12446,#12447),(#12448,#12449),(#12450,#12451)),.UNSPECIFIED.,.F.,.F.,
 .F.,(4,1,4),(2,2),(0.,0.00976764277911454,0.0190761915347982),(-0.08,0.),
 .UNSPECIFIED.);
#115=B_SPLINE_SURFACE_WITH_KNOTS('',3,1,((#12465,#12466),(#12467,#12468),
(#12469,#12470),(#12471,#12472),(#12473,#12474)),.UNSPECIFIED.,.F.,.F.,
 .F.,(4,1,4),(2,2),(0.,0.00701054761680201,0.0149298693895477),(-0.08,0.),
 .UNSPECIFIED.);
#116=B_SPLINE_SURFACE_WITH_KNOTS('',3,1,((#12488,#12489),(#12490,#12491),
(#12492,#12493),(#12494,#12495),(#12496,#12497)),.UNSPECIFIED.,.F.,.F.,
 .F.,(4,1,4),(2,2),(0.,0.0124476754990797,0.0331960490770687),(-0.08,0.),
 .UNSPECIFIED.);
#117=B_SPLINE_SURFACE_WITH_KNOTS('',3,1,((#12511,#12512),(#12513,#12514),
(#12515,#12516),(#12517,#12518),(#12519,#12520)),.UNSPECIFIED.,.F.,.F.,
 .F.,(4,1,4),(2,2),(0.,0.0537951591594619,0.0911685288129374),(-0.08,0.),
 .UNSPECIFIED.);
#118=B_SPLINE_SURFACE_WITH_KNOTS('',3,1,((#12534,#12535),(#12536,#12537),
(#12538,#12539),(#12540,#12541),(#12542,#12543)),.UNSPECIFIED.,.F.,.F.,
 .F.,(4,1,4),(2,2),(0.,0.0272291334176917,0.0511983023126629),(-0.08,0.),
 .UNSPECIFIED.);
#119=B_SPLINE_SURFACE_WITH_KNOTS('',3,1,((#12557,#12558),(#12559,#12560),
(#12561,#12562),(#12563,#12564),(#12565,#12566)),.UNSPECIFIED.,.F.,.F.,
 .F.,(4,1,4),(2,2),(0.,0.0228633359563668,0.0464340345390782),(-0.08,0.),
 .UNSPECIFIED.);
#120=B_SPLINE_SURFACE_WITH_KNOTS('',3,1,((#12580,#12581),(#12582,#12583),
(#12584,#12585),(#12586,#12587),(#12588,#12589)),.UNSPECIFIED.,.F.,.F.,
 .F.,(4,1,4),(2,2),(0.,0.0280141611366269,0.0561640774835049),(-0.08,0.),
 .UNSPECIFIED.);
#121=B_SPLINE_SURFACE_WITH_KNOTS('',3,1,((#12603,#12604),(#12605,#12606),
(#12607,#12608),(#12609,#12610),(#12611,#12612)),.UNSPECIFIED.,.F.,.F.,
 .F.,(4,1,4),(2,2),(0.,0.0287140791915923,0.058550116646735),(-0.08,0.),
 .UNSPECIFIED.);
#122=B_SPLINE_SURFACE_WITH_KNOTS('',3,1,((#12626,#12627),(#12628,#12629),
(#12630,#12631),(#12632,#12633),(#12634,#12635)),.UNSPECIFIED.,.F.,.F.,
 .F.,(4,1,4),(2,2),(0.,0.0337315946370269,0.0737089308490291),(-0.08,0.),
 .UNSPECIFIED.);
#123=B_SPLINE_SURFACE_WITH_KNOTS('',3,1,((#12649,#12650),(#12651,#12652),
(#12653,#12654),(#12655,#12656),(#12657,#12658)),.UNSPECIFIED.,.F.,.F.,
 .F.,(4,1,4),(2,2),(0.,0.0651857083237759,0.111969763912668),(-0.08,0.),
 .UNSPECIFIED.);
#124=B_SPLINE_SURFACE_WITH_KNOTS('',3,1,((#12778,#12779),(#12780,#12781),
(#12782,#12783),(#12784,#12785),(#12786,#12787)),.UNSPECIFIED.,.F.,.F.,
 .F.,(4,1,4),(2,2),(0.,0.022935609785917,0.0393332283364767),(-0.08,0.),
 .UNSPECIFIED.);
#125=B_SPLINE_SURFACE_WITH_KNOTS('',3,1,((#12795,#12796),(#12797,#12798),
(#12799,#12800),(#12801,#12802),(#12803,#12804)),.UNSPECIFIED.,.F.,.F.,
 .F.,(4,1,4),(2,2),(0.,0.0133738350064371,0.0268737178262529),(-0.08,0.),
 .UNSPECIFIED.);
#126=B_SPLINE_SURFACE_WITH_KNOTS('',3,1,((#12812,#12813),(#12814,#12815),
(#12816,#12817),(#12818,#12819),(#12820,#12821)),.UNSPECIFIED.,.F.,.F.,
 .F.,(4,1,4),(2,2),(0.,0.0132562610805226,0.0262404086669547),(-0.08,0.),
 .UNSPECIFIED.);
#127=B_SPLINE_SURFACE_WITH_KNOTS('',3,1,((#12829,#12830),(#12831,#12832),
(#12833,#12834),(#12835,#12836),(#12837,#12838)),.UNSPECIFIED.,.F.,.F.,
 .F.,(4,1,4),(2,2),(0.,0.0154296095779205,0.0374123601940702),(-0.08,0.),
 .UNSPECIFIED.);
#128=B_SPLINE_SURFACE_WITH_KNOTS('',3,1,((#12863,#12864),(#12865,#12866),
(#12867,#12868),(#12869,#12870),(#12871,#12872)),.UNSPECIFIED.,.F.,.F.,
 .F.,(4,1,4),(2,2),(0.,0.0444279233266026,0.0805881679669496),(-0.08,0.),
 .UNSPECIFIED.);
#129=B_SPLINE_SURFACE_WITH_KNOTS('',3,1,((#12886,#12887),(#12888,#12889),
(#12890,#12891),(#12892,#12893),(#12894,#12895)),.UNSPECIFIED.,.F.,.F.,
 .F.,(4,1,4),(2,2),(0.,0.0345675870914402,0.0742033078109358),(-0.08,0.),
 .UNSPECIFIED.);
#130=B_SPLINE_SURFACE_WITH_KNOTS('',3,1,((#12909,#12910),(#12911,#12912),
(#12913,#12914),(#12915,#12916),(#12917,#12918)),.UNSPECIFIED.,.F.,.F.,
 .F.,(4,1,4),(2,2),(0.,0.0410395646457009,0.0778179063830892),(-0.08,0.),
 .UNSPECIFIED.);
#131=B_SPLINE_SURFACE_WITH_KNOTS('',3,1,((#12932,#12933),(#12934,#12935),
(#12936,#12937),(#12938,#12939),(#12940,#12941)),.UNSPECIFIED.,.F.,.F.,
 .F.,(4,1,4),(2,2),(0.,0.0394816994727117,0.0887812298076833),(-0.08,0.),
 .UNSPECIFIED.);
#132=B_SPLINE_SURFACE_WITH_KNOTS('',3,3,((#13178,#13179,#13180,#13181),
(#13182,#13183,#13184,#13185),(#13186,#13187,#13188,#13189),(#13190,#13191,
#13192,#13193)),.UNSPECIFIED.,.F.,.F.,.F.,(4,4),(4,4),(0.,1.),(1.5707963267949,
1.58363515479562),.UNSPECIFIED.);
#133=B_SPLINE_SURFACE_WITH_KNOTS('',3,3,((#13201,#13202,#13203,#13204),
(#13205,#13206,#13207,#13208),(#13209,#13210,#13211,#13212),(#13213,#13214,
#13215,#13216)),.UNSPECIFIED.,.F.,.F.,.F.,(4,4),(4,4),(0.,1.),(-1.58363515479562,
-1.5707963267949),.UNSPECIFIED.);
#134=B_SPLINE_SURFACE_WITH_KNOTS('',3,3,((#13229,#13230,#13231,#13232,#13233),
(#13234,#13235,#13236,#13237,#13238),(#13239,#13240,#13241,#13242,#13243),
(#13244,#13245,#13246,#13247,#13248)),.UNSPECIFIED.,.F.,.F.,.F.,(4,4),(4,
1,4),(0.,1.),(-3.14159265358979,-2.36261390419271,-1.58363515479562),
 .UNSPECIFIED.);
#135=B_SPLINE_SURFACE_WITH_KNOTS('',3,3,((#13252,#13253,#13254,#13255,#13256),
(#13257,#13258,#13259,#13260,#13261),(#13262,#13263,#13264,#13265,#13266),
(#13267,#13268,#13269,#13270,#13271)),.UNSPECIFIED.,.F.,.F.,.F.,(4,4),(4,
1,4),(0.,1.),(1.58363515479562,2.36261390419271,3.14159265358979),
 .UNSPECIFIED.);
#136=B_SPLINE_SURFACE_WITH_KNOTS('',3,3,((#13345,#13346,#13347,#13348),
(#13349,#13350,#13351,#13352),(#13353,#13354,#13355,#13356),(#13357,#13358,
#13359,#13360)),.UNSPECIFIED.,.F.,.F.,.F.,(4,4),(4,4),(0.,1.),(1.5707963267949,
1.58363515479563),.UNSPECIFIED.);
#137=B_SPLINE_SURFACE_WITH_KNOTS('',3,3,((#13368,#13369,#13370,#13371),
(#13372,#13373,#13374,#13375),(#13376,#13377,#13378,#13379),(#13380,#13381,
#13382,#13383)),.UNSPECIFIED.,.F.,.F.,.F.,(4,4),(4,4),(0.,1.),(-1.58363515479562,
-1.5707963267949),.UNSPECIFIED.);
#138=B_SPLINE_SURFACE_WITH_KNOTS('',3,3,((#13393,#13394,#13395,#13396),
(#13397,#13398,#13399,#13400),(#13401,#13402,#13403,#13404),(#13405,#13406,
#13407,#13408)),.UNSPECIFIED.,.F.,.F.,.F.,(4,4),(4,4),(0.,1.),(1.5707963267949,
1.58363515479562),.UNSPECIFIED.);
#139=B_SPLINE_SURFACE_WITH_KNOTS('',3,3,((#13411,#13412,#13413,#13414,#13415),
(#13416,#13417,#13418,#13419,#13420),(#13421,#13422,#13423,#13424,#13425),
(#13426,#13427,#13428,#13429,#13430)),.UNSPECIFIED.,.F.,.F.,.F.,(4,4),(4,
1,4),(0.,1.),(-3.14159265358979,-2.36261390419271,-1.58363515479562),
 .UNSPECIFIED.);
#140=B_SPLINE_SURFACE_WITH_KNOTS('',3,3,((#13434,#13435,#13436,#13437,#13438),
(#13439,#13440,#13441,#13442,#13443),(#13444,#13445,#13446,#13447,#13448),
(#13449,#13450,#13451,#13452,#13453)),.UNSPECIFIED.,.F.,.F.,.F.,(4,4),(4,
1,4),(0.,1.),(1.58363515479563,2.36261390419271,3.14159265358979),
 .UNSPECIFIED.);
#141=B_SPLINE_SURFACE_WITH_KNOTS('',3,3,((#13454,#13455,#13456,#13457),
(#13458,#13459,#13460,#13461),(#13462,#13463,#13464,#13465),(#13466,#13467,
#13468,#13469)),.UNSPECIFIED.,.F.,.F.,.F.,(4,4),(4,4),(0.,1.),(-1.58363515479563,
-1.5707963267949),.UNSPECIFIED.);
#142=B_SPLINE_SURFACE_WITH_KNOTS('',3,3,((#13473,#13474,#13475,#13476,#13477),
(#13478,#13479,#13480,#13481,#13482),(#13483,#13484,#13485,#13486,#13487),
(#13488,#13489,#13490,#13491,#13492)),.UNSPECIFIED.,.F.,.F.,.F.,(4,4),(4,
1,4),(0.,1.),(-3.14159265358979,-2.36261390419271,-1.58363515479562),
 .UNSPECIFIED.);
#143=B_SPLINE_SURFACE_WITH_KNOTS('',3,3,((#13496,#13497,#13498,#13499,#13500),
(#13501,#13502,#13503,#13504,#13505),(#13506,#13507,#13508,#13509,#13510),
(#13511,#13512,#13513,#13514,#13515)),.UNSPECIFIED.,.F.,.F.,.F.,(4,4),(4,
1,4),(0.,1.),(1.58363515479563,2.36261390419271,3.14159265358979),
 .UNSPECIFIED.);
#144=B_SPLINE_SURFACE_WITH_KNOTS('',3,3,((#13589,#13590,#13591,#13592),
(#13593,#13594,#13595,#13596),(#13597,#13598,#13599,#13600),(#13601,#13602,
#13603,#13604)),.UNSPECIFIED.,.F.,.F.,.F.,(4,4),(4,4),(0.,1.),(1.57079632679489,
1.58363515479562),.UNSPECIFIED.);
#145=B_SPLINE_SURFACE_WITH_KNOTS('',3,3,((#13612,#13613,#13614,#13615),
(#13616,#13617,#13618,#13619),(#13620,#13621,#13622,#13623),(#13624,#13625,
#13626,#13627)),.UNSPECIFIED.,.F.,.F.,.F.,(4,4),(4,4),(0.,1.),(-1.58363515479562,
-1.5707963267949),.UNSPECIFIED.);
#146=B_SPLINE_SURFACE_WITH_KNOTS('',3,3,((#13637,#13638,#13639,#13640),
(#13641,#13642,#13643,#13644),(#13645,#13646,#13647,#13648),(#13649,#13650,
#13651,#13652)),.UNSPECIFIED.,.F.,.F.,.F.,(4,4),(4,4),(0.,1.),(1.5707963267949,
1.58363515479562),.UNSPECIFIED.);
#147=B_SPLINE_SURFACE_WITH_KNOTS('',3,3,((#13655,#13656,#13657,#13658,#13659),
(#13660,#13661,#13662,#13663,#13664),(#13665,#13666,#13667,#13668,#13669),
(#13670,#13671,#13672,#13673,#13674)),.UNSPECIFIED.,.F.,.F.,.F.,(4,4),(4,
1,4),(0.,1.),(-3.14159265358979,-2.36261390419271,-1.58363515479562),
 .UNSPECIFIED.);
#148=B_SPLINE_SURFACE_WITH_KNOTS('',3,3,((#13678,#13679,#13680,#13681,#13682),
(#13683,#13684,#13685,#13686,#13687),(#13688,#13689,#13690,#13691,#13692),
(#13693,#13694,#13695,#13696,#13697)),.UNSPECIFIED.,.F.,.F.,.F.,(4,4),(4,
1,4),(0.,1.),(1.58363515479562,2.36261390419271,3.14159265358979),
 .UNSPECIFIED.);
#149=B_SPLINE_SURFACE_WITH_KNOTS('',3,3,((#13698,#13699,#13700,#13701),
(#13702,#13703,#13704,#13705),(#13706,#13707,#13708,#13709),(#13710,#13711,
#13712,#13713)),.UNSPECIFIED.,.F.,.F.,.F.,(4,4),(4,4),(0.,1.),(-1.58363515479562,
-1.5707963267949),.UNSPECIFIED.);
#150=B_SPLINE_SURFACE_WITH_KNOTS('',3,3,((#13717,#13718,#13719,#13720,#13721),
(#13722,#13723,#13724,#13725,#13726),(#13727,#13728,#13729,#13730,#13731),
(#13732,#13733,#13734,#13735,#13736)),.UNSPECIFIED.,.F.,.F.,.F.,(4,4),(4,
1,4),(0.,1.),(-3.14159265358979,-2.36261390419271,-1.58363515479562),
 .UNSPECIFIED.);
#151=B_SPLINE_SURFACE_WITH_KNOTS('',3,3,((#13740,#13741,#13742,#13743,#13744),
(#13745,#13746,#13747,#13748,#13749),(#13750,#13751,#13752,#13753,#13754),
(#13755,#13756,#13757,#13758,#13759)),.UNSPECIFIED.,.F.,.F.,.F.,(4,4),(4,
1,4),(0.,1.),(1.58363515479562,2.36261390419271,3.14159265358979),
 .UNSPECIFIED.);
#152=B_SPLINE_SURFACE_WITH_KNOTS('',3,3,((#13833,#13834,#13835,#13836),
(#13837,#13838,#13839,#13840),(#13841,#13842,#13843,#13844),(#13845,#13846,
#13847,#13848)),.UNSPECIFIED.,.F.,.F.,.F.,(4,4),(4,4),(0.,1.),(1.5707963267949,
1.58363515479563),.UNSPECIFIED.);
#153=B_SPLINE_SURFACE_WITH_KNOTS('',3,3,((#13856,#13857,#13858,#13859),
(#13860,#13861,#13862,#13863),(#13864,#13865,#13866,#13867),(#13868,#13869,
#13870,#13871)),.UNSPECIFIED.,.F.,.F.,.F.,(4,4),(4,4),(0.,1.),(-1.58363515479562,
-1.5707963267949),.UNSPECIFIED.);
#154=B_SPLINE_SURFACE_WITH_KNOTS('',3,3,((#13881,#13882,#13883,#13884),
(#13885,#13886,#13887,#13888),(#13889,#13890,#13891,#13892),(#13893,#13894,
#13895,#13896)),.UNSPECIFIED.,.F.,.F.,.F.,(4,4),(4,4),(0.,1.),(1.5707963267949,
1.58363515479562),.UNSPECIFIED.);
#155=B_SPLINE_SURFACE_WITH_KNOTS('',3,3,((#13899,#13900,#13901,#13902,#13903),
(#13904,#13905,#13906,#13907,#13908),(#13909,#13910,#13911,#13912,#13913),
(#13914,#13915,#13916,#13917,#13918)),.UNSPECIFIED.,.F.,.F.,.F.,(4,4),(4,
1,4),(0.,1.),(-3.14159265358979,-2.36261390419271,-1.58363515479562),
 .UNSPECIFIED.);
#156=B_SPLINE_SURFACE_WITH_KNOTS('',3,3,((#13922,#13923,#13924,#13925,#13926),
(#13927,#13928,#13929,#13930,#13931),(#13932,#13933,#13934,#13935,#13936),
(#13937,#13938,#13939,#13940,#13941)),.UNSPECIFIED.,.F.,.F.,.F.,(4,4),(4,
1,4),(0.,1.),(1.58363515479562,2.36261390419271,3.14159265358979),
 .UNSPECIFIED.);
#157=B_SPLINE_SURFACE_WITH_KNOTS('',3,3,((#13942,#13943,#13944,#13945),
(#13946,#13947,#13948,#13949),(#13950,#13951,#13952,#13953),(#13954,#13955,
#13956,#13957)),.UNSPECIFIED.,.F.,.F.,.F.,(4,4),(4,4),(0.,1.),(-1.58363515479562,
-1.5707963267949),.UNSPECIFIED.);
#158=B_SPLINE_SURFACE_WITH_KNOTS('',3,3,((#13964,#13965,#13966,#13967,#13968),
(#13969,#13970,#13971,#13972,#13973),(#13974,#13975,#13976,#13977,#13978),
(#13979,#13980,#13981,#13982,#13983)),.UNSPECIFIED.,.F.,.F.,.F.,(4,4),(4,
1,4),(0.,1.),(-3.14159265358979,-2.36261390419271,-1.58363515479562),
 .UNSPECIFIED.);
#159=B_SPLINE_SURFACE_WITH_KNOTS('',3,3,((#13984,#13985,#13986,#13987,#13988),
(#13989,#13990,#13991,#13992,#13993),(#13994,#13995,#13996,#13997,#13998),
(#13999,#14000,#14001,#14002,#14003)),.UNSPECIFIED.,.F.,.F.,.F.,(4,4),(4,
1,4),(0.,1.),(1.58363515479563,2.36261390419271,3.14159265358979),
 .UNSPECIFIED.);
#160=B_SPLINE_SURFACE_WITH_KNOTS('',3,3,((#14076,#14077,#14078,#14079),
(#14080,#14081,#14082,#14083),(#14084,#14085,#14086,#14087),(#14088,#14089,
#14090,#14091)),.UNSPECIFIED.,.F.,.F.,.F.,(4,4),(4,4),(0.,1.),(1.5707963267949,
1.58363515479562),.UNSPECIFIED.);
#161=B_SPLINE_SURFACE_WITH_KNOTS('',3,3,((#14094,#14095,#14096,#14097),
(#14098,#14099,#14100,#14101),(#14102,#14103,#14104,#14105),(#14106,#14107,
#14108,#14109)),.UNSPECIFIED.,.F.,.F.,.F.,(4,4),(4,4),(0.,1.),(-1.58363515479562,
-1.5707963267949),.UNSPECIFIED.);
#162=B_SPLINE_SURFACE_WITH_KNOTS('',3,3,((#14121,#14122,#14123,#14124,#14125),
(#14126,#14127,#14128,#14129,#14130),(#14131,#14132,#14133,#14134,#14135),
(#14136,#14137,#14138,#14139,#14140)),.UNSPECIFIED.,.F.,.F.,.F.,(4,4),(4,
1,4),(0.,1.),(-3.14159265358979,-2.36261390419271,-1.58363515479562),
 .UNSPECIFIED.);
#163=B_SPLINE_SURFACE_WITH_KNOTS('',3,3,((#14144,#14145,#14146,#14147,#14148),
(#14149,#14150,#14151,#14152,#14153),(#14154,#14155,#14156,#14157,#14158),
(#14159,#14160,#14161,#14162,#14163)),.UNSPECIFIED.,.F.,.F.,.F.,(4,4),(4,
1,4),(0.,1.),(1.58363515479563,2.36261390419271,3.14159265358979),
 .UNSPECIFIED.);
#164=B_SPLINE_SURFACE_WITH_KNOTS('',3,3,((#14254,#14255,#14256,#14257,#14258),
(#14259,#14260,#14261,#14262,#14263),(#14264,#14265,#14266,#14267,#14268),
(#14269,#14270,#14271,#14272,#14273)),.UNSPECIFIED.,.F.,.F.,.F.,(4,4),(4,
1,4),(0.,1.),(1.58363515479563,2.36261390419271,3.14159265358979),
 .UNSPECIFIED.);
#165=B_SPLINE_SURFACE_WITH_KNOTS('',3,3,((#14287,#14288,#14289,#14290,#14291),
(#14292,#14293,#14294,#14295,#14296),(#14297,#14298,#14299,#14300,#14301),
(#14302,#14303,#14304,#14305,#14306)),.UNSPECIFIED.,.F.,.F.,.F.,(4,4),(4,
1,4),(0.,1.),(-3.14159265358979,-2.36261390419271,-1.58363515479562),
 .UNSPECIFIED.);
#166=B_SPLINE_SURFACE_WITH_KNOTS('',3,3,((#14336,#14337,#14338,#14339),
(#14340,#14341,#14342,#14343),(#14344,#14345,#14346,#14347),(#14348,#14349,
#14350,#14351)),.UNSPECIFIED.,.F.,.F.,.F.,(4,4),(4,4),(0.,1.),(-1.58363515479562,
-1.5707963267949),.UNSPECIFIED.);
#167=B_SPLINE_SURFACE_WITH_KNOTS('',3,3,((#14356,#14357,#14358,#14359),
(#14360,#14361,#14362,#14363),(#14364,#14365,#14366,#14367),(#14368,#14369,
#14370,#14371)),.UNSPECIFIED.,.F.,.F.,.F.,(4,4),(4,4),(0.,1.),(1.5707963267949,
1.58363515479563),.UNSPECIFIED.);
#168=B_SPLINE_SURFACE_WITH_KNOTS('',3,3,((#14561,#14562,#14563,#14564,#14565),
(#14566,#14567,#14568,#14569,#14570),(#14571,#14572,#14573,#14574,#14575),
(#14576,#14577,#14578,#14579,#14580)),.UNSPECIFIED.,.F.,.F.,.F.,(4,4),(4,
1,4),(0.,1.),(1.58363515479563,2.36261390419271,3.14159265358979),
 .UNSPECIFIED.);
#169=B_SPLINE_SURFACE_WITH_KNOTS('',3,3,((#14597,#14598,#14599,#14600,#14601),
(#14602,#14603,#14604,#14605,#14606),(#14607,#14608,#14609,#14610,#14611),
(#14612,#14613,#14614,#14615,#14616)),.UNSPECIFIED.,.F.,.F.,.F.,(4,4),(4,
1,4),(0.,1.),(-3.14159265358979,-2.36261390419271,-1.58363515479562),
 .UNSPECIFIED.);
#170=B_SPLINE_SURFACE_WITH_KNOTS('',3,3,((#14641,#14642,#14643,#14644),
(#14645,#14646,#14647,#14648),(#14649,#14650,#14651,#14652),(#14653,#14654,
#14655,#14656)),.UNSPECIFIED.,.F.,.F.,.F.,(4,4),(4,4),(0.,1.),(-1.58363515479563,
-1.5707963267949),.UNSPECIFIED.);
#171=B_SPLINE_SURFACE_WITH_KNOTS('',3,3,((#14661,#14662,#14663,#14664,#14665),
(#14666,#14667,#14668,#14669,#14670),(#14671,#14672,#14673,#14674,#14675),
(#14676,#14677,#14678,#14679,#14680)),.UNSPECIFIED.,.F.,.F.,.F.,(4,4),(4,
1,4),(0.,1.),(1.58363515479562,2.36261390419271,3.14159265358979),
 .UNSPECIFIED.);
#172=B_SPLINE_SURFACE_WITH_KNOTS('',3,3,((#14702,#14703,#14704,#14705,#14706),
(#14707,#14708,#14709,#14710,#14711),(#14712,#14713,#14714,#14715,#14716),
(#14717,#14718,#14719,#14720,#14721)),.UNSPECIFIED.,.F.,.F.,.F.,(4,4),(4,
1,4),(0.,1.),(-3.14159265358979,-2.36261390419271,-1.58363515479562),
 .UNSPECIFIED.);
#173=B_SPLINE_SURFACE_WITH_KNOTS('',3,3,((#14735,#14736,#14737,#14738),
(#14739,#14740,#14741,#14742),(#14743,#14744,#14745,#14746),(#14747,#14748,
#14749,#14750)),.UNSPECIFIED.,.F.,.F.,.F.,(4,4),(4,4),(0.,1.),(1.5707963267949,
1.58363515479562),.UNSPECIFIED.);
#174=B_SPLINE_SURFACE_WITH_KNOTS('',3,3,((#14764,#14765,#14766,#14767),
(#14768,#14769,#14770,#14771),(#14772,#14773,#14774,#14775),(#14776,#14777,
#14778,#14779)),.UNSPECIFIED.,.F.,.F.,.F.,(4,4),(4,4),(0.,1.),(-1.58363515479563,
-1.5707963267949),.UNSPECIFIED.);
#175=B_SPLINE_SURFACE_WITH_KNOTS('',3,3,((#14788,#14789,#14790,#14791),
(#14792,#14793,#14794,#14795),(#14796,#14797,#14798,#14799),(#14800,#14801,
#14802,#14803)),.UNSPECIFIED.,.F.,.F.,.F.,(4,4),(4,4),(0.,1.),(1.5707963267949,
1.58363515479562),.UNSPECIFIED.);
#176=B_SPLINE_SURFACE_WITH_KNOTS('',3,3,((#14897,#14898,#14899,#14900,#14901),
(#14902,#14903,#14904,#14905,#14906),(#14907,#14908,#14909,#14910,#14911),
(#14912,#14913,#14914,#14915,#14916)),.UNSPECIFIED.,.F.,.F.,.F.,(4,4),(4,
1,4),(0.,1.),(1.58363515479562,2.36261390419271,3.14159265358979),
 .UNSPECIFIED.);
#177=B_SPLINE_SURFACE_WITH_KNOTS('',3,3,((#14938,#14939,#14940,#14941,#14942),
(#14943,#14944,#14945,#14946,#14947),(#14948,#14949,#14950,#14951,#14952),
(#14953,#14954,#14955,#14956,#14957)),.UNSPECIFIED.,.F.,.F.,.F.,(4,4),(4,
1,4),(0.,1.),(-3.14159265358979,-2.36261390419271,-1.58363515479562),
 .UNSPECIFIED.);
#178=B_SPLINE_SURFACE_WITH_KNOTS('',3,3,((#14976,#14977,#14978,#14979),
(#14980,#14981,#14982,#14983),(#14984,#14985,#14986,#14987),(#14988,#14989,
#14990,#14991)),.UNSPECIFIED.,.F.,.F.,.F.,(4,4),(4,4),(0.,1.),(-1.58363515479562,
-1.5707963267949),.UNSPECIFIED.);
#179=B_SPLINE_SURFACE_WITH_KNOTS('',3,3,((#14996,#14997,#14998,#14999,#15000),
(#15001,#15002,#15003,#15004,#15005),(#15006,#15007,#15008,#15009,#15010),
(#15011,#15012,#15013,#15014,#15015)),.UNSPECIFIED.,.F.,.F.,.F.,(4,4),(4,
1,4),(0.,1.),(1.58363515479562,2.36261390419271,3.14159265358979),
 .UNSPECIFIED.);
#180=B_SPLINE_SURFACE_WITH_KNOTS('',3,3,((#15037,#15038,#15039,#15040,#15041),
(#15042,#15043,#15044,#15045,#15046),(#15047,#15048,#15049,#15050,#15051),
(#15052,#15053,#15054,#15055,#15056)),.UNSPECIFIED.,.F.,.F.,.F.,(4,4),(4,
1,4),(0.,1.),(-3.14159265358979,-2.36261390419271,-1.58363515479562),
 .UNSPECIFIED.);
#181=B_SPLINE_SURFACE_WITH_KNOTS('',3,3,((#15069,#15070,#15071,#15072),
(#15073,#15074,#15075,#15076),(#15077,#15078,#15079,#15080),(#15081,#15082,
#15083,#15084)),.UNSPECIFIED.,.F.,.F.,.F.,(4,4),(4,4),(0.,1.),(1.5707963267949,
1.58363515479562),.UNSPECIFIED.);
#182=B_SPLINE_SURFACE_WITH_KNOTS('',3,3,((#15095,#15096,#15097,#15098),
(#15099,#15100,#15101,#15102),(#15103,#15104,#15105,#15106),(#15107,#15108,
#15109,#15110)),.UNSPECIFIED.,.F.,.F.,.F.,(4,4),(4,4),(0.,1.),(-1.58363515479562,
-1.57079632679489),.UNSPECIFIED.);
#183=B_SPLINE_SURFACE_WITH_KNOTS('',3,3,((#15115,#15116,#15117,#15118),
(#15119,#15120,#15121,#15122),(#15123,#15124,#15125,#15126),(#15127,#15128,
#15129,#15130)),.UNSPECIFIED.,.F.,.F.,.F.,(4,4),(4,4),(0.,1.),(1.5707963267949,
1.58363515479562),.UNSPECIFIED.);
#184=B_SPLINE_SURFACE_WITH_KNOTS('',3,3,((#15146,#15147,#15148,#15149,#15150),
(#15151,#15152,#15153,#15154,#15155),(#15156,#15157,#15158,#15159,#15160),
(#15161,#15162,#15163,#15164,#15165)),.UNSPECIFIED.,.F.,.F.,.F.,(4,4),(4,
1,4),(0.,1.),(1.58363515479563,2.36261390419271,3.14159265358979),
 .UNSPECIFIED.);
#185=B_SPLINE_SURFACE_WITH_KNOTS('',3,3,((#15187,#15188,#15189,#15190,#15191),
(#15192,#15193,#15194,#15195,#15196),(#15197,#15198,#15199,#15200,#15201),
(#15202,#15203,#15204,#15205,#15206)),.UNSPECIFIED.,.F.,.F.,.F.,(4,4),(4,
1,4),(0.,1.),(-3.14159265358979,-2.36261390419271,-1.58363515479562),
 .UNSPECIFIED.);
#186=B_SPLINE_SURFACE_WITH_KNOTS('',3,3,((#15225,#15226,#15227,#15228),
(#15229,#15230,#15231,#15232),(#15233,#15234,#15235,#15236),(#15237,#15238,
#15239,#15240)),.UNSPECIFIED.,.F.,.F.,.F.,(4,4),(4,4),(0.,1.),(-1.58363515479563,
-1.5707963267949),.UNSPECIFIED.);
#187=B_SPLINE_SURFACE_WITH_KNOTS('',3,3,((#15245,#15246,#15247,#15248,#15249),
(#15250,#15251,#15252,#15253,#15254),(#15255,#15256,#15257,#15258,#15259),
(#15260,#15261,#15262,#15263,#15264)),.UNSPECIFIED.,.F.,.F.,.F.,(4,4),(4,
1,4),(0.,1.),(1.58363515479563,2.36261390419271,3.14159265358979),
 .UNSPECIFIED.);
#188=B_SPLINE_SURFACE_WITH_KNOTS('',3,3,((#15286,#15287,#15288,#15289,#15290),
(#15291,#15292,#15293,#15294,#15295),(#15296,#15297,#15298,#15299,#15300),
(#15301,#15302,#15303,#15304,#15305)),.UNSPECIFIED.,.F.,.F.,.F.,(4,4),(4,
1,4),(0.,1.),(-3.14159265358979,-2.36261390419271,-1.58363515479562),
 .UNSPECIFIED.);
#189=B_SPLINE_SURFACE_WITH_KNOTS('',3,3,((#15318,#15319,#15320,#15321),
(#15322,#15323,#15324,#15325),(#15326,#15327,#15328,#15329),(#15330,#15331,
#15332,#15333)),.UNSPECIFIED.,.F.,.F.,.F.,(4,4),(4,4),(0.,1.),(1.57079632679489,
1.58363515479563),.UNSPECIFIED.);
#190=B_SPLINE_SURFACE_WITH_KNOTS('',3,3,((#15344,#15345,#15346,#15347),
(#15348,#15349,#15350,#15351),(#15352,#15353,#15354,#15355),(#15356,#15357,
#15358,#15359)),.UNSPECIFIED.,.F.,.F.,.F.,(4,4),(4,4),(0.,1.),(-1.58363515479562,
-1.5707963267949),.UNSPECIFIED.);
#191=B_SPLINE_SURFACE_WITH_KNOTS('',3,3,((#15364,#15365,#15366,#15367),
(#15368,#15369,#15370,#15371),(#15372,#15373,#15374,#15375),(#15376,#15377,
#15378,#15379)),.UNSPECIFIED.,.F.,.F.,.F.,(4,4),(4,4),(0.,1.),(1.5707963267949,
1.58363515479563),.UNSPECIFIED.);
#192=B_SPLINE_SURFACE_WITH_KNOTS('',3,3,((#15442,#15443,#15444,#15445,#15446),
(#15447,#15448,#15449,#15450,#15451),(#15452,#15453,#15454,#15455,#15456),
(#15457,#15458,#15459,#15460,#15461)),.UNSPECIFIED.,.F.,.F.,.F.,(4,4),(4,
1,4),(0.,1.),(1.58363515479562,2.36261390419271,3.14159265358979),
 .UNSPECIFIED.);
#193=B_SPLINE_SURFACE_WITH_KNOTS('',3,3,((#15474,#15475,#15476,#15477,#15478),
(#15479,#15480,#15481,#15482,#15483),(#15484,#15485,#15486,#15487,#15488),
(#15489,#15490,#15491,#15492,#15493)),.UNSPECIFIED.,.F.,.F.,.F.,(4,4),(4,
1,4),(0.,1.),(-3.14159265358979,-2.36261390419271,-1.58363515479562),
 .UNSPECIFIED.);
#194=B_SPLINE_SURFACE_WITH_KNOTS('',3,3,((#15516,#15517,#15518,#15519),
(#15520,#15521,#15522,#15523),(#15524,#15525,#15526,#15527),(#15528,#15529,
#15530,#15531)),.UNSPECIFIED.,.F.,.F.,.F.,(4,4),(4,4),(0.,1.),(-1.58363515479563,
-1.57079632679489),.UNSPECIFIED.);
#195=B_SPLINE_SURFACE_WITH_KNOTS('',3,3,((#15532,#15533,#15534,#15535),
(#15536,#15537,#15538,#15539),(#15540,#15541,#15542,#15543),(#15544,#15545,
#15546,#15547)),.UNSPECIFIED.,.F.,.F.,.F.,(4,4),(4,4),(0.,1.),(1.5707963267949,
1.58363515479562),.UNSPECIFIED.);
#196=B_SPLINE_SURFACE_WITH_KNOTS('',3,1,((#15591,#15592),(#15593,#15594),
(#15595,#15596),(#15597,#15598),(#15599,#15600),(#15601,#15602),(#15603,
#15604),(#15605,#15606),(#15607,#15608),(#15609,#15610),(#15611,#15612),
(#15613,#15614),(#15615,#15616),(#15617,#15618)),.UNSPECIFIED.,.F.,.F.,
 .F.,(4,1,1,1,1,1,1,1,1,1,1,4),(2,2),(0.,0.0703310831471734,0.10549662472076,
0.140662166294347,0.175827707867934,0.21099324944152,0.246158791015107,
0.281324332588694,0.32805628302127,0.374788233453847,0.421520183886424,
0.468252134319),(-0.08,0.),.UNSPECIFIED.);
#197=B_SPLINE_SURFACE_WITH_KNOTS('',3,1,((#15623,#15624),(#15625,#15626),
(#15627,#15628),(#15629,#15630),(#15631,#15632),(#15633,#15634),(#15635,
#15636),(#15637,#15638),(#15639,#15640),(#15641,#15642),(#15643,#15644),
(#15645,#15646)),.UNSPECIFIED.,.F.,.F.,.F.,(4,1,1,1,1,1,1,1,1,4),(2,2),
(0.,0.104728705202896,0.209457410405792,0.352347284096874,0.495237157787956,
0.594003694624889,0.692770231461821,0.779923109688888,0.867075987915955,
1.00609617343878),(-0.08,0.),.UNSPECIFIED.);
#198=FACE_BOUND('',#1170,.T.);
#199=FACE_BOUND('',#1179,.T.);
#200=FACE_BOUND('',#1308,.T.);
#201=FACE_BOUND('',#1328,.T.);
#202=FACE_BOUND('',#1394,.T.);
#203=FACE_BOUND('',#1396,.T.);
#204=FACE_BOUND('',#1397,.T.);
#205=FACE_BOUND('',#1398,.T.);
#206=FACE_BOUND('',#1399,.T.);
#207=FACE_BOUND('',#1400,.T.);
#208=FACE_BOUND('',#1401,.T.);
#209=FACE_BOUND('',#1417,.T.);
#210=FACE_BOUND('',#1418,.T.);
#211=FACE_BOUND('',#1424,.T.);
#212=FACE_BOUND('',#1439,.T.);
#213=FACE_BOUND('',#1440,.T.);
#214=FACE_BOUND('',#1441,.T.);
#215=FACE_BOUND('',#1494,.T.);
#216=FACE_BOUND('',#1543,.T.);
#217=FACE_BOUND('',#1545,.T.);
#218=B_SPLINE_CURVE_WITH_KNOTS('',3,(#11387,#11388,#11389,#11390),
 .UNSPECIFIED.,.F.,.F.,(4,4),(0.,0.0381669509049102),.UNSPECIFIED.);
#219=B_SPLINE_CURVE_WITH_KNOTS('',3,(#11394,#11395,#11396,#11397,#11398,
#11399,#11400,#11401,#11402,#11403,#11404,#11405,#11406),.UNSPECIFIED.,
 .F.,.F.,(4,3,3,3,4),(0.,0.0247548960639852,0.0495097921279703,0.0825163202132838,
0.115522848298597),.UNSPECIFIED.);
#220=B_SPLINE_CURVE_WITH_KNOTS('',3,(#11408,#11409,#11410,#11411,#11412,
#11413,#11414,#11415,#11416,#11417,#11418,#11419,#11420,#11421,#11422,#11423,
#11424,#11425,#11426),.UNSPECIFIED.,.F.,.F.,(4,3,3,3,3,3,4),(0.087375111680031,
0.183935584515896,0.334070799808838,0.569554190258475,0.75155954000498,
0.943727492090158,1.),.UNSPECIFIED.);
#221=B_SPLINE_CURVE_WITH_KNOTS('',3,(#11429,#11430,#11431,#11432,#11433,
#11434,#11435,#11436,#11437,#11438,#11439,#11440,#11441,#11442,#11443,#11444,
#11445,#11446,#11447),.UNSPECIFIED.,.F.,.F.,(4,3,3,3,3,3,4),(-1.,-0.956247995890437,
-0.713088911069948,-0.522459086752036,-0.32592192279678,-0.16874213270449,
-0.00986727815148799),.UNSPECIFIED.);
#222=B_SPLINE_CURVE_WITH_KNOTS('',3,(#11477,#11478,#11479,#11480),
 .UNSPECIFIED.,.F.,.F.,(4,4),(-1.38777878078145E-17,0.15),.UNSPECIFIED.);
#223=B_SPLINE_CURVE_WITH_KNOTS('',3,(#11482,#11483,#11484,#11485,#11486,
#11487,#11488,#11489,#11490,#11491,#11492,#11493,#11494),.UNSPECIFIED.,
 .F.,.F.,(4,3,3,3,4),(0.,0.0247548960639852,0.0495097921279704,0.082516320213284,
0.115522848298598),.UNSPECIFIED.);
#224=B_SPLINE_CURVE_WITH_KNOTS('',3,(#11495,#11496,#11497,#11498),
 .UNSPECIFIED.,.F.,.F.,(4,4),(-0.15,1.38777878078145E-17),.UNSPECIFIED.);
#225=B_SPLINE_CURVE_WITH_KNOTS('',3,(#11538,#11539,#11540,#11541,#11542,
#11543,#11544,#11545,#11546,#11547,#11548,#11549,#11550,#11551,#11552,#11553,
#11554,#11555,#11556),.UNSPECIFIED.,.F.,.F.,(4,3,3,3,3,3,4),(-1.,-0.943727492090158,
-0.75155954000498,-0.569554190258475,-0.334070799808838,-0.183935584515896,
-0.087375111680031),.UNSPECIFIED.);
#226=B_SPLINE_CURVE_WITH_KNOTS('',3,(#11575,#11576,#11577,#11578),
 .UNSPECIFIED.,.F.,.F.,(4,4),(1.11022302462516E-16,0.150000000000001),
 .UNSPECIFIED.);
#227=B_SPLINE_CURVE_WITH_KNOTS('',3,(#11580,#11581,#11582,#11583),
 .UNSPECIFIED.,.F.,.F.,(4,4),(0.,0.0381669509049099),.UNSPECIFIED.);
#228=B_SPLINE_CURVE_WITH_KNOTS('',3,(#11584,#11585,#11586,#11587),
 .UNSPECIFIED.,.F.,.F.,(4,4),(-0.150000000000001,-1.11022302462516E-16),
 .UNSPECIFIED.);
#229=B_SPLINE_CURVE_WITH_KNOTS('',3,(#11632,#11633,#11634,#11635,#11636,
#11637,#11638,#11639,#11640,#11641,#11642,#11643,#11644,#11645,#11646,#11647,
#11648,#11649,#11650),.UNSPECIFIED.,.F.,.F.,(4,3,3,3,3,3,4),(0.00986727815148809,
0.16874213270449,0.32592192279678,0.522459086752036,0.713088911069948,0.956247995890437,
1.),.UNSPECIFIED.);
#230=B_SPLINE_CURVE_WITH_KNOTS('',3,(#11884,#11885,#11886,#11887,#11888),
 .UNSPECIFIED.,.F.,.F.,(4,1,4),(1.58363515479562,2.36261390419271,3.14159265358979),
 .UNSPECIFIED.);
#231=B_SPLINE_CURVE_WITH_KNOTS('',3,(#11952,#11953,#11954,#11955,#11956),
 .UNSPECIFIED.,.F.,.F.,(4,1,4),(1.58363515479562,2.36261390419271,3.14159265358979),
 .UNSPECIFIED.);
#232=B_SPLINE_CURVE_WITH_KNOTS('',3,(#11965,#11966,#11967,#11968,#11969),
 .UNSPECIFIED.,.F.,.F.,(4,1,4),(-3.14159265358979,-2.36261390419271,-1.58363515479563),
 .UNSPECIFIED.);
#233=B_SPLINE_CURVE_WITH_KNOTS('',3,(#11974,#11975,#11976,#11977,#11978),
 .UNSPECIFIED.,.F.,.F.,(4,1,4),(1.58363515479562,2.36261390419271,3.14159265358979),
 .UNSPECIFIED.);
#234=B_SPLINE_CURVE_WITH_KNOTS('',3,(#11987,#11988,#11989,#11990,#11991),
 .UNSPECIFIED.,.F.,.F.,(4,1,4),(-3.14159265358979,-2.36261390419271,-1.58363515479562),
 .UNSPECIFIED.);
#235=B_SPLINE_CURVE_WITH_KNOTS('',3,(#11999,#12000,#12001,#12002,#12003),
 .UNSPECIFIED.,.F.,.F.,(4,1,4),(-3.14159265358979,-2.36261390419271,-1.58363515479563),
 .UNSPECIFIED.);
#236=B_SPLINE_CURVE_WITH_KNOTS('',3,(#12014,#12015,#12016,#12017,#12018),
 .UNSPECIFIED.,.F.,.F.,(4,1,4),(0.,0.022935609785917,0.0393332283364767),
 .UNSPECIFIED.);
#237=B_SPLINE_CURVE_WITH_KNOTS('',3,(#12020,#12021,#12022,#12023,#12024),
 .UNSPECIFIED.,.F.,.F.,(4,1,4),(0.,0.0133738350064371,0.0268737178262529),
 .UNSPECIFIED.);
#238=B_SPLINE_CURVE_WITH_KNOTS('',3,(#12026,#12027,#12028,#12029,#12030),
 .UNSPECIFIED.,.F.,.F.,(4,1,4),(0.,0.0132562610805226,0.0262404086669547),
 .UNSPECIFIED.);
#239=B_SPLINE_CURVE_WITH_KNOTS('',3,(#12031,#12032,#12033,#12034,#12035),
 .UNSPECIFIED.,.F.,.F.,(4,1,4),(0.,0.0154296095779205,0.0374123601940702),
 .UNSPECIFIED.);
#240=B_SPLINE_CURVE_WITH_KNOTS('',3,(#12048,#12049,#12050,#12051,#12052),
 .UNSPECIFIED.,.F.,.F.,(4,1,4),(0.,0.0406426878889564,0.0833387877702162),
 .UNSPECIFIED.);
#241=B_SPLINE_CURVE_WITH_KNOTS('',3,(#12056,#12057,#12058,#12059,#12060),
 .UNSPECIFIED.,.F.,.F.,(4,1,4),(0.,0.0406426878889564,0.0833387877702162),
 .UNSPECIFIED.);
#242=B_SPLINE_CURVE_WITH_KNOTS('',3,(#12079,#12080,#12081,#12082,#12083),
 .UNSPECIFIED.,.F.,.F.,(4,1,4),(0.,0.0194221126515759,0.0350529507619118),
 .UNSPECIFIED.);
#243=B_SPLINE_CURVE_WITH_KNOTS('',3,(#12086,#12087,#12088,#12089,#12090),
 .UNSPECIFIED.,.F.,.F.,(4,1,4),(0.,0.0194221126515759,0.0350529507619118),
 .UNSPECIFIED.);
#244=B_SPLINE_CURVE_WITH_KNOTS('',3,(#12102,#12103,#12104,#12105,#12106),
 .UNSPECIFIED.,.F.,.F.,(4,1,4),(0.,0.0221166492402307,0.046086493183492),
 .UNSPECIFIED.);
#245=B_SPLINE_CURVE_WITH_KNOTS('',3,(#12109,#12110,#12111,#12112,#12113),
 .UNSPECIFIED.,.F.,.F.,(4,1,4),(0.,0.0221166492402307,0.046086493183492),
 .UNSPECIFIED.);
#246=B_SPLINE_CURVE_WITH_KNOTS('',3,(#12125,#12126,#12127,#12128,#12129),
 .UNSPECIFIED.,.F.,.F.,(4,1,4),(0.,0.0177268398935438,0.0325014650160307),
 .UNSPECIFIED.);
#247=B_SPLINE_CURVE_WITH_KNOTS('',3,(#12132,#12133,#12134,#12135,#12136),
 .UNSPECIFIED.,.F.,.F.,(4,1,4),(0.,0.0177268398935438,0.0325014650160307),
 .UNSPECIFIED.);
#248=B_SPLINE_CURVE_WITH_KNOTS('',3,(#12148,#12149,#12150,#12151,#12152),
 .UNSPECIFIED.,.F.,.F.,(4,1,4),(0.,0.0128835374070778,0.0247285511505944),
 .UNSPECIFIED.);
#249=B_SPLINE_CURVE_WITH_KNOTS('',3,(#12155,#12156,#12157,#12158,#12159),
 .UNSPECIFIED.,.F.,.F.,(4,1,4),(0.,0.0128835374070778,0.0247285511505944),
 .UNSPECIFIED.);
#250=B_SPLINE_CURVE_WITH_KNOTS('',3,(#12171,#12172,#12173,#12174,#12175),
 .UNSPECIFIED.,.F.,.F.,(4,1,4),(0.,0.0113426618573437,0.0238075835708481),
 .UNSPECIFIED.);
#251=B_SPLINE_CURVE_WITH_KNOTS('',3,(#12178,#12179,#12180,#12181,#12182),
 .UNSPECIFIED.,.F.,.F.,(4,1,4),(0.,0.0113426618573437,0.0238075835708481),
 .UNSPECIFIED.);
#252=B_SPLINE_CURVE_WITH_KNOTS('',3,(#12194,#12195,#12196,#12197,#12198),
 .UNSPECIFIED.,.F.,.F.,(4,1,4),(0.,0.0192001275023427,0.050838165677439),
 .UNSPECIFIED.);
#253=B_SPLINE_CURVE_WITH_KNOTS('',3,(#12201,#12202,#12203,#12204,#12205),
 .UNSPECIFIED.,.F.,.F.,(4,1,4),(0.,0.0192001275023427,0.050838165677439),
 .UNSPECIFIED.);
#254=B_SPLINE_CURVE_WITH_KNOTS('',3,(#12217,#12218,#12219,#12220,#12221),
 .UNSPECIFIED.,.F.,.F.,(4,1,4),(0.,0.0546183822470403,0.0949353178505077),
 .UNSPECIFIED.);
#255=B_SPLINE_CURVE_WITH_KNOTS('',3,(#12224,#12225,#12226,#12227,#12228),
 .UNSPECIFIED.,.F.,.F.,(4,1,4),(0.,0.0546183822470403,0.0949353178505077),
 .UNSPECIFIED.);
#256=B_SPLINE_CURVE_WITH_KNOTS('',3,(#12240,#12241,#12242,#12243,#12244),
 .UNSPECIFIED.,.F.,.F.,(4,1,4),(0.,0.0324563671811613,0.0651950396346156),
 .UNSPECIFIED.);
#257=B_SPLINE_CURVE_WITH_KNOTS('',3,(#12247,#12248,#12249,#12250,#12251),
 .UNSPECIFIED.,.F.,.F.,(4,1,4),(0.,0.0324563671811613,0.0651950396346156),
 .UNSPECIFIED.);
#258=B_SPLINE_CURVE_WITH_KNOTS('',3,(#12263,#12264,#12265,#12266,#12267),
 .UNSPECIFIED.,.F.,.F.,(4,1,4),(0.,0.0227329611545927,0.0462008149544845),
 .UNSPECIFIED.);
#259=B_SPLINE_CURVE_WITH_KNOTS('',3,(#12270,#12271,#12272,#12273,#12274),
 .UNSPECIFIED.,.F.,.F.,(4,1,4),(0.,0.0227329611545927,0.0462008149544845),
 .UNSPECIFIED.);
#260=B_SPLINE_CURVE_WITH_KNOTS('',3,(#12286,#12287,#12288,#12289,#12290),
 .UNSPECIFIED.,.F.,.F.,(4,1,4),(0.,0.0248777313414365,0.0522435456133309),
 .UNSPECIFIED.);
#261=B_SPLINE_CURVE_WITH_KNOTS('',3,(#12293,#12294,#12295,#12296,#12297),
 .UNSPECIFIED.,.F.,.F.,(4,1,4),(0.,0.0248777313414365,0.0522435456133309),
 .UNSPECIFIED.);
#262=B_SPLINE_CURVE_WITH_KNOTS('',3,(#12309,#12310,#12311,#12312,#12313),
 .UNSPECIFIED.,.F.,.F.,(4,1,4),(0.,0.0330962990625418,0.0750736536893655),
 .UNSPECIFIED.);
#263=B_SPLINE_CURVE_WITH_KNOTS('',3,(#12316,#12317,#12318,#12319,#12320),
 .UNSPECIFIED.,.F.,.F.,(4,1,4),(0.,0.0330962990625418,0.0750736536893655),
 .UNSPECIFIED.);
#264=B_SPLINE_CURVE_WITH_KNOTS('',3,(#12332,#12333,#12334,#12335,#12336),
 .UNSPECIFIED.,.F.,.F.,(4,1,4),(0.,0.0509548405306961,0.0912942793354711),
 .UNSPECIFIED.);
#265=B_SPLINE_CURVE_WITH_KNOTS('',3,(#12339,#12340,#12341,#12342,#12343),
 .UNSPECIFIED.,.F.,.F.,(4,1,4),(0.,0.0509548405306961,0.0912942793354711),
 .UNSPECIFIED.);
#266=B_SPLINE_CURVE_WITH_KNOTS('',3,(#12355,#12356,#12357,#12358,#12359),
 .UNSPECIFIED.,.F.,.F.,(4,1,4),(0.,0.036699416705929,0.0787414237352477),
 .UNSPECIFIED.);
#267=B_SPLINE_CURVE_WITH_KNOTS('',3,(#12362,#12363,#12364,#12365,#12366),
 .UNSPECIFIED.,.F.,.F.,(4,1,4),(0.,0.036699416705929,0.0787414237352477),
 .UNSPECIFIED.);
#268=B_SPLINE_CURVE_WITH_KNOTS('',3,(#12384,#12385,#12386,#12387,#12388),
 .UNSPECIFIED.,.F.,.F.,(4,1,4),(0.,0.0183101583533922,0.0334292123757509),
 .UNSPECIFIED.);
#269=B_SPLINE_CURVE_WITH_KNOTS('',3,(#12391,#12392,#12393,#12394,#12395),
 .UNSPECIFIED.,.F.,.F.,(4,1,4),(0.,0.0183101583533922,0.0334292123757509),
 .UNSPECIFIED.);
#270=B_SPLINE_CURVE_WITH_KNOTS('',3,(#12407,#12408,#12409,#12410,#12411),
 .UNSPECIFIED.,.F.,.F.,(4,1,4),(0.,0.0149649714766617,0.0326377320769943),
 .UNSPECIFIED.);
#271=B_SPLINE_CURVE_WITH_KNOTS('',3,(#12414,#12415,#12416,#12417,#12418),
 .UNSPECIFIED.,.F.,.F.,(4,1,4),(0.,0.0149649714766617,0.0326377320769943),
 .UNSPECIFIED.);
#272=B_SPLINE_CURVE_WITH_KNOTS('',3,(#12430,#12431,#12432,#12433,#12434),
 .UNSPECIFIED.,.F.,.F.,(4,1,4),(0.,0.0142744712796428,0.0256798823942577),
 .UNSPECIFIED.);
#273=B_SPLINE_CURVE_WITH_KNOTS('',3,(#12437,#12438,#12439,#12440,#12441),
 .UNSPECIFIED.,.F.,.F.,(4,1,4),(0.,0.0142744712796428,0.0256798823942577),
 .UNSPECIFIED.);
#274=B_SPLINE_CURVE_WITH_KNOTS('',3,(#12453,#12454,#12455,#12456,#12457),
 .UNSPECIFIED.,.F.,.F.,(4,1,4),(0.,0.00976764277911454,0.0190761915347982),
 .UNSPECIFIED.);
#275=B_SPLINE_CURVE_WITH_KNOTS('',3,(#12460,#12461,#12462,#12463,#12464),
 .UNSPECIFIED.,.F.,.F.,(4,1,4),(0.,0.00976764277911454,0.0190761915347982),
 .UNSPECIFIED.);
#276=B_SPLINE_CURVE_WITH_KNOTS('',3,(#12476,#12477,#12478,#12479,#12480),
 .UNSPECIFIED.,.F.,.F.,(4,1,4),(0.,0.00701054761680201,0.0149298693895477),
 .UNSPECIFIED.);
#277=B_SPLINE_CURVE_WITH_KNOTS('',3,(#12483,#12484,#12485,#12486,#12487),
 .UNSPECIFIED.,.F.,.F.,(4,1,4),(0.,0.00701054761680201,0.0149298693895477),
 .UNSPECIFIED.);
#278=B_SPLINE_CURVE_WITH_KNOTS('',3,(#12499,#12500,#12501,#12502,#12503),
 .UNSPECIFIED.,.F.,.F.,(4,1,4),(0.,0.0124476754990797,0.0331960490770687),
 .UNSPECIFIED.);
#279=B_SPLINE_CURVE_WITH_KNOTS('',3,(#12506,#12507,#12508,#12509,#12510),
 .UNSPECIFIED.,.F.,.F.,(4,1,4),(0.,0.0124476754990797,0.0331960490770687),
 .UNSPECIFIED.);
#280=B_SPLINE_CURVE_WITH_KNOTS('',3,(#12522,#12523,#12524,#12525,#12526),
 .UNSPECIFIED.,.F.,.F.,(4,1,4),(0.,0.0537951591594619,0.0911685288129374),
 .UNSPECIFIED.);
#281=B_SPLINE_CURVE_WITH_KNOTS('',3,(#12529,#12530,#12531,#12532,#12533),
 .UNSPECIFIED.,.F.,.F.,(4,1,4),(0.,0.0537951591594619,0.0911685288129374),
 .UNSPECIFIED.);
#282=B_SPLINE_CURVE_WITH_KNOTS('',3,(#12545,#12546,#12547,#12548,#12549),
 .UNSPECIFIED.,.F.,.F.,(4,1,4),(0.,0.0272291334176917,0.0511983023126629),
 .UNSPECIFIED.);
#283=B_SPLINE_CURVE_WITH_KNOTS('',3,(#12552,#12553,#12554,#12555,#12556),
 .UNSPECIFIED.,.F.,.F.,(4,1,4),(0.,0.0272291334176917,0.0511983023126629),
 .UNSPECIFIED.);
#284=B_SPLINE_CURVE_WITH_KNOTS('',3,(#12568,#12569,#12570,#12571,#12572),
 .UNSPECIFIED.,.F.,.F.,(4,1,4),(0.,0.0228633359563668,0.0464340345390782),
 .UNSPECIFIED.);
#285=B_SPLINE_CURVE_WITH_KNOTS('',3,(#12575,#12576,#12577,#12578,#12579),
 .UNSPECIFIED.,.F.,.F.,(4,1,4),(0.,0.0228633359563668,0.0464340345390782),
 .UNSPECIFIED.);
#286=B_SPLINE_CURVE_WITH_KNOTS('',3,(#12591,#12592,#12593,#12594,#12595),
 .UNSPECIFIED.,.F.,.F.,(4,1,4),(0.,0.0280141611366269,0.0561640774835049),
 .UNSPECIFIED.);
#287=B_SPLINE_CURVE_WITH_KNOTS('',3,(#12598,#12599,#12600,#12601,#12602),
 .UNSPECIFIED.,.F.,.F.,(4,1,4),(0.,0.0280141611366269,0.0561640774835049),
 .UNSPECIFIED.);
#288=B_SPLINE_CURVE_WITH_KNOTS('',3,(#12614,#12615,#12616,#12617,#12618),
 .UNSPECIFIED.,.F.,.F.,(4,1,4),(0.,0.0287140791915923,0.058550116646735),
 .UNSPECIFIED.);
#289=B_SPLINE_CURVE_WITH_KNOTS('',3,(#12621,#12622,#12623,#12624,#12625),
 .UNSPECIFIED.,.F.,.F.,(4,1,4),(0.,0.0287140791915923,0.058550116646735),
 .UNSPECIFIED.);
#290=B_SPLINE_CURVE_WITH_KNOTS('',3,(#12637,#12638,#12639,#12640,#12641),
 .UNSPECIFIED.,.F.,.F.,(4,1,4),(0.,0.0337315946370269,0.0737089308490291),
 .UNSPECIFIED.);
#291=B_SPLINE_CURVE_WITH_KNOTS('',3,(#12644,#12645,#12646,#12647,#12648),
 .UNSPECIFIED.,.F.,.F.,(4,1,4),(0.,0.0337315946370269,0.0737089308490291),
 .UNSPECIFIED.);
#292=B_SPLINE_CURVE_WITH_KNOTS('',3,(#12659,#12660,#12661,#12662,#12663),
 .UNSPECIFIED.,.F.,.F.,(4,1,4),(0.,0.0651857083237759,0.111969763912668),
 .UNSPECIFIED.);
#293=B_SPLINE_CURVE_WITH_KNOTS('',3,(#12664,#12665,#12666,#12667,#12668),
 .UNSPECIFIED.,.F.,.F.,(4,1,4),(0.,0.0651857083237759,0.111969763912668),
 .UNSPECIFIED.);
#294=B_SPLINE_CURVE_WITH_KNOTS('',3,(#12789,#12790,#12791,#12792,#12793),
 .UNSPECIFIED.,.F.,.F.,(4,1,4),(0.,0.022935609785917,0.0393332283364767),
 .UNSPECIFIED.);
#295=B_SPLINE_CURVE_WITH_KNOTS('',3,(#12806,#12807,#12808,#12809,#12810),
 .UNSPECIFIED.,.F.,.F.,(4,1,4),(0.,0.0133738350064371,0.0268737178262529),
 .UNSPECIFIED.);
#296=B_SPLINE_CURVE_WITH_KNOTS('',3,(#12823,#12824,#12825,#12826,#12827),
 .UNSPECIFIED.,.F.,.F.,(4,1,4),(0.,0.0132562610805226,0.0262404086669547),
 .UNSPECIFIED.);
#297=B_SPLINE_CURVE_WITH_KNOTS('',3,(#12840,#12841,#12842,#12843,#12844),
 .UNSPECIFIED.,.F.,.F.,(4,1,4),(0.,0.0154296095779205,0.0374123601940702),
 .UNSPECIFIED.);
#298=B_SPLINE_CURVE_WITH_KNOTS('',3,(#12874,#12875,#12876,#12877,#12878),
 .UNSPECIFIED.,.F.,.F.,(4,1,4),(0.,0.0444279233266026,0.0805881679669496),
 .UNSPECIFIED.);
#299=B_SPLINE_CURVE_WITH_KNOTS('',3,(#12881,#12882,#12883,#12884,#12885),
 .UNSPECIFIED.,.F.,.F.,(4,1,4),(0.,0.0444279233266026,0.0805881679669496),
 .UNSPECIFIED.);
#300=B_SPLINE_CURVE_WITH_KNOTS('',3,(#12897,#12898,#12899,#12900,#12901),
 .UNSPECIFIED.,.F.,.F.,(4,1,4),(0.,0.0345675870914402,0.0742033078109358),
 .UNSPECIFIED.);
#301=B_SPLINE_CURVE_WITH_KNOTS('',3,(#12904,#12905,#12906,#12907,#12908),
 .UNSPECIFIED.,.F.,.F.,(4,1,4),(0.,0.0345675870914402,0.0742033078109358),
 .UNSPECIFIED.);
#302=B_SPLINE_CURVE_WITH_KNOTS('',3,(#12920,#12921,#12922,#12923,#12924),
 .UNSPECIFIED.,.F.,.F.,(4,1,4),(0.,0.0410395646457009,0.0778179063830892),
 .UNSPECIFIED.);
#303=B_SPLINE_CURVE_WITH_KNOTS('',3,(#12927,#12928,#12929,#12930,#12931),
 .UNSPECIFIED.,.F.,.F.,(4,1,4),(0.,0.0410395646457009,0.0778179063830892),
 .UNSPECIFIED.);
#304=B_SPLINE_CURVE_WITH_KNOTS('',3,(#12943,#12944,#12945,#12946,#12947),
 .UNSPECIFIED.,.F.,.F.,(4,1,4),(0.,0.0394816994727117,0.0887812298076833),
 .UNSPECIFIED.);
#305=B_SPLINE_CURVE_WITH_KNOTS('',3,(#12950,#12951,#12952,#12953,#12954),
 .UNSPECIFIED.,.F.,.F.,(4,1,4),(0.,0.0394816994727117,0.0887812298076833),
 .UNSPECIFIED.);
#306=B_SPLINE_CURVE_WITH_KNOTS('',3,(#13072,#13073,#13074,#13075),
 .UNSPECIFIED.,.F.,.F.,(4,4),(-1.58363515479562,-1.5707963267949),
 .UNSPECIFIED.);
#307=B_SPLINE_CURVE_WITH_KNOTS('',3,(#13077,#13078,#13079,#13080,#13081),
 .UNSPECIFIED.,.F.,.F.,(4,1,4),(-3.14159265358979,-2.36261390419271,-1.58363515479562),
 .UNSPECIFIED.);
#308=B_SPLINE_CURVE_WITH_KNOTS('',3,(#13085,#13086,#13087,#13088,#13089),
 .UNSPECIFIED.,.F.,.F.,(4,1,4),(1.58363515479562,2.36261390419271,3.14159265358979),
 .UNSPECIFIED.);
#309=B_SPLINE_CURVE_WITH_KNOTS('',3,(#13091,#13092,#13093,#13094),
 .UNSPECIFIED.,.F.,.F.,(4,4),(1.5707963267949,1.58363515479562),
 .UNSPECIFIED.);
#310=B_SPLINE_CURVE_WITH_KNOTS('',3,(#13105,#13106,#13107,#13108),
 .UNSPECIFIED.,.F.,.F.,(4,4),(-1.58363515479562,-1.5707963267949),
 .UNSPECIFIED.);
#311=B_SPLINE_CURVE_WITH_KNOTS('',3,(#13111,#13112,#13113,#13114),
 .UNSPECIFIED.,.F.,.F.,(4,4),(1.5707963267949,1.58363515479562),
 .UNSPECIFIED.);
#312=B_SPLINE_CURVE_WITH_KNOTS('',3,(#13118,#13119,#13120,#13121),
 .UNSPECIFIED.,.F.,.F.,(4,4),(-1.58363515479562,-1.5707963267949),
 .UNSPECIFIED.);
#313=B_SPLINE_CURVE_WITH_KNOTS('',3,(#13124,#13125,#13126,#13127),
 .UNSPECIFIED.,.F.,.F.,(4,4),(1.5707963267949,1.58363515479562),
 .UNSPECIFIED.);
#314=B_SPLINE_CURVE_WITH_KNOTS('',3,(#13131,#13132,#13133,#13134),
 .UNSPECIFIED.,.F.,.F.,(4,4),(-1.58363515479562,-1.5707963267949),
 .UNSPECIFIED.);
#315=B_SPLINE_CURVE_WITH_KNOTS('',3,(#13137,#13138,#13139,#13140),
 .UNSPECIFIED.,.F.,.F.,(4,4),(1.5707963267949,1.58363515479563),
 .UNSPECIFIED.);
#316=B_SPLINE_CURVE_WITH_KNOTS('',3,(#13144,#13145,#13146,#13147),
 .UNSPECIFIED.,.F.,.F.,(4,4),(-1.58363515479562,-1.5707963267949),
 .UNSPECIFIED.);
#317=B_SPLINE_CURVE_WITH_KNOTS('',3,(#13152,#13153,#13154,#13155),
 .UNSPECIFIED.,.F.,.F.,(4,4),(1.5707963267949,1.58363515479562),
 .UNSPECIFIED.);
#318=B_SPLINE_CURVE_WITH_KNOTS('',3,(#13160,#13161,#13162,#13163,#13164),
 .UNSPECIFIED.,.F.,.F.,(4,1,4),(1.58363515479562,2.36261390419271,3.14159265358979),
 .UNSPECIFIED.);
#319=B_SPLINE_CURVE_WITH_KNOTS('',3,(#13172,#13173,#13174,#13175,#13176),
 .UNSPECIFIED.,.F.,.F.,(4,1,4),(-3.14159265358979,-2.36261390419271,-1.58363515479562),
 .UNSPECIFIED.);
#320=B_SPLINE_CURVE_WITH_KNOTS('',3,(#13196,#13197,#13198,#13199),
 .UNSPECIFIED.,.F.,.F.,(4,4),(-1.58363515479562,-1.5707963267949),
 .UNSPECIFIED.);
#321=B_SPLINE_CURVE_WITH_KNOTS('',3,(#13277,#13278,#13279,#13280),
 .UNSPECIFIED.,.F.,.F.,(4,4),(-1.58363515479562,-1.5707963267949),
 .UNSPECIFIED.);
#322=B_SPLINE_CURVE_WITH_KNOTS('',3,(#13282,#13283,#13284,#13285,#13286),
 .UNSPECIFIED.,.F.,.F.,(4,1,4),(-3.14159265358979,-2.36261390419271,-1.58363515479562),
 .UNSPECIFIED.);
#323=B_SPLINE_CURVE_WITH_KNOTS('',3,(#13290,#13291,#13292,#13293,#13294),
 .UNSPECIFIED.,.F.,.F.,(4,1,4),(1.58363515479563,2.36261390419271,3.14159265358979),
 .UNSPECIFIED.);
#324=B_SPLINE_CURVE_WITH_KNOTS('',3,(#13296,#13297,#13298,#13299),
 .UNSPECIFIED.,.F.,.F.,(4,4),(1.5707963267949,1.58363515479562),
 .UNSPECIFIED.);
#325=B_SPLINE_CURVE_WITH_KNOTS('',3,(#13303,#13304,#13305,#13306),
 .UNSPECIFIED.,.F.,.F.,(4,4),(-1.58363515479563,-1.5707963267949),
 .UNSPECIFIED.);
#326=B_SPLINE_CURVE_WITH_KNOTS('',3,(#13308,#13309,#13310,#13311,#13312),
 .UNSPECIFIED.,.F.,.F.,(4,1,4),(-3.14159265358979,-2.36261390419271,-1.58363515479562),
 .UNSPECIFIED.);
#327=B_SPLINE_CURVE_WITH_KNOTS('',3,(#13316,#13317,#13318,#13319,#13320),
 .UNSPECIFIED.,.F.,.F.,(4,1,4),(1.58363515479563,2.36261390419271,3.14159265358979),
 .UNSPECIFIED.);
#328=B_SPLINE_CURVE_WITH_KNOTS('',3,(#13321,#13322,#13323,#13324),
 .UNSPECIFIED.,.F.,.F.,(4,4),(1.5707963267949,1.58363515479563),
 .UNSPECIFIED.);
#329=B_SPLINE_CURVE_WITH_KNOTS('',3,(#13328,#13329,#13330,#13331,#13332),
 .UNSPECIFIED.,.F.,.F.,(4,1,4),(1.58363515479562,2.36261390419271,3.14159265358979),
 .UNSPECIFIED.);
#330=B_SPLINE_CURVE_WITH_KNOTS('',3,(#13340,#13341,#13342,#13343,#13344),
 .UNSPECIFIED.,.F.,.F.,(4,1,4),(-3.14159265358979,-2.36261390419271,-1.58363515479563),
 .UNSPECIFIED.);
#331=B_SPLINE_CURVE_WITH_KNOTS('',3,(#13363,#13364,#13365,#13366),
 .UNSPECIFIED.,.F.,.F.,(4,4),(-1.58363515479563,-1.5707963267949),
 .UNSPECIFIED.);
#332=B_SPLINE_CURVE_WITH_KNOTS('',3,(#13386,#13387,#13388,#13389),
 .UNSPECIFIED.,.F.,.F.,(4,4),(1.5707963267949,1.58363515479562),
 .UNSPECIFIED.);
#333=B_SPLINE_CURVE_WITH_KNOTS('',3,(#13521,#13522,#13523,#13524),
 .UNSPECIFIED.,.F.,.F.,(4,4),(-1.58363515479562,-1.5707963267949),
 .UNSPECIFIED.);
#334=B_SPLINE_CURVE_WITH_KNOTS('',3,(#13526,#13527,#13528,#13529,#13530),
 .UNSPECIFIED.,.F.,.F.,(4,1,4),(-3.14159265358979,-2.36261390419271,-1.58363515479562),
 .UNSPECIFIED.);
#335=B_SPLINE_CURVE_WITH_KNOTS('',3,(#13534,#13535,#13536,#13537,#13538),
 .UNSPECIFIED.,.F.,.F.,(4,1,4),(1.58363515479562,2.36261390419271,3.14159265358979),
 .UNSPECIFIED.);
#336=B_SPLINE_CURVE_WITH_KNOTS('',3,(#13540,#13541,#13542,#13543),
 .UNSPECIFIED.,.F.,.F.,(4,4),(1.5707963267949,1.58363515479562),
 .UNSPECIFIED.);
#337=B_SPLINE_CURVE_WITH_KNOTS('',3,(#13547,#13548,#13549,#13550),
 .UNSPECIFIED.,.F.,.F.,(4,4),(-1.58363515479562,-1.5707963267949),
 .UNSPECIFIED.);
#338=B_SPLINE_CURVE_WITH_KNOTS('',3,(#13552,#13553,#13554,#13555,#13556),
 .UNSPECIFIED.,.F.,.F.,(4,1,4),(-3.14159265358979,-2.36261390419271,-1.58363515479562),
 .UNSPECIFIED.);
#339=B_SPLINE_CURVE_WITH_KNOTS('',3,(#13560,#13561,#13562,#13563,#13564),
 .UNSPECIFIED.,.F.,.F.,(4,1,4),(1.58363515479562,2.36261390419271,3.14159265358979),
 .UNSPECIFIED.);
#340=B_SPLINE_CURVE_WITH_KNOTS('',3,(#13565,#13566,#13567,#13568),
 .UNSPECIFIED.,.F.,.F.,(4,4),(1.57079632679489,1.58363515479562),
 .UNSPECIFIED.);
#341=B_SPLINE_CURVE_WITH_KNOTS('',3,(#13572,#13573,#13574,#13575,#13576),
 .UNSPECIFIED.,.F.,.F.,(4,1,4),(1.58363515479562,2.36261390419271,3.14159265358979),
 .UNSPECIFIED.);
#342=B_SPLINE_CURVE_WITH_KNOTS('',3,(#13584,#13585,#13586,#13587,#13588),
 .UNSPECIFIED.,.F.,.F.,(4,1,4),(-3.14159265358979,-2.36261390419271,-1.58363515479562),
 .UNSPECIFIED.);
#343=B_SPLINE_CURVE_WITH_KNOTS('',3,(#13607,#13608,#13609,#13610),
 .UNSPECIFIED.,.F.,.F.,(4,4),(-1.58363515479562,-1.57079632679489),
 .UNSPECIFIED.);
#344=B_SPLINE_CURVE_WITH_KNOTS('',3,(#13630,#13631,#13632,#13633),
 .UNSPECIFIED.,.F.,.F.,(4,4),(1.5707963267949,1.58363515479562),
 .UNSPECIFIED.);
#345=B_SPLINE_CURVE_WITH_KNOTS('',3,(#13765,#13766,#13767,#13768),
 .UNSPECIFIED.,.F.,.F.,(4,4),(-1.58363515479562,-1.5707963267949),
 .UNSPECIFIED.);
#346=B_SPLINE_CURVE_WITH_KNOTS('',3,(#13770,#13771,#13772,#13773,#13774),
 .UNSPECIFIED.,.F.,.F.,(4,1,4),(-3.14159265358979,-2.36261390419271,-1.58363515479562),
 .UNSPECIFIED.);
#347=B_SPLINE_CURVE_WITH_KNOTS('',3,(#13778,#13779,#13780,#13781,#13782),
 .UNSPECIFIED.,.F.,.F.,(4,1,4),(1.58363515479562,2.36261390419271,3.14159265358979),
 .UNSPECIFIED.);
#348=B_SPLINE_CURVE_WITH_KNOTS('',3,(#13784,#13785,#13786,#13787),
 .UNSPECIFIED.,.F.,.F.,(4,4),(1.5707963267949,1.58363515479562),
 .UNSPECIFIED.);
#349=B_SPLINE_CURVE_WITH_KNOTS('',3,(#13791,#13792,#13793,#13794),
 .UNSPECIFIED.,.F.,.F.,(4,4),(-1.58363515479562,-1.5707963267949),
 .UNSPECIFIED.);
#350=B_SPLINE_CURVE_WITH_KNOTS('',3,(#13796,#13797,#13798,#13799,#13800),
 .UNSPECIFIED.,.F.,.F.,(4,1,4),(-3.14159265358979,-2.36261390419271,-1.58363515479562),
 .UNSPECIFIED.);
#351=B_SPLINE_CURVE_WITH_KNOTS('',3,(#13804,#13805,#13806,#13807,#13808),
 .UNSPECIFIED.,.F.,.F.,(4,1,4),(1.58363515479563,2.36261390419271,3.14159265358979),
 .UNSPECIFIED.);
#352=B_SPLINE_CURVE_WITH_KNOTS('',3,(#13809,#13810,#13811,#13812),
 .UNSPECIFIED.,.F.,.F.,(4,4),(1.5707963267949,1.58363515479563),
 .UNSPECIFIED.);
#353=B_SPLINE_CURVE_WITH_KNOTS('',3,(#13816,#13817,#13818,#13819,#13820),
 .UNSPECIFIED.,.F.,.F.,(4,1,4),(1.58363515479562,2.36261390419271,3.14159265358979),
 .UNSPECIFIED.);
#354=B_SPLINE_CURVE_WITH_KNOTS('',3,(#13828,#13829,#13830,#13831,#13832),
 .UNSPECIFIED.,.F.,.F.,(4,1,4),(-3.14159265358979,-2.36261390419271,-1.58363515479562),
 .UNSPECIFIED.);
#355=B_SPLINE_CURVE_WITH_KNOTS('',3,(#13851,#13852,#13853,#13854),
 .UNSPECIFIED.,.F.,.F.,(4,4),(-1.58363515479563,-1.5707963267949),
 .UNSPECIFIED.);
#356=B_SPLINE_CURVE_WITH_KNOTS('',3,(#13874,#13875,#13876,#13877),
 .UNSPECIFIED.,.F.,.F.,(4,4),(1.5707963267949,1.58363515479562),
 .UNSPECIFIED.);
#357=B_SPLINE_CURVE_WITH_KNOTS('',3,(#14019,#14020,#14021,#14022),
 .UNSPECIFIED.,.F.,.F.,(4,4),(-1.58363515479562,-1.5707963267949),
 .UNSPECIFIED.);
#358=B_SPLINE_CURVE_WITH_KNOTS('',3,(#14024,#14025,#14026,#14027,#14028),
 .UNSPECIFIED.,.F.,.F.,(4,1,4),(-3.14159265358979,-2.36261390419271,-1.58363515479562),
 .UNSPECIFIED.);
#359=B_SPLINE_CURVE_WITH_KNOTS('',3,(#14032,#14033,#14034,#14035,#14036),
 .UNSPECIFIED.,.F.,.F.,(4,1,4),(1.58363515479563,2.36261390419271,3.14159265358979),
 .UNSPECIFIED.);
#360=B_SPLINE_CURVE_WITH_KNOTS('',3,(#14038,#14039,#14040,#14041),
 .UNSPECIFIED.,.F.,.F.,(4,4),(1.5707963267949,1.58363515479562),
 .UNSPECIFIED.);
#361=B_SPLINE_CURVE_WITH_KNOTS('',3,(#14052,#14053,#14054,#14055),
 .UNSPECIFIED.,.F.,.F.,(4,4),(1.5707963267949,1.58363515479562),
 .UNSPECIFIED.);
#362=B_SPLINE_CURVE_WITH_KNOTS('',3,(#14060,#14061,#14062,#14063,#14064),
 .UNSPECIFIED.,.F.,.F.,(4,1,4),(1.58363515479562,2.36261390419271,3.14159265358979),
 .UNSPECIFIED.);
#363=B_SPLINE_CURVE_WITH_KNOTS('',3,(#14071,#14072,#14073,#14074,#14075),
 .UNSPECIFIED.,.F.,.F.,(4,1,4),(-3.14159265358979,-2.36261390419271,-1.58363515479563),
 .UNSPECIFIED.);
#364=B_SPLINE_CURVE_WITH_KNOTS('',3,(#14228,#14229,#14230,#14231),
 .UNSPECIFIED.,.F.,.F.,(4,4),(-1.58363515479563,-1.5707963267949),
 .UNSPECIFIED.);
#365=B_SPLINE_CURVE_WITH_KNOTS('',3,(#14233,#14234,#14235,#14236,#14237),
 .UNSPECIFIED.,.F.,.F.,(4,1,4),(-3.14159265358979,-2.36261390419271,-1.58363515479563),
 .UNSPECIFIED.);
#366=B_SPLINE_CURVE_WITH_KNOTS('',3,(#14241,#14242,#14243,#14244,#14245),
 .UNSPECIFIED.,.F.,.F.,(4,1,4),(1.58363515479562,2.36261390419271,3.14159265358979),
 .UNSPECIFIED.);
#367=B_SPLINE_CURVE_WITH_KNOTS('',3,(#14246,#14247,#14248,#14249),
 .UNSPECIFIED.,.F.,.F.,(4,4),(1.5707963267949,1.58363515479562),
 .UNSPECIFIED.);
#368=B_SPLINE_CURVE_WITH_KNOTS('',3,(#14277,#14278,#14279,#14280,#14281),
 .UNSPECIFIED.,.F.,.F.,(4,1,4),(1.58363515479563,2.36261390419271,3.14159265358979),
 .UNSPECIFIED.);
#369=B_SPLINE_CURVE_WITH_KNOTS('',3,(#14309,#14310,#14311,#14312,#14313),
 .UNSPECIFIED.,.F.,.F.,(4,1,4),(-3.14159265358979,-2.36261390419271,-1.58363515479562),
 .UNSPECIFIED.);
#370=B_SPLINE_CURVE_WITH_KNOTS('',3,(#14352,#14353,#14354,#14355),
 .UNSPECIFIED.,.F.,.F.,(4,4),(-1.58363515479562,-1.5707963267949),
 .UNSPECIFIED.);
#371=B_SPLINE_CURVE_WITH_KNOTS('',3,(#14372,#14373,#14374,#14375),
 .UNSPECIFIED.,.F.,.F.,(4,4),(1.5707963267949,1.58363515479563),
 .UNSPECIFIED.);
#372=B_SPLINE_CURVE_WITH_KNOTS('',3,(#14386,#14387,#14388,#14389),
 .UNSPECIFIED.,.F.,.F.,(4,4),(-1.58363515479563,-1.57079632679489),
 .UNSPECIFIED.);
#373=B_SPLINE_CURVE_WITH_KNOTS('',3,(#14401,#14402,#14403,#14404),
 .UNSPECIFIED.,.F.,.F.,(4,4),(1.57079632679489,1.58363515479563),
 .UNSPECIFIED.);
#374=B_SPLINE_CURVE_WITH_KNOTS('',3,(#14408,#14409,#14410,#14411),
 .UNSPECIFIED.,.F.,.F.,(4,4),(-1.58363515479563,-1.5707963267949),
 .UNSPECIFIED.);
#375=B_SPLINE_CURVE_WITH_KNOTS('',3,(#14423,#14424,#14425,#14426),
 .UNSPECIFIED.,.F.,.F.,(4,4),(1.5707963267949,1.58363515479562),
 .UNSPECIFIED.);
#376=B_SPLINE_CURVE_WITH_KNOTS('',3,(#14430,#14431,#14432,#14433),
 .UNSPECIFIED.,.F.,.F.,(4,4),(-1.58363515479562,-1.5707963267949),
 .UNSPECIFIED.);
#377=B_SPLINE_CURVE_WITH_KNOTS('',3,(#14445,#14446,#14447,#14448),
 .UNSPECIFIED.,.F.,.F.,(4,4),(1.5707963267949,1.58363515479562),
 .UNSPECIFIED.);
#378=B_SPLINE_CURVE_WITH_KNOTS('',3,(#14452,#14453,#14454,#14455),
 .UNSPECIFIED.,.F.,.F.,(4,4),(-1.58363515479563,-1.5707963267949),
 .UNSPECIFIED.);
#379=B_SPLINE_CURVE_WITH_KNOTS('',3,(#14527,#14528,#14529,#14530,#14531,
#14532,#14533,#14534,#14535,#14536,#14537,#14538,#14539,#14540),
 .UNSPECIFIED.,.F.,.F.,(4,1,1,1,1,1,1,1,1,1,1,4),(-0.468252134319,-0.421520183886424,
-0.374788233453847,-0.32805628302127,-0.281324332588694,-0.246158791015107,
-0.21099324944152,-0.175827707867934,-0.140662166294347,-0.10549662472076,
-0.0703310831471734,0.),.UNSPECIFIED.);
#380=B_SPLINE_CURVE_WITH_KNOTS('',3,(#14544,#14545,#14546,#14547,#14548,
#14549,#14550,#14551,#14552,#14553,#14554,#14555),.UNSPECIFIED.,.F.,.F.,
(4,1,1,1,1,1,1,1,1,4),(-1.00609617343878,-0.867075987915955,-0.779923109688888,
-0.692770231461821,-0.594003694624889,-0.495237157787956,-0.352347284096874,
-0.209457410405792,-0.104728705202896,0.),.UNSPECIFIED.);
#381=B_SPLINE_CURVE_WITH_KNOTS('',3,(#14585,#14586,#14587,#14588,#14589),
 .UNSPECIFIED.,.F.,.F.,(4,1,4),(1.58363515479563,2.36261390419271,3.14159265358979),
 .UNSPECIFIED.);
#382=B_SPLINE_CURVE_WITH_KNOTS('',3,(#14592,#14593,#14594,#14595,#14596),
 .UNSPECIFIED.,.F.,.F.,(4,1,4),(-3.14159265358979,-2.36261390419271,-1.58363515479563),
 .UNSPECIFIED.);
#383=B_SPLINE_CURVE_WITH_KNOTS('',3,(#14620,#14621,#14622,#14623,#14624),
 .UNSPECIFIED.,.F.,.F.,(4,1,4),(1.58363515479562,2.36261390419271,3.14159265358979),
 .UNSPECIFIED.);
#384=B_SPLINE_CURVE_WITH_KNOTS('',3,(#14627,#14628,#14629,#14630,#14631),
 .UNSPECIFIED.,.F.,.F.,(4,1,4),(-3.14159265358979,-2.36261390419271,-1.58363515479562),
 .UNSPECIFIED.);
#385=B_SPLINE_CURVE_WITH_KNOTS('',3,(#14657,#14658,#14659,#14660),
 .UNSPECIFIED.,.F.,.F.,(4,4),(1.5707963267949,1.58363515479563),
 .UNSPECIFIED.);
#386=B_SPLINE_CURVE_WITH_KNOTS('',3,(#14684,#14685,#14686,#14687,#14688),
 .UNSPECIFIED.,.F.,.F.,(4,1,4),(1.58363515479562,2.36261390419271,3.14159265358979),
 .UNSPECIFIED.);
#387=B_SPLINE_CURVE_WITH_KNOTS('',3,(#14691,#14692,#14693,#14694,#14695),
 .UNSPECIFIED.,.F.,.F.,(4,1,4),(-3.14159265358979,-2.36261390419271,-1.58363515479562),
 .UNSPECIFIED.);
#388=B_SPLINE_CURVE_WITH_KNOTS('',3,(#14725,#14726,#14727,#14728,#14729),
 .UNSPECIFIED.,.F.,.F.,(4,1,4),(1.58363515479562,2.36261390419271,3.14159265358979),
 .UNSPECIFIED.);
#389=B_SPLINE_CURVE_WITH_KNOTS('',3,(#14730,#14731,#14732,#14733,#14734),
 .UNSPECIFIED.,.F.,.F.,(4,1,4),(-3.14159265358979,-2.36261390419271,-1.58363515479562),
 .UNSPECIFIED.);
#390=B_SPLINE_CURVE_WITH_KNOTS('',3,(#14751,#14752,#14753,#14754),
 .UNSPECIFIED.,.F.,.F.,(4,4),(-1.58363515479562,-1.5707963267949),
 .UNSPECIFIED.);
#391=B_SPLINE_CURVE_WITH_KNOTS('',3,(#14780,#14781,#14782,#14783),
 .UNSPECIFIED.,.F.,.F.,(4,4),(1.5707963267949,1.58363515479563),
 .UNSPECIFIED.);
#392=B_SPLINE_CURVE_WITH_KNOTS('',3,(#14784,#14785,#14786,#14787),
 .UNSPECIFIED.,.F.,.F.,(4,4),(-1.58363515479563,-1.5707963267949),
 .UNSPECIFIED.);
#393=B_SPLINE_CURVE_WITH_KNOTS('',3,(#14804,#14805,#14806,#14807),
 .UNSPECIFIED.,.F.,.F.,(4,4),(-1.58363515479562,-1.5707963267949),
 .UNSPECIFIED.);
#394=B_SPLINE_CURVE_WITH_KNOTS('',3,(#14808,#14809,#14810,#14811),
 .UNSPECIFIED.,.F.,.F.,(4,4),(1.5707963267949,1.58363515479562),
 .UNSPECIFIED.);
#395=B_SPLINE_CURVE_WITH_KNOTS('',3,(#14843,#14844,#14845,#14846),
 .UNSPECIFIED.,.F.,.F.,(4,4),(1.5707963267949,1.58363515479562),
 .UNSPECIFIED.);
#396=B_SPLINE_CURVE_WITH_KNOTS('',3,(#14850,#14851,#14852,#14853),
 .UNSPECIFIED.,.F.,.F.,(4,4),(-1.58363515479562,-1.57079632679489),
 .UNSPECIFIED.);
#397=B_SPLINE_CURVE_WITH_KNOTS('',3,(#14865,#14866,#14867,#14868),
 .UNSPECIFIED.,.F.,.F.,(4,4),(1.5707963267949,1.58363515479563),
 .UNSPECIFIED.);
#398=B_SPLINE_CURVE_WITH_KNOTS('',3,(#14872,#14873,#14874,#14875),
 .UNSPECIFIED.,.F.,.F.,(4,4),(-1.58363515479562,-1.5707963267949),
 .UNSPECIFIED.);
#399=B_SPLINE_CURVE_WITH_KNOTS('',3,(#14887,#14888,#14889,#14890),
 .UNSPECIFIED.,.F.,.F.,(4,4),(1.5707963267949,1.58363515479562),
 .UNSPECIFIED.);
#400=B_SPLINE_CURVE_WITH_KNOTS('',3,(#14920,#14921,#14922,#14923,#14924),
 .UNSPECIFIED.,.F.,.F.,(4,1,4),(1.58363515479562,2.36261390419271,3.14159265358979),
 .UNSPECIFIED.);
#401=B_SPLINE_CURVE_WITH_KNOTS('',3,(#14927,#14928,#14929,#14930,#14931),
 .UNSPECIFIED.,.F.,.F.,(4,1,4),(-3.14159265358979,-2.36261390419271,-1.58363515479562),
 .UNSPECIFIED.);
#402=B_SPLINE_CURVE_WITH_KNOTS('',3,(#14960,#14961,#14962,#14963,#14964),
 .UNSPECIFIED.,.F.,.F.,(4,1,4),(1.58363515479562,2.36261390419271,3.14159265358979),
 .UNSPECIFIED.);
#403=B_SPLINE_CURVE_WITH_KNOTS('',3,(#14965,#14966,#14967,#14968,#14969),
 .UNSPECIFIED.,.F.,.F.,(4,1,4),(-3.14159265358979,-2.36261390419271,-1.58363515479562),
 .UNSPECIFIED.);
#404=B_SPLINE_CURVE_WITH_KNOTS('',3,(#14992,#14993,#14994,#14995),
 .UNSPECIFIED.,.F.,.F.,(4,4),(1.5707963267949,1.58363515479562),
 .UNSPECIFIED.);
#405=B_SPLINE_CURVE_WITH_KNOTS('',3,(#15019,#15020,#15021,#15022,#15023),
 .UNSPECIFIED.,.F.,.F.,(4,1,4),(1.58363515479562,2.36261390419271,3.14159265358979),
 .UNSPECIFIED.);
#406=B_SPLINE_CURVE_WITH_KNOTS('',3,(#15026,#15027,#15028,#15029,#15030),
 .UNSPECIFIED.,.F.,.F.,(4,1,4),(-3.14159265358979,-2.36261390419271,-1.58363515479562),
 .UNSPECIFIED.);
#407=B_SPLINE_CURVE_WITH_KNOTS('',3,(#15059,#15060,#15061,#15062,#15063),
 .UNSPECIFIED.,.F.,.F.,(4,1,4),(1.58363515479562,2.36261390419271,3.14159265358979),
 .UNSPECIFIED.);
#408=B_SPLINE_CURVE_WITH_KNOTS('',3,(#15064,#15065,#15066,#15067,#15068),
 .UNSPECIFIED.,.F.,.F.,(4,1,4),(-3.14159265358979,-2.36261390419271,-1.58363515479562),
 .UNSPECIFIED.);
#409=B_SPLINE_CURVE_WITH_KNOTS('',3,(#15085,#15086,#15087,#15088),
 .UNSPECIFIED.,.F.,.F.,(4,4),(-1.58363515479562,-1.5707963267949),
 .UNSPECIFIED.);
#410=B_SPLINE_CURVE_WITH_KNOTS('',3,(#15111,#15112,#15113,#15114),
 .UNSPECIFIED.,.F.,.F.,(4,4),(1.57079632679489,1.58363515479562),
 .UNSPECIFIED.);
#411=B_SPLINE_CURVE_WITH_KNOTS('',3,(#15131,#15132,#15133,#15134),
 .UNSPECIFIED.,.F.,.F.,(4,4),(-1.58363515479562,-1.5707963267949),
 .UNSPECIFIED.);
#412=B_SPLINE_CURVE_WITH_KNOTS('',3,(#15169,#15170,#15171,#15172,#15173),
 .UNSPECIFIED.,.F.,.F.,(4,1,4),(1.58363515479563,2.36261390419271,3.14159265358979),
 .UNSPECIFIED.);
#413=B_SPLINE_CURVE_WITH_KNOTS('',3,(#15176,#15177,#15178,#15179,#15180),
 .UNSPECIFIED.,.F.,.F.,(4,1,4),(-3.14159265358979,-2.36261390419271,-1.58363515479563),
 .UNSPECIFIED.);
#414=B_SPLINE_CURVE_WITH_KNOTS('',3,(#15209,#15210,#15211,#15212,#15213),
 .UNSPECIFIED.,.F.,.F.,(4,1,4),(1.58363515479562,2.36261390419271,3.14159265358979),
 .UNSPECIFIED.);
#415=B_SPLINE_CURVE_WITH_KNOTS('',3,(#15214,#15215,#15216,#15217,#15218),
 .UNSPECIFIED.,.F.,.F.,(4,1,4),(-3.14159265358979,-2.36261390419271,-1.58363515479562),
 .UNSPECIFIED.);
#416=B_SPLINE_CURVE_WITH_KNOTS('',3,(#15241,#15242,#15243,#15244),
 .UNSPECIFIED.,.F.,.F.,(4,4),(1.5707963267949,1.58363515479563),
 .UNSPECIFIED.);
#417=B_SPLINE_CURVE_WITH_KNOTS('',3,(#15268,#15269,#15270,#15271,#15272),
 .UNSPECIFIED.,.F.,.F.,(4,1,4),(1.58363515479563,2.36261390419271,3.14159265358979),
 .UNSPECIFIED.);
#418=B_SPLINE_CURVE_WITH_KNOTS('',3,(#15275,#15276,#15277,#15278,#15279),
 .UNSPECIFIED.,.F.,.F.,(4,1,4),(-3.14159265358979,-2.36261390419271,-1.58363515479563),
 .UNSPECIFIED.);
#419=B_SPLINE_CURVE_WITH_KNOTS('',3,(#15308,#15309,#15310,#15311,#15312),
 .UNSPECIFIED.,.F.,.F.,(4,1,4),(1.58363515479562,2.36261390419271,3.14159265358979),
 .UNSPECIFIED.);
#420=B_SPLINE_CURVE_WITH_KNOTS('',3,(#15313,#15314,#15315,#15316,#15317),
 .UNSPECIFIED.,.F.,.F.,(4,1,4),(-3.14159265358979,-2.36261390419271,-1.58363515479562),
 .UNSPECIFIED.);
#421=B_SPLINE_CURVE_WITH_KNOTS('',3,(#15334,#15335,#15336,#15337),
 .UNSPECIFIED.,.F.,.F.,(4,4),(-1.58363515479563,-1.57079632679489),
 .UNSPECIFIED.);
#422=B_SPLINE_CURVE_WITH_KNOTS('',3,(#15360,#15361,#15362,#15363),
 .UNSPECIFIED.,.F.,.F.,(4,4),(1.5707963267949,1.58363515479562),
 .UNSPECIFIED.);
#423=B_SPLINE_CURVE_WITH_KNOTS('',3,(#15380,#15381,#15382,#15383),
 .UNSPECIFIED.,.F.,.F.,(4,4),(-1.58363515479563,-1.5707963267949),
 .UNSPECIFIED.);
#424=B_SPLINE_CURVE_WITH_KNOTS('',3,(#15416,#15417,#15418,#15419),
 .UNSPECIFIED.,.F.,.F.,(4,4),(-1.58363515479562,-1.5707963267949),
 .UNSPECIFIED.);
#425=B_SPLINE_CURVE_WITH_KNOTS('',3,(#15421,#15422,#15423,#15424,#15425),
 .UNSPECIFIED.,.F.,.F.,(4,1,4),(-3.14159265358979,-2.36261390419271,-1.58363515479562),
 .UNSPECIFIED.);
#426=B_SPLINE_CURVE_WITH_KNOTS('',3,(#15429,#15430,#15431,#15432,#15433),
 .UNSPECIFIED.,.F.,.F.,(4,1,4),(1.58363515479562,2.36261390419271,3.14159265358979),
 .UNSPECIFIED.);
#427=B_SPLINE_CURVE_WITH_KNOTS('',3,(#15434,#15435,#15436,#15437),
 .UNSPECIFIED.,.F.,.F.,(4,4),(1.57079632679489,1.58363515479563),
 .UNSPECIFIED.);
#428=B_SPLINE_CURVE_WITH_KNOTS('',3,(#15464,#15465,#15466,#15467,#15468),
 .UNSPECIFIED.,.F.,.F.,(4,1,4),(1.58363515479562,2.36261390419271,3.14159265358979),
 .UNSPECIFIED.);
#429=B_SPLINE_CURVE_WITH_KNOTS('',3,(#15495,#15496,#15497,#15498,#15499),
 .UNSPECIFIED.,.F.,.F.,(4,1,4),(-3.14159265358979,-2.36261390419271,-1.58363515479562),
 .UNSPECIFIED.);
#430=B_SPLINE_CURVE_WITH_KNOTS('',3,(#15561,#15562,#15563,#15564,#15565,
#15566,#15567,#15568,#15569,#15570,#15571,#15572,#15573,#15574),
 .UNSPECIFIED.,.F.,.F.,(4,1,1,1,1,1,1,1,1,1,1,4),(0.,0.0703310831471734,
0.10549662472076,0.140662166294347,0.175827707867934,0.21099324944152,0.246158791015107,
0.281324332588694,0.32805628302127,0.374788233453847,0.421520183886424,
0.468252134319),.UNSPECIFIED.);
#431=B_SPLINE_CURVE_WITH_KNOTS('',3,(#15578,#15579,#15580,#15581,#15582,
#15583,#15584,#15585,#15586,#15587,#15588,#15589),.UNSPECIFIED.,.F.,.F.,
(4,1,1,1,1,1,1,1,1,4),(0.,0.104728705202896,0.209457410405792,0.352347284096874,
0.495237157787956,0.594003694624889,0.692770231461821,0.779923109688888,
0.867075987915955,1.00609617343878),.UNSPECIFIED.);
#432=(
BOUNDED_SURFACE()
B_SPLINE_SURFACE(1,2,((#11306,#11307,#11308,#11309,#11310,#11311,#11312,
#11313,#11314),(#11315,#11316,#11317,#11318,#11319,#11320,#11321,#11322,
#11323)),.UNSPECIFIED.,.F.,.F.,.F.)
B_SPLINE_SURFACE_WITH_KNOTS((2,2),(3,2,2,2,3),(0.,1.),(1.51194782960707,
2.7047571990002,3.89756656839333,5.09037593778646,6.28318530717959),
 .UNSPECIFIED.)
GEOMETRIC_REPRESENTATION_ITEM()
RATIONAL_B_SPLINE_SURFACE(((1.,0.82736034400282,1.,0.82736034400282,1.,
0.82736034400282,1.,0.82736034400282,1.),(1.,0.82736034400282,1.,0.82736034400282,
1.,0.82736034400282,1.,0.82736034400282,1.)))
REPRESENTATION_ITEM('')
SURFACE()
);
#433=(
BOUNDED_SURFACE()
B_SPLINE_SURFACE(1,2,((#11359,#11360,#11361,#11362,#11363,#11364,#11365,
#11366,#11367),(#11368,#11369,#11370,#11371,#11372,#11373,#11374,#11375,
#11376)),.UNSPECIFIED.,.F.,.F.,.F.)
B_SPLINE_SURFACE_WITH_KNOTS((2,2),(3,2,2,2,3),(0.,1.),(1.51194782960706,
2.7047571990002,3.89756656839334,5.09037593778647,6.2831853071796),
 .UNSPECIFIED.)
GEOMETRIC_REPRESENTATION_ITEM()
RATIONAL_B_SPLINE_SURFACE(((1.,0.827360344002819,1.,0.827360344002819,1.,
0.827360344002819,1.,0.827360344002819,1.),(1.,0.827360344002819,1.,0.827360344002819,
1.,0.827360344002819,1.,0.827360344002819,1.)))
REPRESENTATION_ITEM('')
SURFACE()
);
#434=ELLIPSE('',#8443,1.5,0.749999999999998);
#435=ELLIPSE('',#8447,1.5,0.749999999999998);
#436=ELLIPSE('',#8455,1.5,0.749999999999998);
#437=ELLIPSE('',#8460,1.5,0.749999999999998);
#438=ELLIPSE('',#8532,0.638506663482081,0.6);
#439=ELLIPSE('',#8535,0.638506663486779,0.6);
#440=ELLIPSE('',#8539,0.63850666349383,0.6);
#441=ELLIPSE('',#8542,0.638506663474652,0.6);
#442=ELLIPSE('',#8546,0.638506663484244,0.6);
#443=ELLIPSE('',#8549,0.638506663484237,0.6);
#444=ELLIPSE('',#8553,0.638506663484269,0.6);
#445=ELLIPSE('',#8556,0.638506663484215,0.6);
#446=ELLIPSE('',#8563,0.638506663484216,0.6);
#447=ELLIPSE('',#8566,0.638506663484269,0.6);
#448=ELLIPSE('',#8570,0.638506663484239,0.6);
#449=ELLIPSE('',#8573,0.638506663484244,0.6);
#450=ELLIPSE('',#8577,0.638506663474652,0.6);
#451=ELLIPSE('',#8580,0.63850666349383,0.6);
#452=ELLIPSE('',#8584,0.638506663486781,0.6);
#453=ELLIPSE('',#8587,0.638506663482081,0.6);
#454=ELLIPSE('',#8897,0.638506663482081,0.6);
#455=ELLIPSE('',#8900,0.638506663486779,0.6);
#456=ELLIPSE('',#8905,0.63850666349383,0.6);
#457=ELLIPSE('',#8907,0.638506663474652,0.6);
#458=ELLIPSE('',#8911,0.638506663484244,0.6);
#459=ELLIPSE('',#8913,0.638506663484237,0.6);
#460=ELLIPSE('',#8919,0.638506663484269,0.6);
#461=ELLIPSE('',#8921,0.638506663484215,0.6);
#462=ELLIPSE('',#8929,0.638506663484216,0.6);
#463=ELLIPSE('',#8932,0.638506663484269,0.6);
#464=ELLIPSE('',#8939,0.638506663484239,0.6);
#465=ELLIPSE('',#8942,0.638506663484244,0.6);
#466=ELLIPSE('',#8950,0.638506663474652,0.6);
#467=ELLIPSE('',#8953,0.63850666349383,0.6);
#468=ELLIPSE('',#8961,0.638506663486781,0.6);
#469=ELLIPSE('',#8964,0.638506663482081,0.6);
#470=SHAPE_REPRESENTATION_RELATIONSHIP('SRR','None',#15973,#476);
#471=SHAPE_REPRESENTATION_RELATIONSHIP('SRR','None',#15974,#477);
#472=SHAPE_REPRESENTATION_RELATIONSHIP('SRR','None',#15975,#478);
#473=SHAPE_REPRESENTATION_RELATIONSHIP('SRR','None',#15976,#479);
#474=SHAPE_REPRESENTATION_RELATIONSHIP('SRR','None',#15971,#480);
#475=SHAPE_REPRESENTATION_RELATIONSHIP('SRR','None',#15977,#481);
#476=ADVANCED_BREP_SHAPE_REPRESENTATION('',(#492,#493),#15937);
#477=ADVANCED_BREP_SHAPE_REPRESENTATION('',(#494,#495,#496,#497),#15938);
#478=ADVANCED_BREP_SHAPE_REPRESENTATION('',(#498),#15939);
#479=ADVANCED_BREP_SHAPE_REPRESENTATION('',(#499),#15940);
#480=ADVANCED_BREP_SHAPE_REPRESENTATION('',(#500),#15935);
#481=ADVANCED_BREP_SHAPE_REPRESENTATION('',(#501),#15941);
#482=STYLED_ITEM('',(#16014),#492);
#483=STYLED_ITEM('',(#16014),#493);
#484=STYLED_ITEM('',(#16014),#494);
#485=STYLED_ITEM('',(#16014),#495);
#486=STYLED_ITEM('',(#16014),#496);
#487=STYLED_ITEM('',(#16014),#497);
#488=STYLED_ITEM('',(#16014),#498);
#489=STYLED_ITEM('',(#16014),#499);
#490=STYLED_ITEM('',(#16014),#500);
#491=STYLED_ITEM('',(#16014),#501);
#492=MANIFOLD_SOLID_BREP('Cable_Clamp_Top_FBLR (4)',#8261);
#493=MANIFOLD_SOLID_BREP('Cable_Clamp_Top_FBLR (6)',#8262);
#494=MANIFOLD_SOLID_BREP('Cable_Clamp_Top_FBLR (3)',#8263);
#495=MANIFOLD_SOLID_BREP('Cable_Clamp_Top_FBLR (5)',#8264);
#496=MANIFOLD_SOLID_BREP('Cable_Clamp_Top_FBLR (7)',#8265);
#497=MANIFOLD_SOLID_BREP('Cable_Clamp_Top_FBLR (8)',#8266);
#498=MANIFOLD_SOLID_BREP('Cable_Clamp_Top_FBLR (2)',#8267);
#499=MANIFOLD_SOLID_BREP('Cable_Clamp_Top_FBLR (1)',#8268);
#500=MANIFOLD_SOLID_BREP('Cable_Clamp_Top_FBLR',#8269);
#501=MANIFOLD_SOLID_BREP('Cable_Clamp_Bottom',#8270);
#502=CYLINDRICAL_SURFACE('',#8338,0.4);
#503=CYLINDRICAL_SURFACE('',#8341,0.4);
#504=CYLINDRICAL_SURFACE('',#8349,0.4);
#505=CYLINDRICAL_SURFACE('',#8351,0.4);
#506=CYLINDRICAL_SURFACE('',#8353,0.4);
#507=CYLINDRICAL_SURFACE('',#8355,0.4);
#508=CYLINDRICAL_SURFACE('',#8362,0.199488196412722);
#509=CYLINDRICAL_SURFACE('',#8364,3.60102360883733);
#510=CYLINDRICAL_SURFACE('',#8366,0.199488196403975);
#511=CYLINDRICAL_SURFACE('',#8368,4.00000000000166);
#512=CYLINDRICAL_SURFACE('',#8379,0.4);
#513=CYLINDRICAL_SURFACE('',#8388,0.4);
#514=CYLINDRICAL_SURFACE('',#8390,0.4);
#515=CYLINDRICAL_SURFACE('',#8392,0.4);
#516=CYLINDRICAL_SURFACE('',#8393,0.4);
#517=CYLINDRICAL_SURFACE('',#8395,0.4);
#518=CYLINDRICAL_SURFACE('',#8403,6.4);
#519=CYLINDRICAL_SURFACE('',#8405,0.2);
#520=CYLINDRICAL_SURFACE('',#8407,6.);
#521=CYLINDRICAL_SURFACE('',#8409,0.2);
#522=CYLINDRICAL_SURFACE('',#8417,5.2);
#523=CYLINDRICAL_SURFACE('',#8419,0.199999999999999);
#524=CYLINDRICAL_SURFACE('',#8421,4.8);
#525=CYLINDRICAL_SURFACE('',#8423,0.199999999999999);
#526=CYLINDRICAL_SURFACE('',#8431,4.);
#527=CYLINDRICAL_SURFACE('',#8433,0.199999999999998);
#528=CYLINDRICAL_SURFACE('',#8435,3.6);
#529=CYLINDRICAL_SURFACE('',#8437,0.199999999999998);
#530=CYLINDRICAL_SURFACE('',#8450,0.4);
#531=CYLINDRICAL_SURFACE('',#8453,0.4);
#532=CYLINDRICAL_SURFACE('',#8456,0.4);
#533=CYLINDRICAL_SURFACE('',#8464,0.4);
#534=CYLINDRICAL_SURFACE('',#8465,0.4);
#535=CYLINDRICAL_SURFACE('',#8467,0.4);
#536=CYLINDRICAL_SURFACE('',#8476,3.7000000000009);
#537=CYLINDRICAL_SURFACE('',#8478,0.400000000000028);
#538=CYLINDRICAL_SURFACE('',#8480,4.50000000000091);
#539=CYLINDRICAL_SURFACE('',#8503,3.);
#540=CYLINDRICAL_SURFACE('',#8507,3.);
#541=CYLINDRICAL_SURFACE('',#8524,3.);
#542=CYLINDRICAL_SURFACE('',#8527,3.);
#543=CYLINDRICAL_SURFACE('',#8530,0.6);
#544=CYLINDRICAL_SURFACE('',#8533,0.6);
#545=CYLINDRICAL_SURFACE('',#8536,0.6);
#546=CYLINDRICAL_SURFACE('',#8537,0.6);
#547=CYLINDRICAL_SURFACE('',#8540,0.6);
#548=CYLINDRICAL_SURFACE('',#8543,0.6);
#549=CYLINDRICAL_SURFACE('',#8544,0.6);
#550=CYLINDRICAL_SURFACE('',#8547,0.6);
#551=CYLINDRICAL_SURFACE('',#8550,0.6);
#552=CYLINDRICAL_SURFACE('',#8551,0.6);
#553=CYLINDRICAL_SURFACE('',#8554,0.6);
#554=CYLINDRICAL_SURFACE('',#8560,0.6);
#555=CYLINDRICAL_SURFACE('',#8561,0.6);
#556=CYLINDRICAL_SURFACE('',#8564,0.6);
#557=CYLINDRICAL_SURFACE('',#8567,0.6);
#558=CYLINDRICAL_SURFACE('',#8568,0.6);
#559=CYLINDRICAL_SURFACE('',#8571,0.6);
#560=CYLINDRICAL_SURFACE('',#8574,0.6);
#561=CYLINDRICAL_SURFACE('',#8575,0.6);
#562=CYLINDRICAL_SURFACE('',#8578,0.6);
#563=CYLINDRICAL_SURFACE('',#8581,0.6);
#564=CYLINDRICAL_SURFACE('',#8582,0.6);
#565=CYLINDRICAL_SURFACE('',#8585,0.6);
#566=CYLINDRICAL_SURFACE('',#8588,0.6);
#567=CYLINDRICAL_SURFACE('',#8592,2.);
#568=CYLINDRICAL_SURFACE('',#8599,2.);
#569=CYLINDRICAL_SURFACE('',#8603,2.);
#570=CYLINDRICAL_SURFACE('',#8654,1.34999999979152);
#571=CYLINDRICAL_SURFACE('',#8670,2.);
#572=CYLINDRICAL_SURFACE('',#8684,2.);
#573=CYLINDRICAL_SURFACE('',#8695,2.);
#574=CYLINDRICAL_SURFACE('',#8706,2.);
#575=CYLINDRICAL_SURFACE('',#8713,1.35000000041634);
#576=CYLINDRICAL_SURFACE('',#8725,2.);
#577=CYLINDRICAL_SURFACE('',#8746,3.00000000153766);
#578=CYLINDRICAL_SURFACE('',#8751,3.00000000067089);
#579=CYLINDRICAL_SURFACE('',#8760,1.60000000153885);
#580=CYLINDRICAL_SURFACE('',#8779,3.);
#581=CYLINDRICAL_SURFACE('',#8782,3.);
#582=CYLINDRICAL_SURFACE('',#8791,2.);
#583=CYLINDRICAL_SURFACE('',#8812,2.);
#584=CYLINDRICAL_SURFACE('',#8824,2.);
#585=CYLINDRICAL_SURFACE('',#8836,1.60000000042824);
#586=CYLINDRICAL_SURFACE('',#8846,3.);
#587=CYLINDRICAL_SURFACE('',#8849,3.);
#588=CYLINDRICAL_SURFACE('',#8892,2.);
#589=CYLINDRICAL_SURFACE('',#8895,0.6);
#590=CYLINDRICAL_SURFACE('',#8898,0.6);
#591=CYLINDRICAL_SURFACE('',#8902,0.6);
#592=CYLINDRICAL_SURFACE('',#8903,0.6);
#593=CYLINDRICAL_SURFACE('',#8906,0.6);
#594=CYLINDRICAL_SURFACE('',#8908,0.6);
#595=CYLINDRICAL_SURFACE('',#8909,0.6);
#596=CYLINDRICAL_SURFACE('',#8912,0.6);
#597=CYLINDRICAL_SURFACE('',#8914,0.6);
#598=CYLINDRICAL_SURFACE('',#8918,0.6);
#599=CYLINDRICAL_SURFACE('',#8920,0.6);
#600=CYLINDRICAL_SURFACE('',#8922,0.6);
#601=CYLINDRICAL_SURFACE('',#8923,2.);
#602=CYLINDRICAL_SURFACE('',#8928,0.6);
#603=CYLINDRICAL_SURFACE('',#8930,0.6);
#604=CYLINDRICAL_SURFACE('',#8934,0.6);
#605=CYLINDRICAL_SURFACE('',#8938,0.6);
#606=CYLINDRICAL_SURFACE('',#8940,0.6);
#607=CYLINDRICAL_SURFACE('',#8945,0.6);
#608=CYLINDRICAL_SURFACE('',#8949,0.6);
#609=CYLINDRICAL_SURFACE('',#8951,0.6);
#610=CYLINDRICAL_SURFACE('',#8954,0.6);
#611=CYLINDRICAL_SURFACE('',#8960,0.6);
#612=CYLINDRICAL_SURFACE('',#8962,0.6);
#613=CYLINDRICAL_SURFACE('',#8965,0.6);
#614=CYLINDRICAL_SURFACE('',#8968,2.);
#615=CYLINDRICAL_SURFACE('',#8973,2.);
#616=CYLINDRICAL_SURFACE('',#8978,2.);
#617=FACE_OUTER_BOUND('',#1101,.T.);
#618=FACE_OUTER_BOUND('',#1102,.T.);
#619=FACE_OUTER_BOUND('',#1103,.T.);
#620=FACE_OUTER_BOUND('',#1104,.T.);
#621=FACE_OUTER_BOUND('',#1105,.T.);
#622=FACE_OUTER_BOUND('',#1106,.T.);
#623=FACE_OUTER_BOUND('',#1107,.T.);
#624=FACE_OUTER_BOUND('',#1108,.T.);
#625=FACE_OUTER_BOUND('',#1109,.T.);
#626=FACE_OUTER_BOUND('',#1110,.T.);
#627=FACE_OUTER_BOUND('',#1111,.T.);
#628=FACE_OUTER_BOUND('',#1112,.T.);
#629=FACE_OUTER_BOUND('',#1113,.T.);
#630=FACE_OUTER_BOUND('',#1114,.T.);
#631=FACE_OUTER_BOUND('',#1115,.T.);
#632=FACE_OUTER_BOUND('',#1116,.T.);
#633=FACE_OUTER_BOUND('',#1117,.T.);
#634=FACE_OUTER_BOUND('',#1118,.T.);
#635=FACE_OUTER_BOUND('',#1119,.T.);
#636=FACE_OUTER_BOUND('',#1120,.T.);
#637=FACE_OUTER_BOUND('',#1121,.T.);
#638=FACE_OUTER_BOUND('',#1122,.T.);
#639=FACE_OUTER_BOUND('',#1123,.T.);
#640=FACE_OUTER_BOUND('',#1124,.T.);
#641=FACE_OUTER_BOUND('',#1125,.T.);
#642=FACE_OUTER_BOUND('',#1126,.T.);
#643=FACE_OUTER_BOUND('',#1127,.T.);
#644=FACE_OUTER_BOUND('',#1128,.T.);
#645=FACE_OUTER_BOUND('',#1129,.T.);
#646=FACE_OUTER_BOUND('',#1130,.T.);
#647=FACE_OUTER_BOUND('',#1131,.T.);
#648=FACE_OUTER_BOUND('',#1132,.T.);
#649=FACE_OUTER_BOUND('',#1133,.T.);
#650=FACE_OUTER_BOUND('',#1134,.T.);
#651=FACE_OUTER_BOUND('',#1135,.T.);
#652=FACE_OUTER_BOUND('',#1136,.T.);
#653=FACE_OUTER_BOUND('',#1137,.T.);
#654=FACE_OUTER_BOUND('',#1138,.T.);
#655=FACE_OUTER_BOUND('',#1139,.T.);
#656=FACE_OUTER_BOUND('',#1140,.T.);
#657=FACE_OUTER_BOUND('',#1141,.T.);
#658=FACE_OUTER_BOUND('',#1142,.T.);
#659=FACE_OUTER_BOUND('',#1143,.T.);
#660=FACE_OUTER_BOUND('',#1144,.T.);
#661=FACE_OUTER_BOUND('',#1145,.T.);
#662=FACE_OUTER_BOUND('',#1146,.T.);
#663=FACE_OUTER_BOUND('',#1147,.T.);
#664=FACE_OUTER_BOUND('',#1148,.T.);
#665=FACE_OUTER_BOUND('',#1149,.T.);
#666=FACE_OUTER_BOUND('',#1150,.T.);
#667=FACE_OUTER_BOUND('',#1151,.T.);
#668=FACE_OUTER_BOUND('',#1152,.T.);
#669=FACE_OUTER_BOUND('',#1153,.T.);
#670=FACE_OUTER_BOUND('',#1154,.T.);
#671=FACE_OUTER_BOUND('',#1155,.T.);
#672=FACE_OUTER_BOUND('',#1156,.T.);
#673=FACE_OUTER_BOUND('',#1157,.T.);
#674=FACE_OUTER_BOUND('',#1158,.T.);
#675=FACE_OUTER_BOUND('',#1159,.T.);
#676=FACE_OUTER_BOUND('',#1160,.T.);
#677=FACE_OUTER_BOUND('',#1161,.T.);
#678=FACE_OUTER_BOUND('',#1162,.T.);
#679=FACE_OUTER_BOUND('',#1163,.T.);
#680=FACE_OUTER_BOUND('',#1164,.T.);
#681=FACE_OUTER_BOUND('',#1165,.T.);
#682=FACE_OUTER_BOUND('',#1166,.T.);
#683=FACE_OUTER_BOUND('',#1167,.T.);
#684=FACE_OUTER_BOUND('',#1168,.T.);
#685=FACE_OUTER_BOUND('',#1169,.T.);
#686=FACE_OUTER_BOUND('',#1171,.T.);
#687=FACE_OUTER_BOUND('',#1172,.T.);
#688=FACE_OUTER_BOUND('',#1173,.T.);
#689=FACE_OUTER_BOUND('',#1174,.T.);
#690=FACE_OUTER_BOUND('',#1175,.T.);
#691=FACE_OUTER_BOUND('',#1176,.T.);
#692=FACE_OUTER_BOUND('',#1177,.T.);
#693=FACE_OUTER_BOUND('',#1178,.T.);
#694=FACE_OUTER_BOUND('',#1180,.T.);
#695=FACE_OUTER_BOUND('',#1181,.T.);
#696=FACE_OUTER_BOUND('',#1182,.T.);
#697=FACE_OUTER_BOUND('',#1183,.T.);
#698=FACE_OUTER_BOUND('',#1184,.T.);
#699=FACE_OUTER_BOUND('',#1185,.T.);
#700=FACE_OUTER_BOUND('',#1186,.T.);
#701=FACE_OUTER_BOUND('',#1187,.T.);
#702=FACE_OUTER_BOUND('',#1188,.T.);
#703=FACE_OUTER_BOUND('',#1189,.T.);
#704=FACE_OUTER_BOUND('',#1190,.T.);
#705=FACE_OUTER_BOUND('',#1191,.T.);
#706=FACE_OUTER_BOUND('',#1192,.T.);
#707=FACE_OUTER_BOUND('',#1193,.T.);
#708=FACE_OUTER_BOUND('',#1194,.T.);
#709=FACE_OUTER_BOUND('',#1195,.T.);
#710=FACE_OUTER_BOUND('',#1196,.T.);
#711=FACE_OUTER_BOUND('',#1197,.T.);
#712=FACE_OUTER_BOUND('',#1198,.T.);
#713=FACE_OUTER_BOUND('',#1199,.T.);
#714=FACE_OUTER_BOUND('',#1200,.T.);
#715=FACE_OUTER_BOUND('',#1201,.T.);
#716=FACE_OUTER_BOUND('',#1202,.T.);
#717=FACE_OUTER_BOUND('',#1203,.T.);
#718=FACE_OUTER_BOUND('',#1204,.T.);
#719=FACE_OUTER_BOUND('',#1205,.T.);
#720=FACE_OUTER_BOUND('',#1206,.T.);
#721=FACE_OUTER_BOUND('',#1207,.T.);
#722=FACE_OUTER_BOUND('',#1208,.T.);
#723=FACE_OUTER_BOUND('',#1209,.T.);
#724=FACE_OUTER_BOUND('',#1210,.T.);
#725=FACE_OUTER_BOUND('',#1211,.T.);
#726=FACE_OUTER_BOUND('',#1212,.T.);
#727=FACE_OUTER_BOUND('',#1213,.T.);
#728=FACE_OUTER_BOUND('',#1214,.T.);
#729=FACE_OUTER_BOUND('',#1215,.T.);
#730=FACE_OUTER_BOUND('',#1216,.T.);
#731=FACE_OUTER_BOUND('',#1217,.T.);
#732=FACE_OUTER_BOUND('',#1218,.T.);
#733=FACE_OUTER_BOUND('',#1219,.T.);
#734=FACE_OUTER_BOUND('',#1220,.T.);
#735=FACE_OUTER_BOUND('',#1221,.T.);
#736=FACE_OUTER_BOUND('',#1222,.T.);
#737=FACE_OUTER_BOUND('',#1223,.T.);
#738=FACE_OUTER_BOUND('',#1224,.T.);
#739=FACE_OUTER_BOUND('',#1225,.T.);
#740=FACE_OUTER_BOUND('',#1226,.T.);
#741=FACE_OUTER_BOUND('',#1227,.T.);
#742=FACE_OUTER_BOUND('',#1228,.T.);
#743=FACE_OUTER_BOUND('',#1229,.T.);
#744=FACE_OUTER_BOUND('',#1230,.T.);
#745=FACE_OUTER_BOUND('',#1231,.T.);
#746=FACE_OUTER_BOUND('',#1232,.T.);
#747=FACE_OUTER_BOUND('',#1233,.T.);
#748=FACE_OUTER_BOUND('',#1234,.T.);
#749=FACE_OUTER_BOUND('',#1235,.T.);
#750=FACE_OUTER_BOUND('',#1236,.T.);
#751=FACE_OUTER_BOUND('',#1237,.T.);
#752=FACE_OUTER_BOUND('',#1238,.T.);
#753=FACE_OUTER_BOUND('',#1239,.T.);
#754=FACE_OUTER_BOUND('',#1240,.T.);
#755=FACE_OUTER_BOUND('',#1241,.T.);
#756=FACE_OUTER_BOUND('',#1242,.T.);
#757=FACE_OUTER_BOUND('',#1243,.T.);
#758=FACE_OUTER_BOUND('',#1244,.T.);
#759=FACE_OUTER_BOUND('',#1245,.T.);
#760=FACE_OUTER_BOUND('',#1246,.T.);
#761=FACE_OUTER_BOUND('',#1247,.T.);
#762=FACE_OUTER_BOUND('',#1248,.T.);
#763=FACE_OUTER_BOUND('',#1249,.T.);
#764=FACE_OUTER_BOUND('',#1250,.T.);
#765=FACE_OUTER_BOUND('',#1251,.T.);
#766=FACE_OUTER_BOUND('',#1252,.T.);
#767=FACE_OUTER_BOUND('',#1253,.T.);
#768=FACE_OUTER_BOUND('',#1254,.T.);
#769=FACE_OUTER_BOUND('',#1255,.T.);
#770=FACE_OUTER_BOUND('',#1256,.T.);
#771=FACE_OUTER_BOUND('',#1257,.T.);
#772=FACE_OUTER_BOUND('',#1258,.T.);
#773=FACE_OUTER_BOUND('',#1259,.T.);
#774=FACE_OUTER_BOUND('',#1260,.T.);
#775=FACE_OUTER_BOUND('',#1261,.T.);
#776=FACE_OUTER_BOUND('',#1262,.T.);
#777=FACE_OUTER_BOUND('',#1263,.T.);
#778=FACE_OUTER_BOUND('',#1264,.T.);
#779=FACE_OUTER_BOUND('',#1265,.T.);
#780=FACE_OUTER_BOUND('',#1266,.T.);
#781=FACE_OUTER_BOUND('',#1267,.T.);
#782=FACE_OUTER_BOUND('',#1268,.T.);
#783=FACE_OUTER_BOUND('',#1269,.T.);
#784=FACE_OUTER_BOUND('',#1270,.T.);
#785=FACE_OUTER_BOUND('',#1271,.T.);
#786=FACE_OUTER_BOUND('',#1272,.T.);
#787=FACE_OUTER_BOUND('',#1273,.T.);
#788=FACE_OUTER_BOUND('',#1274,.T.);
#789=FACE_OUTER_BOUND('',#1275,.T.);
#790=FACE_OUTER_BOUND('',#1276,.T.);
#791=FACE_OUTER_BOUND('',#1277,.T.);
#792=FACE_OUTER_BOUND('',#1278,.T.);
#793=FACE_OUTER_BOUND('',#1279,.T.);
#794=FACE_OUTER_BOUND('',#1280,.T.);
#795=FACE_OUTER_BOUND('',#1281,.T.);
#796=FACE_OUTER_BOUND('',#1282,.T.);
#797=FACE_OUTER_BOUND('',#1283,.T.);
#798=FACE_OUTER_BOUND('',#1284,.T.);
#799=FACE_OUTER_BOUND('',#1285,.T.);
#800=FACE_OUTER_BOUND('',#1286,.T.);
#801=FACE_OUTER_BOUND('',#1287,.T.);
#802=FACE_OUTER_BOUND('',#1288,.T.);
#803=FACE_OUTER_BOUND('',#1289,.T.);
#804=FACE_OUTER_BOUND('',#1290,.T.);
#805=FACE_OUTER_BOUND('',#1291,.T.);
#806=FACE_OUTER_BOUND('',#1292,.T.);
#807=FACE_OUTER_BOUND('',#1293,.T.);
#808=FACE_OUTER_BOUND('',#1294,.T.);
#809=FACE_OUTER_BOUND('',#1295,.T.);
#810=FACE_OUTER_BOUND('',#1296,.T.);
#811=FACE_OUTER_BOUND('',#1297,.T.);
#812=FACE_OUTER_BOUND('',#1298,.T.);
#813=FACE_OUTER_BOUND('',#1299,.T.);
#814=FACE_OUTER_BOUND('',#1300,.T.);
#815=FACE_OUTER_BOUND('',#1301,.T.);
#816=FACE_OUTER_BOUND('',#1302,.T.);
#817=FACE_OUTER_BOUND('',#1303,.T.);
#818=FACE_OUTER_BOUND('',#1304,.T.);
#819=FACE_OUTER_BOUND('',#1305,.T.);
#820=FACE_OUTER_BOUND('',#1306,.T.);
#821=FACE_OUTER_BOUND('',#1307,.T.);
#822=FACE_OUTER_BOUND('',#1309,.T.);
#823=FACE_OUTER_BOUND('',#1310,.T.);
#824=FACE_OUTER_BOUND('',#1311,.T.);
#825=FACE_OUTER_BOUND('',#1312,.T.);
#826=FACE_OUTER_BOUND('',#1313,.T.);
#827=FACE_OUTER_BOUND('',#1314,.T.);
#828=FACE_OUTER_BOUND('',#1315,.T.);
#829=FACE_OUTER_BOUND('',#1316,.T.);
#830=FACE_OUTER_BOUND('',#1317,.T.);
#831=FACE_OUTER_BOUND('',#1318,.T.);
#832=FACE_OUTER_BOUND('',#1319,.T.);
#833=FACE_OUTER_BOUND('',#1320,.T.);
#834=FACE_OUTER_BOUND('',#1321,.T.);
#835=FACE_OUTER_BOUND('',#1322,.T.);
#836=FACE_OUTER_BOUND('',#1323,.T.);
#837=FACE_OUTER_BOUND('',#1324,.T.);
#838=FACE_OUTER_BOUND('',#1325,.T.);
#839=FACE_OUTER_BOUND('',#1326,.T.);
#840=FACE_OUTER_BOUND('',#1327,.T.);
#841=FACE_OUTER_BOUND('',#1329,.T.);
#842=FACE_OUTER_BOUND('',#1330,.T.);
#843=FACE_OUTER_BOUND('',#1331,.T.);
#844=FACE_OUTER_BOUND('',#1332,.T.);
#845=FACE_OUTER_BOUND('',#1333,.T.);
#846=FACE_OUTER_BOUND('',#1334,.T.);
#847=FACE_OUTER_BOUND('',#1335,.T.);
#848=FACE_OUTER_BOUND('',#1336,.T.);
#849=FACE_OUTER_BOUND('',#1337,.T.);
#850=FACE_OUTER_BOUND('',#1338,.T.);
#851=FACE_OUTER_BOUND('',#1339,.T.);
#852=FACE_OUTER_BOUND('',#1340,.T.);
#853=FACE_OUTER_BOUND('',#1341,.T.);
#854=FACE_OUTER_BOUND('',#1342,.T.);
#855=FACE_OUTER_BOUND('',#1343,.T.);
#856=FACE_OUTER_BOUND('',#1344,.T.);
#857=FACE_OUTER_BOUND('',#1345,.T.);
#858=FACE_OUTER_BOUND('',#1346,.T.);
#859=FACE_OUTER_BOUND('',#1347,.T.);
#860=FACE_OUTER_BOUND('',#1348,.T.);
#861=FACE_OUTER_BOUND('',#1349,.T.);
#862=FACE_OUTER_BOUND('',#1350,.T.);
#863=FACE_OUTER_BOUND('',#1351,.T.);
#864=FACE_OUTER_BOUND('',#1352,.T.);
#865=FACE_OUTER_BOUND('',#1353,.T.);
#866=FACE_OUTER_BOUND('',#1354,.T.);
#867=FACE_OUTER_BOUND('',#1355,.T.);
#868=FACE_OUTER_BOUND('',#1356,.T.);
#869=FACE_OUTER_BOUND('',#1357,.T.);
#870=FACE_OUTER_BOUND('',#1358,.T.);
#871=FACE_OUTER_BOUND('',#1359,.T.);
#872=FACE_OUTER_BOUND('',#1360,.T.);
#873=FACE_OUTER_BOUND('',#1361,.T.);
#874=FACE_OUTER_BOUND('',#1362,.T.);
#875=FACE_OUTER_BOUND('',#1363,.T.);
#876=FACE_OUTER_BOUND('',#1364,.T.);
#877=FACE_OUTER_BOUND('',#1365,.T.);
#878=FACE_OUTER_BOUND('',#1366,.T.);
#879=FACE_OUTER_BOUND('',#1367,.T.);
#880=FACE_OUTER_BOUND('',#1368,.T.);
#881=FACE_OUTER_BOUND('',#1369,.T.);
#882=FACE_OUTER_BOUND('',#1370,.T.);
#883=FACE_OUTER_BOUND('',#1371,.T.);
#884=FACE_OUTER_BOUND('',#1372,.T.);
#885=FACE_OUTER_BOUND('',#1373,.T.);
#886=FACE_OUTER_BOUND('',#1374,.T.);
#887=FACE_OUTER_BOUND('',#1375,.T.);
#888=FACE_OUTER_BOUND('',#1376,.T.);
#889=FACE_OUTER_BOUND('',#1377,.T.);
#890=FACE_OUTER_BOUND('',#1378,.T.);
#891=FACE_OUTER_BOUND('',#1379,.T.);
#892=FACE_OUTER_BOUND('',#1380,.T.);
#893=FACE_OUTER_BOUND('',#1381,.T.);
#894=FACE_OUTER_BOUND('',#1382,.T.);
#895=FACE_OUTER_BOUND('',#1383,.T.);
#896=FACE_OUTER_BOUND('',#1384,.T.);
#897=FACE_OUTER_BOUND('',#1385,.T.);
#898=FACE_OUTER_BOUND('',#1386,.T.);
#899=FACE_OUTER_BOUND('',#1387,.T.);
#900=FACE_OUTER_BOUND('',#1388,.T.);
#901=FACE_OUTER_BOUND('',#1389,.T.);
#902=FACE_OUTER_BOUND('',#1390,.T.);
#903=FACE_OUTER_BOUND('',#1391,.T.);
#904=FACE_OUTER_BOUND('',#1392,.T.);
#905=FACE_OUTER_BOUND('',#1393,.T.);
#906=FACE_OUTER_BOUND('',#1395,.T.);
#907=FACE_OUTER_BOUND('',#1402,.T.);
#908=FACE_OUTER_BOUND('',#1403,.T.);
#909=FACE_OUTER_BOUND('',#1404,.T.);
#910=FACE_OUTER_BOUND('',#1405,.T.);
#911=FACE_OUTER_BOUND('',#1406,.T.);
#912=FACE_OUTER_BOUND('',#1407,.T.);
#913=FACE_OUTER_BOUND('',#1408,.T.);
#914=FACE_OUTER_BOUND('',#1409,.T.);
#915=FACE_OUTER_BOUND('',#1410,.T.);
#916=FACE_OUTER_BOUND('',#1411,.T.);
#917=FACE_OUTER_BOUND('',#1412,.T.);
#918=FACE_OUTER_BOUND('',#1413,.T.);
#919=FACE_OUTER_BOUND('',#1414,.T.);
#920=FACE_OUTER_BOUND('',#1415,.T.);
#921=FACE_OUTER_BOUND('',#1416,.T.);
#922=FACE_OUTER_BOUND('',#1419,.T.);
#923=FACE_OUTER_BOUND('',#1420,.T.);
#924=FACE_OUTER_BOUND('',#1421,.T.);
#925=FACE_OUTER_BOUND('',#1422,.T.);
#926=FACE_OUTER_BOUND('',#1423,.T.);
#927=FACE_OUTER_BOUND('',#1425,.T.);
#928=FACE_OUTER_BOUND('',#1426,.T.);
#929=FACE_OUTER_BOUND('',#1427,.T.);
#930=FACE_OUTER_BOUND('',#1428,.T.);
#931=FACE_OUTER_BOUND('',#1429,.T.);
#932=FACE_OUTER_BOUND('',#1430,.T.);
#933=FACE_OUTER_BOUND('',#1431,.T.);
#934=FACE_OUTER_BOUND('',#1432,.T.);
#935=FACE_OUTER_BOUND('',#1433,.T.);
#936=FACE_OUTER_BOUND('',#1434,.T.);
#937=FACE_OUTER_BOUND('',#1435,.T.);
#938=FACE_OUTER_BOUND('',#1436,.T.);
#939=FACE_OUTER_BOUND('',#1437,.T.);
#940=FACE_OUTER_BOUND('',#1438,.T.);
#941=FACE_OUTER_BOUND('',#1442,.T.);
#942=FACE_OUTER_BOUND('',#1443,.T.);
#943=FACE_OUTER_BOUND('',#1444,.T.);
#944=FACE_OUTER_BOUND('',#1445,.T.);
#945=FACE_OUTER_BOUND('',#1446,.T.);
#946=FACE_OUTER_BOUND('',#1447,.T.);
#947=FACE_OUTER_BOUND('',#1448,.T.);
#948=FACE_OUTER_BOUND('',#1449,.T.);
#949=FACE_OUTER_BOUND('',#1450,.T.);
#950=FACE_OUTER_BOUND('',#1451,.T.);
#951=FACE_OUTER_BOUND('',#1452,.T.);
#952=FACE_OUTER_BOUND('',#1453,.T.);
#953=FACE_OUTER_BOUND('',#1454,.T.);
#954=FACE_OUTER_BOUND('',#1455,.T.);
#955=FACE_OUTER_BOUND('',#1456,.T.);
#956=FACE_OUTER_BOUND('',#1457,.T.);
#957=FACE_OUTER_BOUND('',#1458,.T.);
#958=FACE_OUTER_BOUND('',#1459,.T.);
#959=FACE_OUTER_BOUND('',#1460,.T.);
#960=FACE_OUTER_BOUND('',#1461,.T.);
#961=FACE_OUTER_BOUND('',#1462,.T.);
#962=FACE_OUTER_BOUND('',#1463,.T.);
#963=FACE_OUTER_BOUND('',#1464,.T.);
#964=FACE_OUTER_BOUND('',#1465,.T.);
#965=FACE_OUTER_BOUND('',#1466,.T.);
#966=FACE_OUTER_BOUND('',#1467,.T.);
#967=FACE_OUTER_BOUND('',#1468,.T.);
#968=FACE_OUTER_BOUND('',#1469,.T.);
#969=FACE_OUTER_BOUND('',#1470,.T.);
#970=FACE_OUTER_BOUND('',#1471,.T.);
#971=FACE_OUTER_BOUND('',#1472,.T.);
#972=FACE_OUTER_BOUND('',#1473,.T.);
#973=FACE_OUTER_BOUND('',#1474,.T.);
#974=FACE_OUTER_BOUND('',#1475,.T.);
#975=FACE_OUTER_BOUND('',#1476,.T.);
#976=FACE_OUTER_BOUND('',#1477,.T.);
#977=FACE_OUTER_BOUND('',#1478,.T.);
#978=FACE_OUTER_BOUND('',#1479,.T.);
#979=FACE_OUTER_BOUND('',#1480,.T.);
#980=FACE_OUTER_BOUND('',#1481,.T.);
#981=FACE_OUTER_BOUND('',#1482,.T.);
#982=FACE_OUTER_BOUND('',#1483,.T.);
#983=FACE_OUTER_BOUND('',#1484,.T.);
#984=FACE_OUTER_BOUND('',#1485,.T.);
#985=FACE_OUTER_BOUND('',#1486,.T.);
#986=FACE_OUTER_BOUND('',#1487,.T.);
#987=FACE_OUTER_BOUND('',#1488,.T.);
#988=FACE_OUTER_BOUND('',#1489,.T.);
#989=FACE_OUTER_BOUND('',#1490,.T.);
#990=FACE_OUTER_BOUND('',#1491,.T.);
#991=FACE_OUTER_BOUND('',#1492,.T.);
#992=FACE_OUTER_BOUND('',#1493,.T.);
#993=FACE_OUTER_BOUND('',#1495,.T.);
#994=FACE_OUTER_BOUND('',#1496,.T.);
#995=FACE_OUTER_BOUND('',#1497,.T.);
#996=FACE_OUTER_BOUND('',#1498,.T.);
#997=FACE_OUTER_BOUND('',#1499,.T.);
#998=FACE_OUTER_BOUND('',#1500,.T.);
#999=FACE_OUTER_BOUND('',#1501,.T.);
#1000=FACE_OUTER_BOUND('',#1502,.T.);
#1001=FACE_OUTER_BOUND('',#1503,.T.);
#1002=FACE_OUTER_BOUND('',#1504,.T.);
#1003=FACE_OUTER_BOUND('',#1505,.T.);
#1004=FACE_OUTER_BOUND('',#1506,.T.);
#1005=FACE_OUTER_BOUND('',#1507,.T.);
#1006=FACE_OUTER_BOUND('',#1508,.T.);
#1007=FACE_OUTER_BOUND('',#1509,.T.);
#1008=FACE_OUTER_BOUND('',#1510,.T.);
#1009=FACE_OUTER_BOUND('',#1511,.T.);
#1010=FACE_OUTER_BOUND('',#1512,.T.);
#1011=FACE_OUTER_BOUND('',#1513,.T.);
#1012=FACE_OUTER_BOUND('',#1514,.T.);
#1013=FACE_OUTER_BOUND('',#1515,.T.);
#1014=FACE_OUTER_BOUND('',#1516,.T.);
#1015=FACE_OUTER_BOUND('',#1517,.T.);
#1016=FACE_OUTER_BOUND('',#1518,.T.);
#1017=FACE_OUTER_BOUND('',#1519,.T.);
#1018=FACE_OUTER_BOUND('',#1520,.T.);
#1019=FACE_OUTER_BOUND('',#1521,.T.);
#1020=FACE_OUTER_BOUND('',#1522,.T.);
#1021=FACE_OUTER_BOUND('',#1523,.T.);
#1022=FACE_OUTER_BOUND('',#1524,.T.);
#1023=FACE_OUTER_BOUND('',#1525,.T.);
#1024=FACE_OUTER_BOUND('',#1526,.T.);
#1025=FACE_OUTER_BOUND('',#1527,.T.);
#1026=FACE_OUTER_BOUND('',#1528,.T.);
#1027=FACE_OUTER_BOUND('',#1529,.T.);
#1028=FACE_OUTER_BOUND('',#1530,.T.);
#1029=FACE_OUTER_BOUND('',#1531,.T.);
#1030=FACE_OUTER_BOUND('',#1532,.T.);
#1031=FACE_OUTER_BOUND('',#1533,.T.);
#1032=FACE_OUTER_BOUND('',#1534,.T.);
#1033=FACE_OUTER_BOUND('',#1535,.T.);
#1034=FACE_OUTER_BOUND('',#1536,.T.);
#1035=FACE_OUTER_BOUND('',#1537,.T.);
#1036=FACE_OUTER_BOUND('',#1538,.T.);
#1037=FACE_OUTER_BOUND('',#1539,.T.);
#1038=FACE_OUTER_BOUND('',#1540,.T.);
#1039=FACE_OUTER_BOUND('',#1541,.T.);
#1040=FACE_OUTER_BOUND('',#1542,.T.);
#1041=FACE_OUTER_BOUND('',#1544,.T.);
#1042=FACE_OUTER_BOUND('',#1546,.T.);
#1043=FACE_OUTER_BOUND('',#1547,.T.);
#1044=FACE_OUTER_BOUND('',#1548,.T.);
#1045=FACE_OUTER_BOUND('',#1549,.T.);
#1046=FACE_OUTER_BOUND('',#1550,.T.);
#1047=FACE_OUTER_BOUND('',#1551,.T.);
#1048=FACE_OUTER_BOUND('',#1552,.T.);
#1049=FACE_OUTER_BOUND('',#1553,.T.);
#1050=FACE_OUTER_BOUND('',#1554,.T.);
#1051=FACE_OUTER_BOUND('',#1555,.T.);
#1052=FACE_OUTER_BOUND('',#1556,.T.);
#1053=FACE_OUTER_BOUND('',#1557,.T.);
#1054=FACE_OUTER_BOUND('',#1558,.T.);
#1055=FACE_OUTER_BOUND('',#1559,.T.);
#1056=FACE_OUTER_BOUND('',#1560,.T.);
#1057=FACE_OUTER_BOUND('',#1561,.T.);
#1058=FACE_OUTER_BOUND('',#1562,.T.);
#1059=FACE_OUTER_BOUND('',#1563,.T.);
#1060=FACE_OUTER_BOUND('',#1564,.T.);
#1061=FACE_OUTER_BOUND('',#1565,.T.);
#1062=FACE_OUTER_BOUND('',#1566,.T.);
#1063=FACE_OUTER_BOUND('',#1567,.T.);
#1064=FACE_OUTER_BOUND('',#1568,.T.);
#1065=FACE_OUTER_BOUND('',#1569,.T.);
#1066=FACE_OUTER_BOUND('',#1570,.T.);
#1067=FACE_OUTER_BOUND('',#1571,.T.);
#1068=FACE_OUTER_BOUND('',#1572,.T.);
#1069=FACE_OUTER_BOUND('',#1573,.T.);
#1070=FACE_OUTER_BOUND('',#1574,.T.);
#1071=FACE_OUTER_BOUND('',#1575,.T.);
#1072=FACE_OUTER_BOUND('',#1576,.T.);
#1073=FACE_OUTER_BOUND('',#1577,.T.);
#1074=FACE_OUTER_BOUND('',#1578,.T.);
#1075=FACE_OUTER_BOUND('',#1579,.T.);
#1076=FACE_OUTER_BOUND('',#1580,.T.);
#1077=FACE_OUTER_BOUND('',#1581,.T.);
#1078=FACE_OUTER_BOUND('',#1582,.T.);
#1079=FACE_OUTER_BOUND('',#1583,.T.);
#1080=FACE_OUTER_BOUND('',#1584,.T.);
#1081=FACE_OUTER_BOUND('',#1585,.T.);
#1082=FACE_OUTER_BOUND('',#1586,.T.);
#1083=FACE_OUTER_BOUND('',#1587,.T.);
#1084=FACE_OUTER_BOUND('',#1588,.T.);
#1085=FACE_OUTER_BOUND('',#1589,.T.);
#1086=FACE_OUTER_BOUND('',#1590,.T.);
#1087=FACE_OUTER_BOUND('',#1591,.T.);
#1088=FACE_OUTER_BOUND('',#1592,.T.);
#1089=FACE_OUTER_BOUND('',#1593,.T.);
#1090=FACE_OUTER_BOUND('',#1594,.T.);
#1091=FACE_OUTER_BOUND('',#1595,.T.);
#1092=FACE_OUTER_BOUND('',#1596,.T.);
#1093=FACE_OUTER_BOUND('',#1597,.T.);
#1094=FACE_OUTER_BOUND('',#1598,.T.);
#1095=FACE_OUTER_BOUND('',#1599,.T.);
#1096=FACE_OUTER_BOUND('',#1600,.T.);
#1097=FACE_OUTER_BOUND('',#1601,.T.);
#1098=FACE_OUTER_BOUND('',#1602,.T.);
#1099=FACE_OUTER_BOUND('',#1603,.T.);
#1100=FACE_OUTER_BOUND('',#1604,.T.);
#1101=EDGE_LOOP('',(#5189,#5190,#5191,#5192,#5193,#5194,#5195,#5196,#5197,
#5198,#5199,#5200));
#1102=EDGE_LOOP('',(#5201,#5202,#5203,#5204));
#1103=EDGE_LOOP('',(#5205,#5206,#5207,#5208));
#1104=EDGE_LOOP('',(#5209,#5210,#5211,#5212));
#1105=EDGE_LOOP('',(#5213,#5214,#5215,#5216));
#1106=EDGE_LOOP('',(#5217,#5218,#5219,#5220,#5221,#5222,#5223,#5224,#5225,
#5226,#5227,#5228));
#1107=EDGE_LOOP('',(#5229,#5230,#5231,#5232));
#1108=EDGE_LOOP('',(#5233,#5234,#5235,#5236));
#1109=EDGE_LOOP('',(#5237,#5238,#5239,#5240));
#1110=EDGE_LOOP('',(#5241,#5242,#5243,#5244));
#1111=EDGE_LOOP('',(#5245,#5246,#5247,#5248));
#1112=EDGE_LOOP('',(#5249,#5250,#5251,#5252));
#1113=EDGE_LOOP('',(#5253,#5254,#5255,#5256));
#1114=EDGE_LOOP('',(#5257,#5258,#5259,#5260));
#1115=EDGE_LOOP('',(#5261,#5262,#5263,#5264));
#1116=EDGE_LOOP('',(#5265,#5266,#5267,#5268));
#1117=EDGE_LOOP('',(#5269,#5270,#5271,#5272));
#1118=EDGE_LOOP('',(#5273,#5274,#5275,#5276));
#1119=EDGE_LOOP('',(#5277,#5278,#5279,#5280));
#1120=EDGE_LOOP('',(#5281,#5282,#5283,#5284));
#1121=EDGE_LOOP('',(#5285,#5286,#5287,#5288,#5289,#5290,#5291,#5292,#5293,
#5294,#5295,#5296));
#1122=EDGE_LOOP('',(#5297,#5298,#5299,#5300));
#1123=EDGE_LOOP('',(#5301,#5302,#5303,#5304));
#1124=EDGE_LOOP('',(#5305,#5306,#5307,#5308,#5309,#5310,#5311,#5312,#5313,
#5314,#5315,#5316));
#1125=EDGE_LOOP('',(#5317,#5318,#5319,#5320));
#1126=EDGE_LOOP('',(#5321,#5322,#5323,#5324));
#1127=EDGE_LOOP('',(#5325,#5326,#5327,#5328));
#1128=EDGE_LOOP('',(#5329,#5330,#5331,#5332));
#1129=EDGE_LOOP('',(#5333,#5334,#5335,#5336));
#1130=EDGE_LOOP('',(#5337,#5338,#5339,#5340));
#1131=EDGE_LOOP('',(#5341,#5342,#5343,#5344));
#1132=EDGE_LOOP('',(#5345,#5346,#5347,#5348));
#1133=EDGE_LOOP('',(#5349,#5350,#5351,#5352));
#1134=EDGE_LOOP('',(#5353,#5354,#5355,#5356));
#1135=EDGE_LOOP('',(#5357,#5358,#5359,#5360));
#1136=EDGE_LOOP('',(#5361,#5362,#5363,#5364));
#1137=EDGE_LOOP('',(#5365,#5366,#5367,#5368));
#1138=EDGE_LOOP('',(#5369,#5370,#5371,#5372));
#1139=EDGE_LOOP('',(#5373,#5374,#5375,#5376));
#1140=EDGE_LOOP('',(#5377,#5378,#5379,#5380));
#1141=EDGE_LOOP('',(#5381,#5382,#5383,#5384));
#1142=EDGE_LOOP('',(#5385,#5386,#5387,#5388));
#1143=EDGE_LOOP('',(#5389,#5390,#5391,#5392));
#1144=EDGE_LOOP('',(#5393,#5394,#5395,#5396));
#1145=EDGE_LOOP('',(#5397,#5398,#5399,#5400));
#1146=EDGE_LOOP('',(#5401,#5402,#5403,#5404));
#1147=EDGE_LOOP('',(#5405,#5406,#5407,#5408));
#1148=EDGE_LOOP('',(#5409,#5410,#5411,#5412));
#1149=EDGE_LOOP('',(#5413,#5414,#5415,#5416));
#1150=EDGE_LOOP('',(#5417,#5418,#5419,#5420));
#1151=EDGE_LOOP('',(#5421,#5422,#5423,#5424));
#1152=EDGE_LOOP('',(#5425,#5426,#5427,#5428));
#1153=EDGE_LOOP('',(#5429,#5430,#5431,#5432,#5433,#5434,#5435,#5436,#5437,
#5438,#5439,#5440,#5441,#5442));
#1154=EDGE_LOOP('',(#5443,#5444,#5445,#5446));
#1155=EDGE_LOOP('',(#5447,#5448,#5449,#5450));
#1156=EDGE_LOOP('',(#5451,#5452,#5453,#5454));
#1157=EDGE_LOOP('',(#5455,#5456,#5457,#5458));
#1158=EDGE_LOOP('',(#5459,#5460,#5461,#5462));
#1159=EDGE_LOOP('',(#5463,#5464,#5465,#5466,#5467,#5468,#5469,#5470,#5471,
#5472,#5473,#5474,#5475,#5476));
#1160=EDGE_LOOP('',(#5477,#5478,#5479,#5480));
#1161=EDGE_LOOP('',(#5481,#5482,#5483,#5484));
#1162=EDGE_LOOP('',(#5485,#5486,#5487,#5488));
#1163=EDGE_LOOP('',(#5489,#5490,#5491,#5492));
#1164=EDGE_LOOP('',(#5493,#5494,#5495,#5496));
#1165=EDGE_LOOP('',(#5497,#5498,#5499,#5500));
#1166=EDGE_LOOP('',(#5501,#5502,#5503,#5504));
#1167=EDGE_LOOP('',(#5505,#5506,#5507,#5508));
#1168=EDGE_LOOP('',(#5509,#5510,#5511,#5512));
#1169=EDGE_LOOP('',(#5513));
#1170=EDGE_LOOP('',(#5514,#5515,#5516,#5517,#5518,#5519));
#1171=EDGE_LOOP('',(#5520,#5521,#5522,#5523));
#1172=EDGE_LOOP('',(#5524,#5525,#5526,#5527));
#1173=EDGE_LOOP('',(#5528,#5529,#5530,#5531));
#1174=EDGE_LOOP('',(#5532,#5533,#5534,#5535));
#1175=EDGE_LOOP('',(#5536,#5537,#5538,#5539));
#1176=EDGE_LOOP('',(#5540,#5541,#5542,#5543));
#1177=EDGE_LOOP('',(#5544,#5545,#5546,#5547));
#1178=EDGE_LOOP('',(#5548));
#1179=EDGE_LOOP('',(#5549,#5550,#5551,#5552,#5553,#5554));
#1180=EDGE_LOOP('',(#5555));
#1181=EDGE_LOOP('',(#5556));
#1182=EDGE_LOOP('',(#5557,#5558,#5559,#5560));
#1183=EDGE_LOOP('',(#5561,#5562,#5563,#5564));
#1184=EDGE_LOOP('',(#5565,#5566,#5567,#5568));
#1185=EDGE_LOOP('',(#5569,#5570,#5571,#5572));
#1186=EDGE_LOOP('',(#5573,#5574,#5575,#5576));
#1187=EDGE_LOOP('',(#5577,#5578,#5579,#5580));
#1188=EDGE_LOOP('',(#5581,#5582,#5583,#5584));
#1189=EDGE_LOOP('',(#5585,#5586,#5587,#5588));
#1190=EDGE_LOOP('',(#5589,#5590,#5591,#5592));
#1191=EDGE_LOOP('',(#5593,#5594,#5595,#5596));
#1192=EDGE_LOOP('',(#5597,#5598,#5599,#5600));
#1193=EDGE_LOOP('',(#5601,#5602,#5603,#5604));
#1194=EDGE_LOOP('',(#5605,#5606,#5607,#5608));
#1195=EDGE_LOOP('',(#5609,#5610,#5611,#5612));
#1196=EDGE_LOOP('',(#5613,#5614,#5615,#5616));
#1197=EDGE_LOOP('',(#5617,#5618,#5619,#5620));
#1198=EDGE_LOOP('',(#5621,#5622,#5623,#5624));
#1199=EDGE_LOOP('',(#5625,#5626,#5627,#5628));
#1200=EDGE_LOOP('',(#5629,#5630,#5631,#5632));
#1201=EDGE_LOOP('',(#5633,#5634,#5635,#5636));
#1202=EDGE_LOOP('',(#5637,#5638,#5639,#5640));
#1203=EDGE_LOOP('',(#5641,#5642,#5643,#5644));
#1204=EDGE_LOOP('',(#5645,#5646,#5647,#5648));
#1205=EDGE_LOOP('',(#5649,#5650,#5651,#5652));
#1206=EDGE_LOOP('',(#5653,#5654,#5655,#5656));
#1207=EDGE_LOOP('',(#5657,#5658,#5659,#5660));
#1208=EDGE_LOOP('',(#5661,#5662,#5663,#5664,#5665,#5666,#5667,#5668));
#1209=EDGE_LOOP('',(#5669,#5670,#5671,#5672));
#1210=EDGE_LOOP('',(#5673,#5674,#5675,#5676));
#1211=EDGE_LOOP('',(#5677,#5678,#5679,#5680));
#1212=EDGE_LOOP('',(#5681,#5682,#5683,#5684));
#1213=EDGE_LOOP('',(#5685,#5686,#5687,#5688));
#1214=EDGE_LOOP('',(#5689,#5690,#5691,#5692));
#1215=EDGE_LOOP('',(#5693,#5694,#5695,#5696));
#1216=EDGE_LOOP('',(#5697,#5698,#5699,#5700));
#1217=EDGE_LOOP('',(#5701,#5702,#5703,#5704));
#1218=EDGE_LOOP('',(#5705,#5706,#5707,#5708));
#1219=EDGE_LOOP('',(#5709,#5710,#5711,#5712));
#1220=EDGE_LOOP('',(#5713,#5714,#5715,#5716));
#1221=EDGE_LOOP('',(#5717,#5718,#5719,#5720));
#1222=EDGE_LOOP('',(#5721,#5722,#5723,#5724));
#1223=EDGE_LOOP('',(#5725,#5726,#5727,#5728));
#1224=EDGE_LOOP('',(#5729,#5730,#5731,#5732));
#1225=EDGE_LOOP('',(#5733,#5734,#5735,#5736));
#1226=EDGE_LOOP('',(#5737,#5738,#5739,#5740));
#1227=EDGE_LOOP('',(#5741,#5742,#5743,#5744));
#1228=EDGE_LOOP('',(#5745,#5746,#5747,#5748));
#1229=EDGE_LOOP('',(#5749,#5750,#5751,#5752));
#1230=EDGE_LOOP('',(#5753,#5754,#5755,#5756));
#1231=EDGE_LOOP('',(#5757,#5758,#5759,#5760));
#1232=EDGE_LOOP('',(#5761,#5762,#5763,#5764));
#1233=EDGE_LOOP('',(#5765,#5766,#5767,#5768));
#1234=EDGE_LOOP('',(#5769,#5770,#5771,#5772));
#1235=EDGE_LOOP('',(#5773,#5774,#5775,#5776));
#1236=EDGE_LOOP('',(#5777,#5778,#5779,#5780));
#1237=EDGE_LOOP('',(#5781,#5782,#5783,#5784));
#1238=EDGE_LOOP('',(#5785,#5786,#5787,#5788));
#1239=EDGE_LOOP('',(#5789,#5790,#5791,#5792));
#1240=EDGE_LOOP('',(#5793,#5794,#5795,#5796));
#1241=EDGE_LOOP('',(#5797,#5798,#5799,#5800));
#1242=EDGE_LOOP('',(#5801,#5802,#5803,#5804,#5805,#5806,#5807));
#1243=EDGE_LOOP('',(#5808,#5809,#5810,#5811));
#1244=EDGE_LOOP('',(#5812,#5813,#5814,#5815));
#1245=EDGE_LOOP('',(#5816,#5817,#5818,#5819));
#1246=EDGE_LOOP('',(#5820,#5821,#5822,#5823));
#1247=EDGE_LOOP('',(#5824,#5825,#5826,#5827));
#1248=EDGE_LOOP('',(#5828,#5829,#5830,#5831));
#1249=EDGE_LOOP('',(#5832,#5833,#5834,#5835));
#1250=EDGE_LOOP('',(#5836,#5837,#5838,#5839));
#1251=EDGE_LOOP('',(#5840,#5841,#5842,#5843));
#1252=EDGE_LOOP('',(#5844,#5845,#5846,#5847));
#1253=EDGE_LOOP('',(#5848,#5849,#5850,#5851));
#1254=EDGE_LOOP('',(#5852,#5853,#5854,#5855));
#1255=EDGE_LOOP('',(#5856,#5857,#5858,#5859));
#1256=EDGE_LOOP('',(#5860,#5861,#5862,#5863));
#1257=EDGE_LOOP('',(#5864,#5865,#5866,#5867));
#1258=EDGE_LOOP('',(#5868,#5869,#5870,#5871));
#1259=EDGE_LOOP('',(#5872,#5873,#5874,#5875));
#1260=EDGE_LOOP('',(#5876,#5877,#5878,#5879));
#1261=EDGE_LOOP('',(#5880,#5881,#5882,#5883));
#1262=EDGE_LOOP('',(#5884,#5885,#5886,#5887));
#1263=EDGE_LOOP('',(#5888,#5889,#5890,#5891));
#1264=EDGE_LOOP('',(#5892,#5893,#5894,#5895));
#1265=EDGE_LOOP('',(#5896,#5897,#5898,#5899));
#1266=EDGE_LOOP('',(#5900,#5901,#5902,#5903));
#1267=EDGE_LOOP('',(#5904,#5905,#5906,#5907));
#1268=EDGE_LOOP('',(#5908,#5909,#5910,#5911));
#1269=EDGE_LOOP('',(#5912,#5913,#5914,#5915));
#1270=EDGE_LOOP('',(#5916,#5917,#5918,#5919));
#1271=EDGE_LOOP('',(#5920,#5921,#5922,#5923));
#1272=EDGE_LOOP('',(#5924,#5925,#5926,#5927,#5928,#5929,#5930,#5931,#5932,
#5933,#5934,#5935,#5936,#5937,#5938,#5939,#5940,#5941,#5942,#5943,#5944,
#5945,#5946,#5947,#5948,#5949,#5950,#5951,#5952));
#1273=EDGE_LOOP('',(#5953,#5954,#5955,#5956));
#1274=EDGE_LOOP('',(#5957,#5958,#5959,#5960));
#1275=EDGE_LOOP('',(#5961,#5962,#5963,#5964));
#1276=EDGE_LOOP('',(#5965,#5966,#5967,#5968));
#1277=EDGE_LOOP('',(#5969,#5970,#5971,#5972));
#1278=EDGE_LOOP('',(#5973,#5974,#5975,#5976));
#1279=EDGE_LOOP('',(#5977,#5978,#5979,#5980));
#1280=EDGE_LOOP('',(#5981,#5982,#5983,#5984));
#1281=EDGE_LOOP('',(#5985,#5986,#5987,#5988));
#1282=EDGE_LOOP('',(#5989,#5990,#5991,#5992));
#1283=EDGE_LOOP('',(#5993,#5994,#5995,#5996));
#1284=EDGE_LOOP('',(#5997,#5998,#5999,#6000));
#1285=EDGE_LOOP('',(#6001,#6002,#6003,#6004,#6005,#6006,#6007,#6008,#6009,
#6010,#6011,#6012));
#1286=EDGE_LOOP('',(#6013,#6014,#6015,#6016));
#1287=EDGE_LOOP('',(#6017,#6018,#6019,#6020));
#1288=EDGE_LOOP('',(#6021,#6022,#6023,#6024));
#1289=EDGE_LOOP('',(#6025,#6026,#6027,#6028));
#1290=EDGE_LOOP('',(#6029,#6030,#6031,#6032));
#1291=EDGE_LOOP('',(#6033,#6034,#6035,#6036));
#1292=EDGE_LOOP('',(#6037,#6038,#6039,#6040));
#1293=EDGE_LOOP('',(#6041,#6042,#6043,#6044));
#1294=EDGE_LOOP('',(#6045,#6046,#6047,#6048));
#1295=EDGE_LOOP('',(#6049,#6050,#6051,#6052));
#1296=EDGE_LOOP('',(#6053,#6054,#6055,#6056));
#1297=EDGE_LOOP('',(#6057,#6058,#6059,#6060));
#1298=EDGE_LOOP('',(#6061,#6062,#6063,#6064));
#1299=EDGE_LOOP('',(#6065,#6066,#6067,#6068));
#1300=EDGE_LOOP('',(#6069,#6070,#6071,#6072));
#1301=EDGE_LOOP('',(#6073,#6074,#6075,#6076));
#1302=EDGE_LOOP('',(#6077,#6078,#6079,#6080));
#1303=EDGE_LOOP('',(#6081,#6082,#6083,#6084));
#1304=EDGE_LOOP('',(#6085,#6086,#6087,#6088));
#1305=EDGE_LOOP('',(#6089,#6090,#6091,#6092));
#1306=EDGE_LOOP('',(#6093,#6094,#6095,#6096));
#1307=EDGE_LOOP('',(#6097,#6098,#6099,#6100,#6101,#6102,#6103,#6104,#6105));
#1308=EDGE_LOOP('',(#6106,#6107,#6108,#6109,#6110,#6111,#6112));
#1309=EDGE_LOOP('',(#6113,#6114,#6115,#6116));
#1310=EDGE_LOOP('',(#6117,#6118,#6119,#6120));
#1311=EDGE_LOOP('',(#6121,#6122,#6123,#6124));
#1312=EDGE_LOOP('',(#6125,#6126,#6127,#6128));
#1313=EDGE_LOOP('',(#6129,#6130,#6131,#6132));
#1314=EDGE_LOOP('',(#6133,#6134,#6135,#6136));
#1315=EDGE_LOOP('',(#6137,#6138,#6139,#6140));
#1316=EDGE_LOOP('',(#6141,#6142,#6143,#6144,#6145,#6146,#6147));
#1317=EDGE_LOOP('',(#6148,#6149,#6150,#6151));
#1318=EDGE_LOOP('',(#6152,#6153,#6154,#6155));
#1319=EDGE_LOOP('',(#6156,#6157,#6158,#6159));
#1320=EDGE_LOOP('',(#6160,#6161,#6162,#6163));
#1321=EDGE_LOOP('',(#6164,#6165,#6166,#6167));
#1322=EDGE_LOOP('',(#6168,#6169,#6170,#6171));
#1323=EDGE_LOOP('',(#6172,#6173,#6174,#6175));
#1324=EDGE_LOOP('',(#6176,#6177,#6178,#6179,#6180,#6181,#6182));
#1325=EDGE_LOOP('',(#6183,#6184,#6185,#6186,#6187));
#1326=EDGE_LOOP('',(#6188,#6189,#6190,#6191,#6192));
#1327=EDGE_LOOP('',(#6193,#6194,#6195,#6196,#6197,#6198,#6199,#6200,#6201,
#6202));
#1328=EDGE_LOOP('',(#6203));
#1329=EDGE_LOOP('',(#6204,#6205,#6206,#6207,#6208,#6209,#6210,#6211,#6212,
#6213,#6214,#6215,#6216,#6217,#6218,#6219,#6220,#6221,#6222,#6223,#6224,
#6225,#6226,#6227,#6228,#6229,#6230,#6231,#6232,#6233,#6234,#6235,#6236,
#6237,#6238,#6239));
#1330=EDGE_LOOP('',(#6240,#6241,#6242,#6243));
#1331=EDGE_LOOP('',(#6244,#6245,#6246,#6247));
#1332=EDGE_LOOP('',(#6248,#6249,#6250,#6251));
#1333=EDGE_LOOP('',(#6252,#6253,#6254,#6255));
#1334=EDGE_LOOP('',(#6256,#6257,#6258,#6259));
#1335=EDGE_LOOP('',(#6260,#6261,#6262,#6263));
#1336=EDGE_LOOP('',(#6264,#6265,#6266,#6267));
#1337=EDGE_LOOP('',(#6268,#6269,#6270,#6271));
#1338=EDGE_LOOP('',(#6272,#6273,#6274,#6275));
#1339=EDGE_LOOP('',(#6276,#6277,#6278,#6279));
#1340=EDGE_LOOP('',(#6280,#6281,#6282,#6283));
#1341=EDGE_LOOP('',(#6284,#6285,#6286,#6287));
#1342=EDGE_LOOP('',(#6288,#6289,#6290,#6291));
#1343=EDGE_LOOP('',(#6292,#6293,#6294,#6295,#6296,#6297,#6298,#6299,#6300,
#6301,#6302,#6303));
#1344=EDGE_LOOP('',(#6304,#6305,#6306,#6307));
#1345=EDGE_LOOP('',(#6308,#6309,#6310,#6311));
#1346=EDGE_LOOP('',(#6312,#6313,#6314,#6315));
#1347=EDGE_LOOP('',(#6316,#6317,#6318,#6319));
#1348=EDGE_LOOP('',(#6320,#6321,#6322,#6323));
#1349=EDGE_LOOP('',(#6324,#6325,#6326,#6327));
#1350=EDGE_LOOP('',(#6328,#6329,#6330,#6331));
#1351=EDGE_LOOP('',(#6332,#6333,#6334,#6335));
#1352=EDGE_LOOP('',(#6336,#6337,#6338,#6339));
#1353=EDGE_LOOP('',(#6340,#6341,#6342,#6343));
#1354=EDGE_LOOP('',(#6344,#6345,#6346,#6347));
#1355=EDGE_LOOP('',(#6348,#6349,#6350,#6351));
#1356=EDGE_LOOP('',(#6352,#6353,#6354,#6355));
#1357=EDGE_LOOP('',(#6356,#6357,#6358,#6359));
#1358=EDGE_LOOP('',(#6360,#6361,#6362,#6363));
#1359=EDGE_LOOP('',(#6364,#6365,#6366,#6367,#6368,#6369,#6370,#6371,#6372,
#6373,#6374,#6375));
#1360=EDGE_LOOP('',(#6376,#6377,#6378,#6379));
#1361=EDGE_LOOP('',(#6380,#6381,#6382,#6383));
#1362=EDGE_LOOP('',(#6384,#6385,#6386,#6387));
#1363=EDGE_LOOP('',(#6388,#6389,#6390,#6391));
#1364=EDGE_LOOP('',(#6392,#6393,#6394,#6395));
#1365=EDGE_LOOP('',(#6396,#6397,#6398,#6399));
#1366=EDGE_LOOP('',(#6400,#6401,#6402,#6403));
#1367=EDGE_LOOP('',(#6404,#6405,#6406,#6407));
#1368=EDGE_LOOP('',(#6408,#6409,#6410,#6411));
#1369=EDGE_LOOP('',(#6412,#6413,#6414,#6415));
#1370=EDGE_LOOP('',(#6416,#6417,#6418,#6419));
#1371=EDGE_LOOP('',(#6420,#6421,#6422,#6423));
#1372=EDGE_LOOP('',(#6424,#6425,#6426,#6427));
#1373=EDGE_LOOP('',(#6428,#6429,#6430,#6431));
#1374=EDGE_LOOP('',(#6432,#6433,#6434,#6435));
#1375=EDGE_LOOP('',(#6436,#6437,#6438,#6439,#6440,#6441,#6442,#6443,#6444,
#6445,#6446,#6447));
#1376=EDGE_LOOP('',(#6448,#6449,#6450,#6451));
#1377=EDGE_LOOP('',(#6452,#6453,#6454,#6455));
#1378=EDGE_LOOP('',(#6456,#6457,#6458,#6459));
#1379=EDGE_LOOP('',(#6460,#6461,#6462,#6463));
#1380=EDGE_LOOP('',(#6464,#6465,#6466,#6467));
#1381=EDGE_LOOP('',(#6468,#6469,#6470,#6471));
#1382=EDGE_LOOP('',(#6472,#6473,#6474,#6475));
#1383=EDGE_LOOP('',(#6476,#6477,#6478,#6479));
#1384=EDGE_LOOP('',(#6480,#6481,#6482,#6483));
#1385=EDGE_LOOP('',(#6484,#6485,#6486,#6487));
#1386=EDGE_LOOP('',(#6488,#6489,#6490,#6491));
#1387=EDGE_LOOP('',(#6492,#6493,#6494,#6495));
#1388=EDGE_LOOP('',(#6496,#6497,#6498,#6499));
#1389=EDGE_LOOP('',(#6500,#6501,#6502,#6503));
#1390=EDGE_LOOP('',(#6504,#6505,#6506,#6507));
#1391=EDGE_LOOP('',(#6508,#6509,#6510,#6511,#6512));
#1392=EDGE_LOOP('',(#6513,#6514,#6515,#6516,#6517));
#1393=EDGE_LOOP('',(#6518,#6519,#6520,#6521,#6522,#6523,#6524,#6525,#6526,
#6527));
#1394=EDGE_LOOP('',(#6528));
#1395=EDGE_LOOP('',(#6529,#6530,#6531,#6532,#6533,#6534,#6535,#6536,#6537,
#6538,#6539,#6540,#6541,#6542,#6543,#6544,#6545,#6546,#6547,#6548,#6549,
#6550,#6551,#6552,#6553,#6554,#6555,#6556,#6557,#6558,#6559,#6560,#6561,
#6562,#6563,#6564));
#1396=EDGE_LOOP('',(#6565,#6566,#6567,#6568,#6569,#6570,#6571,#6572,#6573,
#6574,#6575,#6576,#6577,#6578,#6579,#6580,#6581,#6582,#6583,#6584,#6585,
#6586,#6587,#6588,#6589,#6590,#6591,#6592,#6593));
#1397=EDGE_LOOP('',(#6594,#6595,#6596,#6597,#6598,#6599,#6600,#6601,#6602,
#6603,#6604,#6605));
#1398=EDGE_LOOP('',(#6606,#6607,#6608,#6609));
#1399=EDGE_LOOP('',(#6610,#6611,#6612,#6613,#6614,#6615,#6616,#6617,#6618));
#1400=EDGE_LOOP('',(#6619,#6620,#6621,#6622,#6623,#6624,#6625));
#1401=EDGE_LOOP('',(#6626,#6627,#6628,#6629,#6630,#6631,#6632));
#1402=EDGE_LOOP('',(#6633,#6634,#6635,#6636));
#1403=EDGE_LOOP('',(#6637,#6638,#6639,#6640));
#1404=EDGE_LOOP('',(#6641,#6642,#6643,#6644));
#1405=EDGE_LOOP('',(#6645,#6646,#6647,#6648));
#1406=EDGE_LOOP('',(#6649,#6650,#6651,#6652));
#1407=EDGE_LOOP('',(#6653,#6654,#6655,#6656));
#1408=EDGE_LOOP('',(#6657,#6658,#6659,#6660));
#1409=EDGE_LOOP('',(#6661,#6662,#6663,#6664));
#1410=EDGE_LOOP('',(#6665,#6666,#6667,#6668));
#1411=EDGE_LOOP('',(#6669,#6670,#6671,#6672));
#1412=EDGE_LOOP('',(#6673,#6674,#6675,#6676));
#1413=EDGE_LOOP('',(#6677,#6678,#6679,#6680));
#1414=EDGE_LOOP('',(#6681,#6682,#6683,#6684));
#1415=EDGE_LOOP('',(#6685,#6686,#6687,#6688,#6689));
#1416=EDGE_LOOP('',(#6690,#6691,#6692,#6693,#6694,#6695,#6696,#6697));
#1417=EDGE_LOOP('',(#6698));
#1418=EDGE_LOOP('',(#6699));
#1419=EDGE_LOOP('',(#6700,#6701,#6702,#6703,#6704));
#1420=EDGE_LOOP('',(#6705,#6706,#6707,#6708,#6709));
#1421=EDGE_LOOP('',(#6710,#6711,#6712,#6713,#6714));
#1422=EDGE_LOOP('',(#6715,#6716,#6717,#6718,#6719));
#1423=EDGE_LOOP('',(#6720,#6721,#6722,#6723,#6724,#6725,#6726,#6727,#6728,
#6729));
#1424=EDGE_LOOP('',(#6730));
#1425=EDGE_LOOP('',(#6731,#6732,#6733,#6734,#6735));
#1426=EDGE_LOOP('',(#6736,#6737,#6738,#6739));
#1427=EDGE_LOOP('',(#6740,#6741,#6742,#6743));
#1428=EDGE_LOOP('',(#6744,#6745,#6746,#6747));
#1429=EDGE_LOOP('',(#6748,#6749,#6750,#6751));
#1430=EDGE_LOOP('',(#6752,#6753,#6754,#6755));
#1431=EDGE_LOOP('',(#6756,#6757,#6758,#6759));
#1432=EDGE_LOOP('',(#6760,#6761,#6762,#6763));
#1433=EDGE_LOOP('',(#6764,#6765,#6766,#6767));
#1434=EDGE_LOOP('',(#6768,#6769,#6770,#6771));
#1435=EDGE_LOOP('',(#6772,#6773,#6774,#6775));
#1436=EDGE_LOOP('',(#6776,#6777,#6778,#6779,#6780,#6781,#6782,#6783,#6784,
#6785,#6786,#6787,#6788,#6789,#6790,#6791,#6792,#6793,#6794,#6795,#6796,
#6797,#6798,#6799,#6800,#6801,#6802,#6803,#6804,#6805,#6806,#6807,#6808,
#6809,#6810,#6811));
#1437=EDGE_LOOP('',(#6812,#6813,#6814,#6815));
#1438=EDGE_LOOP('',(#6816,#6817,#6818,#6819));
#1439=EDGE_LOOP('',(#6820,#6821,#6822,#6823,#6824,#6825,#6826,#6827,#6828,
#6829,#6830,#6831,#6832));
#1440=EDGE_LOOP('',(#6833,#6834,#6835,#6836,#6837,#6838,#6839,#6840,#6841,
#6842,#6843,#6844,#6845));
#1441=EDGE_LOOP('',(#6846,#6847,#6848,#6849));
#1442=EDGE_LOOP('',(#6850,#6851,#6852,#6853));
#1443=EDGE_LOOP('',(#6854,#6855,#6856,#6857));
#1444=EDGE_LOOP('',(#6858,#6859,#6860,#6861));
#1445=EDGE_LOOP('',(#6862,#6863,#6864,#6865));
#1446=EDGE_LOOP('',(#6866,#6867,#6868,#6869));
#1447=EDGE_LOOP('',(#6870,#6871,#6872,#6873));
#1448=EDGE_LOOP('',(#6874,#6875,#6876,#6877));
#1449=EDGE_LOOP('',(#6878,#6879,#6880,#6881));
#1450=EDGE_LOOP('',(#6882,#6883,#6884,#6885));
#1451=EDGE_LOOP('',(#6886,#6887,#6888,#6889));
#1452=EDGE_LOOP('',(#6890,#6891,#6892,#6893));
#1453=EDGE_LOOP('',(#6894,#6895,#6896,#6897));
#1454=EDGE_LOOP('',(#6898,#6899,#6900,#6901));
#1455=EDGE_LOOP('',(#6902,#6903,#6904,#6905));
#1456=EDGE_LOOP('',(#6906,#6907,#6908,#6909));
#1457=EDGE_LOOP('',(#6910,#6911,#6912,#6913));
#1458=EDGE_LOOP('',(#6914,#6915,#6916,#6917,#6918,#6919,#6920,#6921,#6922,
#6923,#6924,#6925,#6926,#6927,#6928,#6929,#6930,#6931,#6932,#6933,#6934,
#6935,#6936,#6937,#6938,#6939,#6940,#6941,#6942,#6943,#6944,#6945,#6946,
#6947,#6948,#6949));
#1459=EDGE_LOOP('',(#6950,#6951,#6952,#6953,#6954,#6955,#6956,#6957,#6958,
#6959,#6960,#6961));
#1460=EDGE_LOOP('',(#6962,#6963,#6964,#6965));
#1461=EDGE_LOOP('',(#6966,#6967,#6968,#6969));
#1462=EDGE_LOOP('',(#6970,#6971,#6972,#6973));
#1463=EDGE_LOOP('',(#6974,#6975,#6976,#6977));
#1464=EDGE_LOOP('',(#6978,#6979,#6980,#6981));
#1465=EDGE_LOOP('',(#6982,#6983,#6984,#6985));
#1466=EDGE_LOOP('',(#6986,#6987,#6988,#6989));
#1467=EDGE_LOOP('',(#6990,#6991,#6992,#6993));
#1468=EDGE_LOOP('',(#6994,#6995,#6996,#6997));
#1469=EDGE_LOOP('',(#6998,#6999,#7000,#7001));
#1470=EDGE_LOOP('',(#7002,#7003,#7004,#7005));
#1471=EDGE_LOOP('',(#7006,#7007,#7008,#7009));
#1472=EDGE_LOOP('',(#7010,#7011,#7012,#7013));
#1473=EDGE_LOOP('',(#7014,#7015,#7016,#7017));
#1474=EDGE_LOOP('',(#7018,#7019,#7020,#7021));
#1475=EDGE_LOOP('',(#7022,#7023,#7024,#7025,#7026,#7027,#7028,#7029,#7030,
#7031,#7032,#7033));
#1476=EDGE_LOOP('',(#7034,#7035,#7036,#7037));
#1477=EDGE_LOOP('',(#7038,#7039,#7040,#7041));
#1478=EDGE_LOOP('',(#7042,#7043,#7044,#7045));
#1479=EDGE_LOOP('',(#7046,#7047,#7048,#7049));
#1480=EDGE_LOOP('',(#7050,#7051,#7052,#7053));
#1481=EDGE_LOOP('',(#7054,#7055,#7056,#7057));
#1482=EDGE_LOOP('',(#7058,#7059,#7060,#7061));
#1483=EDGE_LOOP('',(#7062,#7063,#7064,#7065));
#1484=EDGE_LOOP('',(#7066,#7067,#7068,#7069));
#1485=EDGE_LOOP('',(#7070,#7071,#7072,#7073));
#1486=EDGE_LOOP('',(#7074,#7075,#7076,#7077));
#1487=EDGE_LOOP('',(#7078,#7079,#7080,#7081));
#1488=EDGE_LOOP('',(#7082,#7083,#7084,#7085));
#1489=EDGE_LOOP('',(#7086,#7087,#7088,#7089));
#1490=EDGE_LOOP('',(#7090,#7091,#7092,#7093));
#1491=EDGE_LOOP('',(#7094,#7095,#7096,#7097,#7098,#7099,#7100,#7101,#7102,
#7103,#7104,#7105));
#1492=EDGE_LOOP('',(#7106,#7107,#7108,#7109,#7110));
#1493=EDGE_LOOP('',(#7111,#7112,#7113,#7114,#7115,#7116,#7117,#7118,#7119,
#7120));
#1494=EDGE_LOOP('',(#7121));
#1495=EDGE_LOOP('',(#7122,#7123,#7124,#7125,#7126));
#1496=EDGE_LOOP('',(#7127,#7128,#7129,#7130));
#1497=EDGE_LOOP('',(#7131,#7132,#7133,#7134));
#1498=EDGE_LOOP('',(#7135,#7136,#7137,#7138));
#1499=EDGE_LOOP('',(#7139,#7140,#7141,#7142));
#1500=EDGE_LOOP('',(#7143,#7144,#7145,#7146));
#1501=EDGE_LOOP('',(#7147,#7148,#7149,#7150));
#1502=EDGE_LOOP('',(#7151,#7152,#7153,#7154));
#1503=EDGE_LOOP('',(#7155,#7156,#7157,#7158));
#1504=EDGE_LOOP('',(#7159,#7160,#7161,#7162));
#1505=EDGE_LOOP('',(#7163,#7164,#7165,#7166));
#1506=EDGE_LOOP('',(#7167,#7168,#7169,#7170));
#1507=EDGE_LOOP('',(#7171,#7172,#7173,#7174));
#1508=EDGE_LOOP('',(#7175,#7176,#7177,#7178));
#1509=EDGE_LOOP('',(#7179,#7180,#7181,#7182));
#1510=EDGE_LOOP('',(#7183,#7184,#7185,#7186));
#1511=EDGE_LOOP('',(#7187,#7188,#7189,#7190));
#1512=EDGE_LOOP('',(#7191,#7192,#7193,#7194));
#1513=EDGE_LOOP('',(#7195,#7196,#7197,#7198));
#1514=EDGE_LOOP('',(#7199,#7200,#7201,#7202,#7203,#7204,#7205,#7206,#7207,
#7208,#7209,#7210,#7211));
#1515=EDGE_LOOP('',(#7212,#7213,#7214,#7215));
#1516=EDGE_LOOP('',(#7216,#7217,#7218,#7219));
#1517=EDGE_LOOP('',(#7220,#7221,#7222,#7223));
#1518=EDGE_LOOP('',(#7224,#7225,#7226,#7227));
#1519=EDGE_LOOP('',(#7228,#7229,#7230,#7231));
#1520=EDGE_LOOP('',(#7232,#7233,#7234,#7235));
#1521=EDGE_LOOP('',(#7236,#7237,#7238,#7239));
#1522=EDGE_LOOP('',(#7240,#7241,#7242,#7243));
#1523=EDGE_LOOP('',(#7244,#7245,#7246,#7247));
#1524=EDGE_LOOP('',(#7248,#7249,#7250,#7251));
#1525=EDGE_LOOP('',(#7252,#7253,#7254,#7255));
#1526=EDGE_LOOP('',(#7256,#7257,#7258,#7259));
#1527=EDGE_LOOP('',(#7260,#7261,#7262,#7263));
#1528=EDGE_LOOP('',(#7264,#7265,#7266,#7267,#7268,#7269,#7270,#7271,#7272,
#7273,#7274,#7275,#7276));
#1529=EDGE_LOOP('',(#7277,#7278,#7279,#7280));
#1530=EDGE_LOOP('',(#7281,#7282,#7283,#7284));
#1531=EDGE_LOOP('',(#7285,#7286,#7287,#7288));
#1532=EDGE_LOOP('',(#7289,#7290,#7291,#7292));
#1533=EDGE_LOOP('',(#7293,#7294,#7295,#7296));
#1534=EDGE_LOOP('',(#7297,#7298,#7299,#7300));
#1535=EDGE_LOOP('',(#7301,#7302,#7303,#7304));
#1536=EDGE_LOOP('',(#7305,#7306,#7307,#7308));
#1537=EDGE_LOOP('',(#7309,#7310,#7311,#7312));
#1538=EDGE_LOOP('',(#7313,#7314,#7315,#7316));
#1539=EDGE_LOOP('',(#7317,#7318,#7319,#7320));
#1540=EDGE_LOOP('',(#7321,#7322,#7323,#7324));
#1541=EDGE_LOOP('',(#7325,#7326,#7327,#7328));
#1542=EDGE_LOOP('',(#7329));
#1543=EDGE_LOOP('',(#7330));
#1544=EDGE_LOOP('',(#7331));
#1545=EDGE_LOOP('',(#7332));
#1546=EDGE_LOOP('',(#7333,#7334,#7335,#7336));
#1547=EDGE_LOOP('',(#7337,#7338,#7339,#7340));
#1548=EDGE_LOOP('',(#7341,#7342,#7343,#7344));
#1549=EDGE_LOOP('',(#7345,#7346,#7347,#7348));
#1550=EDGE_LOOP('',(#7349,#7350,#7351,#7352));
#1551=EDGE_LOOP('',(#7353,#7354,#7355,#7356));
#1552=EDGE_LOOP('',(#7357,#7358,#7359,#7360));
#1553=EDGE_LOOP('',(#7361,#7362,#7363,#7364));
#1554=EDGE_LOOP('',(#7365,#7366,#7367,#7368));
#1555=EDGE_LOOP('',(#7369,#7370,#7371,#7372));
#1556=EDGE_LOOP('',(#7373,#7374,#7375,#7376));
#1557=EDGE_LOOP('',(#7377,#7378,#7379,#7380));
#1558=EDGE_LOOP('',(#7381,#7382,#7383,#7384));
#1559=EDGE_LOOP('',(#7385,#7386,#7387,#7388));
#1560=EDGE_LOOP('',(#7389,#7390,#7391,#7392));
#1561=EDGE_LOOP('',(#7393,#7394,#7395,#7396));
#1562=EDGE_LOOP('',(#7397,#7398,#7399,#7400));
#1563=EDGE_LOOP('',(#7401,#7402,#7403,#7404));
#1564=EDGE_LOOP('',(#7405,#7406,#7407,#7408));
#1565=EDGE_LOOP('',(#7409,#7410,#7411,#7412));
#1566=EDGE_LOOP('',(#7413,#7414,#7415,#7416));
#1567=EDGE_LOOP('',(#7417,#7418,#7419,#7420));
#1568=EDGE_LOOP('',(#7421,#7422,#7423,#7424));
#1569=EDGE_LOOP('',(#7425,#7426,#7427,#7428));
#1570=EDGE_LOOP('',(#7429,#7430,#7431,#7432));
#1571=EDGE_LOOP('',(#7433,#7434,#7435,#7436));
#1572=EDGE_LOOP('',(#7437,#7438,#7439,#7440));
#1573=EDGE_LOOP('',(#7441,#7442,#7443,#7444));
#1574=EDGE_LOOP('',(#7445,#7446,#7447,#7448));
#1575=EDGE_LOOP('',(#7449,#7450,#7451,#7452));
#1576=EDGE_LOOP('',(#7453,#7454,#7455,#7456));
#1577=EDGE_LOOP('',(#7457,#7458,#7459,#7460));
#1578=EDGE_LOOP('',(#7461,#7462,#7463,#7464));
#1579=EDGE_LOOP('',(#7465,#7466,#7467,#7468));
#1580=EDGE_LOOP('',(#7469,#7470,#7471,#7472));
#1581=EDGE_LOOP('',(#7473,#7474,#7475,#7476));
#1582=EDGE_LOOP('',(#7477,#7478,#7479,#7480));
#1583=EDGE_LOOP('',(#7481,#7482,#7483,#7484));
#1584=EDGE_LOOP('',(#7485,#7486,#7487,#7488));
#1585=EDGE_LOOP('',(#7489,#7490,#7491,#7492));
#1586=EDGE_LOOP('',(#7493,#7494,#7495,#7496));
#1587=EDGE_LOOP('',(#7497,#7498,#7499,#7500));
#1588=EDGE_LOOP('',(#7501,#7502,#7503,#7504));
#1589=EDGE_LOOP('',(#7505,#7506,#7507,#7508));
#1590=EDGE_LOOP('',(#7509,#7510,#7511,#7512));
#1591=EDGE_LOOP('',(#7513,#7514,#7515,#7516));
#1592=EDGE_LOOP('',(#7517,#7518,#7519,#7520));
#1593=EDGE_LOOP('',(#7521,#7522,#7523,#7524));
#1594=EDGE_LOOP('',(#7525,#7526,#7527,#7528));
#1595=EDGE_LOOP('',(#7529,#7530,#7531,#7532));
#1596=EDGE_LOOP('',(#7533,#7534,#7535,#7536));
#1597=EDGE_LOOP('',(#7537,#7538,#7539,#7540));
#1598=EDGE_LOOP('',(#7541,#7542,#7543,#7544));
#1599=EDGE_LOOP('',(#7545,#7546,#7547,#7548));
#1600=EDGE_LOOP('',(#7549,#7550,#7551,#7552));
#1601=EDGE_LOOP('',(#7553,#7554,#7555,#7556));
#1602=EDGE_LOOP('',(#7557,#7558,#7559,#7560));
#1603=EDGE_LOOP('',(#7561,#7562,#7563,#7564));
#1604=EDGE_LOOP('',(#7565,#7566,#7567,#7568));
#1605=LINE('',#11012,#2319);
#1606=LINE('',#11016,#2320);
#1607=LINE('',#11020,#2321);
#1608=LINE('',#11024,#2322);
#1609=LINE('',#11028,#2323);
#1610=LINE('',#11031,#2324);
#1611=LINE('',#11034,#2325);
#1612=LINE('',#11037,#2326);
#1613=LINE('',#11040,#2327);
#1614=LINE('',#11041,#2328);
#1615=LINE('',#11046,#2329);
#1616=LINE('',#11047,#2330);
#1617=LINE('',#11049,#2331);
#1618=LINE('',#11052,#2332);
#1619=LINE('',#11056,#2333);
#1620=LINE('',#11060,#2334);
#1621=LINE('',#11064,#2335);
#1622=LINE('',#11067,#2336);
#1623=LINE('',#11068,#2337);
#1624=LINE('',#11070,#2338);
#1625=LINE('',#11072,#2339);
#1626=LINE('',#11074,#2340);
#1627=LINE('',#11076,#2341);
#1628=LINE('',#11079,#2342);
#1629=LINE('',#11094,#2343);
#1630=LINE('',#11095,#2344);
#1631=LINE('',#11099,#2345);
#1632=LINE('',#11103,#2346);
#1633=LINE('',#11113,#2347);
#1634=LINE('',#11117,#2348);
#1635=LINE('',#11121,#2349);
#1636=LINE('',#11125,#2350);
#1637=LINE('',#11129,#2351);
#1638=LINE('',#11132,#2352);
#1639=LINE('',#11137,#2353);
#1640=LINE('',#11138,#2354);
#1641=LINE('',#11141,#2355);
#1642=LINE('',#11142,#2356);
#1643=LINE('',#11145,#2357);
#1644=LINE('',#11149,#2358);
#1645=LINE('',#11153,#2359);
#1646=LINE('',#11157,#2360);
#1647=LINE('',#11161,#2361);
#1648=LINE('',#11164,#2362);
#1649=LINE('',#11165,#2363);
#1650=LINE('',#11167,#2364);
#1651=LINE('',#11169,#2365);
#1652=LINE('',#11171,#2366);
#1653=LINE('',#11173,#2367);
#1654=LINE('',#11175,#2368);
#1655=LINE('',#11176,#2369);
#1656=LINE('',#11179,#2370);
#1657=LINE('',#11195,#2371);
#1658=LINE('',#11196,#2372);
#1659=LINE('',#11200,#2373);
#1660=LINE('',#11204,#2374);
#1661=LINE('',#11221,#2375);
#1662=LINE('',#11222,#2376);
#1663=LINE('',#11226,#2377);
#1664=LINE('',#11230,#2378);
#1665=LINE('',#11245,#2379);
#1666=LINE('',#11248,#2380);
#1667=LINE('',#11252,#2381);
#1668=LINE('',#11256,#2382);
#1669=LINE('',#11266,#2383);
#1670=LINE('',#11272,#2384);
#1671=LINE('',#11276,#2385);
#1672=LINE('',#11280,#2386);
#1673=LINE('',#11286,#2387);
#1674=LINE('',#11289,#2388);
#1675=LINE('',#11292,#2389);
#1676=LINE('',#11295,#2390);
#1677=LINE('',#11298,#2391);
#1678=LINE('',#11299,#2392);
#1679=LINE('',#11302,#2393);
#1680=LINE('',#11305,#2394);
#1681=LINE('',#11325,#2395);
#1682=LINE('',#11331,#2396);
#1683=LINE('',#11332,#2397);
#1684=LINE('',#11335,#2398);
#1685=LINE('',#11340,#2399);
#1686=LINE('',#11343,#2400);
#1687=LINE('',#11345,#2401);
#1688=LINE('',#11348,#2402);
#1689=LINE('',#11350,#2403);
#1690=LINE('',#11352,#2404);
#1691=LINE('',#11354,#2405);
#1692=LINE('',#11355,#2406);
#1693=LINE('',#11358,#2407);
#1694=LINE('',#11377,#2408);
#1695=LINE('',#11557,#2409);
#1696=LINE('',#11593,#2410);
#1697=LINE('',#11654,#2411);
#1698=LINE('',#11669,#2412);
#1699=LINE('',#11671,#2413);
#1700=LINE('',#11673,#2414);
#1701=LINE('',#11674,#2415);
#1702=LINE('',#11678,#2416);
#1703=LINE('',#11680,#2417);
#1704=LINE('',#11682,#2418);
#1705=LINE('',#11683,#2419);
#1706=LINE('',#11685,#2420);
#1707=LINE('',#11686,#2421);
#1708=LINE('',#11690,#2422);
#1709=LINE('',#11692,#2423);
#1710=LINE('',#11694,#2424);
#1711=LINE('',#11695,#2425);
#1712=LINE('',#11699,#2426);
#1713=LINE('',#11701,#2427);
#1714=LINE('',#11703,#2428);
#1715=LINE('',#11704,#2429);
#1716=LINE('',#11706,#2430);
#1717=LINE('',#11707,#2431);
#1718=LINE('',#11711,#2432);
#1719=LINE('',#11713,#2433);
#1720=LINE('',#11715,#2434);
#1721=LINE('',#11716,#2435);
#1722=LINE('',#11720,#2436);
#1723=LINE('',#11722,#2437);
#1724=LINE('',#11724,#2438);
#1725=LINE('',#11725,#2439);
#1726=LINE('',#11727,#2440);
#1727=LINE('',#11728,#2441);
#1728=LINE('',#11732,#2442);
#1729=LINE('',#11734,#2443);
#1730=LINE('',#11736,#2444);
#1731=LINE('',#11737,#2445);
#1732=LINE('',#11741,#2446);
#1733=LINE('',#11743,#2447);
#1734=LINE('',#11745,#2448);
#1735=LINE('',#11746,#2449);
#1736=LINE('',#11748,#2450);
#1737=LINE('',#11749,#2451);
#1738=LINE('',#11755,#2452);
#1739=LINE('',#11758,#2453);
#1740=LINE('',#11761,#2454);
#1741=LINE('',#11763,#2455);
#1742=LINE('',#11764,#2456);
#1743=LINE('',#11769,#2457);
#1744=LINE('',#11773,#2458);
#1745=LINE('',#11775,#2459);
#1746=LINE('',#11779,#2460);
#1747=LINE('',#11780,#2461);
#1748=LINE('',#11783,#2462);
#1749=LINE('',#11787,#2463);
#1750=LINE('',#11789,#2464);
#1751=LINE('',#11790,#2465);
#1752=LINE('',#11795,#2466);
#1753=LINE('',#11799,#2467);
#1754=LINE('',#11801,#2468);
#1755=LINE('',#11802,#2469);
#1756=LINE('',#11807,#2470);
#1757=LINE('',#11810,#2471);
#1758=LINE('',#11811,#2472);
#1759=LINE('',#11816,#2473);
#1760=LINE('',#11817,#2474);
#1761=LINE('',#11820,#2475);
#1762=LINE('',#11821,#2476);
#1763=LINE('',#11825,#2477);
#1764=LINE('',#11830,#2478);
#1765=LINE('',#11837,#2479);
#1766=LINE('',#11840,#2480);
#1767=LINE('',#11844,#2481);
#1768=LINE('',#11851,#2482);
#1769=LINE('',#11854,#2483);
#1770=LINE('',#11858,#2484);
#1771=LINE('',#11865,#2485);
#1772=LINE('',#11868,#2486);
#1773=LINE('',#11872,#2487);
#1774=LINE('',#11879,#2488);
#1775=LINE('',#11892,#2489);
#1776=LINE('',#11896,#2490);
#1777=LINE('',#11903,#2491);
#1778=LINE('',#11906,#2492);
#1779=LINE('',#11910,#2493);
#1780=LINE('',#11917,#2494);
#1781=LINE('',#11920,#2495);
#1782=LINE('',#11924,#2496);
#1783=LINE('',#11931,#2497);
#1784=LINE('',#11934,#2498);
#1785=LINE('',#11938,#2499);
#1786=LINE('',#11945,#2500);
#1787=LINE('',#11948,#2501);
#1788=LINE('',#11961,#2502);
#1789=LINE('',#11983,#2503);
#1790=LINE('',#11995,#2504);
#1791=LINE('',#12008,#2505);
#1792=LINE('',#12010,#2506);
#1793=LINE('',#12012,#2507);
#1794=LINE('',#12054,#2508);
#1795=LINE('',#12061,#2509);
#1796=LINE('',#12064,#2510);
#1797=LINE('',#12066,#2511);
#1798=LINE('',#12067,#2512);
#1799=LINE('',#12085,#2513);
#1800=LINE('',#12108,#2514);
#1801=LINE('',#12131,#2515);
#1802=LINE('',#12154,#2516);
#1803=LINE('',#12177,#2517);
#1804=LINE('',#12200,#2518);
#1805=LINE('',#12223,#2519);
#1806=LINE('',#12246,#2520);
#1807=LINE('',#12269,#2521);
#1808=LINE('',#12292,#2522);
#1809=LINE('',#12315,#2523);
#1810=LINE('',#12338,#2524);
#1811=LINE('',#12361,#2525);
#1812=LINE('',#12369,#2526);
#1813=LINE('',#12371,#2527);
#1814=LINE('',#12372,#2528);
#1815=LINE('',#12390,#2529);
#1816=LINE('',#12413,#2530);
#1817=LINE('',#12436,#2531);
#1818=LINE('',#12459,#2532);
#1819=LINE('',#12482,#2533);
#1820=LINE('',#12505,#2534);
#1821=LINE('',#12528,#2535);
#1822=LINE('',#12551,#2536);
#1823=LINE('',#12574,#2537);
#1824=LINE('',#12597,#2538);
#1825=LINE('',#12620,#2539);
#1826=LINE('',#12643,#2540);
#1827=LINE('',#12673,#2541);
#1828=LINE('',#12675,#2542);
#1829=LINE('',#12677,#2543);
#1830=LINE('',#12678,#2544);
#1831=LINE('',#12681,#2545);
#1832=LINE('',#12683,#2546);
#1833=LINE('',#12684,#2547);
#1834=LINE('',#12687,#2548);
#1835=LINE('',#12689,#2549);
#1836=LINE('',#12690,#2550);
#1837=LINE('',#12693,#2551);
#1838=LINE('',#12695,#2552);
#1839=LINE('',#12696,#2553);
#1840=LINE('',#12699,#2554);
#1841=LINE('',#12701,#2555);
#1842=LINE('',#12702,#2556);
#1843=LINE('',#12705,#2557);
#1844=LINE('',#12707,#2558);
#1845=LINE('',#12708,#2559);
#1846=LINE('',#12711,#2560);
#1847=LINE('',#12713,#2561);
#1848=LINE('',#12714,#2562);
#1849=LINE('',#12717,#2563);
#1850=LINE('',#12719,#2564);
#1851=LINE('',#12720,#2565);
#1852=LINE('',#12723,#2566);
#1853=LINE('',#12725,#2567);
#1854=LINE('',#12726,#2568);
#1855=LINE('',#12729,#2569);
#1856=LINE('',#12731,#2570);
#1857=LINE('',#12732,#2571);
#1858=LINE('',#12735,#2572);
#1859=LINE('',#12737,#2573);
#1860=LINE('',#12738,#2574);
#1861=LINE('',#12740,#2575);
#1862=LINE('',#12741,#2576);
#1863=LINE('',#12746,#2577);
#1864=LINE('',#12748,#2578);
#1865=LINE('',#12750,#2579);
#1866=LINE('',#12751,#2580);
#1867=LINE('',#12754,#2581);
#1868=LINE('',#12756,#2582);
#1869=LINE('',#12757,#2583);
#1870=LINE('',#12760,#2584);
#1871=LINE('',#12762,#2585);
#1872=LINE('',#12763,#2586);
#1873=LINE('',#12765,#2587);
#1874=LINE('',#12766,#2588);
#1875=LINE('',#12771,#2589);
#1876=LINE('',#12772,#2590);
#1877=LINE('',#12773,#2591);
#1878=LINE('',#12776,#2592);
#1879=LINE('',#12777,#2593);
#1880=LINE('',#12794,#2594);
#1881=LINE('',#12811,#2595);
#1882=LINE('',#12828,#2596);
#1883=LINE('',#12845,#2597);
#1884=LINE('',#12847,#2598);
#1885=LINE('',#12851,#2599);
#1886=LINE('',#12853,#2600);
#1887=LINE('',#12855,#2601);
#1888=LINE('',#12856,#2602);
#1889=LINE('',#12859,#2603);
#1890=LINE('',#12861,#2604);
#1891=LINE('',#12862,#2605);
#1892=LINE('',#12880,#2606);
#1893=LINE('',#12903,#2607);
#1894=LINE('',#12926,#2608);
#1895=LINE('',#12949,#2609);
#1896=LINE('',#12957,#2610);
#1897=LINE('',#12959,#2611);
#1898=LINE('',#12960,#2612);
#1899=LINE('',#12963,#2613);
#1900=LINE('',#12965,#2614);
#1901=LINE('',#12966,#2615);
#1902=LINE('',#12968,#2616);
#1903=LINE('',#12969,#2617);
#1904=LINE('',#12974,#2618);
#1905=LINE('',#12976,#2619);
#1906=LINE('',#12978,#2620);
#1907=LINE('',#12979,#2621);
#1908=LINE('',#12982,#2622);
#1909=LINE('',#12984,#2623);
#1910=LINE('',#12985,#2624);
#1911=LINE('',#12988,#2625);
#1912=LINE('',#12990,#2626);
#1913=LINE('',#12991,#2627);
#1914=LINE('',#12994,#2628);
#1915=LINE('',#12996,#2629);
#1916=LINE('',#12997,#2630);
#1917=LINE('',#13000,#2631);
#1918=LINE('',#13002,#2632);
#1919=LINE('',#13003,#2633);
#1920=LINE('',#13006,#2634);
#1921=LINE('',#13008,#2635);
#1922=LINE('',#13009,#2636);
#1923=LINE('',#13011,#2637);
#1924=LINE('',#13012,#2638);
#1925=LINE('',#13017,#2639);
#1926=LINE('',#13019,#2640);
#1927=LINE('',#13021,#2641);
#1928=LINE('',#13022,#2642);
#1929=LINE('',#13025,#2643);
#1930=LINE('',#13027,#2644);
#1931=LINE('',#13028,#2645);
#1932=LINE('',#13031,#2646);
#1933=LINE('',#13033,#2647);
#1934=LINE('',#13034,#2648);
#1935=LINE('',#13037,#2649);
#1936=LINE('',#13039,#2650);
#1937=LINE('',#13040,#2651);
#1938=LINE('',#13043,#2652);
#1939=LINE('',#13045,#2653);
#1940=LINE('',#13046,#2654);
#1941=LINE('',#13049,#2655);
#1942=LINE('',#13051,#2656);
#1943=LINE('',#13052,#2657);
#1944=LINE('',#13054,#2658);
#1945=LINE('',#13055,#2659);
#1946=LINE('',#13059,#2660);
#1947=LINE('',#13065,#2661);
#1948=LINE('',#13070,#2662);
#1949=LINE('',#13083,#2663);
#1950=LINE('',#13096,#2664);
#1951=LINE('',#13100,#2665);
#1952=LINE('',#13116,#2666);
#1953=LINE('',#13129,#2667);
#1954=LINE('',#13142,#2668);
#1955=LINE('',#13156,#2669);
#1956=LINE('',#13157,#2670);
#1957=LINE('',#13168,#2671);
#1958=LINE('',#13194,#2672);
#1959=LINE('',#13200,#2673);
#1960=LINE('',#13217,#2674);
#1961=LINE('',#13218,#2675);
#1962=LINE('',#13220,#2676);
#1963=LINE('',#13221,#2677);
#1964=LINE('',#13223,#2678);
#1965=LINE('',#13225,#2679);
#1966=LINE('',#13227,#2680);
#1967=LINE('',#13249,#2681);
#1968=LINE('',#13251,#2682);
#1969=LINE('',#13275,#2683);
#1970=LINE('',#13288,#2684);
#1971=LINE('',#13301,#2685);
#1972=LINE('',#13314,#2686);
#1973=LINE('',#13337,#2687);
#1974=LINE('',#13361,#2688);
#1975=LINE('',#13367,#2689);
#1976=LINE('',#13385,#2690);
#1977=LINE('',#13390,#2691);
#1978=LINE('',#13392,#2692);
#1979=LINE('',#13409,#2693);
#1980=LINE('',#13410,#2694);
#1981=LINE('',#13431,#2695);
#1982=LINE('',#13433,#2696);
#1983=LINE('',#13470,#2697);
#1984=LINE('',#13471,#2698);
#1985=LINE('',#13493,#2699);
#1986=LINE('',#13495,#2700);
#1987=LINE('',#13519,#2701);
#1988=LINE('',#13532,#2702);
#1989=LINE('',#13545,#2703);
#1990=LINE('',#13558,#2704);
#1991=LINE('',#13581,#2705);
#1992=LINE('',#13605,#2706);
#1993=LINE('',#13611,#2707);
#1994=LINE('',#13629,#2708);
#1995=LINE('',#13634,#2709);
#1996=LINE('',#13636,#2710);
#1997=LINE('',#13653,#2711);
#1998=LINE('',#13654,#2712);
#1999=LINE('',#13675,#2713);
#2000=LINE('',#13677,#2714);
#2001=LINE('',#13714,#2715);
#2002=LINE('',#13715,#2716);
#2003=LINE('',#13737,#2717);
#2004=LINE('',#13739,#2718);
#2005=LINE('',#13763,#2719);
#2006=LINE('',#13776,#2720);
#2007=LINE('',#13789,#2721);
#2008=LINE('',#13802,#2722);
#2009=LINE('',#13825,#2723);
#2010=LINE('',#13849,#2724);
#2011=LINE('',#13855,#2725);
#2012=LINE('',#13873,#2726);
#2013=LINE('',#13878,#2727);
#2014=LINE('',#13880,#2728);
#2015=LINE('',#13897,#2729);
#2016=LINE('',#13898,#2730);
#2017=LINE('',#13919,#2731);
#2018=LINE('',#13921,#2732);
#2019=LINE('',#13958,#2733);
#2020=LINE('',#13959,#2734);
#2021=LINE('',#13962,#2735);
#2022=LINE('',#13963,#2736);
#2023=LINE('',#14006,#2737);
#2024=LINE('',#14012,#2738);
#2025=LINE('',#14017,#2739);
#2026=LINE('',#14030,#2740);
#2027=LINE('',#14043,#2741);
#2028=LINE('',#14047,#2742);
#2029=LINE('',#14056,#2743);
#2030=LINE('',#14068,#2744);
#2031=LINE('',#14092,#2745);
#2032=LINE('',#14093,#2746);
#2033=LINE('',#14110,#2747);
#2034=LINE('',#14111,#2748);
#2035=LINE('',#14113,#2749);
#2036=LINE('',#14115,#2750);
#2037=LINE('',#14117,#2751);
#2038=LINE('',#14119,#2752);
#2039=LINE('',#14141,#2753);
#2040=LINE('',#14143,#2754);
#2041=LINE('',#14170,#2755);
#2042=LINE('',#14177,#2756);
#2043=LINE('',#14181,#2757);
#2044=LINE('',#14185,#2758);
#2045=LINE('',#14189,#2759);
#2046=LINE('',#14196,#2760);
#2047=LINE('',#14199,#2761);
#2048=LINE('',#14206,#2762);
#2049=LINE('',#14211,#2763);
#2050=LINE('',#14218,#2764);
#2051=LINE('',#14222,#2765);
#2052=LINE('',#14226,#2766);
#2053=LINE('',#14239,#2767);
#2054=LINE('',#14252,#2768);
#2055=LINE('',#14275,#2769);
#2056=LINE('',#14282,#2770);
#2057=LINE('',#14285,#2771);
#2058=LINE('',#14286,#2772);
#2059=LINE('',#14308,#2773);
#2060=LINE('',#14316,#2774);
#2061=LINE('',#14318,#2775);
#2062=LINE('',#14319,#2776);
#2063=LINE('',#14322,#2777);
#2064=LINE('',#14326,#2778);
#2065=LINE('',#14327,#2779);
#2066=LINE('',#14330,#2780);
#2067=LINE('',#14334,#2781);
#2068=LINE('',#14335,#2782);
#2069=LINE('',#14378,#2783);
#2070=LINE('',#14380,#2784);
#2071=LINE('',#14382,#2785);
#2072=LINE('',#14384,#2786);
#2073=LINE('',#14393,#2787);
#2074=LINE('',#14395,#2788);
#2075=LINE('',#14397,#2789);
#2076=LINE('',#14406,#2790);
#2077=LINE('',#14415,#2791);
#2078=LINE('',#14417,#2792);
#2079=LINE('',#14419,#2793);
#2080=LINE('',#14428,#2794);
#2081=LINE('',#14437,#2795);
#2082=LINE('',#14439,#2796);
#2083=LINE('',#14441,#2797);
#2084=LINE('',#14450,#2798);
#2085=LINE('',#14459,#2799);
#2086=LINE('',#14461,#2800);
#2087=LINE('',#14463,#2801);
#2088=LINE('',#14467,#2802);
#2089=LINE('',#14471,#2803);
#2090=LINE('',#14472,#2804);
#2091=LINE('',#14475,#2805);
#2092=LINE('',#14477,#2806);
#2093=LINE('',#14479,#2807);
#2094=LINE('',#14481,#2808);
#2095=LINE('',#14483,#2809);
#2096=LINE('',#14485,#2810);
#2097=LINE('',#14487,#2811);
#2098=LINE('',#14489,#2812);
#2099=LINE('',#14491,#2813);
#2100=LINE('',#14493,#2814);
#2101=LINE('',#14495,#2815);
#2102=LINE('',#14497,#2816);
#2103=LINE('',#14498,#2817);
#2104=LINE('',#14501,#2818);
#2105=LINE('',#14503,#2819);
#2106=LINE('',#14505,#2820);
#2107=LINE('',#14507,#2821);
#2108=LINE('',#14509,#2822);
#2109=LINE('',#14511,#2823);
#2110=LINE('',#14513,#2824);
#2111=LINE('',#14515,#2825);
#2112=LINE('',#14517,#2826);
#2113=LINE('',#14519,#2827);
#2114=LINE('',#14521,#2828);
#2115=LINE('',#14523,#2829);
#2116=LINE('',#14524,#2830);
#2117=LINE('',#14542,#2831);
#2118=LINE('',#14556,#2832);
#2119=LINE('',#14559,#2833);
#2120=LINE('',#14583,#2834);
#2121=LINE('',#14591,#2835);
#2122=LINE('',#14618,#2836);
#2123=LINE('',#14626,#2837);
#2124=LINE('',#14633,#2838);
#2125=LINE('',#14634,#2839);
#2126=LINE('',#14637,#2840);
#2127=LINE('',#14639,#2841);
#2128=LINE('',#14640,#2842);
#2129=LINE('',#14682,#2843);
#2130=LINE('',#14690,#2844);
#2131=LINE('',#14699,#2845);
#2132=LINE('',#14700,#2846);
#2133=LINE('',#14701,#2847);
#2134=LINE('',#14724,#2848);
#2135=LINE('',#14758,#2849);
#2136=LINE('',#14760,#2850);
#2137=LINE('',#14762,#2851);
#2138=LINE('',#14763,#2852);
#2139=LINE('',#14819,#2853);
#2140=LINE('',#14828,#2854);
#2141=LINE('',#14830,#2855);
#2142=LINE('',#14831,#2856);
#2143=LINE('',#14835,#2857);
#2144=LINE('',#14837,#2858);
#2145=LINE('',#14839,#2859);
#2146=LINE('',#14848,#2860);
#2147=LINE('',#14857,#2861);
#2148=LINE('',#14859,#2862);
#2149=LINE('',#14861,#2863);
#2150=LINE('',#14870,#2864);
#2151=LINE('',#14879,#2865);
#2152=LINE('',#14881,#2866);
#2153=LINE('',#14883,#2867);
#2154=LINE('',#14892,#2868);
#2155=LINE('',#14894,#2869);
#2156=LINE('',#14895,#2870);
#2157=LINE('',#14918,#2871);
#2158=LINE('',#14926,#2872);
#2159=LINE('',#14935,#2873);
#2160=LINE('',#14936,#2874);
#2161=LINE('',#14937,#2875);
#2162=LINE('',#14959,#2876);
#2163=LINE('',#14972,#2877);
#2164=LINE('',#14974,#2878);
#2165=LINE('',#14975,#2879);
#2166=LINE('',#15017,#2880);
#2167=LINE('',#15025,#2881);
#2168=LINE('',#15034,#2882);
#2169=LINE('',#15035,#2883);
#2170=LINE('',#15036,#2884);
#2171=LINE('',#15058,#2885);
#2172=LINE('',#15091,#2886);
#2173=LINE('',#15093,#2887);
#2174=LINE('',#15094,#2888);
#2175=LINE('',#15142,#2889);
#2176=LINE('',#15167,#2890);
#2177=LINE('',#15175,#2891);
#2178=LINE('',#15184,#2892);
#2179=LINE('',#15185,#2893);
#2180=LINE('',#15186,#2894);
#2181=LINE('',#15208,#2895);
#2182=LINE('',#15221,#2896);
#2183=LINE('',#15223,#2897);
#2184=LINE('',#15224,#2898);
#2185=LINE('',#15266,#2899);
#2186=LINE('',#15274,#2900);
#2187=LINE('',#15283,#2901);
#2188=LINE('',#15284,#2902);
#2189=LINE('',#15285,#2903);
#2190=LINE('',#15307,#2904);
#2191=LINE('',#15340,#2905);
#2192=LINE('',#15342,#2906);
#2193=LINE('',#15343,#2907);
#2194=LINE('',#15391,#2908);
#2195=LINE('',#15399,#2909);
#2196=LINE('',#15406,#2910);
#2197=LINE('',#15410,#2911);
#2198=LINE('',#15414,#2912);
#2199=LINE('',#15427,#2913);
#2200=LINE('',#15440,#2914);
#2201=LINE('',#15462,#2915);
#2202=LINE('',#15469,#2916);
#2203=LINE('',#15472,#2917);
#2204=LINE('',#15473,#2918);
#2205=LINE('',#15494,#2919);
#2206=LINE('',#15501,#2920);
#2207=LINE('',#15502,#2921);
#2208=LINE('',#15505,#2922);
#2209=LINE('',#15509,#2923);
#2210=LINE('',#15510,#2924);
#2211=LINE('',#15512,#2925);
#2212=LINE('',#15515,#2926);
#2213=LINE('',#15550,#2927);
#2214=LINE('',#15554,#2928);
#2215=LINE('',#15555,#2929);
#2216=LINE('',#15576,#2930);
#2217=LINE('',#15590,#2931);
#2218=LINE('',#15619,#2932);
#2219=LINE('',#15620,#2933);
#2220=LINE('',#15622,#2934);
#2221=LINE('',#15647,#2935);
#2222=LINE('',#15652,#2936);
#2223=LINE('',#15654,#2937);
#2224=LINE('',#15656,#2938);
#2225=LINE('',#15658,#2939);
#2226=LINE('',#15660,#2940);
#2227=LINE('',#15662,#2941);
#2228=LINE('',#15664,#2942);
#2229=LINE('',#15666,#2943);
#2230=LINE('',#15668,#2944);
#2231=LINE('',#15670,#2945);
#2232=LINE('',#15672,#2946);
#2233=LINE('',#15674,#2947);
#2234=LINE('',#15675,#2948);
#2235=LINE('',#15677,#2949);
#2236=LINE('',#15678,#2950);
#2237=LINE('',#15680,#2951);
#2238=LINE('',#15682,#2952);
#2239=LINE('',#15684,#2953);
#2240=LINE('',#15686,#2954);
#2241=LINE('',#15688,#2955);
#2242=LINE('',#15690,#2956);
#2243=LINE('',#15692,#2957);
#2244=LINE('',#15694,#2958);
#2245=LINE('',#15696,#2959);
#2246=LINE('',#15698,#2960);
#2247=LINE('',#15700,#2961);
#2248=LINE('',#15705,#2962);
#2249=LINE('',#15707,#2963);
#2250=LINE('',#15709,#2964);
#2251=LINE('',#15711,#2965);
#2252=LINE('',#15713,#2966);
#2253=LINE('',#15715,#2967);
#2254=LINE('',#15717,#2968);
#2255=LINE('',#15719,#2969);
#2256=LINE('',#15721,#2970);
#2257=LINE('',#15723,#2971);
#2258=LINE('',#15725,#2972);
#2259=LINE('',#15727,#2973);
#2260=LINE('',#15728,#2974);
#2261=LINE('',#15730,#2975);
#2262=LINE('',#15731,#2976);
#2263=LINE('',#15733,#2977);
#2264=LINE('',#15735,#2978);
#2265=LINE('',#15737,#2979);
#2266=LINE('',#15739,#2980);
#2267=LINE('',#15741,#2981);
#2268=LINE('',#15743,#2982);
#2269=LINE('',#15745,#2983);
#2270=LINE('',#15747,#2984);
#2271=LINE('',#15749,#2985);
#2272=LINE('',#15751,#2986);
#2273=LINE('',#15753,#2987);
#2274=LINE('',#15758,#2988);
#2275=LINE('',#15759,#2989);
#2276=LINE('',#15761,#2990);
#2277=LINE('',#15763,#2991);
#2278=LINE('',#15765,#2992);
#2279=LINE('',#15767,#2993);
#2280=LINE('',#15769,#2994);
#2281=LINE('',#15771,#2995);
#2282=LINE('',#15777,#2996);
#2283=LINE('',#15782,#2997);
#2284=LINE('',#15788,#2998);
#2285=LINE('',#15792,#2999);
#2286=LINE('',#15796,#3000);
#2287=LINE('',#15801,#3001);
#2288=LINE('',#15804,#3002);
#2289=LINE('',#15808,#3003);
#2290=LINE('',#15813,#3004);
#2291=LINE('',#15816,#3005);
#2292=LINE('',#15823,#3006);
#2293=LINE('',#15827,#3007);
#2294=LINE('',#15830,#3008);
#2295=LINE('',#15833,#3009);
#2296=LINE('',#15837,#3010);
#2297=LINE('',#15838,#3011);
#2298=LINE('',#15841,#3012);
#2299=LINE('',#15842,#3013);
#2300=LINE('',#15844,#3014);
#2301=LINE('',#15855,#3015);
#2302=LINE('',#15856,#3016);
#2303=LINE('',#15857,#3017);
#2304=LINE('',#15860,#3018);
#2305=LINE('',#15861,#3019);
#2306=LINE('',#15863,#3020);
#2307=LINE('',#15875,#3021);
#2308=LINE('',#15876,#3022);
#2309=LINE('',#15877,#3023);
#2310=LINE('',#15880,#3024);
#2311=LINE('',#15881,#3025);
#2312=LINE('',#15883,#3026);
#2313=LINE('',#15893,#3027);
#2314=LINE('',#15894,#3028);
#2315=LINE('',#15895,#3029);
#2316=LINE('',#15898,#3030);
#2317=LINE('',#15899,#3031);
#2318=LINE('',#15901,#3032);
#2319=VECTOR('',#8993,10.);
#2320=VECTOR('',#8996,10.);
#2321=VECTOR('',#8999,10.);
#2322=VECTOR('',#9002,10.);
#2323=VECTOR('',#9005,10.);
#2324=VECTOR('',#9008,10.);
#2325=VECTOR('',#9011,10.);
#2326=VECTOR('',#9014,10.);
#2327=VECTOR('',#9017,10.);
#2328=VECTOR('',#9018,10.);
#2329=VECTOR('',#9023,10.);
#2330=VECTOR('',#9024,10.);
#2331=VECTOR('',#9027,10.);
#2332=VECTOR('',#9030,10.);
#2333=VECTOR('',#9033,10.);
#2334=VECTOR('',#9036,10.);
#2335=VECTOR('',#9039,10.);
#2336=VECTOR('',#9044,10.);
#2337=VECTOR('',#9045,10.);
#2338=VECTOR('',#9048,10.);
#2339=VECTOR('',#9051,10.);
#2340=VECTOR('',#9054,10.);
#2341=VECTOR('',#9057,10.);
#2342=VECTOR('',#9062,10.);
#2343=VECTOR('',#9079,10.);
#2344=VECTOR('',#9080,10.);
#2345=VECTOR('',#9085,10.);
#2346=VECTOR('',#9090,10.);
#2347=VECTOR('',#9103,10.);
#2348=VECTOR('',#9106,10.);
#2349=VECTOR('',#9109,10.);
#2350=VECTOR('',#9112,10.);
#2351=VECTOR('',#9115,10.);
#2352=VECTOR('',#9118,10.);
#2353=VECTOR('',#9123,10.);
#2354=VECTOR('',#9124,10.);
#2355=VECTOR('',#9127,10.);
#2356=VECTOR('',#9128,10.);
#2357=VECTOR('',#9131,10.);
#2358=VECTOR('',#9134,10.);
#2359=VECTOR('',#9137,10.);
#2360=VECTOR('',#9140,10.);
#2361=VECTOR('',#9143,10.);
#2362=VECTOR('',#9148,10.);
#2363=VECTOR('',#9149,10.);
#2364=VECTOR('',#9152,10.);
#2365=VECTOR('',#9155,10.);
#2366=VECTOR('',#9158,10.);
#2367=VECTOR('',#9161,10.);
#2368=VECTOR('',#9164,10.);
#2369=VECTOR('',#9165,10.);
#2370=VECTOR('',#9170,10.);
#2371=VECTOR('',#9189,10.);
#2372=VECTOR('',#9190,10.);
#2373=VECTOR('',#9195,10.);
#2374=VECTOR('',#9200,10.);
#2375=VECTOR('',#9221,10.);
#2376=VECTOR('',#9222,10.);
#2377=VECTOR('',#9227,10.);
#2378=VECTOR('',#9232,10.);
#2379=VECTOR('',#9251,10.);
#2380=VECTOR('',#9254,10.);
#2381=VECTOR('',#9259,10.);
#2382=VECTOR('',#9264,10.);
#2383=VECTOR('',#9277,10.);
#2384=VECTOR('',#9282,10.);
#2385=VECTOR('',#9285,10.);
#2386=VECTOR('',#9288,10.);
#2387=VECTOR('',#9293,10.);
#2388=VECTOR('',#9296,10.);
#2389=VECTOR('',#9299,10.);
#2390=VECTOR('',#9302,10.);
#2391=VECTOR('',#9305,10.);
#2392=VECTOR('',#9306,10.);
#2393=VECTOR('',#9309,10.);
#2394=VECTOR('',#9312,10.);
#2395=VECTOR('',#9313,10.);
#2396=VECTOR('',#9320,10.);
#2397=VECTOR('',#9321,10.);
#2398=VECTOR('',#9324,10.);
#2399=VECTOR('',#9329,10.);
#2400=VECTOR('',#9332,10.);
#2401=VECTOR('',#9333,10.);
#2402=VECTOR('',#9336,10.);
#2403=VECTOR('',#9339,10.);
#2404=VECTOR('',#9342,10.);
#2405=VECTOR('',#9345,10.);
#2406=VECTOR('',#9346,10.);
#2407=VECTOR('',#9351,10.);
#2408=VECTOR('',#9352,10.);
#2409=VECTOR('',#9369,10.);
#2410=VECTOR('',#9378,10.);
#2411=VECTOR('',#9383,4.50000000000091);
#2412=VECTOR('',#9404,10.);
#2413=VECTOR('',#9405,10.);
#2414=VECTOR('',#9406,10.);
#2415=VECTOR('',#9407,10.);
#2416=VECTOR('',#9410,10.);
#2417=VECTOR('',#9411,10.);
#2418=VECTOR('',#9412,10.);
#2419=VECTOR('',#9413,10.);
#2420=VECTOR('',#9416,10.);
#2421=VECTOR('',#9417,10.);
#2422=VECTOR('',#9420,10.);
#2423=VECTOR('',#9421,10.);
#2424=VECTOR('',#9422,10.);
#2425=VECTOR('',#9423,10.);
#2426=VECTOR('',#9426,10.);
#2427=VECTOR('',#9427,10.);
#2428=VECTOR('',#9428,10.);
#2429=VECTOR('',#9429,10.);
#2430=VECTOR('',#9432,10.);
#2431=VECTOR('',#9433,10.);
#2432=VECTOR('',#9436,10.);
#2433=VECTOR('',#9437,10.);
#2434=VECTOR('',#9438,10.);
#2435=VECTOR('',#9439,10.);
#2436=VECTOR('',#9442,10.);
#2437=VECTOR('',#9443,10.);
#2438=VECTOR('',#9444,10.);
#2439=VECTOR('',#9445,10.);
#2440=VECTOR('',#9448,10.);
#2441=VECTOR('',#9449,10.);
#2442=VECTOR('',#9452,10.);
#2443=VECTOR('',#9453,10.);
#2444=VECTOR('',#9454,10.);
#2445=VECTOR('',#9455,10.);
#2446=VECTOR('',#9458,10.);
#2447=VECTOR('',#9459,10.);
#2448=VECTOR('',#9460,10.);
#2449=VECTOR('',#9461,10.);
#2450=VECTOR('',#9464,10.);
#2451=VECTOR('',#9465,10.);
#2452=VECTOR('',#9470,10.);
#2453=VECTOR('',#9473,10.);
#2454=VECTOR('',#9476,10.);
#2455=VECTOR('',#9477,10.);
#2456=VECTOR('',#9478,10.);
#2457=VECTOR('',#9483,10.);
#2458=VECTOR('',#9488,10.);
#2459=VECTOR('',#9489,10.);
#2460=VECTOR('',#9494,10.);
#2461=VECTOR('',#9495,10.);
#2462=VECTOR('',#9498,10.);
#2463=VECTOR('',#9503,10.);
#2464=VECTOR('',#9504,10.);
#2465=VECTOR('',#9505,10.);
#2466=VECTOR('',#9510,10.);
#2467=VECTOR('',#9515,10.);
#2468=VECTOR('',#9516,10.);
#2469=VECTOR('',#9517,10.);
#2470=VECTOR('',#9522,10.);
#2471=VECTOR('',#9527,10.);
#2472=VECTOR('',#9528,10.);
#2473=VECTOR('',#9533,10.);
#2474=VECTOR('',#9534,10.);
#2475=VECTOR('',#9537,10.);
#2476=VECTOR('',#9538,10.);
#2477=VECTOR('',#9543,10.);
#2478=VECTOR('',#9548,10.);
#2479=VECTOR('',#9557,10.);
#2480=VECTOR('',#9562,10.);
#2481=VECTOR('',#9565,10.);
#2482=VECTOR('',#9574,10.);
#2483=VECTOR('',#9579,10.);
#2484=VECTOR('',#9582,10.);
#2485=VECTOR('',#9591,10.);
#2486=VECTOR('',#9596,10.);
#2487=VECTOR('',#9599,10.);
#2488=VECTOR('',#9608,10.);
#2489=VECTOR('',#9619,10.);
#2490=VECTOR('',#9622,10.);
#2491=VECTOR('',#9631,10.);
#2492=VECTOR('',#9636,10.);
#2493=VECTOR('',#9639,10.);
#2494=VECTOR('',#9648,10.);
#2495=VECTOR('',#9653,10.);
#2496=VECTOR('',#9656,10.);
#2497=VECTOR('',#9665,10.);
#2498=VECTOR('',#9670,10.);
#2499=VECTOR('',#9673,10.);
#2500=VECTOR('',#9682,10.);
#2501=VECTOR('',#9687,10.);
#2502=VECTOR('',#9696,10.);
#2503=VECTOR('',#9711,10.);
#2504=VECTOR('',#9720,10.);
#2505=VECTOR('',#9729,10.);
#2506=VECTOR('',#9730,10.);
#2507=VECTOR('',#9731,10.);
#2508=VECTOR('',#9732,10.);
#2509=VECTOR('',#9733,10.);
#2510=VECTOR('',#9736,10.);
#2511=VECTOR('',#9737,10.);
#2512=VECTOR('',#9738,10.);
#2513=VECTOR('',#9739,10.);
#2514=VECTOR('',#9740,10.);
#2515=VECTOR('',#9741,10.);
#2516=VECTOR('',#9742,10.);
#2517=VECTOR('',#9743,10.);
#2518=VECTOR('',#9744,10.);
#2519=VECTOR('',#9745,10.);
#2520=VECTOR('',#9746,10.);
#2521=VECTOR('',#9747,10.);
#2522=VECTOR('',#9748,10.);
#2523=VECTOR('',#9749,10.);
#2524=VECTOR('',#9750,10.);
#2525=VECTOR('',#9751,10.);
#2526=VECTOR('',#9754,10.);
#2527=VECTOR('',#9755,10.);
#2528=VECTOR('',#9756,10.);
#2529=VECTOR('',#9757,10.);
#2530=VECTOR('',#9758,10.);
#2531=VECTOR('',#9759,10.);
#2532=VECTOR('',#9760,10.);
#2533=VECTOR('',#9761,10.);
#2534=VECTOR('',#9762,10.);
#2535=VECTOR('',#9763,10.);
#2536=VECTOR('',#9764,10.);
#2537=VECTOR('',#9765,10.);
#2538=VECTOR('',#9766,10.);
#2539=VECTOR('',#9767,10.);
#2540=VECTOR('',#9768,10.);
#2541=VECTOR('',#9773,10.);
#2542=VECTOR('',#9774,10.);
#2543=VECTOR('',#9775,10.);
#2544=VECTOR('',#9776,10.);
#2545=VECTOR('',#9779,10.);
#2546=VECTOR('',#9780,10.);
#2547=VECTOR('',#9781,10.);
#2548=VECTOR('',#9784,10.);
#2549=VECTOR('',#9785,10.);
#2550=VECTOR('',#9786,10.);
#2551=VECTOR('',#9789,10.);
#2552=VECTOR('',#9790,10.);
#2553=VECTOR('',#9791,10.);
#2554=VECTOR('',#9794,10.);
#2555=VECTOR('',#9795,10.);
#2556=VECTOR('',#9796,10.);
#2557=VECTOR('',#9799,10.);
#2558=VECTOR('',#9800,10.);
#2559=VECTOR('',#9801,10.);
#2560=VECTOR('',#9804,10.);
#2561=VECTOR('',#9805,10.);
#2562=VECTOR('',#9806,10.);
#2563=VECTOR('',#9809,10.);
#2564=VECTOR('',#9810,10.);
#2565=VECTOR('',#9811,10.);
#2566=VECTOR('',#9814,10.);
#2567=VECTOR('',#9815,10.);
#2568=VECTOR('',#9816,10.);
#2569=VECTOR('',#9819,10.);
#2570=VECTOR('',#9820,10.);
#2571=VECTOR('',#9821,10.);
#2572=VECTOR('',#9824,10.);
#2573=VECTOR('',#9825,10.);
#2574=VECTOR('',#9826,10.);
#2575=VECTOR('',#9829,10.);
#2576=VECTOR('',#9830,10.);
#2577=VECTOR('',#9835,10.);
#2578=VECTOR('',#9836,10.);
#2579=VECTOR('',#9837,10.);
#2580=VECTOR('',#9838,10.);
#2581=VECTOR('',#9841,10.);
#2582=VECTOR('',#9842,10.);
#2583=VECTOR('',#9843,10.);
#2584=VECTOR('',#9846,10.);
#2585=VECTOR('',#9847,10.);
#2586=VECTOR('',#9848,10.);
#2587=VECTOR('',#9851,10.);
#2588=VECTOR('',#9852,10.);
#2589=VECTOR('',#9857,10.);
#2590=VECTOR('',#9858,10.);
#2591=VECTOR('',#9859,10.);
#2592=VECTOR('',#9862,10.);
#2593=VECTOR('',#9863,10.);
#2594=VECTOR('',#9864,10.);
#2595=VECTOR('',#9865,10.);
#2596=VECTOR('',#9866,10.);
#2597=VECTOR('',#9867,10.);
#2598=VECTOR('',#9870,10.);
#2599=VECTOR('',#9873,10.);
#2600=VECTOR('',#9874,10.);
#2601=VECTOR('',#9875,10.);
#2602=VECTOR('',#9876,10.);
#2603=VECTOR('',#9879,10.);
#2604=VECTOR('',#9880,10.);
#2605=VECTOR('',#9881,10.);
#2606=VECTOR('',#9882,10.);
#2607=VECTOR('',#9883,10.);
#2608=VECTOR('',#9884,10.);
#2609=VECTOR('',#9885,10.);
#2610=VECTOR('',#9888,10.);
#2611=VECTOR('',#9889,10.);
#2612=VECTOR('',#9890,10.);
#2613=VECTOR('',#9893,10.);
#2614=VECTOR('',#9894,10.);
#2615=VECTOR('',#9895,10.);
#2616=VECTOR('',#9898,10.);
#2617=VECTOR('',#9899,10.);
#2618=VECTOR('',#9904,10.);
#2619=VECTOR('',#9905,10.);
#2620=VECTOR('',#9906,10.);
#2621=VECTOR('',#9907,10.);
#2622=VECTOR('',#9910,10.);
#2623=VECTOR('',#9911,10.);
#2624=VECTOR('',#9912,10.);
#2625=VECTOR('',#9915,10.);
#2626=VECTOR('',#9916,10.);
#2627=VECTOR('',#9917,10.);
#2628=VECTOR('',#9920,10.);
#2629=VECTOR('',#9921,10.);
#2630=VECTOR('',#9922,10.);
#2631=VECTOR('',#9925,10.);
#2632=VECTOR('',#9926,10.);
#2633=VECTOR('',#9927,10.);
#2634=VECTOR('',#9930,10.);
#2635=VECTOR('',#9931,10.);
#2636=VECTOR('',#9932,10.);
#2637=VECTOR('',#9935,10.);
#2638=VECTOR('',#9936,10.);
#2639=VECTOR('',#9941,10.);
#2640=VECTOR('',#9942,10.);
#2641=VECTOR('',#9943,10.);
#2642=VECTOR('',#9944,10.);
#2643=VECTOR('',#9947,10.);
#2644=VECTOR('',#9948,10.);
#2645=VECTOR('',#9949,10.);
#2646=VECTOR('',#9952,10.);
#2647=VECTOR('',#9953,10.);
#2648=VECTOR('',#9954,10.);
#2649=VECTOR('',#9957,10.);
#2650=VECTOR('',#9958,10.);
#2651=VECTOR('',#9959,10.);
#2652=VECTOR('',#9962,10.);
#2653=VECTOR('',#9963,10.);
#2654=VECTOR('',#9964,10.);
#2655=VECTOR('',#9967,10.);
#2656=VECTOR('',#9968,10.);
#2657=VECTOR('',#9969,10.);
#2658=VECTOR('',#9972,10.);
#2659=VECTOR('',#9973,10.);
#2660=VECTOR('',#9978,1.34999999979152);
#2661=VECTOR('',#9985,1.45000000032234);
#2662=VECTOR('',#9990,10.);
#2663=VECTOR('',#9991,10.);
#2664=VECTOR('',#9992,10.);
#2665=VECTOR('',#9995,10.);
#2666=VECTOR('',#10002,10.);
#2667=VECTOR('',#10005,10.);
#2668=VECTOR('',#10008,10.);
#2669=VECTOR('',#10013,10.);
#2670=VECTOR('',#10014,10.);
#2671=VECTOR('',#10021,10.);
#2672=VECTOR('',#10028,10.);
#2673=VECTOR('',#10029,10.);
#2674=VECTOR('',#10030,10.);
#2675=VECTOR('',#10031,10.);
#2676=VECTOR('',#10034,10.);
#2677=VECTOR('',#10035,10.);
#2678=VECTOR('',#10038,10.);
#2679=VECTOR('',#10041,10.);
#2680=VECTOR('',#10044,10.);
#2681=VECTOR('',#10047,10.);
#2682=VECTOR('',#10050,10.);
#2683=VECTOR('',#10053,10.);
#2684=VECTOR('',#10054,10.);
#2685=VECTOR('',#10055,10.);
#2686=VECTOR('',#10056,10.);
#2687=VECTOR('',#10065,10.);
#2688=VECTOR('',#10070,10.);
#2689=VECTOR('',#10071,10.);
#2690=VECTOR('',#10072,10.);
#2691=VECTOR('',#10073,10.);
#2692=VECTOR('',#10076,10.);
#2693=VECTOR('',#10077,10.);
#2694=VECTOR('',#10078,10.);
#2695=VECTOR('',#10079,10.);
#2696=VECTOR('',#10082,10.);
#2697=VECTOR('',#10083,10.);
#2698=VECTOR('',#10084,10.);
#2699=VECTOR('',#10087,10.);
#2700=VECTOR('',#10090,10.);
#2701=VECTOR('',#10093,10.);
#2702=VECTOR('',#10094,10.);
#2703=VECTOR('',#10095,10.);
#2704=VECTOR('',#10096,10.);
#2705=VECTOR('',#10105,10.);
#2706=VECTOR('',#10110,10.);
#2707=VECTOR('',#10111,10.);
#2708=VECTOR('',#10112,10.);
#2709=VECTOR('',#10113,10.);
#2710=VECTOR('',#10116,10.);
#2711=VECTOR('',#10117,10.);
#2712=VECTOR('',#10118,10.);
#2713=VECTOR('',#10119,10.);
#2714=VECTOR('',#10122,10.);
#2715=VECTOR('',#10123,10.);
#2716=VECTOR('',#10124,10.);
#2717=VECTOR('',#10127,10.);
#2718=VECTOR('',#10130,10.);
#2719=VECTOR('',#10133,10.);
#2720=VECTOR('',#10134,10.);
#2721=VECTOR('',#10135,10.);
#2722=VECTOR('',#10136,10.);
#2723=VECTOR('',#10145,10.);
#2724=VECTOR('',#10150,10.);
#2725=VECTOR('',#10151,10.);
#2726=VECTOR('',#10152,10.);
#2727=VECTOR('',#10153,10.);
#2728=VECTOR('',#10156,10.);
#2729=VECTOR('',#10157,10.);
#2730=VECTOR('',#10158,10.);
#2731=VECTOR('',#10159,10.);
#2732=VECTOR('',#10162,10.);
#2733=VECTOR('',#10163,10.);
#2734=VECTOR('',#10164,10.);
#2735=VECTOR('',#10169,10.);
#2736=VECTOR('',#10170,10.);
#2737=VECTOR('',#10173,1.35000000041634);
#2738=VECTOR('',#10180,1.45000000093703);
#2739=VECTOR('',#10185,10.);
#2740=VECTOR('',#10186,10.);
#2741=VECTOR('',#10187,10.);
#2742=VECTOR('',#10190,10.);
#2743=VECTOR('',#10195,10.);
#2744=VECTOR('',#10204,10.);
#2745=VECTOR('',#10209,10.);
#2746=VECTOR('',#10210,10.);
#2747=VECTOR('',#10211,10.);
#2748=VECTOR('',#10212,10.);
#2749=VECTOR('',#10215,10.);
#2750=VECTOR('',#10218,10.);
#2751=VECTOR('',#10221,10.);
#2752=VECTOR('',#10224,10.);
#2753=VECTOR('',#10227,10.);
#2754=VECTOR('',#10230,10.);
#2755=VECTOR('',#10239,3.10000000153765);
#2756=VECTOR('',#10246,10.);
#2757=VECTOR('',#10249,10.);
#2758=VECTOR('',#10252,10.);
#2759=VECTOR('',#10255,10.);
#2760=VECTOR('',#10264,3.00000000153766);
#2761=VECTOR('',#10267,3.10000000212892);
#2762=VECTOR('',#10276,3.00000000067089);
#2763=VECTOR('',#10281,1.70000000155903);
#2764=VECTOR('',#10288,10.);
#2765=VECTOR('',#10291,10.);
#2766=VECTOR('',#10294,10.);
#2767=VECTOR('',#10295,10.);
#2768=VECTOR('',#10298,1.60000000153885);
#2769=VECTOR('',#10301,10.);
#2770=VECTOR('',#10302,10.);
#2771=VECTOR('',#10305,10.);
#2772=VECTOR('',#10306,10.);
#2773=VECTOR('',#10307,10.);
#2774=VECTOR('',#10310,10.);
#2775=VECTOR('',#10311,10.);
#2776=VECTOR('',#10312,10.);
#2777=VECTOR('',#10315,10.);
#2778=VECTOR('',#10320,10.);
#2779=VECTOR('',#10321,10.);
#2780=VECTOR('',#10324,10.);
#2781=VECTOR('',#10329,10.);
#2782=VECTOR('',#10330,10.);
#2783=VECTOR('',#10333,10.);
#2784=VECTOR('',#10334,10.);
#2785=VECTOR('',#10335,10.);
#2786=VECTOR('',#10336,10.);
#2787=VECTOR('',#10339,10.);
#2788=VECTOR('',#10340,10.);
#2789=VECTOR('',#10341,10.);
#2790=VECTOR('',#10344,10.);
#2791=VECTOR('',#10347,10.);
#2792=VECTOR('',#10348,10.);
#2793=VECTOR('',#10349,10.);
#2794=VECTOR('',#10352,10.);
#2795=VECTOR('',#10355,10.);
#2796=VECTOR('',#10356,10.);
#2797=VECTOR('',#10357,10.);
#2798=VECTOR('',#10360,10.);
#2799=VECTOR('',#10363,10.);
#2800=VECTOR('',#10364,10.);
#2801=VECTOR('',#10365,10.);
#2802=VECTOR('',#10370,10.);
#2803=VECTOR('',#10375,10.);
#2804=VECTOR('',#10376,10.);
#2805=VECTOR('',#10377,10.);
#2806=VECTOR('',#10378,10.);
#2807=VECTOR('',#10379,10.);
#2808=VECTOR('',#10380,10.);
#2809=VECTOR('',#10381,10.);
#2810=VECTOR('',#10382,10.);
#2811=VECTOR('',#10383,10.);
#2812=VECTOR('',#10384,10.);
#2813=VECTOR('',#10385,10.);
#2814=VECTOR('',#10386,10.);
#2815=VECTOR('',#10387,10.);
#2816=VECTOR('',#10388,10.);
#2817=VECTOR('',#10389,10.);
#2818=VECTOR('',#10390,10.);
#2819=VECTOR('',#10391,10.);
#2820=VECTOR('',#10392,10.);
#2821=VECTOR('',#10393,10.);
#2822=VECTOR('',#10394,10.);
#2823=VECTOR('',#10395,10.);
#2824=VECTOR('',#10396,10.);
#2825=VECTOR('',#10397,10.);
#2826=VECTOR('',#10398,10.);
#2827=VECTOR('',#10399,10.);
#2828=VECTOR('',#10400,10.);
#2829=VECTOR('',#10401,10.);
#2830=VECTOR('',#10402,10.);
#2831=VECTOR('',#10403,10.);
#2832=VECTOR('',#10404,10.);
#2833=VECTOR('',#10407,10.);
#2834=VECTOR('',#10410,10.);
#2835=VECTOR('',#10411,10.);
#2836=VECTOR('',#10412,10.);
#2837=VECTOR('',#10413,10.);
#2838=VECTOR('',#10416,10.);
#2839=VECTOR('',#10417,10.);
#2840=VECTOR('',#10420,10.);
#2841=VECTOR('',#10421,10.);
#2842=VECTOR('',#10422,10.);
#2843=VECTOR('',#10423,10.);
#2844=VECTOR('',#10424,10.);
#2845=VECTOR('',#10427,10.);
#2846=VECTOR('',#10428,10.);
#2847=VECTOR('',#10429,10.);
#2848=VECTOR('',#10430,10.);
#2849=VECTOR('',#10433,10.);
#2850=VECTOR('',#10434,10.);
#2851=VECTOR('',#10435,10.);
#2852=VECTOR('',#10436,10.);
#2853=VECTOR('',#10447,10.);
#2854=VECTOR('',#10458,10.);
#2855=VECTOR('',#10459,10.);
#2856=VECTOR('',#10460,10.);
#2857=VECTOR('',#10463,10.);
#2858=VECTOR('',#10464,10.);
#2859=VECTOR('',#10465,10.);
#2860=VECTOR('',#10468,10.);
#2861=VECTOR('',#10471,10.);
#2862=VECTOR('',#10472,10.);
#2863=VECTOR('',#10473,10.);
#2864=VECTOR('',#10476,10.);
#2865=VECTOR('',#10479,10.);
#2866=VECTOR('',#10480,10.);
#2867=VECTOR('',#10481,10.);
#2868=VECTOR('',#10484,10.);
#2869=VECTOR('',#10485,10.);
#2870=VECTOR('',#10486,10.);
#2871=VECTOR('',#10489,10.);
#2872=VECTOR('',#10490,10.);
#2873=VECTOR('',#10493,10.);
#2874=VECTOR('',#10494,10.);
#2875=VECTOR('',#10495,10.);
#2876=VECTOR('',#10496,10.);
#2877=VECTOR('',#10499,10.);
#2878=VECTOR('',#10500,10.);
#2879=VECTOR('',#10501,10.);
#2880=VECTOR('',#10502,10.);
#2881=VECTOR('',#10503,10.);
#2882=VECTOR('',#10506,10.);
#2883=VECTOR('',#10507,10.);
#2884=VECTOR('',#10508,10.);
#2885=VECTOR('',#10509,10.);
#2886=VECTOR('',#10512,10.);
#2887=VECTOR('',#10513,10.);
#2888=VECTOR('',#10514,10.);
#2889=VECTOR('',#10525,10.);
#2890=VECTOR('',#10532,10.);
#2891=VECTOR('',#10533,10.);
#2892=VECTOR('',#10536,10.);
#2893=VECTOR('',#10537,10.);
#2894=VECTOR('',#10538,10.);
#2895=VECTOR('',#10539,10.);
#2896=VECTOR('',#10542,10.);
#2897=VECTOR('',#10543,10.);
#2898=VECTOR('',#10544,10.);
#2899=VECTOR('',#10545,10.);
#2900=VECTOR('',#10546,10.);
#2901=VECTOR('',#10549,10.);
#2902=VECTOR('',#10550,10.);
#2903=VECTOR('',#10551,10.);
#2904=VECTOR('',#10552,10.);
#2905=VECTOR('',#10555,10.);
#2906=VECTOR('',#10556,10.);
#2907=VECTOR('',#10557,10.);
#2908=VECTOR('',#10568,10.);
#2909=VECTOR('',#10579,1.69999999993727);
#2910=VECTOR('',#10586,10.);
#2911=VECTOR('',#10589,10.);
#2912=VECTOR('',#10592,10.);
#2913=VECTOR('',#10593,10.);
#2914=VECTOR('',#10596,1.60000000042824);
#2915=VECTOR('',#10599,10.);
#2916=VECTOR('',#10600,10.);
#2917=VECTOR('',#10603,10.);
#2918=VECTOR('',#10604,10.);
#2919=VECTOR('',#10605,10.);
#2920=VECTOR('',#10608,10.);
#2921=VECTOR('',#10609,10.);
#2922=VECTOR('',#10612,10.);
#2923=VECTOR('',#10617,10.);
#2924=VECTOR('',#10618,10.);
#2925=VECTOR('',#10621,10.);
#2926=VECTOR('',#10626,10.);
#2927=VECTOR('',#10629,10.);
#2928=VECTOR('',#10634,10.);
#2929=VECTOR('',#10635,10.);
#2930=VECTOR('',#10642,10.);
#2931=VECTOR('',#10643,10.);
#2932=VECTOR('',#10644,10.);
#2933=VECTOR('',#10645,10.);
#2934=VECTOR('',#10648,10.);
#2935=VECTOR('',#10649,10.);
#2936=VECTOR('',#10654,10.);
#2937=VECTOR('',#10655,10.);
#2938=VECTOR('',#10656,10.);
#2939=VECTOR('',#10657,10.);
#2940=VECTOR('',#10658,10.);
#2941=VECTOR('',#10659,10.);
#2942=VECTOR('',#10660,10.);
#2943=VECTOR('',#10661,10.);
#2944=VECTOR('',#10662,10.);
#2945=VECTOR('',#10663,10.);
#2946=VECTOR('',#10664,10.);
#2947=VECTOR('',#10665,10.);
#2948=VECTOR('',#10666,10.);
#2949=VECTOR('',#10669,10.);
#2950=VECTOR('',#10670,10.);
#2951=VECTOR('',#10673,10.);
#2952=VECTOR('',#10676,10.);
#2953=VECTOR('',#10679,10.);
#2954=VECTOR('',#10682,10.);
#2955=VECTOR('',#10685,10.);
#2956=VECTOR('',#10688,10.);
#2957=VECTOR('',#10691,10.);
#2958=VECTOR('',#10694,10.);
#2959=VECTOR('',#10697,10.);
#2960=VECTOR('',#10700,10.);
#2961=VECTOR('',#10703,10.);
#2962=VECTOR('',#10708,10.);
#2963=VECTOR('',#10709,10.);
#2964=VECTOR('',#10710,10.);
#2965=VECTOR('',#10711,10.);
#2966=VECTOR('',#10712,10.);
#2967=VECTOR('',#10713,10.);
#2968=VECTOR('',#10714,10.);
#2969=VECTOR('',#10715,10.);
#2970=VECTOR('',#10716,10.);
#2971=VECTOR('',#10717,10.);
#2972=VECTOR('',#10718,10.);
#2973=VECTOR('',#10719,10.);
#2974=VECTOR('',#10720,10.);
#2975=VECTOR('',#10723,10.);
#2976=VECTOR('',#10724,10.);
#2977=VECTOR('',#10727,10.);
#2978=VECTOR('',#10730,10.);
#2979=VECTOR('',#10733,10.);
#2980=VECTOR('',#10736,10.);
#2981=VECTOR('',#10739,10.);
#2982=VECTOR('',#10742,10.);
#2983=VECTOR('',#10745,10.);
#2984=VECTOR('',#10748,10.);
#2985=VECTOR('',#10751,10.);
#2986=VECTOR('',#10754,10.);
#2987=VECTOR('',#10757,10.);
#2988=VECTOR('',#10766,10.);
#2989=VECTOR('',#10767,10.);
#2990=VECTOR('',#10770,10.);
#2991=VECTOR('',#10773,10.);
#2992=VECTOR('',#10776,10.);
#2993=VECTOR('',#10779,10.);
#2994=VECTOR('',#10782,10.);
#2995=VECTOR('',#10785,10.);
#2996=VECTOR('',#10792,10.);
#2997=VECTOR('',#10797,10.);
#2998=VECTOR('',#10806,10.);
#2999=VECTOR('',#10813,10.);
#3000=VECTOR('',#10816,10.);
#3001=VECTOR('',#10823,10.);
#3002=VECTOR('',#10828,10.);
#3003=VECTOR('',#10831,10.);
#3004=VECTOR('',#10838,10.);
#3005=VECTOR('',#10843,10.);
#3006=VECTOR('',#10852,10.);
#3007=VECTOR('',#10857,10.);
#3008=VECTOR('',#10862,10.);
#3009=VECTOR('',#10865,10.);
#3010=VECTOR('',#10870,10.);
#3011=VECTOR('',#10871,10.);
#3012=VECTOR('',#10874,10.);
#3013=VECTOR('',#10875,10.);
#3014=VECTOR('',#10878,10.);
#3015=VECTOR('',#10895,10.);
#3016=VECTOR('',#10896,10.);
#3017=VECTOR('',#10897,10.);
#3018=VECTOR('',#10900,10.);
#3019=VECTOR('',#10901,10.);
#3020=VECTOR('',#10904,10.);
#3021=VECTOR('',#10923,10.);
#3022=VECTOR('',#10924,10.);
#3023=VECTOR('',#10925,10.);
#3024=VECTOR('',#10928,10.);
#3025=VECTOR('',#10929,10.);
#3026=VECTOR('',#10932,10.);
#3027=VECTOR('',#10947,10.);
#3028=VECTOR('',#10948,10.);
#3029=VECTOR('',#10949,10.);
#3030=VECTOR('',#10952,10.);
#3031=VECTOR('',#10953,10.);
#3032=VECTOR('',#10956,10.);
#3033=CIRCLE('',#8332,0.4);
#3034=CIRCLE('',#8333,0.4);
#3035=CIRCLE('',#8334,0.4);
#3036=CIRCLE('',#8335,0.4);
#3037=CIRCLE('',#8336,0.4);
#3038=CIRCLE('',#8337,0.4);
#3039=CIRCLE('',#8339,0.4);
#3040=CIRCLE('',#8342,0.4);
#3041=CIRCLE('',#8345,0.4);
#3042=CIRCLE('',#8346,0.4);
#3043=CIRCLE('',#8347,0.4);
#3044=CIRCLE('',#8348,0.4);
#3045=CIRCLE('',#8358,0.199488196412722);
#3046=CIRCLE('',#8359,3.60102360883733);
#3047=CIRCLE('',#8360,0.199488196403975);
#3048=CIRCLE('',#8361,4.00000000000166);
#3049=CIRCLE('',#8363,0.199488196412722);
#3050=CIRCLE('',#8365,3.60102360883733);
#3051=CIRCLE('',#8367,0.199488196403975);
#3052=CIRCLE('',#8369,4.00000000000166);
#3053=CIRCLE('',#8373,0.4);
#3054=CIRCLE('',#8374,0.4);
#3055=CIRCLE('',#8375,0.4);
#3056=CIRCLE('',#8376,0.4);
#3057=CIRCLE('',#8377,0.4);
#3058=CIRCLE('',#8378,0.4);
#3059=CIRCLE('',#8380,0.4);
#3060=CIRCLE('',#8383,0.4);
#3061=CIRCLE('',#8384,0.4);
#3062=CIRCLE('',#8385,0.4);
#3063=CIRCLE('',#8386,0.4);
#3064=CIRCLE('',#8387,0.4);
#3065=CIRCLE('',#8399,6.4);
#3066=CIRCLE('',#8400,0.2);
#3067=CIRCLE('',#8401,6.);
#3068=CIRCLE('',#8402,0.2);
#3069=CIRCLE('',#8404,6.4);
#3070=CIRCLE('',#8406,0.2);
#3071=CIRCLE('',#8408,6.);
#3072=CIRCLE('',#8410,0.2);
#3073=CIRCLE('',#8413,5.2);
#3074=CIRCLE('',#8414,0.199999999999999);
#3075=CIRCLE('',#8415,4.8);
#3076=CIRCLE('',#8416,0.199999999999999);
#3077=CIRCLE('',#8418,5.2);
#3078=CIRCLE('',#8420,0.199999999999999);
#3079=CIRCLE('',#8422,4.8);
#3080=CIRCLE('',#8424,0.199999999999999);
#3081=CIRCLE('',#8427,4.);
#3082=CIRCLE('',#8428,0.199999999999998);
#3083=CIRCLE('',#8429,3.6);
#3084=CIRCLE('',#8430,0.199999999999998);
#3085=CIRCLE('',#8432,4.);
#3086=CIRCLE('',#8434,0.199999999999998);
#3087=CIRCLE('',#8436,3.6);
#3088=CIRCLE('',#8438,0.199999999999998);
#3089=CIRCLE('',#8442,0.4);
#3090=CIRCLE('',#8444,0.4);
#3091=CIRCLE('',#8445,0.4);
#3092=CIRCLE('',#8446,0.4);
#3093=CIRCLE('',#8448,0.4);
#3094=CIRCLE('',#8449,0.4);
#3095=CIRCLE('',#8451,0.4);
#3096=CIRCLE('',#8454,0.4);
#3097=CIRCLE('',#8457,0.4);
#3098=CIRCLE('',#8459,0.4);
#3099=CIRCLE('',#8461,0.4);
#3100=CIRCLE('',#8462,0.4);
#3101=CIRCLE('',#8473,4.50000000000091);
#3102=CIRCLE('',#8474,3.7000000000009);
#3103=CIRCLE('',#8475,0.400000000000028);
#3104=CIRCLE('',#8477,3.7000000000009);
#3105=CIRCLE('',#8479,0.400000000000028);
#3106=CIRCLE('',#8481,4.50000000000091);
#3107=CIRCLE('',#8488,1.34999999937495);
#3108=CIRCLE('',#8490,1.34999999937495);
#3109=CIRCLE('',#8504,3.);
#3110=CIRCLE('',#8505,3.);
#3111=CIRCLE('',#8508,3.);
#3112=CIRCLE('',#8509,3.);
#3113=CIRCLE('',#8511,2.);
#3114=CIRCLE('',#8514,2.);
#3115=CIRCLE('',#8517,3.);
#3116=CIRCLE('',#8518,2.);
#3117=CIRCLE('',#8521,3.);
#3118=CIRCLE('',#8522,2.);
#3119=CIRCLE('',#8525,3.);
#3120=CIRCLE('',#8528,3.);
#3121=CIRCLE('',#8531,0.600000000007315);
#3122=CIRCLE('',#8534,0.599999999999999);
#3123=CIRCLE('',#8538,0.600000000004107);
#3124=CIRCLE('',#8541,0.599999999999999);
#3125=CIRCLE('',#8545,0.600000000000002);
#3126=CIRCLE('',#8548,0.599999999999999);
#3127=CIRCLE('',#8552,0.599999999999998);
#3128=CIRCLE('',#8555,0.599999999999999);
#3129=CIRCLE('',#8558,2.6);
#3130=CIRCLE('',#8559,2.);
#3131=CIRCLE('',#8562,0.600000000000001);
#3132=CIRCLE('',#8565,0.600000000000005);
#3133=CIRCLE('',#8569,0.600000000000001);
#3134=CIRCLE('',#8572,0.600000000000003);
#3135=CIRCLE('',#8576,0.599999999995895);
#3136=CIRCLE('',#8579,0.600000000000001);
#3137=CIRCLE('',#8583,0.599999999992687);
#3138=CIRCLE('',#8586,0.600000000000001);
#3139=CIRCLE('',#8590,2.6);
#3140=CIRCLE('',#8591,2.);
#3141=CIRCLE('',#8593,2.);
#3142=CIRCLE('',#8595,2.6);
#3143=CIRCLE('',#8597,2.6);
#3144=CIRCLE('',#8598,2.);
#3145=CIRCLE('',#8600,2.);
#3146=CIRCLE('',#8602,2.6);
#3147=CIRCLE('',#8604,2.);
#3148=CIRCLE('',#8606,2.6);
#3149=CIRCLE('',#8655,1.34999999979152);
#3150=CIRCLE('',#8656,1.34999999979152);
#3151=CIRCLE('',#8658,1.5500000002202);
#3152=CIRCLE('',#8660,2.8);
#3153=CIRCLE('',#8661,2.8);
#3154=CIRCLE('',#8663,2.6);
#3155=CIRCLE('',#8664,2.6);
#3156=CIRCLE('',#8665,2.6);
#3157=CIRCLE('',#8666,2.6);
#3158=CIRCLE('',#8667,2.6);
#3159=CIRCLE('',#8669,2.);
#3160=CIRCLE('',#8671,2.);
#3161=CIRCLE('',#8673,2.6);
#3162=CIRCLE('',#8682,2.6);
#3163=CIRCLE('',#8683,2.);
#3164=CIRCLE('',#8685,2.);
#3165=CIRCLE('',#8693,2.6);
#3166=CIRCLE('',#8694,2.);
#3167=CIRCLE('',#8696,2.);
#3168=CIRCLE('',#8704,2.6);
#3169=CIRCLE('',#8705,2.);
#3170=CIRCLE('',#8707,2.);
#3171=CIRCLE('',#8714,1.35000000041634);
#3172=CIRCLE('',#8715,1.35000000041634);
#3173=CIRCLE('',#8717,1.55000000145772);
#3174=CIRCLE('',#8719,2.8);
#3175=CIRCLE('',#8720,2.8);
#3176=CIRCLE('',#8722,2.6);
#3177=CIRCLE('',#8724,2.);
#3178=CIRCLE('',#8726,2.);
#3179=CIRCLE('',#8737,3.20000000153766);
#3180=CIRCLE('',#8738,3.00000000153766);
#3181=CIRCLE('',#8739,3.00000000153766);
#3182=CIRCLE('',#8741,2.);
#3183=CIRCLE('',#8742,2.);
#3184=CIRCLE('',#8743,2.);
#3185=CIRCLE('',#8744,2.);
#3186=CIRCLE('',#8745,3.200000000683);
#3187=CIRCLE('',#8747,3.00000000157128);
#3188=CIRCLE('',#8749,3.00000000067089);
#3189=CIRCLE('',#8750,3.00000000067089);
#3190=CIRCLE('',#8752,3.0000000005997);
#3191=CIRCLE('',#8754,1.80000000157921);
#3192=CIRCLE('',#8755,1.60000000153885);
#3193=CIRCLE('',#8756,1.60000000153885);
#3194=CIRCLE('',#8758,2.8);
#3195=CIRCLE('',#8759,2.8);
#3196=CIRCLE('',#8761,1.60000000149849);
#3197=CIRCLE('',#8765,3.);
#3198=CIRCLE('',#8768,3.);
#3199=CIRCLE('',#8771,2.6);
#3200=CIRCLE('',#8772,2.6);
#3201=CIRCLE('',#8773,2.6);
#3202=CIRCLE('',#8774,2.6);
#3203=CIRCLE('',#8775,2.6);
#3204=CIRCLE('',#8776,2.6);
#3205=CIRCLE('',#8777,2.6);
#3206=CIRCLE('',#8778,2.6);
#3207=CIRCLE('',#8780,3.);
#3208=CIRCLE('',#8783,3.);
#3209=CIRCLE('',#8789,2.);
#3210=CIRCLE('',#8790,0.600000000000006);
#3211=CIRCLE('',#8792,2.);
#3212=CIRCLE('',#8794,2.6);
#3213=CIRCLE('',#8795,0.600000000000003);
#3214=CIRCLE('',#8797,2.6);
#3215=CIRCLE('',#8798,2.6);
#3216=CIRCLE('',#8799,2.6);
#3217=CIRCLE('',#8800,2.6);
#3218=CIRCLE('',#8801,2.6);
#3219=CIRCLE('',#8802,2.6);
#3220=CIRCLE('',#8803,2.6);
#3221=CIRCLE('',#8810,2.);
#3222=CIRCLE('',#8811,0.600000000000003);
#3223=CIRCLE('',#8813,2.);
#3224=CIRCLE('',#8815,0.600000000000001);
#3225=CIRCLE('',#8822,2.);
#3226=CIRCLE('',#8823,0.599999999995894);
#3227=CIRCLE('',#8825,2.);
#3228=CIRCLE('',#8827,0.600000000000001);
#3229=CIRCLE('',#8830,1.80000000031748);
#3230=CIRCLE('',#8831,1.60000000042824);
#3231=CIRCLE('',#8832,1.60000000042824);
#3232=CIRCLE('',#8834,2.8);
#3233=CIRCLE('',#8835,2.8);
#3234=CIRCLE('',#8837,1.6000000005269);
#3235=CIRCLE('',#8841,3.);
#3236=CIRCLE('',#8844,3.);
#3237=CIRCLE('',#8847,3.);
#3238=CIRCLE('',#8850,3.);
#3239=CIRCLE('',#8893,2.);
#3240=CIRCLE('',#8894,2.);
#3241=CIRCLE('',#8896,0.599999999999999);
#3242=CIRCLE('',#8899,0.599999999992678);
#3243=CIRCLE('',#8904,0.600000000000001);
#3244=CIRCLE('',#8910,0.600000000000002);
#3245=CIRCLE('',#8916,0.599999999999999);
#3246=CIRCLE('',#8917,2.);
#3247=CIRCLE('',#8924,2.);
#3248=CIRCLE('',#8931,0.600000000000005);
#3249=CIRCLE('',#8941,0.600000000000005);
#3250=CIRCLE('',#8944,2.);
#3251=CIRCLE('',#8952,0.600000000004105);
#3252=CIRCLE('',#8959,0.6);
#3253=CIRCLE('',#8963,0.600000000007311);
#3254=CIRCLE('',#8967,2.);
#3255=CIRCLE('',#8969,2.);
#3256=CIRCLE('',#8972,2.);
#3257=CIRCLE('',#8974,2.);
#3258=CIRCLE('',#8977,2.);
#3259=VERTEX_POINT('',#11008);
#3260=VERTEX_POINT('',#11009);
#3261=VERTEX_POINT('',#11011);
#3262=VERTEX_POINT('',#11013);
#3263=VERTEX_POINT('',#11015);
#3264=VERTEX_POINT('',#11017);
#3265=VERTEX_POINT('',#11019);
#3266=VERTEX_POINT('',#11021);
#3267=VERTEX_POINT('',#11023);
#3268=VERTEX_POINT('',#11025);
#3269=VERTEX_POINT('',#11027);
#3270=VERTEX_POINT('',#11029);
#3271=VERTEX_POINT('',#11033);
#3272=VERTEX_POINT('',#11035);
#3273=VERTEX_POINT('',#11039);
#3274=VERTEX_POINT('',#11043);
#3275=VERTEX_POINT('',#11044);
#3276=VERTEX_POINT('',#11051);
#3277=VERTEX_POINT('',#11053);
#3278=VERTEX_POINT('',#11055);
#3279=VERTEX_POINT('',#11057);
#3280=VERTEX_POINT('',#11059);
#3281=VERTEX_POINT('',#11061);
#3282=VERTEX_POINT('',#11063);
#3283=VERTEX_POINT('',#11082);
#3284=VERTEX_POINT('',#11083);
#3285=VERTEX_POINT('',#11085);
#3286=VERTEX_POINT('',#11087);
#3287=VERTEX_POINT('',#11091);
#3288=VERTEX_POINT('',#11092);
#3289=VERTEX_POINT('',#11097);
#3290=VERTEX_POINT('',#11101);
#3291=VERTEX_POINT('',#11109);
#3292=VERTEX_POINT('',#11110);
#3293=VERTEX_POINT('',#11112);
#3294=VERTEX_POINT('',#11114);
#3295=VERTEX_POINT('',#11116);
#3296=VERTEX_POINT('',#11118);
#3297=VERTEX_POINT('',#11120);
#3298=VERTEX_POINT('',#11122);
#3299=VERTEX_POINT('',#11124);
#3300=VERTEX_POINT('',#11126);
#3301=VERTEX_POINT('',#11128);
#3302=VERTEX_POINT('',#11130);
#3303=VERTEX_POINT('',#11134);
#3304=VERTEX_POINT('',#11135);
#3305=VERTEX_POINT('',#11140);
#3306=VERTEX_POINT('',#11144);
#3307=VERTEX_POINT('',#11146);
#3308=VERTEX_POINT('',#11148);
#3309=VERTEX_POINT('',#11150);
#3310=VERTEX_POINT('',#11152);
#3311=VERTEX_POINT('',#11154);
#3312=VERTEX_POINT('',#11156);
#3313=VERTEX_POINT('',#11158);
#3314=VERTEX_POINT('',#11160);
#3315=VERTEX_POINT('',#11183);
#3316=VERTEX_POINT('',#11184);
#3317=VERTEX_POINT('',#11186);
#3318=VERTEX_POINT('',#11188);
#3319=VERTEX_POINT('',#11192);
#3320=VERTEX_POINT('',#11193);
#3321=VERTEX_POINT('',#11198);
#3322=VERTEX_POINT('',#11202);
#3323=VERTEX_POINT('',#11209);
#3324=VERTEX_POINT('',#11210);
#3325=VERTEX_POINT('',#11212);
#3326=VERTEX_POINT('',#11214);
#3327=VERTEX_POINT('',#11218);
#3328=VERTEX_POINT('',#11219);
#3329=VERTEX_POINT('',#11224);
#3330=VERTEX_POINT('',#11228);
#3331=VERTEX_POINT('',#11235);
#3332=VERTEX_POINT('',#11236);
#3333=VERTEX_POINT('',#11238);
#3334=VERTEX_POINT('',#11240);
#3335=VERTEX_POINT('',#11244);
#3336=VERTEX_POINT('',#11246);
#3337=VERTEX_POINT('',#11250);
#3338=VERTEX_POINT('',#11254);
#3339=VERTEX_POINT('',#11262);
#3340=VERTEX_POINT('',#11263);
#3341=VERTEX_POINT('',#11265);
#3342=VERTEX_POINT('',#11267);
#3343=VERTEX_POINT('',#11269);
#3344=VERTEX_POINT('',#11271);
#3345=VERTEX_POINT('',#11273);
#3346=VERTEX_POINT('',#11275);
#3347=VERTEX_POINT('',#11277);
#3348=VERTEX_POINT('',#11279);
#3349=VERTEX_POINT('',#11281);
#3350=VERTEX_POINT('',#11283);
#3351=VERTEX_POINT('',#11285);
#3352=VERTEX_POINT('',#11287);
#3353=VERTEX_POINT('',#11291);
#3354=VERTEX_POINT('',#11293);
#3355=VERTEX_POINT('',#11297);
#3356=VERTEX_POINT('',#11301);
#3357=VERTEX_POINT('',#11303);
#3358=VERTEX_POINT('',#11324);
#3359=VERTEX_POINT('',#11328);
#3360=VERTEX_POINT('',#11329);
#3361=VERTEX_POINT('',#11334);
#3362=VERTEX_POINT('',#11336);
#3363=VERTEX_POINT('',#11338);
#3364=VERTEX_POINT('',#11341);
#3365=VERTEX_POINT('',#11344);
#3366=VERTEX_POINT('',#11346);
#3367=VERTEX_POINT('',#11383);
#3368=VERTEX_POINT('',#11385);
#3369=VERTEX_POINT('',#11386);
#3370=VERTEX_POINT('',#11391);
#3371=VERTEX_POINT('',#11393);
#3372=VERTEX_POINT('',#11407);
#3373=VERTEX_POINT('',#11427);
#3374=VERTEX_POINT('',#11476);
#3375=VERTEX_POINT('',#11481);
#3376=VERTEX_POINT('',#11537);
#3377=VERTEX_POINT('',#11574);
#3378=VERTEX_POINT('',#11579);
#3379=VERTEX_POINT('',#11591);
#3380=VERTEX_POINT('',#11652);
#3381=VERTEX_POINT('',#11661);
#3382=VERTEX_POINT('',#11664);
#3383=VERTEX_POINT('',#11667);
#3384=VERTEX_POINT('',#11668);
#3385=VERTEX_POINT('',#11670);
#3386=VERTEX_POINT('',#11672);
#3387=VERTEX_POINT('',#11676);
#3388=VERTEX_POINT('',#11677);
#3389=VERTEX_POINT('',#11679);
#3390=VERTEX_POINT('',#11681);
#3391=VERTEX_POINT('',#11688);
#3392=VERTEX_POINT('',#11689);
#3393=VERTEX_POINT('',#11691);
#3394=VERTEX_POINT('',#11693);
#3395=VERTEX_POINT('',#11697);
#3396=VERTEX_POINT('',#11698);
#3397=VERTEX_POINT('',#11700);
#3398=VERTEX_POINT('',#11702);
#3399=VERTEX_POINT('',#11709);
#3400=VERTEX_POINT('',#11710);
#3401=VERTEX_POINT('',#11712);
#3402=VERTEX_POINT('',#11714);
#3403=VERTEX_POINT('',#11718);
#3404=VERTEX_POINT('',#11719);
#3405=VERTEX_POINT('',#11721);
#3406=VERTEX_POINT('',#11723);
#3407=VERTEX_POINT('',#11730);
#3408=VERTEX_POINT('',#11731);
#3409=VERTEX_POINT('',#11733);
#3410=VERTEX_POINT('',#11735);
#3411=VERTEX_POINT('',#11739);
#3412=VERTEX_POINT('',#11740);
#3413=VERTEX_POINT('',#11742);
#3414=VERTEX_POINT('',#11744);
#3415=VERTEX_POINT('',#11751);
#3416=VERTEX_POINT('',#11752);
#3417=VERTEX_POINT('',#11754);
#3418=VERTEX_POINT('',#11756);
#3419=VERTEX_POINT('',#11760);
#3420=VERTEX_POINT('',#11762);
#3421=VERTEX_POINT('',#11766);
#3422=VERTEX_POINT('',#11768);
#3423=VERTEX_POINT('',#11772);
#3424=VERTEX_POINT('',#11774);
#3425=VERTEX_POINT('',#11778);
#3426=VERTEX_POINT('',#11782);
#3427=VERTEX_POINT('',#11786);
#3428=VERTEX_POINT('',#11788);
#3429=VERTEX_POINT('',#11792);
#3430=VERTEX_POINT('',#11794);
#3431=VERTEX_POINT('',#11798);
#3432=VERTEX_POINT('',#11800);
#3433=VERTEX_POINT('',#11804);
#3434=VERTEX_POINT('',#11806);
#3435=VERTEX_POINT('',#11813);
#3436=VERTEX_POINT('',#11814);
#3437=VERTEX_POINT('',#11819);
#3438=VERTEX_POINT('',#11823);
#3439=VERTEX_POINT('',#11828);
#3440=VERTEX_POINT('',#11829);
#3441=VERTEX_POINT('',#11834);
#3442=VERTEX_POINT('',#11836);
#3443=VERTEX_POINT('',#11842);
#3444=VERTEX_POINT('',#11843);
#3445=VERTEX_POINT('',#11848);
#3446=VERTEX_POINT('',#11850);
#3447=VERTEX_POINT('',#11856);
#3448=VERTEX_POINT('',#11857);
#3449=VERTEX_POINT('',#11862);
#3450=VERTEX_POINT('',#11864);
#3451=VERTEX_POINT('',#11870);
#3452=VERTEX_POINT('',#11871);
#3453=VERTEX_POINT('',#11876);
#3454=VERTEX_POINT('',#11878);
#3455=VERTEX_POINT('',#11882);
#3456=VERTEX_POINT('',#11883);
#3457=VERTEX_POINT('',#11894);
#3458=VERTEX_POINT('',#11895);
#3459=VERTEX_POINT('',#11900);
#3460=VERTEX_POINT('',#11902);
#3461=VERTEX_POINT('',#11908);
#3462=VERTEX_POINT('',#11909);
#3463=VERTEX_POINT('',#11914);
#3464=VERTEX_POINT('',#11916);
#3465=VERTEX_POINT('',#11922);
#3466=VERTEX_POINT('',#11923);
#3467=VERTEX_POINT('',#11928);
#3468=VERTEX_POINT('',#11930);
#3469=VERTEX_POINT('',#11936);
#3470=VERTEX_POINT('',#11937);
#3471=VERTEX_POINT('',#11942);
#3472=VERTEX_POINT('',#11944);
#3473=VERTEX_POINT('',#11950);
#3474=VERTEX_POINT('',#11951);
#3475=VERTEX_POINT('',#11960);
#3476=VERTEX_POINT('',#11964);
#3477=VERTEX_POINT('',#11972);
#3478=VERTEX_POINT('',#11973);
#3479=VERTEX_POINT('',#11982);
#3480=VERTEX_POINT('',#11986);
#3481=VERTEX_POINT('',#11994);
#3482=VERTEX_POINT('',#11998);
#3483=VERTEX_POINT('',#12006);
#3484=VERTEX_POINT('',#12007);
#3485=VERTEX_POINT('',#12009);
#3486=VERTEX_POINT('',#12011);
#3487=VERTEX_POINT('',#12013);
#3488=VERTEX_POINT('',#12019);
#3489=VERTEX_POINT('',#12025);
#3490=VERTEX_POINT('',#12046);
#3491=VERTEX_POINT('',#12047);
#3492=VERTEX_POINT('',#12053);
#3493=VERTEX_POINT('',#12055);
#3494=VERTEX_POINT('',#12063);
#3495=VERTEX_POINT('',#12065);
#3496=VERTEX_POINT('',#12078);
#3497=VERTEX_POINT('',#12084);
#3498=VERTEX_POINT('',#12101);
#3499=VERTEX_POINT('',#12107);
#3500=VERTEX_POINT('',#12124);
#3501=VERTEX_POINT('',#12130);
#3502=VERTEX_POINT('',#12147);
#3503=VERTEX_POINT('',#12153);
#3504=VERTEX_POINT('',#12170);
#3505=VERTEX_POINT('',#12176);
#3506=VERTEX_POINT('',#12193);
#3507=VERTEX_POINT('',#12199);
#3508=VERTEX_POINT('',#12216);
#3509=VERTEX_POINT('',#12222);
#3510=VERTEX_POINT('',#12239);
#3511=VERTEX_POINT('',#12245);
#3512=VERTEX_POINT('',#12262);
#3513=VERTEX_POINT('',#12268);
#3514=VERTEX_POINT('',#12285);
#3515=VERTEX_POINT('',#12291);
#3516=VERTEX_POINT('',#12308);
#3517=VERTEX_POINT('',#12314);
#3518=VERTEX_POINT('',#12331);
#3519=VERTEX_POINT('',#12337);
#3520=VERTEX_POINT('',#12354);
#3521=VERTEX_POINT('',#12360);
#3522=VERTEX_POINT('',#12368);
#3523=VERTEX_POINT('',#12370);
#3524=VERTEX_POINT('',#12383);
#3525=VERTEX_POINT('',#12389);
#3526=VERTEX_POINT('',#12406);
#3527=VERTEX_POINT('',#12412);
#3528=VERTEX_POINT('',#12429);
#3529=VERTEX_POINT('',#12435);
#3530=VERTEX_POINT('',#12452);
#3531=VERTEX_POINT('',#12458);
#3532=VERTEX_POINT('',#12475);
#3533=VERTEX_POINT('',#12481);
#3534=VERTEX_POINT('',#12498);
#3535=VERTEX_POINT('',#12504);
#3536=VERTEX_POINT('',#12521);
#3537=VERTEX_POINT('',#12527);
#3538=VERTEX_POINT('',#12544);
#3539=VERTEX_POINT('',#12550);
#3540=VERTEX_POINT('',#12567);
#3541=VERTEX_POINT('',#12573);
#3542=VERTEX_POINT('',#12590);
#3543=VERTEX_POINT('',#12596);
#3544=VERTEX_POINT('',#12613);
#3545=VERTEX_POINT('',#12619);
#3546=VERTEX_POINT('',#12636);
#3547=VERTEX_POINT('',#12642);
#3548=VERTEX_POINT('',#12671);
#3549=VERTEX_POINT('',#12672);
#3550=VERTEX_POINT('',#12674);
#3551=VERTEX_POINT('',#12676);
#3552=VERTEX_POINT('',#12680);
#3553=VERTEX_POINT('',#12682);
#3554=VERTEX_POINT('',#12686);
#3555=VERTEX_POINT('',#12688);
#3556=VERTEX_POINT('',#12692);
#3557=VERTEX_POINT('',#12694);
#3558=VERTEX_POINT('',#12698);
#3559=VERTEX_POINT('',#12700);
#3560=VERTEX_POINT('',#12704);
#3561=VERTEX_POINT('',#12706);
#3562=VERTEX_POINT('',#12710);
#3563=VERTEX_POINT('',#12712);
#3564=VERTEX_POINT('',#12716);
#3565=VERTEX_POINT('',#12718);
#3566=VERTEX_POINT('',#12722);
#3567=VERTEX_POINT('',#12724);
#3568=VERTEX_POINT('',#12728);
#3569=VERTEX_POINT('',#12730);
#3570=VERTEX_POINT('',#12734);
#3571=VERTEX_POINT('',#12736);
#3572=VERTEX_POINT('',#12744);
#3573=VERTEX_POINT('',#12745);
#3574=VERTEX_POINT('',#12747);
#3575=VERTEX_POINT('',#12749);
#3576=VERTEX_POINT('',#12753);
#3577=VERTEX_POINT('',#12755);
#3578=VERTEX_POINT('',#12759);
#3579=VERTEX_POINT('',#12761);
#3580=VERTEX_POINT('',#12769);
#3581=VERTEX_POINT('',#12770);
#3582=VERTEX_POINT('',#12775);
#3583=VERTEX_POINT('',#12788);
#3584=VERTEX_POINT('',#12805);
#3585=VERTEX_POINT('',#12822);
#3586=VERTEX_POINT('',#12839);
#3587=VERTEX_POINT('',#12849);
#3588=VERTEX_POINT('',#12850);
#3589=VERTEX_POINT('',#12852);
#3590=VERTEX_POINT('',#12854);
#3591=VERTEX_POINT('',#12858);
#3592=VERTEX_POINT('',#12860);
#3593=VERTEX_POINT('',#12873);
#3594=VERTEX_POINT('',#12879);
#3595=VERTEX_POINT('',#12896);
#3596=VERTEX_POINT('',#12902);
#3597=VERTEX_POINT('',#12919);
#3598=VERTEX_POINT('',#12925);
#3599=VERTEX_POINT('',#12942);
#3600=VERTEX_POINT('',#12948);
#3601=VERTEX_POINT('',#12956);
#3602=VERTEX_POINT('',#12958);
#3603=VERTEX_POINT('',#12962);
#3604=VERTEX_POINT('',#12964);
#3605=VERTEX_POINT('',#12972);
#3606=VERTEX_POINT('',#12973);
#3607=VERTEX_POINT('',#12975);
#3608=VERTEX_POINT('',#12977);
#3609=VERTEX_POINT('',#12981);
#3610=VERTEX_POINT('',#12983);
#3611=VERTEX_POINT('',#12987);
#3612=VERTEX_POINT('',#12989);
#3613=VERTEX_POINT('',#12993);
#3614=VERTEX_POINT('',#12995);
#3615=VERTEX_POINT('',#12999);
#3616=VERTEX_POINT('',#13001);
#3617=VERTEX_POINT('',#13005);
#3618=VERTEX_POINT('',#13007);
#3619=VERTEX_POINT('',#13015);
#3620=VERTEX_POINT('',#13016);
#3621=VERTEX_POINT('',#13018);
#3622=VERTEX_POINT('',#13020);
#3623=VERTEX_POINT('',#13024);
#3624=VERTEX_POINT('',#13026);
#3625=VERTEX_POINT('',#13030);
#3626=VERTEX_POINT('',#13032);
#3627=VERTEX_POINT('',#13036);
#3628=VERTEX_POINT('',#13038);
#3629=VERTEX_POINT('',#13042);
#3630=VERTEX_POINT('',#13044);
#3631=VERTEX_POINT('',#13048);
#3632=VERTEX_POINT('',#13050);
#3633=VERTEX_POINT('',#13058);
#3634=VERTEX_POINT('',#13060);
#3635=VERTEX_POINT('',#13064);
#3636=VERTEX_POINT('',#13068);
#3637=VERTEX_POINT('',#13069);
#3638=VERTEX_POINT('',#13071);
#3639=VERTEX_POINT('',#13076);
#3640=VERTEX_POINT('',#13082);
#3641=VERTEX_POINT('',#13084);
#3642=VERTEX_POINT('',#13090);
#3643=VERTEX_POINT('',#13095);
#3644=VERTEX_POINT('',#13097);
#3645=VERTEX_POINT('',#13099);
#3646=VERTEX_POINT('',#13103);
#3647=VERTEX_POINT('',#13104);
#3648=VERTEX_POINT('',#13110);
#3649=VERTEX_POINT('',#13115);
#3650=VERTEX_POINT('',#13117);
#3651=VERTEX_POINT('',#13123);
#3652=VERTEX_POINT('',#13128);
#3653=VERTEX_POINT('',#13130);
#3654=VERTEX_POINT('',#13136);
#3655=VERTEX_POINT('',#13141);
#3656=VERTEX_POINT('',#13143);
#3657=VERTEX_POINT('',#13149);
#3658=VERTEX_POINT('',#13151);
#3659=VERTEX_POINT('',#13159);
#3660=VERTEX_POINT('',#13167);
#3661=VERTEX_POINT('',#13171);
#3662=VERTEX_POINT('',#13195);
#3663=VERTEX_POINT('',#13273);
#3664=VERTEX_POINT('',#13274);
#3665=VERTEX_POINT('',#13276);
#3666=VERTEX_POINT('',#13281);
#3667=VERTEX_POINT('',#13287);
#3668=VERTEX_POINT('',#13289);
#3669=VERTEX_POINT('',#13295);
#3670=VERTEX_POINT('',#13300);
#3671=VERTEX_POINT('',#13302);
#3672=VERTEX_POINT('',#13307);
#3673=VERTEX_POINT('',#13313);
#3674=VERTEX_POINT('',#13315);
#3675=VERTEX_POINT('',#13326);
#3676=VERTEX_POINT('',#13327);
#3677=VERTEX_POINT('',#13336);
#3678=VERTEX_POINT('',#13362);
#3679=VERTEX_POINT('',#13384);
#3680=VERTEX_POINT('',#13517);
#3681=VERTEX_POINT('',#13518);
#3682=VERTEX_POINT('',#13520);
#3683=VERTEX_POINT('',#13525);
#3684=VERTEX_POINT('',#13531);
#3685=VERTEX_POINT('',#13533);
#3686=VERTEX_POINT('',#13539);
#3687=VERTEX_POINT('',#13544);
#3688=VERTEX_POINT('',#13546);
#3689=VERTEX_POINT('',#13551);
#3690=VERTEX_POINT('',#13557);
#3691=VERTEX_POINT('',#13559);
#3692=VERTEX_POINT('',#13570);
#3693=VERTEX_POINT('',#13571);
#3694=VERTEX_POINT('',#13580);
#3695=VERTEX_POINT('',#13606);
#3696=VERTEX_POINT('',#13628);
#3697=VERTEX_POINT('',#13761);
#3698=VERTEX_POINT('',#13762);
#3699=VERTEX_POINT('',#13764);
#3700=VERTEX_POINT('',#13769);
#3701=VERTEX_POINT('',#13775);
#3702=VERTEX_POINT('',#13777);
#3703=VERTEX_POINT('',#13783);
#3704=VERTEX_POINT('',#13788);
#3705=VERTEX_POINT('',#13790);
#3706=VERTEX_POINT('',#13795);
#3707=VERTEX_POINT('',#13801);
#3708=VERTEX_POINT('',#13803);
#3709=VERTEX_POINT('',#13814);
#3710=VERTEX_POINT('',#13815);
#3711=VERTEX_POINT('',#13824);
#3712=VERTEX_POINT('',#13850);
#3713=VERTEX_POINT('',#13872);
#3714=VERTEX_POINT('',#14005);
#3715=VERTEX_POINT('',#14007);
#3716=VERTEX_POINT('',#14011);
#3717=VERTEX_POINT('',#14015);
#3718=VERTEX_POINT('',#14016);
#3719=VERTEX_POINT('',#14018);
#3720=VERTEX_POINT('',#14023);
#3721=VERTEX_POINT('',#14029);
#3722=VERTEX_POINT('',#14031);
#3723=VERTEX_POINT('',#14037);
#3724=VERTEX_POINT('',#14042);
#3725=VERTEX_POINT('',#14044);
#3726=VERTEX_POINT('',#14046);
#3727=VERTEX_POINT('',#14050);
#3728=VERTEX_POINT('',#14051);
#3729=VERTEX_POINT('',#14059);
#3730=VERTEX_POINT('',#14067);
#3731=VERTEX_POINT('',#14167);
#3732=VERTEX_POINT('',#14169);
#3733=VERTEX_POINT('',#14171);
#3734=VERTEX_POINT('',#14175);
#3735=VERTEX_POINT('',#14176);
#3736=VERTEX_POINT('',#14178);
#3737=VERTEX_POINT('',#14180);
#3738=VERTEX_POINT('',#14182);
#3739=VERTEX_POINT('',#14184);
#3740=VERTEX_POINT('',#14186);
#3741=VERTEX_POINT('',#14188);
#3742=VERTEX_POINT('',#14191);
#3743=VERTEX_POINT('',#14194);
#3744=VERTEX_POINT('',#14198);
#3745=VERTEX_POINT('',#14200);
#3746=VERTEX_POINT('',#14204);
#3747=VERTEX_POINT('',#14208);
#3748=VERTEX_POINT('',#14210);
#3749=VERTEX_POINT('',#14212);
#3750=VERTEX_POINT('',#14216);
#3751=VERTEX_POINT('',#14217);
#3752=VERTEX_POINT('',#14219);
#3753=VERTEX_POINT('',#14221);
#3754=VERTEX_POINT('',#14223);
#3755=VERTEX_POINT('',#14225);
#3756=VERTEX_POINT('',#14227);
#3757=VERTEX_POINT('',#14232);
#3758=VERTEX_POINT('',#14238);
#3759=VERTEX_POINT('',#14240);
#3760=VERTEX_POINT('',#14251);
#3761=VERTEX_POINT('',#14274);
#3762=VERTEX_POINT('',#14276);
#3763=VERTEX_POINT('',#14284);
#3764=VERTEX_POINT('',#14307);
#3765=VERTEX_POINT('',#14315);
#3766=VERTEX_POINT('',#14317);
#3767=VERTEX_POINT('',#14321);
#3768=VERTEX_POINT('',#14325);
#3769=VERTEX_POINT('',#14329);
#3770=VERTEX_POINT('',#14333);
#3771=VERTEX_POINT('',#14377);
#3772=VERTEX_POINT('',#14379);
#3773=VERTEX_POINT('',#14381);
#3774=VERTEX_POINT('',#14383);
#3775=VERTEX_POINT('',#14385);
#3776=VERTEX_POINT('',#14390);
#3777=VERTEX_POINT('',#14392);
#3778=VERTEX_POINT('',#14394);
#3779=VERTEX_POINT('',#14396);
#3780=VERTEX_POINT('',#14398);
#3781=VERTEX_POINT('',#14400);
#3782=VERTEX_POINT('',#14405);
#3783=VERTEX_POINT('',#14407);
#3784=VERTEX_POINT('',#14412);
#3785=VERTEX_POINT('',#14414);
#3786=VERTEX_POINT('',#14416);
#3787=VERTEX_POINT('',#14418);
#3788=VERTEX_POINT('',#14420);
#3789=VERTEX_POINT('',#14422);
#3790=VERTEX_POINT('',#14427);
#3791=VERTEX_POINT('',#14429);
#3792=VERTEX_POINT('',#14434);
#3793=VERTEX_POINT('',#14436);
#3794=VERTEX_POINT('',#14438);
#3795=VERTEX_POINT('',#14440);
#3796=VERTEX_POINT('',#14442);
#3797=VERTEX_POINT('',#14444);
#3798=VERTEX_POINT('',#14449);
#3799=VERTEX_POINT('',#14451);
#3800=VERTEX_POINT('',#14456);
#3801=VERTEX_POINT('',#14458);
#3802=VERTEX_POINT('',#14460);
#3803=VERTEX_POINT('',#14462);
#3804=VERTEX_POINT('',#14466);
#3805=VERTEX_POINT('',#14470);
#3806=VERTEX_POINT('',#14473);
#3807=VERTEX_POINT('',#14474);
#3808=VERTEX_POINT('',#14476);
#3809=VERTEX_POINT('',#14478);
#3810=VERTEX_POINT('',#14480);
#3811=VERTEX_POINT('',#14482);
#3812=VERTEX_POINT('',#14484);
#3813=VERTEX_POINT('',#14486);
#3814=VERTEX_POINT('',#14488);
#3815=VERTEX_POINT('',#14490);
#3816=VERTEX_POINT('',#14492);
#3817=VERTEX_POINT('',#14494);
#3818=VERTEX_POINT('',#14496);
#3819=VERTEX_POINT('',#14499);
#3820=VERTEX_POINT('',#14500);
#3821=VERTEX_POINT('',#14502);
#3822=VERTEX_POINT('',#14504);
#3823=VERTEX_POINT('',#14506);
#3824=VERTEX_POINT('',#14508);
#3825=VERTEX_POINT('',#14510);
#3826=VERTEX_POINT('',#14512);
#3827=VERTEX_POINT('',#14514);
#3828=VERTEX_POINT('',#14516);
#3829=VERTEX_POINT('',#14518);
#3830=VERTEX_POINT('',#14520);
#3831=VERTEX_POINT('',#14522);
#3832=VERTEX_POINT('',#14525);
#3833=VERTEX_POINT('',#14526);
#3834=VERTEX_POINT('',#14541);
#3835=VERTEX_POINT('',#14543);
#3836=VERTEX_POINT('',#14558);
#3837=VERTEX_POINT('',#14581);
#3838=VERTEX_POINT('',#14582);
#3839=VERTEX_POINT('',#14584);
#3840=VERTEX_POINT('',#14590);
#3841=VERTEX_POINT('',#14617);
#3842=VERTEX_POINT('',#14619);
#3843=VERTEX_POINT('',#14625);
#3844=VERTEX_POINT('',#14636);
#3845=VERTEX_POINT('',#14638);
#3846=VERTEX_POINT('',#14681);
#3847=VERTEX_POINT('',#14683);
#3848=VERTEX_POINT('',#14689);
#3849=VERTEX_POINT('',#14697);
#3850=VERTEX_POINT('',#14698);
#3851=VERTEX_POINT('',#14722);
#3852=VERTEX_POINT('',#14723);
#3853=VERTEX_POINT('',#14756);
#3854=VERTEX_POINT('',#14757);
#3855=VERTEX_POINT('',#14759);
#3856=VERTEX_POINT('',#14761);
#3857=VERTEX_POINT('',#14813);
#3858=VERTEX_POINT('',#14817);
#3859=VERTEX_POINT('',#14821);
#3860=VERTEX_POINT('',#14825);
#3861=VERTEX_POINT('',#14827);
#3862=VERTEX_POINT('',#14829);
#3863=VERTEX_POINT('',#14832);
#3864=VERTEX_POINT('',#14834);
#3865=VERTEX_POINT('',#14836);
#3866=VERTEX_POINT('',#14838);
#3867=VERTEX_POINT('',#14840);
#3868=VERTEX_POINT('',#14842);
#3869=VERTEX_POINT('',#14847);
#3870=VERTEX_POINT('',#14849);
#3871=VERTEX_POINT('',#14854);
#3872=VERTEX_POINT('',#14856);
#3873=VERTEX_POINT('',#14858);
#3874=VERTEX_POINT('',#14860);
#3875=VERTEX_POINT('',#14862);
#3876=VERTEX_POINT('',#14864);
#3877=VERTEX_POINT('',#14869);
#3878=VERTEX_POINT('',#14871);
#3879=VERTEX_POINT('',#14876);
#3880=VERTEX_POINT('',#14878);
#3881=VERTEX_POINT('',#14880);
#3882=VERTEX_POINT('',#14882);
#3883=VERTEX_POINT('',#14884);
#3884=VERTEX_POINT('',#14886);
#3885=VERTEX_POINT('',#14891);
#3886=VERTEX_POINT('',#14893);
#3887=VERTEX_POINT('',#14917);
#3888=VERTEX_POINT('',#14919);
#3889=VERTEX_POINT('',#14925);
#3890=VERTEX_POINT('',#14933);
#3891=VERTEX_POINT('',#14934);
#3892=VERTEX_POINT('',#14958);
#3893=VERTEX_POINT('',#14971);
#3894=VERTEX_POINT('',#14973);
#3895=VERTEX_POINT('',#15016);
#3896=VERTEX_POINT('',#15018);
#3897=VERTEX_POINT('',#15024);
#3898=VERTEX_POINT('',#15032);
#3899=VERTEX_POINT('',#15033);
#3900=VERTEX_POINT('',#15057);
#3901=VERTEX_POINT('',#15090);
#3902=VERTEX_POINT('',#15092);
#3903=VERTEX_POINT('',#15136);
#3904=VERTEX_POINT('',#15140);
#3905=VERTEX_POINT('',#15166);
#3906=VERTEX_POINT('',#15168);
#3907=VERTEX_POINT('',#15174);
#3908=VERTEX_POINT('',#15182);
#3909=VERTEX_POINT('',#15183);
#3910=VERTEX_POINT('',#15207);
#3911=VERTEX_POINT('',#15220);
#3912=VERTEX_POINT('',#15222);
#3913=VERTEX_POINT('',#15265);
#3914=VERTEX_POINT('',#15267);
#3915=VERTEX_POINT('',#15273);
#3916=VERTEX_POINT('',#15281);
#3917=VERTEX_POINT('',#15282);
#3918=VERTEX_POINT('',#15306);
#3919=VERTEX_POINT('',#15339);
#3920=VERTEX_POINT('',#15341);
#3921=VERTEX_POINT('',#15385);
#3922=VERTEX_POINT('',#15389);
#3923=VERTEX_POINT('',#15396);
#3924=VERTEX_POINT('',#15398);
#3925=VERTEX_POINT('',#15400);
#3926=VERTEX_POINT('',#15404);
#3927=VERTEX_POINT('',#15405);
#3928=VERTEX_POINT('',#15407);
#3929=VERTEX_POINT('',#15409);
#3930=VERTEX_POINT('',#15411);
#3931=VERTEX_POINT('',#15413);
#3932=VERTEX_POINT('',#15415);
#3933=VERTEX_POINT('',#15420);
#3934=VERTEX_POINT('',#15426);
#3935=VERTEX_POINT('',#15428);
#3936=VERTEX_POINT('',#15439);
#3937=VERTEX_POINT('',#15463);
#3938=VERTEX_POINT('',#15471);
#3939=VERTEX_POINT('',#15504);
#3940=VERTEX_POINT('',#15508);
#3941=VERTEX_POINT('',#15549);
#3942=VERTEX_POINT('',#15553);
#3943=VERTEX_POINT('',#15559);
#3944=VERTEX_POINT('',#15560);
#3945=VERTEX_POINT('',#15575);
#3946=VERTEX_POINT('',#15577);
#3947=VERTEX_POINT('',#15650);
#3948=VERTEX_POINT('',#15651);
#3949=VERTEX_POINT('',#15653);
#3950=VERTEX_POINT('',#15655);
#3951=VERTEX_POINT('',#15657);
#3952=VERTEX_POINT('',#15659);
#3953=VERTEX_POINT('',#15661);
#3954=VERTEX_POINT('',#15663);
#3955=VERTEX_POINT('',#15665);
#3956=VERTEX_POINT('',#15667);
#3957=VERTEX_POINT('',#15669);
#3958=VERTEX_POINT('',#15671);
#3959=VERTEX_POINT('',#15673);
#3960=VERTEX_POINT('',#15703);
#3961=VERTEX_POINT('',#15704);
#3962=VERTEX_POINT('',#15706);
#3963=VERTEX_POINT('',#15708);
#3964=VERTEX_POINT('',#15710);
#3965=VERTEX_POINT('',#15712);
#3966=VERTEX_POINT('',#15714);
#3967=VERTEX_POINT('',#15716);
#3968=VERTEX_POINT('',#15718);
#3969=VERTEX_POINT('',#15720);
#3970=VERTEX_POINT('',#15722);
#3971=VERTEX_POINT('',#15724);
#3972=VERTEX_POINT('',#15726);
#3973=VERTEX_POINT('',#15774);
#3974=VERTEX_POINT('',#15776);
#3975=VERTEX_POINT('',#15780);
#3976=VERTEX_POINT('',#15781);
#3977=VERTEX_POINT('',#15787);
#3978=VERTEX_POINT('',#15794);
#3979=VERTEX_POINT('',#15795);
#3980=VERTEX_POINT('',#15800);
#3981=VERTEX_POINT('',#15806);
#3982=VERTEX_POINT('',#15807);
#3983=VERTEX_POINT('',#15812);
#3984=VERTEX_POINT('',#15818);
#3985=VERTEX_POINT('',#15822);
#3986=VERTEX_POINT('',#15826);
#3987=VERTEX_POINT('',#15832);
#3988=VERTEX_POINT('',#15836);
#3989=VERTEX_POINT('',#15840);
#3990=VERTEX_POINT('',#15853);
#3991=VERTEX_POINT('',#15854);
#3992=VERTEX_POINT('',#15859);
#3993=VERTEX_POINT('',#15873);
#3994=VERTEX_POINT('',#15874);
#3995=VERTEX_POINT('',#15879);
#3996=VERTEX_POINT('',#15891);
#3997=VERTEX_POINT('',#15892);
#3998=VERTEX_POINT('',#15897);
#3999=EDGE_CURVE('',#3259,#3260,#3033,.F.);
#4000=EDGE_CURVE('',#3259,#3261,#1605,.T.);
#4001=EDGE_CURVE('',#3261,#3262,#3034,.T.);
#4002=EDGE_CURVE('',#3262,#3263,#1606,.T.);
#4003=EDGE_CURVE('',#3264,#3263,#3035,.F.);
#4004=EDGE_CURVE('',#3264,#3265,#1607,.T.);
#4005=EDGE_CURVE('',#3266,#3265,#3036,.F.);
#4006=EDGE_CURVE('',#3266,#3267,#1608,.T.);
#4007=EDGE_CURVE('',#3267,#3268,#3037,.T.);
#4008=EDGE_CURVE('',#3268,#3269,#1609,.T.);
#4009=EDGE_CURVE('',#3270,#3269,#3038,.F.);
#4010=EDGE_CURVE('',#3270,#3260,#1610,.T.);
#4011=EDGE_CURVE('',#3267,#3271,#1611,.T.);
#4012=EDGE_CURVE('',#3271,#3272,#3039,.T.);
#4013=EDGE_CURVE('',#3272,#3268,#1612,.T.);
#4014=EDGE_CURVE('',#3273,#3272,#1613,.T.);
#4015=EDGE_CURVE('',#3269,#3273,#1614,.T.);
#4016=EDGE_CURVE('',#3274,#3275,#3040,.T.);
#4017=EDGE_CURVE('',#3275,#3266,#1615,.T.);
#4018=EDGE_CURVE('',#3265,#3274,#1616,.T.);
#4019=EDGE_CURVE('',#3271,#3275,#1617,.T.);
#4020=EDGE_CURVE('',#3274,#3276,#1618,.T.);
#4021=EDGE_CURVE('',#3277,#3276,#3041,.T.);
#4022=EDGE_CURVE('',#3277,#3278,#1619,.T.);
#4023=EDGE_CURVE('',#3279,#3278,#3042,.T.);
#4024=EDGE_CURVE('',#3279,#3280,#1620,.T.);
#4025=EDGE_CURVE('',#3281,#3280,#3043,.T.);
#4026=EDGE_CURVE('',#3281,#3282,#1621,.T.);
#4027=EDGE_CURVE('',#3273,#3282,#3044,.T.);
#4028=EDGE_CURVE('',#3280,#3259,#1622,.T.);
#4029=EDGE_CURVE('',#3260,#3281,#1623,.T.);
#4030=EDGE_CURVE('',#3261,#3279,#1624,.T.);
#4031=EDGE_CURVE('',#3278,#3262,#1625,.T.);
#4032=EDGE_CURVE('',#3263,#3277,#1626,.T.);
#4033=EDGE_CURVE('',#3276,#3264,#1627,.T.);
#4034=EDGE_CURVE('',#3282,#3270,#1628,.T.);
#4035=EDGE_CURVE('',#3283,#3284,#3045,.T.);
#4036=EDGE_CURVE('',#3284,#3285,#3046,.T.);
#4037=EDGE_CURVE('',#3285,#3286,#3047,.T.);
#4038=EDGE_CURVE('',#3286,#3283,#3048,.T.);
#4039=EDGE_CURVE('',#3287,#3288,#3049,.T.);
#4040=EDGE_CURVE('',#3287,#3284,#1629,.T.);
#4041=EDGE_CURVE('',#3288,#3283,#1630,.T.);
#4042=EDGE_CURVE('',#3289,#3287,#3050,.T.);
#4043=EDGE_CURVE('',#3289,#3285,#1631,.T.);
#4044=EDGE_CURVE('',#3290,#3289,#3051,.T.);
#4045=EDGE_CURVE('',#3290,#3286,#1632,.T.);
#4046=EDGE_CURVE('',#3288,#3290,#3052,.T.);
#4047=EDGE_CURVE('',#3291,#3292,#3053,.F.);
#4048=EDGE_CURVE('',#3291,#3293,#1633,.T.);
#4049=EDGE_CURVE('',#3293,#3294,#3054,.T.);
#4050=EDGE_CURVE('',#3294,#3295,#1634,.T.);
#4051=EDGE_CURVE('',#3296,#3295,#3055,.F.);
#4052=EDGE_CURVE('',#3296,#3297,#1635,.T.);
#4053=EDGE_CURVE('',#3298,#3297,#3056,.F.);
#4054=EDGE_CURVE('',#3298,#3299,#1636,.T.);
#4055=EDGE_CURVE('',#3299,#3300,#3057,.T.);
#4056=EDGE_CURVE('',#3300,#3301,#1637,.T.);
#4057=EDGE_CURVE('',#3302,#3301,#3058,.F.);
#4058=EDGE_CURVE('',#3302,#3292,#1638,.T.);
#4059=EDGE_CURVE('',#3303,#3304,#3059,.T.);
#4060=EDGE_CURVE('',#3304,#3298,#1639,.T.);
#4061=EDGE_CURVE('',#3297,#3303,#1640,.T.);
#4062=EDGE_CURVE('',#3305,#3304,#1641,.T.);
#4063=EDGE_CURVE('',#3299,#3305,#1642,.T.);
#4064=EDGE_CURVE('',#3303,#3306,#1643,.T.);
#4065=EDGE_CURVE('',#3307,#3306,#3060,.T.);
#4066=EDGE_CURVE('',#3307,#3308,#1644,.T.);
#4067=EDGE_CURVE('',#3309,#3308,#3061,.T.);
#4068=EDGE_CURVE('',#3309,#3310,#1645,.T.);
#4069=EDGE_CURVE('',#3311,#3310,#3062,.T.);
#4070=EDGE_CURVE('',#3311,#3312,#1646,.T.);
#4071=EDGE_CURVE('',#3313,#3312,#3063,.T.);
#4072=EDGE_CURVE('',#3313,#3314,#1647,.T.);
#4073=EDGE_CURVE('',#3305,#3314,#3064,.T.);
#4074=EDGE_CURVE('',#3306,#3296,#1648,.T.);
#4075=EDGE_CURVE('',#3295,#3307,#1649,.T.);
#4076=EDGE_CURVE('',#3308,#3294,#1650,.T.);
#4077=EDGE_CURVE('',#3314,#3300,#1651,.T.);
#4078=EDGE_CURVE('',#3301,#3313,#1652,.T.);
#4079=EDGE_CURVE('',#3293,#3309,#1653,.T.);
#4080=EDGE_CURVE('',#3310,#3291,#1654,.T.);
#4081=EDGE_CURVE('',#3292,#3311,#1655,.T.);
#4082=EDGE_CURVE('',#3312,#3302,#1656,.T.);
#4083=EDGE_CURVE('',#3315,#3316,#3065,.T.);
#4084=EDGE_CURVE('',#3316,#3317,#3066,.T.);
#4085=EDGE_CURVE('',#3317,#3318,#3067,.T.);
#4086=EDGE_CURVE('',#3318,#3315,#3068,.T.);
#4087=EDGE_CURVE('',#3319,#3320,#3069,.T.);
#4088=EDGE_CURVE('',#3319,#3316,#1657,.T.);
#4089=EDGE_CURVE('',#3320,#3315,#1658,.T.);
#4090=EDGE_CURVE('',#3321,#3319,#3070,.T.);
#4091=EDGE_CURVE('',#3321,#3317,#1659,.T.);
#4092=EDGE_CURVE('',#3322,#3321,#3071,.T.);
#4093=EDGE_CURVE('',#3322,#3318,#1660,.T.);
#4094=EDGE_CURVE('',#3320,#3322,#3072,.T.);
#4095=EDGE_CURVE('',#3323,#3324,#3073,.T.);
#4096=EDGE_CURVE('',#3324,#3325,#3074,.T.);
#4097=EDGE_CURVE('',#3325,#3326,#3075,.T.);
#4098=EDGE_CURVE('',#3326,#3323,#3076,.T.);
#4099=EDGE_CURVE('',#3327,#3328,#3077,.T.);
#4100=EDGE_CURVE('',#3327,#3324,#1661,.T.);
#4101=EDGE_CURVE('',#3328,#3323,#1662,.T.);
#4102=EDGE_CURVE('',#3329,#3327,#3078,.T.);
#4103=EDGE_CURVE('',#3329,#3325,#1663,.T.);
#4104=EDGE_CURVE('',#3330,#3329,#3079,.T.);
#4105=EDGE_CURVE('',#3330,#3326,#1664,.T.);
#4106=EDGE_CURVE('',#3328,#3330,#3080,.T.);
#4107=EDGE_CURVE('',#3331,#3332,#3081,.T.);
#4108=EDGE_CURVE('',#3332,#3333,#3082,.T.);
#4109=EDGE_CURVE('',#3333,#3334,#3083,.T.);
#4110=EDGE_CURVE('',#3334,#3331,#3084,.T.);
#4111=EDGE_CURVE('',#3331,#3335,#1665,.T.);
#4112=EDGE_CURVE('',#3336,#3335,#3085,.T.);
#4113=EDGE_CURVE('',#3332,#3336,#1666,.T.);
#4114=EDGE_CURVE('',#3337,#3336,#3086,.T.);
#4115=EDGE_CURVE('',#3333,#3337,#1667,.T.);
#4116=EDGE_CURVE('',#3338,#3337,#3087,.T.);
#4117=EDGE_CURVE('',#3334,#3338,#1668,.T.);
#4118=EDGE_CURVE('',#3335,#3338,#3088,.T.);
#4119=EDGE_CURVE('',#3339,#3340,#3089,.F.);
#4120=EDGE_CURVE('',#3339,#3341,#1669,.T.);
#4121=EDGE_CURVE('',#3341,#3342,#434,.T.);
#4122=EDGE_CURVE('',#3342,#3343,#3090,.T.);
#4123=EDGE_CURVE('',#3343,#3344,#1670,.T.);
#4124=EDGE_CURVE('',#3344,#3345,#3091,.T.);
#4125=EDGE_CURVE('',#3345,#3346,#1671,.T.);
#4126=EDGE_CURVE('',#3346,#3347,#3092,.T.);
#4127=EDGE_CURVE('',#3347,#3348,#1672,.T.);
#4128=EDGE_CURVE('',#3348,#3349,#435,.T.);
#4129=EDGE_CURVE('',#3349,#3350,#3093,.T.);
#4130=EDGE_CURVE('',#3350,#3351,#1673,.T.);
#4131=EDGE_CURVE('',#3352,#3351,#3094,.F.);
#4132=EDGE_CURVE('',#3352,#3340,#1674,.T.);
#4133=EDGE_CURVE('',#3346,#3353,#1675,.T.);
#4134=EDGE_CURVE('',#3353,#3354,#3095,.T.);
#4135=EDGE_CURVE('',#3354,#3347,#1676,.T.);
#4136=EDGE_CURVE('',#3355,#3345,#1677,.T.);
#4137=EDGE_CURVE('',#3353,#3355,#1678,.T.);
#4138=EDGE_CURVE('',#3342,#3356,#1679,.T.);
#4139=EDGE_CURVE('',#3356,#3357,#3096,.T.);
#4140=EDGE_CURVE('',#3357,#3343,#1680,.T.);
#4141=EDGE_CURVE('',#3341,#3358,#1681,.T.);
#4142=EDGE_CURVE('',#3356,#3358,#436,.T.);
#4143=EDGE_CURVE('',#3359,#3360,#3097,.T.);
#4144=EDGE_CURVE('',#3360,#3352,#1682,.T.);
#4145=EDGE_CURVE('',#3351,#3359,#1683,.T.);
#4146=EDGE_CURVE('',#3359,#3361,#1684,.T.);
#4147=EDGE_CURVE('',#3362,#3361,#3098,.T.);
#4148=EDGE_CURVE('',#3362,#3363,#437,.T.);
#4149=EDGE_CURVE('',#3363,#3354,#1685,.T.);
#4150=EDGE_CURVE('',#3364,#3355,#3099,.T.);
#4151=EDGE_CURVE('',#3364,#3357,#1686,.T.);
#4152=EDGE_CURVE('',#3358,#3365,#1687,.T.);
#4153=EDGE_CURVE('',#3366,#3365,#3100,.T.);
#4154=EDGE_CURVE('',#3366,#3360,#1688,.T.);
#4155=EDGE_CURVE('',#3361,#3350,#1689,.T.);
#4156=EDGE_CURVE('',#3349,#3362,#1690,.T.);
#4157=EDGE_CURVE('',#3365,#3339,#1691,.T.);
#4158=EDGE_CURVE('',#3340,#3366,#1692,.T.);
#4159=EDGE_CURVE('',#3344,#3364,#1693,.T.);
#4160=EDGE_CURVE('',#3348,#3363,#1694,.T.);
#4161=EDGE_CURVE('',#3367,#3367,#3101,.T.);
#4162=EDGE_CURVE('',#3368,#3369,#218,.T.);
#4163=EDGE_CURVE('',#3369,#3370,#3102,.T.);
#4164=EDGE_CURVE('',#3370,#3371,#219,.T.);
#4165=EDGE_CURVE('',#3371,#3372,#220,.T.);
#4166=EDGE_CURVE('',#3372,#3373,#3103,.T.);
#4167=EDGE_CURVE('',#3373,#3368,#221,.T.);
#4168=EDGE_CURVE('',#3370,#3374,#222,.T.);
#4169=EDGE_CURVE('',#3374,#3375,#223,.T.);
#4170=EDGE_CURVE('',#3375,#3371,#224,.T.);
#4171=EDGE_CURVE('',#3376,#3375,#225,.T.);
#4172=EDGE_CURVE('',#3372,#3376,#1695,.T.);
#4173=EDGE_CURVE('',#3368,#3377,#226,.T.);
#4174=EDGE_CURVE('',#3377,#3378,#227,.T.);
#4175=EDGE_CURVE('',#3378,#3369,#228,.T.);
#4176=EDGE_CURVE('',#3374,#3378,#3104,.T.);
#4177=EDGE_CURVE('',#3379,#3376,#3105,.T.);
#4178=EDGE_CURVE('',#3373,#3379,#1696,.T.);
#4179=EDGE_CURVE('',#3377,#3379,#229,.T.);
#4180=EDGE_CURVE('',#3380,#3380,#3106,.T.);
#4181=EDGE_CURVE('',#3380,#3367,#1697,.T.);
#4182=EDGE_CURVE('',#3381,#3381,#3107,.T.);
#4183=EDGE_CURVE('',#3382,#3382,#3108,.T.);
#4184=EDGE_CURVE('',#3383,#3384,#1698,.T.);
#4185=EDGE_CURVE('',#3383,#3385,#1699,.T.);
#4186=EDGE_CURVE('',#3386,#3385,#1700,.T.);
#4187=EDGE_CURVE('',#3384,#3386,#1701,.T.);
#4188=EDGE_CURVE('',#3387,#3388,#1702,.T.);
#4189=EDGE_CURVE('',#3387,#3389,#1703,.T.);
#4190=EDGE_CURVE('',#3390,#3389,#1704,.T.);
#4191=EDGE_CURVE('',#3390,#3388,#1705,.T.);
#4192=EDGE_CURVE('',#3388,#3383,#1706,.T.);
#4193=EDGE_CURVE('',#3385,#3390,#1707,.T.);
#4194=EDGE_CURVE('',#3391,#3392,#1708,.T.);
#4195=EDGE_CURVE('',#3391,#3393,#1709,.T.);
#4196=EDGE_CURVE('',#3394,#3393,#1710,.T.);
#4197=EDGE_CURVE('',#3392,#3394,#1711,.T.);
#4198=EDGE_CURVE('',#3395,#3396,#1712,.T.);
#4199=EDGE_CURVE('',#3395,#3397,#1713,.T.);
#4200=EDGE_CURVE('',#3398,#3397,#1714,.T.);
#4201=EDGE_CURVE('',#3398,#3396,#1715,.T.);
#4202=EDGE_CURVE('',#3396,#3391,#1716,.T.);
#4203=EDGE_CURVE('',#3393,#3398,#1717,.T.);
#4204=EDGE_CURVE('',#3399,#3400,#1718,.T.);
#4205=EDGE_CURVE('',#3399,#3401,#1719,.T.);
#4206=EDGE_CURVE('',#3402,#3401,#1720,.T.);
#4207=EDGE_CURVE('',#3400,#3402,#1721,.T.);
#4208=EDGE_CURVE('',#3403,#3404,#1722,.T.);
#4209=EDGE_CURVE('',#3403,#3405,#1723,.T.);
#4210=EDGE_CURVE('',#3406,#3405,#1724,.T.);
#4211=EDGE_CURVE('',#3406,#3404,#1725,.T.);
#4212=EDGE_CURVE('',#3404,#3399,#1726,.T.);
#4213=EDGE_CURVE('',#3401,#3406,#1727,.T.);
#4214=EDGE_CURVE('',#3407,#3408,#1728,.T.);
#4215=EDGE_CURVE('',#3407,#3409,#1729,.T.);
#4216=EDGE_CURVE('',#3410,#3409,#1730,.T.);
#4217=EDGE_CURVE('',#3408,#3410,#1731,.T.);
#4218=EDGE_CURVE('',#3411,#3412,#1732,.T.);
#4219=EDGE_CURVE('',#3411,#3413,#1733,.T.);
#4220=EDGE_CURVE('',#3414,#3413,#1734,.T.);
#4221=EDGE_CURVE('',#3414,#3412,#1735,.T.);
#4222=EDGE_CURVE('',#3412,#3407,#1736,.T.);
#4223=EDGE_CURVE('',#3409,#3414,#1737,.T.);
#4224=EDGE_CURVE('',#3415,#3416,#3109,.T.);
#4225=EDGE_CURVE('',#3415,#3417,#1738,.T.);
#4226=EDGE_CURVE('',#3418,#3417,#3110,.T.);
#4227=EDGE_CURVE('',#3418,#3416,#1739,.T.);
#4228=EDGE_CURVE('',#3419,#3415,#1740,.T.);
#4229=EDGE_CURVE('',#3420,#3419,#1741,.T.);
#4230=EDGE_CURVE('',#3417,#3420,#1742,.T.);
#4231=EDGE_CURVE('',#3421,#3419,#3111,.T.);
#4232=EDGE_CURVE('',#3421,#3422,#1743,.T.);
#4233=EDGE_CURVE('',#3420,#3422,#3112,.T.);
#4234=EDGE_CURVE('',#3418,#3423,#1744,.T.);
#4235=EDGE_CURVE('',#3424,#3417,#1745,.T.);
#4236=EDGE_CURVE('',#3424,#3423,#3113,.T.);
#4237=EDGE_CURVE('',#3425,#3420,#1746,.T.);
#4238=EDGE_CURVE('',#3425,#3424,#1747,.T.);
#4239=EDGE_CURVE('',#3426,#3422,#1748,.T.);
#4240=EDGE_CURVE('',#3426,#3425,#3114,.T.);
#4241=EDGE_CURVE('',#3422,#3427,#1749,.T.);
#4242=EDGE_CURVE('',#3428,#3427,#1750,.T.);
#4243=EDGE_CURVE('',#3428,#3426,#1751,.T.);
#4244=EDGE_CURVE('',#3427,#3429,#3115,.T.);
#4245=EDGE_CURVE('',#3430,#3429,#1752,.T.);
#4246=EDGE_CURVE('',#3430,#3428,#3116,.T.);
#4247=EDGE_CURVE('',#3429,#3431,#1753,.T.);
#4248=EDGE_CURVE('',#3432,#3431,#1754,.T.);
#4249=EDGE_CURVE('',#3432,#3430,#1755,.T.);
#4250=EDGE_CURVE('',#3431,#3433,#3117,.T.);
#4251=EDGE_CURVE('',#3434,#3433,#1756,.T.);
#4252=EDGE_CURVE('',#3434,#3432,#3118,.T.);
#4253=EDGE_CURVE('',#3433,#3418,#1757,.T.);
#4254=EDGE_CURVE('',#3423,#3434,#1758,.T.);
#4255=EDGE_CURVE('',#3435,#3436,#3119,.T.);
#4256=EDGE_CURVE('',#3435,#3433,#1759,.T.);
#4257=EDGE_CURVE('',#3431,#3436,#1760,.T.);
#4258=EDGE_CURVE('',#3436,#3437,#1761,.T.);
#4259=EDGE_CURVE('',#3437,#3429,#1762,.T.);
#4260=EDGE_CURVE('',#3437,#3438,#3120,.T.);
#4261=EDGE_CURVE('',#3427,#3438,#1763,.T.);
#4262=EDGE_CURVE('',#3439,#3440,#1764,.T.);
#4263=EDGE_CURVE('',#3394,#3440,#3121,.T.);
#4264=EDGE_CURVE('',#3439,#3393,#438,.T.);
#4265=EDGE_CURVE('',#3441,#3397,#3122,.T.);
#4266=EDGE_CURVE('',#3441,#3442,#1765,.T.);
#4267=EDGE_CURVE('',#3398,#3442,#439,.T.);
#4268=EDGE_CURVE('',#3442,#3439,#1766,.T.);
#4269=EDGE_CURVE('',#3443,#3444,#1767,.T.);
#4270=EDGE_CURVE('',#3410,#3444,#3123,.T.);
#4271=EDGE_CURVE('',#3443,#3409,#440,.T.);
#4272=EDGE_CURVE('',#3445,#3413,#3124,.T.);
#4273=EDGE_CURVE('',#3445,#3446,#1768,.T.);
#4274=EDGE_CURVE('',#3414,#3446,#441,.T.);
#4275=EDGE_CURVE('',#3446,#3443,#1769,.T.);
#4276=EDGE_CURVE('',#3447,#3448,#1770,.T.);
#4277=EDGE_CURVE('',#3402,#3448,#3125,.T.);
#4278=EDGE_CURVE('',#3447,#3401,#442,.T.);
#4279=EDGE_CURVE('',#3449,#3405,#3126,.T.);
#4280=EDGE_CURVE('',#3449,#3450,#1771,.T.);
#4281=EDGE_CURVE('',#3406,#3450,#443,.T.);
#4282=EDGE_CURVE('',#3450,#3447,#1772,.T.);
#4283=EDGE_CURVE('',#3451,#3452,#1773,.T.);
#4284=EDGE_CURVE('',#3386,#3452,#3127,.T.);
#4285=EDGE_CURVE('',#3451,#3385,#444,.T.);
#4286=EDGE_CURVE('',#3453,#3389,#3128,.T.);
#4287=EDGE_CURVE('',#3453,#3454,#1774,.T.);
#4288=EDGE_CURVE('',#3390,#3454,#445,.T.);
#4289=EDGE_CURVE('',#3455,#3456,#230,.T.);
#4290=EDGE_CURVE('',#3455,#3453,#3129,.T.);
#4291=EDGE_CURVE('',#3389,#3456,#3130,.T.);
#4292=EDGE_CURVE('',#3454,#3451,#1775,.T.);
#4293=EDGE_CURVE('',#3457,#3458,#1776,.T.);
#4294=EDGE_CURVE('',#3387,#3458,#3131,.T.);
#4295=EDGE_CURVE('',#3457,#3388,#446,.T.);
#4296=EDGE_CURVE('',#3459,#3384,#3132,.T.);
#4297=EDGE_CURVE('',#3459,#3460,#1777,.T.);
#4298=EDGE_CURVE('',#3383,#3460,#447,.T.);
#4299=EDGE_CURVE('',#3460,#3457,#1778,.T.);
#4300=EDGE_CURVE('',#3461,#3462,#1779,.T.);
#4301=EDGE_CURVE('',#3403,#3462,#3133,.T.);
#4302=EDGE_CURVE('',#3461,#3404,#448,.T.);
#4303=EDGE_CURVE('',#3463,#3400,#3134,.T.);
#4304=EDGE_CURVE('',#3463,#3464,#1780,.T.);
#4305=EDGE_CURVE('',#3399,#3464,#449,.T.);
#4306=EDGE_CURVE('',#3464,#3461,#1781,.T.);
#4307=EDGE_CURVE('',#3465,#3466,#1782,.T.);
#4308=EDGE_CURVE('',#3411,#3466,#3135,.T.);
#4309=EDGE_CURVE('',#3465,#3412,#450,.T.);
#4310=EDGE_CURVE('',#3467,#3408,#3136,.T.);
#4311=EDGE_CURVE('',#3467,#3468,#1783,.T.);
#4312=EDGE_CURVE('',#3407,#3468,#451,.T.);
#4313=EDGE_CURVE('',#3468,#3465,#1784,.T.);
#4314=EDGE_CURVE('',#3469,#3470,#1785,.T.);
#4315=EDGE_CURVE('',#3395,#3470,#3137,.T.);
#4316=EDGE_CURVE('',#3469,#3396,#452,.T.);
#4317=EDGE_CURVE('',#3471,#3392,#3138,.T.);
#4318=EDGE_CURVE('',#3471,#3472,#1786,.T.);
#4319=EDGE_CURVE('',#3391,#3472,#453,.T.);
#4320=EDGE_CURVE('',#3472,#3469,#1787,.T.);
#4321=EDGE_CURVE('',#3473,#3474,#231,.T.);
#4322=EDGE_CURVE('',#3473,#3445,#3139,.T.);
#4323=EDGE_CURVE('',#3413,#3474,#3140,.T.);
#4324=EDGE_CURVE('',#3474,#3475,#1788,.T.);
#4325=EDGE_CURVE('',#3475,#3411,#3141,.T.);
#4326=EDGE_CURVE('',#3475,#3476,#232,.T.);
#4327=EDGE_CURVE('',#3466,#3476,#3142,.T.);
#4328=EDGE_CURVE('',#3477,#3478,#233,.T.);
#4329=EDGE_CURVE('',#3477,#3449,#3143,.T.);
#4330=EDGE_CURVE('',#3405,#3478,#3144,.T.);
#4331=EDGE_CURVE('',#3478,#3479,#1789,.T.);
#4332=EDGE_CURVE('',#3479,#3403,#3145,.T.);
#4333=EDGE_CURVE('',#3479,#3480,#234,.T.);
#4334=EDGE_CURVE('',#3462,#3480,#3146,.T.);
#4335=EDGE_CURVE('',#3456,#3481,#1790,.T.);
#4336=EDGE_CURVE('',#3481,#3387,#3147,.T.);
#4337=EDGE_CURVE('',#3481,#3482,#235,.T.);
#4338=EDGE_CURVE('',#3458,#3482,#3148,.T.);
#4339=EDGE_CURVE('',#3483,#3484,#1791,.T.);
#4340=EDGE_CURVE('',#3484,#3485,#1792,.T.);
#4341=EDGE_CURVE('',#3485,#3486,#1793,.T.);
#4342=EDGE_CURVE('',#3486,#3487,#236,.T.);
#4343=EDGE_CURVE('',#3487,#3488,#237,.T.);
#4344=EDGE_CURVE('',#3488,#3489,#238,.T.);
#4345=EDGE_CURVE('',#3489,#3483,#239,.T.);
#4346=EDGE_CURVE('',#3490,#3491,#240,.T.);
#4347=EDGE_CURVE('',#3491,#3492,#1794,.T.);
#4348=EDGE_CURVE('',#3493,#3492,#241,.T.);
#4349=EDGE_CURVE('',#3490,#3493,#1795,.T.);
#4350=EDGE_CURVE('',#3491,#3494,#1796,.T.);
#4351=EDGE_CURVE('',#3494,#3495,#1797,.T.);
#4352=EDGE_CURVE('',#3492,#3495,#1798,.T.);
#4353=EDGE_CURVE('',#3494,#3496,#242,.T.);
#4354=EDGE_CURVE('',#3496,#3497,#1799,.T.);
#4355=EDGE_CURVE('',#3495,#3497,#243,.T.);
#4356=EDGE_CURVE('',#3496,#3498,#244,.T.);
#4357=EDGE_CURVE('',#3498,#3499,#1800,.T.);
#4358=EDGE_CURVE('',#3497,#3499,#245,.T.);
#4359=EDGE_CURVE('',#3498,#3500,#246,.T.);
#4360=EDGE_CURVE('',#3500,#3501,#1801,.T.);
#4361=EDGE_CURVE('',#3499,#3501,#247,.T.);
#4362=EDGE_CURVE('',#3500,#3502,#248,.T.);
#4363=EDGE_CURVE('',#3502,#3503,#1802,.T.);
#4364=EDGE_CURVE('',#3501,#3503,#249,.T.);
#4365=EDGE_CURVE('',#3502,#3504,#250,.T.);
#4366=EDGE_CURVE('',#3504,#3505,#1803,.T.);
#4367=EDGE_CURVE('',#3503,#3505,#251,.T.);
#4368=EDGE_CURVE('',#3504,#3506,#252,.T.);
#4369=EDGE_CURVE('',#3506,#3507,#1804,.T.);
#4370=EDGE_CURVE('',#3505,#3507,#253,.T.);
#4371=EDGE_CURVE('',#3506,#3508,#254,.T.);
#4372=EDGE_CURVE('',#3508,#3509,#1805,.T.);
#4373=EDGE_CURVE('',#3507,#3509,#255,.T.);
#4374=EDGE_CURVE('',#3508,#3510,#256,.T.);
#4375=EDGE_CURVE('',#3510,#3511,#1806,.T.);
#4376=EDGE_CURVE('',#3509,#3511,#257,.T.);
#4377=EDGE_CURVE('',#3510,#3512,#258,.T.);
#4378=EDGE_CURVE('',#3512,#3513,#1807,.T.);
#4379=EDGE_CURVE('',#3511,#3513,#259,.T.);
#4380=EDGE_CURVE('',#3512,#3514,#260,.T.);
#4381=EDGE_CURVE('',#3514,#3515,#1808,.T.);
#4382=EDGE_CURVE('',#3513,#3515,#261,.T.);
#4383=EDGE_CURVE('',#3514,#3516,#262,.T.);
#4384=EDGE_CURVE('',#3516,#3517,#1809,.T.);
#4385=EDGE_CURVE('',#3515,#3517,#263,.T.);
#4386=EDGE_CURVE('',#3516,#3518,#264,.T.);
#4387=EDGE_CURVE('',#3518,#3519,#1810,.T.);
#4388=EDGE_CURVE('',#3517,#3519,#265,.T.);
#4389=EDGE_CURVE('',#3518,#3520,#266,.T.);
#4390=EDGE_CURVE('',#3520,#3521,#1811,.T.);
#4391=EDGE_CURVE('',#3519,#3521,#267,.T.);
#4392=EDGE_CURVE('',#3520,#3522,#1812,.T.);
#4393=EDGE_CURVE('',#3522,#3523,#1813,.T.);
#4394=EDGE_CURVE('',#3521,#3523,#1814,.T.);
#4395=EDGE_CURVE('',#3522,#3524,#268,.T.);
#4396=EDGE_CURVE('',#3524,#3525,#1815,.T.);
#4397=EDGE_CURVE('',#3523,#3525,#269,.T.);
#4398=EDGE_CURVE('',#3524,#3526,#270,.T.);
#4399=EDGE_CURVE('',#3526,#3527,#1816,.T.);
#4400=EDGE_CURVE('',#3525,#3527,#271,.T.);
#4401=EDGE_CURVE('',#3526,#3528,#272,.T.);
#4402=EDGE_CURVE('',#3528,#3529,#1817,.T.);
#4403=EDGE_CURVE('',#3527,#3529,#273,.T.);
#4404=EDGE_CURVE('',#3528,#3530,#274,.T.);
#4405=EDGE_CURVE('',#3530,#3531,#1818,.T.);
#4406=EDGE_CURVE('',#3529,#3531,#275,.T.);
#4407=EDGE_CURVE('',#3530,#3532,#276,.T.);
#4408=EDGE_CURVE('',#3532,#3533,#1819,.T.);
#4409=EDGE_CURVE('',#3531,#3533,#277,.T.);
#4410=EDGE_CURVE('',#3532,#3534,#278,.T.);
#4411=EDGE_CURVE('',#3534,#3535,#1820,.T.);
#4412=EDGE_CURVE('',#3533,#3535,#279,.T.);
#4413=EDGE_CURVE('',#3534,#3536,#280,.T.);
#4414=EDGE_CURVE('',#3536,#3537,#1821,.T.);
#4415=EDGE_CURVE('',#3535,#3537,#281,.T.);
#4416=EDGE_CURVE('',#3536,#3538,#282,.T.);
#4417=EDGE_CURVE('',#3538,#3539,#1822,.T.);
#4418=EDGE_CURVE('',#3537,#3539,#283,.T.);
#4419=EDGE_CURVE('',#3538,#3540,#284,.T.);
#4420=EDGE_CURVE('',#3540,#3541,#1823,.T.);
#4421=EDGE_CURVE('',#3539,#3541,#285,.T.);
#4422=EDGE_CURVE('',#3540,#3542,#286,.T.);
#4423=EDGE_CURVE('',#3542,#3543,#1824,.T.);
#4424=EDGE_CURVE('',#3541,#3543,#287,.T.);
#4425=EDGE_CURVE('',#3542,#3544,#288,.T.);
#4426=EDGE_CURVE('',#3544,#3545,#1825,.T.);
#4427=EDGE_CURVE('',#3543,#3545,#289,.T.);
#4428=EDGE_CURVE('',#3544,#3546,#290,.T.);
#4429=EDGE_CURVE('',#3546,#3547,#1826,.T.);
#4430=EDGE_CURVE('',#3545,#3547,#291,.T.);
#4431=EDGE_CURVE('',#3546,#3490,#292,.T.);
#4432=EDGE_CURVE('',#3547,#3493,#293,.T.);
#4433=EDGE_CURVE('',#3548,#3549,#1827,.T.);
#4434=EDGE_CURVE('',#3549,#3550,#1828,.T.);
#4435=EDGE_CURVE('',#3551,#3550,#1829,.T.);
#4436=EDGE_CURVE('',#3548,#3551,#1830,.T.);
#4437=EDGE_CURVE('',#3549,#3552,#1831,.T.);
#4438=EDGE_CURVE('',#3552,#3553,#1832,.T.);
#4439=EDGE_CURVE('',#3550,#3553,#1833,.T.);
#4440=EDGE_CURVE('',#3552,#3554,#1834,.T.);
#4441=EDGE_CURVE('',#3554,#3555,#1835,.T.);
#4442=EDGE_CURVE('',#3553,#3555,#1836,.T.);
#4443=EDGE_CURVE('',#3554,#3556,#1837,.T.);
#4444=EDGE_CURVE('',#3556,#3557,#1838,.T.);
#4445=EDGE_CURVE('',#3555,#3557,#1839,.T.);
#4446=EDGE_CURVE('',#3556,#3558,#1840,.T.);
#4447=EDGE_CURVE('',#3558,#3559,#1841,.T.);
#4448=EDGE_CURVE('',#3557,#3559,#1842,.T.);
#4449=EDGE_CURVE('',#3558,#3560,#1843,.T.);
#4450=EDGE_CURVE('',#3560,#3561,#1844,.T.);
#4451=EDGE_CURVE('',#3559,#3561,#1845,.T.);
#4452=EDGE_CURVE('',#3560,#3562,#1846,.T.);
#4453=EDGE_CURVE('',#3562,#3563,#1847,.T.);
#4454=EDGE_CURVE('',#3561,#3563,#1848,.T.);
#4455=EDGE_CURVE('',#3562,#3564,#1849,.T.);
#4456=EDGE_CURVE('',#3564,#3565,#1850,.T.);
#4457=EDGE_CURVE('',#3563,#3565,#1851,.T.);
#4458=EDGE_CURVE('',#3564,#3566,#1852,.T.);
#4459=EDGE_CURVE('',#3566,#3567,#1853,.T.);
#4460=EDGE_CURVE('',#3565,#3567,#1854,.T.);
#4461=EDGE_CURVE('',#3566,#3568,#1855,.T.);
#4462=EDGE_CURVE('',#3568,#3569,#1856,.T.);
#4463=EDGE_CURVE('',#3567,#3569,#1857,.T.);
#4464=EDGE_CURVE('',#3568,#3570,#1858,.T.);
#4465=EDGE_CURVE('',#3570,#3571,#1859,.T.);
#4466=EDGE_CURVE('',#3569,#3571,#1860,.T.);
#4467=EDGE_CURVE('',#3570,#3548,#1861,.T.);
#4468=EDGE_CURVE('',#3571,#3551,#1862,.T.);
#4469=EDGE_CURVE('',#3572,#3573,#1863,.T.);
#4470=EDGE_CURVE('',#3573,#3574,#1864,.T.);
#4471=EDGE_CURVE('',#3575,#3574,#1865,.T.);
#4472=EDGE_CURVE('',#3572,#3575,#1866,.T.);
#4473=EDGE_CURVE('',#3573,#3576,#1867,.T.);
#4474=EDGE_CURVE('',#3576,#3577,#1868,.T.);
#4475=EDGE_CURVE('',#3574,#3577,#1869,.T.);
#4476=EDGE_CURVE('',#3576,#3578,#1870,.T.);
#4477=EDGE_CURVE('',#3578,#3579,#1871,.T.);
#4478=EDGE_CURVE('',#3577,#3579,#1872,.T.);
#4479=EDGE_CURVE('',#3578,#3572,#1873,.T.);
#4480=EDGE_CURVE('',#3579,#3575,#1874,.T.);
#4481=EDGE_CURVE('',#3580,#3581,#1875,.T.);
#4482=EDGE_CURVE('',#3581,#3485,#1876,.T.);
#4483=EDGE_CURVE('',#3580,#3484,#1877,.T.);
#4484=EDGE_CURVE('',#3581,#3582,#1878,.T.);
#4485=EDGE_CURVE('',#3582,#3486,#1879,.T.);
#4486=EDGE_CURVE('',#3582,#3583,#294,.T.);
#4487=EDGE_CURVE('',#3583,#3487,#1880,.T.);
#4488=EDGE_CURVE('',#3583,#3584,#295,.T.);
#4489=EDGE_CURVE('',#3584,#3488,#1881,.T.);
#4490=EDGE_CURVE('',#3584,#3585,#296,.T.);
#4491=EDGE_CURVE('',#3585,#3489,#1882,.T.);
#4492=EDGE_CURVE('',#3585,#3586,#297,.T.);
#4493=EDGE_CURVE('',#3586,#3483,#1883,.T.);
#4494=EDGE_CURVE('',#3586,#3580,#1884,.T.);
#4495=EDGE_CURVE('',#3587,#3588,#1885,.T.);
#4496=EDGE_CURVE('',#3588,#3589,#1886,.T.);
#4497=EDGE_CURVE('',#3590,#3589,#1887,.T.);
#4498=EDGE_CURVE('',#3587,#3590,#1888,.T.);
#4499=EDGE_CURVE('',#3588,#3591,#1889,.T.);
#4500=EDGE_CURVE('',#3591,#3592,#1890,.T.);
#4501=EDGE_CURVE('',#3589,#3592,#1891,.T.);
#4502=EDGE_CURVE('',#3591,#3593,#298,.T.);
#4503=EDGE_CURVE('',#3593,#3594,#1892,.T.);
#4504=EDGE_CURVE('',#3592,#3594,#299,.T.);
#4505=EDGE_CURVE('',#3593,#3595,#300,.T.);
#4506=EDGE_CURVE('',#3595,#3596,#1893,.T.);
#4507=EDGE_CURVE('',#3594,#3596,#301,.T.);
#4508=EDGE_CURVE('',#3595,#3597,#302,.T.);
#4509=EDGE_CURVE('',#3597,#3598,#1894,.T.);
#4510=EDGE_CURVE('',#3596,#3598,#303,.T.);
#4511=EDGE_CURVE('',#3597,#3599,#304,.T.);
#4512=EDGE_CURVE('',#3599,#3600,#1895,.T.);
#4513=EDGE_CURVE('',#3598,#3600,#305,.T.);
#4514=EDGE_CURVE('',#3599,#3601,#1896,.T.);
#4515=EDGE_CURVE('',#3601,#3602,#1897,.T.);
#4516=EDGE_CURVE('',#3600,#3602,#1898,.T.);
#4517=EDGE_CURVE('',#3601,#3603,#1899,.T.);
#4518=EDGE_CURVE('',#3603,#3604,#1900,.T.);
#4519=EDGE_CURVE('',#3602,#3604,#1901,.T.);
#4520=EDGE_CURVE('',#3603,#3587,#1902,.T.);
#4521=EDGE_CURVE('',#3604,#3590,#1903,.T.);
#4522=EDGE_CURVE('',#3605,#3606,#1904,.T.);
#4523=EDGE_CURVE('',#3606,#3607,#1905,.T.);
#4524=EDGE_CURVE('',#3608,#3607,#1906,.T.);
#4525=EDGE_CURVE('',#3605,#3608,#1907,.T.);
#4526=EDGE_CURVE('',#3606,#3609,#1908,.T.);
#4527=EDGE_CURVE('',#3609,#3610,#1909,.T.);
#4528=EDGE_CURVE('',#3607,#3610,#1910,.T.);
#4529=EDGE_CURVE('',#3609,#3611,#1911,.T.);
#4530=EDGE_CURVE('',#3611,#3612,#1912,.T.);
#4531=EDGE_CURVE('',#3610,#3612,#1913,.T.);
#4532=EDGE_CURVE('',#3611,#3613,#1914,.T.);
#4533=EDGE_CURVE('',#3613,#3614,#1915,.T.);
#4534=EDGE_CURVE('',#3612,#3614,#1916,.T.);
#4535=EDGE_CURVE('',#3613,#3615,#1917,.T.);
#4536=EDGE_CURVE('',#3615,#3616,#1918,.T.);
#4537=EDGE_CURVE('',#3614,#3616,#1919,.T.);
#4538=EDGE_CURVE('',#3615,#3617,#1920,.T.);
#4539=EDGE_CURVE('',#3617,#3618,#1921,.T.);
#4540=EDGE_CURVE('',#3616,#3618,#1922,.T.);
#4541=EDGE_CURVE('',#3617,#3605,#1923,.T.);
#4542=EDGE_CURVE('',#3618,#3608,#1924,.T.);
#4543=EDGE_CURVE('',#3619,#3620,#1925,.T.);
#4544=EDGE_CURVE('',#3620,#3621,#1926,.T.);
#4545=EDGE_CURVE('',#3622,#3621,#1927,.T.);
#4546=EDGE_CURVE('',#3619,#3622,#1928,.T.);
#4547=EDGE_CURVE('',#3620,#3623,#1929,.T.);
#4548=EDGE_CURVE('',#3623,#3624,#1930,.T.);
#4549=EDGE_CURVE('',#3621,#3624,#1931,.T.);
#4550=EDGE_CURVE('',#3623,#3625,#1932,.T.);
#4551=EDGE_CURVE('',#3625,#3626,#1933,.T.);
#4552=EDGE_CURVE('',#3624,#3626,#1934,.T.);
#4553=EDGE_CURVE('',#3625,#3627,#1935,.T.);
#4554=EDGE_CURVE('',#3627,#3628,#1936,.T.);
#4555=EDGE_CURVE('',#3626,#3628,#1937,.T.);
#4556=EDGE_CURVE('',#3627,#3629,#1938,.T.);
#4557=EDGE_CURVE('',#3629,#3630,#1939,.T.);
#4558=EDGE_CURVE('',#3628,#3630,#1940,.T.);
#4559=EDGE_CURVE('',#3629,#3631,#1941,.T.);
#4560=EDGE_CURVE('',#3631,#3632,#1942,.T.);
#4561=EDGE_CURVE('',#3630,#3632,#1943,.T.);
#4562=EDGE_CURVE('',#3631,#3619,#1944,.T.);
#4563=EDGE_CURVE('',#3632,#3622,#1945,.T.);
#4564=EDGE_CURVE('',#3382,#3633,#1946,.T.);
#4565=EDGE_CURVE('',#3634,#3633,#3149,.T.);
#4566=EDGE_CURVE('',#3633,#3634,#3150,.T.);
#4567=EDGE_CURVE('',#3634,#3635,#1947,.T.);
#4568=EDGE_CURVE('',#3635,#3635,#3151,.T.);
#4569=EDGE_CURVE('',#3636,#3637,#1948,.T.);
#4570=EDGE_CURVE('',#3638,#3636,#306,.T.);
#4571=EDGE_CURVE('',#3639,#3638,#307,.T.);
#4572=EDGE_CURVE('',#3640,#3639,#1949,.T.);
#4573=EDGE_CURVE('',#3641,#3640,#308,.T.);
#4574=EDGE_CURVE('',#3642,#3641,#309,.T.);
#4575=EDGE_CURVE('',#3643,#3642,#1950,.T.);
#4576=EDGE_CURVE('',#3644,#3643,#3152,.T.);
#4577=EDGE_CURVE('',#3645,#3644,#1951,.T.);
#4578=EDGE_CURVE('',#3637,#3645,#3153,.T.);
#4579=EDGE_CURVE('',#3646,#3647,#310,.T.);
#4580=EDGE_CURVE('',#3452,#3646,#3154,.T.);
#4581=EDGE_CURVE('',#3648,#3455,#311,.T.);
#4582=EDGE_CURVE('',#3649,#3648,#1952,.T.);
#4583=EDGE_CURVE('',#3650,#3649,#312,.T.);
#4584=EDGE_CURVE('',#3448,#3650,#3155,.T.);
#4585=EDGE_CURVE('',#3651,#3477,#313,.T.);
#4586=EDGE_CURVE('',#3652,#3651,#1953,.T.);
#4587=EDGE_CURVE('',#3653,#3652,#314,.T.);
#4588=EDGE_CURVE('',#3444,#3653,#3156,.T.);
#4589=EDGE_CURVE('',#3654,#3473,#315,.T.);
#4590=EDGE_CURVE('',#3655,#3654,#1954,.T.);
#4591=EDGE_CURVE('',#3656,#3655,#316,.T.);
#4592=EDGE_CURVE('',#3440,#3656,#3157,.T.);
#4593=EDGE_CURVE('',#3657,#3441,#3158,.T.);
#4594=EDGE_CURVE('',#3658,#3657,#317,.T.);
#4595=EDGE_CURVE('',#3438,#3658,#1955,.T.);
#4596=EDGE_CURVE('',#3647,#3421,#1956,.T.);
#4597=EDGE_CURVE('',#3657,#3659,#318,.T.);
#4598=EDGE_CURVE('',#3397,#3659,#3159,.T.);
#4599=EDGE_CURVE('',#3659,#3660,#1957,.T.);
#4600=EDGE_CURVE('',#3660,#3395,#3160,.T.);
#4601=EDGE_CURVE('',#3660,#3661,#319,.T.);
#4602=EDGE_CURVE('',#3470,#3661,#3161,.T.);
#4603=EDGE_CURVE('',#3661,#3641,#1958,.T.);
#4604=EDGE_CURVE('',#3661,#3662,#320,.T.);
#4605=EDGE_CURVE('',#3642,#3662,#1959,.T.);
#4606=EDGE_CURVE('',#3658,#3636,#1960,.T.);
#4607=EDGE_CURVE('',#3638,#3657,#1961,.T.);
#4608=EDGE_CURVE('',#3662,#3435,#1962,.T.);
#4609=EDGE_CURVE('',#3643,#3435,#1963,.T.);
#4610=EDGE_CURVE('',#3644,#3436,#1964,.T.);
#4611=EDGE_CURVE('',#3645,#3437,#1965,.T.);
#4612=EDGE_CURVE('',#3637,#3438,#1966,.T.);
#4613=EDGE_CURVE('',#3639,#3659,#1967,.T.);
#4614=EDGE_CURVE('',#3640,#3660,#1968,.T.);
#4615=EDGE_CURVE('',#3663,#3664,#1969,.T.);
#4616=EDGE_CURVE('',#3665,#3663,#321,.T.);
#4617=EDGE_CURVE('',#3666,#3665,#322,.T.);
#4618=EDGE_CURVE('',#3667,#3666,#1970,.T.);
#4619=EDGE_CURVE('',#3668,#3667,#323,.T.);
#4620=EDGE_CURVE('',#3669,#3668,#324,.T.);
#4621=EDGE_CURVE('',#3670,#3669,#1971,.T.);
#4622=EDGE_CURVE('',#3671,#3670,#325,.T.);
#4623=EDGE_CURVE('',#3672,#3671,#326,.T.);
#4624=EDGE_CURVE('',#3673,#3672,#1972,.T.);
#4625=EDGE_CURVE('',#3674,#3673,#327,.T.);
#4626=EDGE_CURVE('',#3664,#3674,#328,.T.);
#4627=EDGE_CURVE('',#3675,#3676,#329,.T.);
#4628=EDGE_CURVE('',#3675,#3471,#3162,.T.);
#4629=EDGE_CURVE('',#3392,#3676,#3163,.T.);
#4630=EDGE_CURVE('',#3676,#3677,#1973,.T.);
#4631=EDGE_CURVE('',#3677,#3394,#3164,.T.);
#4632=EDGE_CURVE('',#3677,#3656,#330,.T.);
#4633=EDGE_CURVE('',#3476,#3674,#1974,.T.);
#4634=EDGE_CURVE('',#3476,#3678,#331,.T.);
#4635=EDGE_CURVE('',#3664,#3678,#1975,.T.);
#4636=EDGE_CURVE('',#3679,#3663,#1976,.T.);
#4637=EDGE_CURVE('',#3679,#3675,#332,.T.);
#4638=EDGE_CURVE('',#3665,#3675,#1977,.T.);
#4639=EDGE_CURVE('',#3678,#3679,#1978,.T.);
#4640=EDGE_CURVE('',#3656,#3668,#1979,.T.);
#4641=EDGE_CURVE('',#3669,#3655,#1980,.T.);
#4642=EDGE_CURVE('',#3666,#3676,#1981,.T.);
#4643=EDGE_CURVE('',#3667,#3677,#1982,.T.);
#4644=EDGE_CURVE('',#3654,#3670,#1983,.T.);
#4645=EDGE_CURVE('',#3671,#3473,#1984,.T.);
#4646=EDGE_CURVE('',#3672,#3474,#1985,.T.);
#4647=EDGE_CURVE('',#3673,#3475,#1986,.T.);
#4648=EDGE_CURVE('',#3680,#3681,#1987,.T.);
#4649=EDGE_CURVE('',#3682,#3680,#333,.T.);
#4650=EDGE_CURVE('',#3683,#3682,#334,.T.);
#4651=EDGE_CURVE('',#3684,#3683,#1988,.T.);
#4652=EDGE_CURVE('',#3685,#3684,#335,.T.);
#4653=EDGE_CURVE('',#3686,#3685,#336,.T.);
#4654=EDGE_CURVE('',#3687,#3686,#1989,.T.);
#4655=EDGE_CURVE('',#3688,#3687,#337,.T.);
#4656=EDGE_CURVE('',#3689,#3688,#338,.T.);
#4657=EDGE_CURVE('',#3690,#3689,#1990,.T.);
#4658=EDGE_CURVE('',#3691,#3690,#339,.T.);
#4659=EDGE_CURVE('',#3681,#3691,#340,.T.);
#4660=EDGE_CURVE('',#3692,#3693,#341,.T.);
#4661=EDGE_CURVE('',#3692,#3467,#3165,.T.);
#4662=EDGE_CURVE('',#3408,#3693,#3166,.T.);
#4663=EDGE_CURVE('',#3693,#3694,#1991,.T.);
#4664=EDGE_CURVE('',#3694,#3410,#3167,.T.);
#4665=EDGE_CURVE('',#3694,#3653,#342,.T.);
#4666=EDGE_CURVE('',#3480,#3691,#1992,.T.);
#4667=EDGE_CURVE('',#3480,#3695,#343,.T.);
#4668=EDGE_CURVE('',#3681,#3695,#1993,.T.);
#4669=EDGE_CURVE('',#3696,#3680,#1994,.T.);
#4670=EDGE_CURVE('',#3696,#3692,#344,.T.);
#4671=EDGE_CURVE('',#3682,#3692,#1995,.T.);
#4672=EDGE_CURVE('',#3695,#3696,#1996,.T.);
#4673=EDGE_CURVE('',#3653,#3685,#1997,.T.);
#4674=EDGE_CURVE('',#3686,#3652,#1998,.T.);
#4675=EDGE_CURVE('',#3683,#3693,#1999,.T.);
#4676=EDGE_CURVE('',#3684,#3694,#2000,.T.);
#4677=EDGE_CURVE('',#3651,#3687,#2001,.T.);
#4678=EDGE_CURVE('',#3688,#3477,#2002,.T.);
#4679=EDGE_CURVE('',#3689,#3478,#2003,.T.);
#4680=EDGE_CURVE('',#3690,#3479,#2004,.T.);
#4681=EDGE_CURVE('',#3697,#3698,#2005,.T.);
#4682=EDGE_CURVE('',#3699,#3697,#345,.T.);
#4683=EDGE_CURVE('',#3700,#3699,#346,.T.);
#4684=EDGE_CURVE('',#3701,#3700,#2006,.T.);
#4685=EDGE_CURVE('',#3702,#3701,#347,.T.);
#4686=EDGE_CURVE('',#3703,#3702,#348,.T.);
#4687=EDGE_CURVE('',#3704,#3703,#2007,.T.);
#4688=EDGE_CURVE('',#3705,#3704,#349,.T.);
#4689=EDGE_CURVE('',#3706,#3705,#350,.T.);
#4690=EDGE_CURVE('',#3707,#3706,#2008,.T.);
#4691=EDGE_CURVE('',#3708,#3707,#351,.T.);
#4692=EDGE_CURVE('',#3698,#3708,#352,.T.);
#4693=EDGE_CURVE('',#3709,#3710,#353,.T.);
#4694=EDGE_CURVE('',#3709,#3463,#3168,.T.);
#4695=EDGE_CURVE('',#3400,#3710,#3169,.T.);
#4696=EDGE_CURVE('',#3710,#3711,#2009,.T.);
#4697=EDGE_CURVE('',#3711,#3402,#3170,.T.);
#4698=EDGE_CURVE('',#3711,#3650,#354,.T.);
#4699=EDGE_CURVE('',#3482,#3708,#2010,.T.);
#4700=EDGE_CURVE('',#3482,#3712,#355,.T.);
#4701=EDGE_CURVE('',#3698,#3712,#2011,.T.);
#4702=EDGE_CURVE('',#3713,#3697,#2012,.T.);
#4703=EDGE_CURVE('',#3713,#3709,#356,.T.);
#4704=EDGE_CURVE('',#3699,#3709,#2013,.T.);
#4705=EDGE_CURVE('',#3712,#3713,#2014,.T.);
#4706=EDGE_CURVE('',#3650,#3702,#2015,.T.);
#4707=EDGE_CURVE('',#3703,#3649,#2016,.T.);
#4708=EDGE_CURVE('',#3700,#3710,#2017,.T.);
#4709=EDGE_CURVE('',#3701,#3711,#2018,.T.);
#4710=EDGE_CURVE('',#3648,#3704,#2019,.T.);
#4711=EDGE_CURVE('',#3705,#3455,#2020,.T.);
#4712=EDGE_CURVE('',#3456,#3706,#2021,.T.);
#4713=EDGE_CURVE('',#3707,#3481,#2022,.T.);
#4714=EDGE_CURVE('',#3381,#3714,#2023,.T.);
#4715=EDGE_CURVE('',#3715,#3714,#3171,.T.);
#4716=EDGE_CURVE('',#3714,#3715,#3172,.T.);
#4717=EDGE_CURVE('',#3715,#3716,#2024,.T.);
#4718=EDGE_CURVE('',#3716,#3716,#3173,.T.);
#4719=EDGE_CURVE('',#3717,#3718,#2025,.T.);
#4720=EDGE_CURVE('',#3719,#3717,#357,.T.);
#4721=EDGE_CURVE('',#3720,#3719,#358,.T.);
#4722=EDGE_CURVE('',#3721,#3720,#2026,.T.);
#4723=EDGE_CURVE('',#3722,#3721,#359,.T.);
#4724=EDGE_CURVE('',#3723,#3722,#360,.T.);
#4725=EDGE_CURVE('',#3724,#3723,#2027,.T.);
#4726=EDGE_CURVE('',#3725,#3724,#3174,.T.);
#4727=EDGE_CURVE('',#3726,#3725,#2028,.T.);
#4728=EDGE_CURVE('',#3718,#3726,#3175,.T.);
#4729=EDGE_CURVE('',#3727,#3728,#361,.T.);
#4730=EDGE_CURVE('',#3416,#3727,#2029,.T.);
#4731=EDGE_CURVE('',#3728,#3459,#3176,.T.);
#4732=EDGE_CURVE('',#3728,#3729,#362,.T.);
#4733=EDGE_CURVE('',#3384,#3729,#3177,.T.);
#4734=EDGE_CURVE('',#3729,#3730,#2030,.T.);
#4735=EDGE_CURVE('',#3730,#3386,#3178,.T.);
#4736=EDGE_CURVE('',#3730,#3646,#363,.T.);
#4737=EDGE_CURVE('',#3646,#3722,#2031,.T.);
#4738=EDGE_CURVE('',#3723,#3647,#2032,.T.);
#4739=EDGE_CURVE('',#3727,#3717,#2033,.T.);
#4740=EDGE_CURVE('',#3719,#3728,#2034,.T.);
#4741=EDGE_CURVE('',#3724,#3421,#2035,.T.);
#4742=EDGE_CURVE('',#3725,#3419,#2036,.T.);
#4743=EDGE_CURVE('',#3726,#3415,#2037,.T.);
#4744=EDGE_CURVE('',#3718,#3416,#2038,.T.);
#4745=EDGE_CURVE('',#3720,#3729,#2039,.T.);
#4746=EDGE_CURVE('',#3721,#3730,#2040,.T.);
#4747=EDGE_CURVE('',#3731,#3731,#3179,.T.);
#4748=EDGE_CURVE('',#3731,#3732,#2041,.T.);
#4749=EDGE_CURVE('',#3732,#3733,#3180,.T.);
#4750=EDGE_CURVE('',#3733,#3732,#3181,.T.);
#4751=EDGE_CURVE('',#3734,#3735,#2042,.T.);
#4752=EDGE_CURVE('',#3736,#3734,#3182,.T.);
#4753=EDGE_CURVE('',#3737,#3736,#2043,.T.);
#4754=EDGE_CURVE('',#3738,#3737,#3183,.T.);
#4755=EDGE_CURVE('',#3739,#3738,#2044,.T.);
#4756=EDGE_CURVE('',#3740,#3739,#3184,.T.);
#4757=EDGE_CURVE('',#3741,#3740,#2045,.T.);
#4758=EDGE_CURVE('',#3735,#3741,#3185,.T.);
#4759=EDGE_CURVE('',#3742,#3742,#3186,.T.);
#4760=EDGE_CURVE('',#3743,#3743,#3187,.T.);
#4761=EDGE_CURVE('',#3743,#3733,#2046,.T.);
#4762=EDGE_CURVE('',#3742,#3744,#2047,.T.);
#4763=EDGE_CURVE('',#3744,#3745,#3188,.T.);
#4764=EDGE_CURVE('',#3745,#3744,#3189,.T.);
#4765=EDGE_CURVE('',#3746,#3746,#3190,.T.);
#4766=EDGE_CURVE('',#3746,#3745,#2048,.T.);
#4767=EDGE_CURVE('',#3747,#3747,#3191,.T.);
#4768=EDGE_CURVE('',#3747,#3748,#2049,.T.);
#4769=EDGE_CURVE('',#3748,#3749,#3192,.T.);
#4770=EDGE_CURVE('',#3749,#3748,#3193,.T.);
#4771=EDGE_CURVE('',#3750,#3751,#2050,.T.);
#4772=EDGE_CURVE('',#3752,#3750,#3194,.T.);
#4773=EDGE_CURVE('',#3753,#3752,#2051,.T.);
#4774=EDGE_CURVE('',#3754,#3753,#3195,.T.);
#4775=EDGE_CURVE('',#3755,#3754,#2052,.T.);
#4776=EDGE_CURVE('',#3756,#3755,#364,.T.);
#4777=EDGE_CURVE('',#3757,#3756,#365,.T.);
#4778=EDGE_CURVE('',#3758,#3757,#2053,.T.);
#4779=EDGE_CURVE('',#3759,#3758,#366,.T.);
#4780=EDGE_CURVE('',#3751,#3759,#367,.T.);
#4781=EDGE_CURVE('',#3749,#3760,#2054,.T.);
#4782=EDGE_CURVE('',#3760,#3760,#3196,.T.);
#4783=EDGE_CURVE('',#3756,#3761,#2055,.T.);
#4784=EDGE_CURVE('',#3761,#3762,#368,.T.);
#4785=EDGE_CURVE('',#3762,#3757,#2056,.T.);
#4786=EDGE_CURVE('',#3763,#3758,#2057,.T.);
#4787=EDGE_CURVE('',#3762,#3763,#2058,.T.);
#4788=EDGE_CURVE('',#3764,#3759,#2059,.T.);
#4789=EDGE_CURVE('',#3763,#3764,#369,.T.);
#4790=EDGE_CURVE('',#3765,#3750,#2060,.T.);
#4791=EDGE_CURVE('',#3751,#3766,#2061,.T.);
#4792=EDGE_CURVE('',#3766,#3765,#2062,.T.);
#4793=EDGE_CURVE('',#3767,#3752,#2063,.T.);
#4794=EDGE_CURVE('',#3765,#3767,#3197,.T.);
#4795=EDGE_CURVE('',#3768,#3753,#2064,.T.);
#4796=EDGE_CURVE('',#3767,#3768,#2065,.T.);
#4797=EDGE_CURVE('',#3769,#3754,#2066,.T.);
#4798=EDGE_CURVE('',#3768,#3769,#3198,.T.);
#4799=EDGE_CURVE('',#3770,#3755,#2067,.T.);
#4800=EDGE_CURVE('',#3769,#3770,#2068,.T.);
#4801=EDGE_CURVE('',#3764,#3766,#370,.T.);
#4802=EDGE_CURVE('',#3770,#3761,#371,.T.);
#4803=EDGE_CURVE('',#3771,#3769,#2069,.T.);
#4804=EDGE_CURVE('',#3772,#3771,#2070,.T.);
#4805=EDGE_CURVE('',#3773,#3772,#2071,.T.);
#4806=EDGE_CURVE('',#3774,#3773,#2072,.T.);
#4807=EDGE_CURVE('',#3775,#3774,#372,.T.);
#4808=EDGE_CURVE('',#3776,#3775,#3199,.T.);
#4809=EDGE_CURVE('',#3777,#3776,#2073,.T.);
#4810=EDGE_CURVE('',#3778,#3777,#2074,.T.);
#4811=EDGE_CURVE('',#3779,#3778,#2075,.T.);
#4812=EDGE_CURVE('',#3780,#3779,#3200,.T.);
#4813=EDGE_CURVE('',#3781,#3780,#373,.T.);
#4814=EDGE_CURVE('',#3782,#3781,#2076,.T.);
#4815=EDGE_CURVE('',#3783,#3782,#374,.T.);
#4816=EDGE_CURVE('',#3784,#3783,#3201,.T.);
#4817=EDGE_CURVE('',#3785,#3784,#2077,.T.);
#4818=EDGE_CURVE('',#3786,#3785,#2078,.T.);
#4819=EDGE_CURVE('',#3787,#3786,#2079,.T.);
#4820=EDGE_CURVE('',#3788,#3787,#3202,.T.);
#4821=EDGE_CURVE('',#3789,#3788,#375,.T.);
#4822=EDGE_CURVE('',#3790,#3789,#2080,.T.);
#4823=EDGE_CURVE('',#3791,#3790,#376,.T.);
#4824=EDGE_CURVE('',#3792,#3791,#3203,.T.);
#4825=EDGE_CURVE('',#3793,#3792,#2081,.T.);
#4826=EDGE_CURVE('',#3794,#3793,#2082,.T.);
#4827=EDGE_CURVE('',#3795,#3794,#2083,.T.);
#4828=EDGE_CURVE('',#3796,#3795,#3204,.T.);
#4829=EDGE_CURVE('',#3797,#3796,#377,.T.);
#4830=EDGE_CURVE('',#3798,#3797,#2084,.T.);
#4831=EDGE_CURVE('',#3799,#3798,#378,.T.);
#4832=EDGE_CURVE('',#3800,#3799,#3205,.T.);
#4833=EDGE_CURVE('',#3801,#3800,#2085,.T.);
#4834=EDGE_CURVE('',#3802,#3801,#2086,.T.);
#4835=EDGE_CURVE('',#3803,#3802,#2087,.T.);
#4836=EDGE_CURVE('',#3761,#3803,#3206,.T.);
#4837=EDGE_CURVE('',#3768,#3804,#2088,.T.);
#4838=EDGE_CURVE('',#3771,#3804,#3207,.T.);
#4839=EDGE_CURVE('',#3805,#3767,#2089,.T.);
#4840=EDGE_CURVE('',#3804,#3805,#2090,.T.);
#4841=EDGE_CURVE('',#3806,#3807,#2091,.T.);
#4842=EDGE_CURVE('',#3807,#3808,#2092,.T.);
#4843=EDGE_CURVE('',#3808,#3809,#2093,.T.);
#4844=EDGE_CURVE('',#3809,#3810,#2094,.T.);
#4845=EDGE_CURVE('',#3810,#3811,#2095,.T.);
#4846=EDGE_CURVE('',#3811,#3812,#2096,.T.);
#4847=EDGE_CURVE('',#3812,#3813,#2097,.T.);
#4848=EDGE_CURVE('',#3813,#3814,#2098,.T.);
#4849=EDGE_CURVE('',#3814,#3815,#2099,.T.);
#4850=EDGE_CURVE('',#3815,#3816,#2100,.T.);
#4851=EDGE_CURVE('',#3816,#3817,#2101,.T.);
#4852=EDGE_CURVE('',#3817,#3818,#2102,.T.);
#4853=EDGE_CURVE('',#3818,#3806,#2103,.T.);
#4854=EDGE_CURVE('',#3819,#3820,#2104,.T.);
#4855=EDGE_CURVE('',#3820,#3821,#2105,.T.);
#4856=EDGE_CURVE('',#3821,#3822,#2106,.T.);
#4857=EDGE_CURVE('',#3822,#3823,#2107,.T.);
#4858=EDGE_CURVE('',#3823,#3824,#2108,.T.);
#4859=EDGE_CURVE('',#3824,#3825,#2109,.T.);
#4860=EDGE_CURVE('',#3825,#3826,#2110,.T.);
#4861=EDGE_CURVE('',#3826,#3827,#2111,.T.);
#4862=EDGE_CURVE('',#3827,#3828,#2112,.T.);
#4863=EDGE_CURVE('',#3828,#3829,#2113,.T.);
#4864=EDGE_CURVE('',#3829,#3830,#2114,.T.);
#4865=EDGE_CURVE('',#3830,#3831,#2115,.T.);
#4866=EDGE_CURVE('',#3831,#3819,#2116,.T.);
#4867=EDGE_CURVE('',#3832,#3833,#379,.T.);
#4868=EDGE_CURVE('',#3833,#3834,#2117,.T.);
#4869=EDGE_CURVE('',#3834,#3835,#380,.T.);
#4870=EDGE_CURVE('',#3835,#3832,#2118,.T.);
#4871=EDGE_CURVE('',#3765,#3836,#2119,.T.);
#4872=EDGE_CURVE('',#3805,#3836,#3208,.T.);
#4873=EDGE_CURVE('',#3837,#3838,#2120,.T.);
#4874=EDGE_CURVE('',#3838,#3839,#381,.T.);
#4875=EDGE_CURVE('',#3839,#3840,#2121,.T.);
#4876=EDGE_CURVE('',#3840,#3837,#382,.T.);
#4877=EDGE_CURVE('',#3799,#3841,#2122,.T.);
#4878=EDGE_CURVE('',#3841,#3842,#383,.T.);
#4879=EDGE_CURVE('',#3842,#3843,#2123,.T.);
#4880=EDGE_CURVE('',#3843,#3799,#384,.T.);
#4881=EDGE_CURVE('',#3842,#3840,#2124,.T.);
#4882=EDGE_CURVE('',#3839,#3843,#2125,.T.);
#4883=EDGE_CURVE('',#3797,#3844,#2126,.T.);
#4884=EDGE_CURVE('',#3844,#3845,#2127,.T.);
#4885=EDGE_CURVE('',#3845,#3798,#2128,.T.);
#4886=EDGE_CURVE('',#3845,#3841,#385,.T.);
#4887=EDGE_CURVE('',#3846,#3796,#2129,.T.);
#4888=EDGE_CURVE('',#3796,#3847,#386,.T.);
#4889=EDGE_CURVE('',#3847,#3848,#2130,.T.);
#4890=EDGE_CURVE('',#3848,#3846,#387,.T.);
#4891=EDGE_CURVE('',#3849,#3850,#2131,.T.);
#4892=EDGE_CURVE('',#3850,#3848,#2132,.T.);
#4893=EDGE_CURVE('',#3847,#3849,#2133,.T.);
#4894=EDGE_CURVE('',#3851,#3852,#2134,.T.);
#4895=EDGE_CURVE('',#3852,#3850,#388,.T.);
#4896=EDGE_CURVE('',#3849,#3851,#389,.T.);
#4897=EDGE_CURVE('',#3846,#3844,#390,.T.);
#4898=EDGE_CURVE('',#3853,#3854,#2135,.T.);
#4899=EDGE_CURVE('',#3854,#3855,#2136,.T.);
#4900=EDGE_CURVE('',#3855,#3856,#2137,.T.);
#4901=EDGE_CURVE('',#3856,#3853,#2138,.T.);
#4902=EDGE_CURVE('',#3855,#3852,#391,.T.);
#4903=EDGE_CURVE('',#3851,#3856,#392,.T.);
#4904=EDGE_CURVE('',#3837,#3854,#393,.T.);
#4905=EDGE_CURVE('',#3853,#3838,#394,.T.);
#4906=EDGE_CURVE('',#3843,#3857,#3209,.T.);
#4907=EDGE_CURVE('',#3857,#3800,#3210,.T.);
#4908=EDGE_CURVE('',#3858,#3839,#3211,.T.);
#4909=EDGE_CURVE('',#3858,#3857,#2139,.T.);
#4910=EDGE_CURVE('',#3838,#3859,#3212,.T.);
#4911=EDGE_CURVE('',#3858,#3859,#3213,.T.);
#4912=EDGE_CURVE('',#3860,#3764,#3214,.T.);
#4913=EDGE_CURVE('',#3861,#3860,#2140,.T.);
#4914=EDGE_CURVE('',#3862,#3861,#2141,.T.);
#4915=EDGE_CURVE('',#3859,#3862,#2142,.T.);
#4916=EDGE_CURVE('',#3863,#3851,#3215,.T.);
#4917=EDGE_CURVE('',#3864,#3863,#2143,.T.);
#4918=EDGE_CURVE('',#3865,#3864,#2144,.T.);
#4919=EDGE_CURVE('',#3866,#3865,#2145,.T.);
#4920=EDGE_CURVE('',#3867,#3866,#3216,.T.);
#4921=EDGE_CURVE('',#3868,#3867,#395,.T.);
#4922=EDGE_CURVE('',#3869,#3868,#2146,.T.);
#4923=EDGE_CURVE('',#3870,#3869,#396,.T.);
#4924=EDGE_CURVE('',#3871,#3870,#3217,.T.);
#4925=EDGE_CURVE('',#3872,#3871,#2147,.T.);
#4926=EDGE_CURVE('',#3873,#3872,#2148,.T.);
#4927=EDGE_CURVE('',#3874,#3873,#2149,.T.);
#4928=EDGE_CURVE('',#3875,#3874,#3218,.T.);
#4929=EDGE_CURVE('',#3876,#3875,#397,.T.);
#4930=EDGE_CURVE('',#3877,#3876,#2150,.T.);
#4931=EDGE_CURVE('',#3878,#3877,#398,.T.);
#4932=EDGE_CURVE('',#3879,#3878,#3219,.T.);
#4933=EDGE_CURVE('',#3880,#3879,#2151,.T.);
#4934=EDGE_CURVE('',#3881,#3880,#2152,.T.);
#4935=EDGE_CURVE('',#3882,#3881,#2153,.T.);
#4936=EDGE_CURVE('',#3883,#3882,#3220,.T.);
#4937=EDGE_CURVE('',#3884,#3883,#399,.T.);
#4938=EDGE_CURVE('',#3885,#3884,#2154,.T.);
#4939=EDGE_CURVE('',#3886,#3885,#2155,.T.);
#4940=EDGE_CURVE('',#3836,#3886,#2156,.T.);
#4941=EDGE_CURVE('',#3887,#3867,#2157,.T.);
#4942=EDGE_CURVE('',#3867,#3888,#400,.T.);
#4943=EDGE_CURVE('',#3888,#3889,#2158,.T.);
#4944=EDGE_CURVE('',#3889,#3887,#401,.T.);
#4945=EDGE_CURVE('',#3890,#3891,#2159,.T.);
#4946=EDGE_CURVE('',#3891,#3889,#2160,.T.);
#4947=EDGE_CURVE('',#3888,#3890,#2161,.T.);
#4948=EDGE_CURVE('',#3791,#3892,#2162,.T.);
#4949=EDGE_CURVE('',#3892,#3891,#402,.T.);
#4950=EDGE_CURVE('',#3890,#3791,#403,.T.);
#4951=EDGE_CURVE('',#3789,#3893,#2163,.T.);
#4952=EDGE_CURVE('',#3893,#3894,#2164,.T.);
#4953=EDGE_CURVE('',#3894,#3790,#2165,.T.);
#4954=EDGE_CURVE('',#3894,#3892,#404,.T.);
#4955=EDGE_CURVE('',#3895,#3788,#2166,.T.);
#4956=EDGE_CURVE('',#3788,#3896,#405,.T.);
#4957=EDGE_CURVE('',#3896,#3897,#2167,.T.);
#4958=EDGE_CURVE('',#3897,#3895,#406,.T.);
#4959=EDGE_CURVE('',#3898,#3899,#2168,.T.);
#4960=EDGE_CURVE('',#3899,#3897,#2169,.T.);
#4961=EDGE_CURVE('',#3896,#3898,#2170,.T.);
#4962=EDGE_CURVE('',#3870,#3900,#2171,.T.);
#4963=EDGE_CURVE('',#3900,#3899,#407,.T.);
#4964=EDGE_CURVE('',#3898,#3870,#408,.T.);
#4965=EDGE_CURVE('',#3895,#3893,#409,.T.);
#4966=EDGE_CURVE('',#3868,#3901,#2172,.T.);
#4967=EDGE_CURVE('',#3901,#3902,#2173,.T.);
#4968=EDGE_CURVE('',#3902,#3869,#2174,.T.);
#4969=EDGE_CURVE('',#3902,#3900,#410,.T.);
#4970=EDGE_CURVE('',#3887,#3901,#411,.T.);
#4971=EDGE_CURVE('',#3890,#3903,#3221,.T.);
#4972=EDGE_CURVE('',#3903,#3792,#3222,.T.);
#4973=EDGE_CURVE('',#3904,#3888,#3223,.T.);
#4974=EDGE_CURVE('',#3904,#3903,#2175,.T.);
#4975=EDGE_CURVE('',#3904,#3866,#3224,.T.);
#4976=EDGE_CURVE('',#3905,#3875,#2176,.T.);
#4977=EDGE_CURVE('',#3875,#3906,#412,.T.);
#4978=EDGE_CURVE('',#3906,#3907,#2177,.T.);
#4979=EDGE_CURVE('',#3907,#3905,#413,.T.);
#4980=EDGE_CURVE('',#3908,#3909,#2178,.T.);
#4981=EDGE_CURVE('',#3909,#3907,#2179,.T.);
#4982=EDGE_CURVE('',#3906,#3908,#2180,.T.);
#4983=EDGE_CURVE('',#3783,#3910,#2181,.T.);
#4984=EDGE_CURVE('',#3910,#3909,#414,.T.);
#4985=EDGE_CURVE('',#3908,#3783,#415,.T.);
#4986=EDGE_CURVE('',#3781,#3911,#2182,.T.);
#4987=EDGE_CURVE('',#3911,#3912,#2183,.T.);
#4988=EDGE_CURVE('',#3912,#3782,#2184,.T.);
#4989=EDGE_CURVE('',#3912,#3910,#416,.T.);
#4990=EDGE_CURVE('',#3913,#3780,#2185,.T.);
#4991=EDGE_CURVE('',#3780,#3914,#417,.T.);
#4992=EDGE_CURVE('',#3914,#3915,#2186,.T.);
#4993=EDGE_CURVE('',#3915,#3913,#418,.T.);
#4994=EDGE_CURVE('',#3916,#3917,#2187,.T.);
#4995=EDGE_CURVE('',#3917,#3915,#2188,.T.);
#4996=EDGE_CURVE('',#3914,#3916,#2189,.T.);
#4997=EDGE_CURVE('',#3878,#3918,#2190,.T.);
#4998=EDGE_CURVE('',#3918,#3917,#419,.T.);
#4999=EDGE_CURVE('',#3916,#3878,#420,.T.);
#5000=EDGE_CURVE('',#3913,#3911,#421,.T.);
#5001=EDGE_CURVE('',#3876,#3919,#2191,.T.);
#5002=EDGE_CURVE('',#3919,#3920,#2192,.T.);
#5003=EDGE_CURVE('',#3920,#3877,#2193,.T.);
#5004=EDGE_CURVE('',#3920,#3918,#422,.T.);
#5005=EDGE_CURVE('',#3905,#3919,#423,.T.);
#5006=EDGE_CURVE('',#3908,#3921,#3225,.T.);
#5007=EDGE_CURVE('',#3921,#3784,#3226,.T.);
#5008=EDGE_CURVE('',#3922,#3906,#3227,.T.);
#5009=EDGE_CURVE('',#3922,#3921,#2194,.T.);
#5010=EDGE_CURVE('',#3922,#3874,#3228,.T.);
#5011=EDGE_CURVE('',#3923,#3923,#3229,.T.);
#5012=EDGE_CURVE('',#3923,#3924,#2195,.T.);
#5013=EDGE_CURVE('',#3924,#3925,#3230,.T.);
#5014=EDGE_CURVE('',#3925,#3924,#3231,.T.);
#5015=EDGE_CURVE('',#3926,#3927,#2196,.T.);
#5016=EDGE_CURVE('',#3928,#3926,#3232,.T.);
#5017=EDGE_CURVE('',#3929,#3928,#2197,.T.);
#5018=EDGE_CURVE('',#3930,#3929,#3233,.T.);
#5019=EDGE_CURVE('',#3931,#3930,#2198,.T.);
#5020=EDGE_CURVE('',#3932,#3931,#424,.T.);
#5021=EDGE_CURVE('',#3933,#3932,#425,.T.);
#5022=EDGE_CURVE('',#3934,#3933,#2199,.T.);
#5023=EDGE_CURVE('',#3935,#3934,#426,.T.);
#5024=EDGE_CURVE('',#3927,#3935,#427,.T.);
#5025=EDGE_CURVE('',#3925,#3936,#2200,.T.);
#5026=EDGE_CURVE('',#3936,#3936,#3234,.T.);
#5027=EDGE_CURVE('',#3932,#3883,#2201,.T.);
#5028=EDGE_CURVE('',#3883,#3937,#428,.T.);
#5029=EDGE_CURVE('',#3937,#3933,#2202,.T.);
#5030=EDGE_CURVE('',#3938,#3934,#2203,.T.);
#5031=EDGE_CURVE('',#3937,#3938,#2204,.T.);
#5032=EDGE_CURVE('',#3775,#3935,#2205,.T.);
#5033=EDGE_CURVE('',#3938,#3775,#429,.T.);
#5034=EDGE_CURVE('',#3773,#3926,#2206,.T.);
#5035=EDGE_CURVE('',#3927,#3774,#2207,.T.);
#5036=EDGE_CURVE('',#3939,#3928,#2208,.T.);
#5037=EDGE_CURVE('',#3773,#3939,#3235,.T.);
#5038=EDGE_CURVE('',#3940,#3929,#2209,.T.);
#5039=EDGE_CURVE('',#3939,#3940,#2210,.T.);
#5040=EDGE_CURVE('',#3885,#3930,#2211,.T.);
#5041=EDGE_CURVE('',#3940,#3885,#3236,.T.);
#5042=EDGE_CURVE('',#3884,#3931,#2212,.T.);
#5043=EDGE_CURVE('',#3940,#3941,#2213,.T.);
#5044=EDGE_CURVE('',#3886,#3941,#3237,.T.);
#5045=EDGE_CURVE('',#3942,#3939,#2214,.T.);
#5046=EDGE_CURVE('',#3941,#3942,#2215,.T.);
#5047=EDGE_CURVE('',#3942,#3772,#3238,.T.);
#5048=EDGE_CURVE('',#3943,#3944,#430,.T.);
#5049=EDGE_CURVE('',#3944,#3945,#2216,.T.);
#5050=EDGE_CURVE('',#3945,#3946,#431,.T.);
#5051=EDGE_CURVE('',#3946,#3943,#2217,.T.);
#5052=EDGE_CURVE('',#3943,#3833,#2218,.T.);
#5053=EDGE_CURVE('',#3944,#3832,#2219,.T.);
#5054=EDGE_CURVE('',#3945,#3835,#2220,.T.);
#5055=EDGE_CURVE('',#3946,#3834,#2221,.T.);
#5056=EDGE_CURVE('',#3947,#3948,#2222,.T.);
#5057=EDGE_CURVE('',#3948,#3949,#2223,.T.);
#5058=EDGE_CURVE('',#3949,#3950,#2224,.T.);
#5059=EDGE_CURVE('',#3950,#3951,#2225,.T.);
#5060=EDGE_CURVE('',#3951,#3952,#2226,.T.);
#5061=EDGE_CURVE('',#3952,#3953,#2227,.T.);
#5062=EDGE_CURVE('',#3953,#3954,#2228,.T.);
#5063=EDGE_CURVE('',#3954,#3955,#2229,.T.);
#5064=EDGE_CURVE('',#3955,#3956,#2230,.T.);
#5065=EDGE_CURVE('',#3956,#3957,#2231,.T.);
#5066=EDGE_CURVE('',#3957,#3958,#2232,.T.);
#5067=EDGE_CURVE('',#3958,#3959,#2233,.T.);
#5068=EDGE_CURVE('',#3959,#3947,#2234,.T.);
#5069=EDGE_CURVE('',#3947,#3820,#2235,.T.);
#5070=EDGE_CURVE('',#3948,#3819,#2236,.T.);
#5071=EDGE_CURVE('',#3949,#3831,#2237,.T.);
#5072=EDGE_CURVE('',#3950,#3830,#2238,.T.);
#5073=EDGE_CURVE('',#3951,#3829,#2239,.T.);
#5074=EDGE_CURVE('',#3952,#3828,#2240,.T.);
#5075=EDGE_CURVE('',#3953,#3827,#2241,.T.);
#5076=EDGE_CURVE('',#3954,#3826,#2242,.T.);
#5077=EDGE_CURVE('',#3955,#3825,#2243,.T.);
#5078=EDGE_CURVE('',#3956,#3824,#2244,.T.);
#5079=EDGE_CURVE('',#3957,#3823,#2245,.T.);
#5080=EDGE_CURVE('',#3958,#3822,#2246,.T.);
#5081=EDGE_CURVE('',#3959,#3821,#2247,.T.);
#5082=EDGE_CURVE('',#3960,#3961,#2248,.T.);
#5083=EDGE_CURVE('',#3961,#3962,#2249,.T.);
#5084=EDGE_CURVE('',#3962,#3963,#2250,.T.);
#5085=EDGE_CURVE('',#3963,#3964,#2251,.T.);
#5086=EDGE_CURVE('',#3964,#3965,#2252,.T.);
#5087=EDGE_CURVE('',#3965,#3966,#2253,.T.);
#5088=EDGE_CURVE('',#3966,#3967,#2254,.T.);
#5089=EDGE_CURVE('',#3967,#3968,#2255,.T.);
#5090=EDGE_CURVE('',#3968,#3969,#2256,.T.);
#5091=EDGE_CURVE('',#3969,#3970,#2257,.T.);
#5092=EDGE_CURVE('',#3970,#3971,#2258,.T.);
#5093=EDGE_CURVE('',#3971,#3972,#2259,.T.);
#5094=EDGE_CURVE('',#3972,#3960,#2260,.T.);
#5095=EDGE_CURVE('',#3960,#3807,#2261,.T.);
#5096=EDGE_CURVE('',#3961,#3806,#2262,.T.);
#5097=EDGE_CURVE('',#3962,#3818,#2263,.T.);
#5098=EDGE_CURVE('',#3963,#3817,#2264,.T.);
#5099=EDGE_CURVE('',#3964,#3816,#2265,.T.);
#5100=EDGE_CURVE('',#3965,#3815,#2266,.T.);
#5101=EDGE_CURVE('',#3966,#3814,#2267,.T.);
#5102=EDGE_CURVE('',#3967,#3813,#2268,.T.);
#5103=EDGE_CURVE('',#3968,#3812,#2269,.T.);
#5104=EDGE_CURVE('',#3969,#3811,#2270,.T.);
#5105=EDGE_CURVE('',#3970,#3810,#2271,.T.);
#5106=EDGE_CURVE('',#3971,#3809,#2272,.T.);
#5107=EDGE_CURVE('',#3972,#3808,#2273,.T.);
#5108=EDGE_CURVE('',#3886,#3734,#2274,.T.);
#5109=EDGE_CURVE('',#3736,#3941,#2275,.T.);
#5110=EDGE_CURVE('',#3737,#3942,#2276,.T.);
#5111=EDGE_CURVE('',#3738,#3772,#2277,.T.);
#5112=EDGE_CURVE('',#3739,#3771,#2278,.T.);
#5113=EDGE_CURVE('',#3740,#3804,#2279,.T.);
#5114=EDGE_CURVE('',#3741,#3805,#2280,.T.);
#5115=EDGE_CURVE('',#3735,#3836,#2281,.T.);
#5116=EDGE_CURVE('',#3973,#3937,#3239,.T.);
#5117=EDGE_CURVE('',#3973,#3974,#2282,.T.);
#5118=EDGE_CURVE('',#3938,#3974,#3240,.T.);
#5119=EDGE_CURVE('',#3975,#3976,#2283,.T.);
#5120=EDGE_CURVE('',#3976,#3779,#3241,.T.);
#5121=EDGE_CURVE('',#3975,#3778,#454,.T.);
#5122=EDGE_CURVE('',#3974,#3776,#3242,.T.);
#5123=EDGE_CURVE('',#3974,#3977,#2284,.T.);
#5124=EDGE_CURVE('',#3777,#3977,#455,.T.);
#5125=EDGE_CURVE('',#3977,#3975,#2285,.T.);
#5126=EDGE_CURVE('',#3978,#3979,#2286,.T.);
#5127=EDGE_CURVE('',#3979,#3787,#3243,.T.);
#5128=EDGE_CURVE('',#3978,#3786,#456,.T.);
#5129=EDGE_CURVE('',#3921,#3980,#2287,.T.);
#5130=EDGE_CURVE('',#3785,#3980,#457,.T.);
#5131=EDGE_CURVE('',#3980,#3978,#2288,.T.);
#5132=EDGE_CURVE('',#3981,#3982,#2289,.T.);
#5133=EDGE_CURVE('',#3982,#3795,#3244,.T.);
#5134=EDGE_CURVE('',#3981,#3794,#458,.T.);
#5135=EDGE_CURVE('',#3903,#3983,#2290,.T.);
#5136=EDGE_CURVE('',#3793,#3983,#459,.T.);
#5137=EDGE_CURVE('',#3983,#3981,#2291,.T.);
#5138=EDGE_CURVE('',#3984,#3803,#3245,.T.);
#5139=EDGE_CURVE('',#3984,#3762,#3246,.T.);
#5140=EDGE_CURVE('',#3985,#3984,#2292,.T.);
#5141=EDGE_CURVE('',#3985,#3802,#460,.T.);
#5142=EDGE_CURVE('',#3857,#3986,#2293,.T.);
#5143=EDGE_CURVE('',#3801,#3986,#461,.T.);
#5144=EDGE_CURVE('',#3986,#3985,#2294,.T.);
#5145=EDGE_CURVE('',#3987,#3984,#2295,.T.);
#5146=EDGE_CURVE('',#3763,#3987,#3247,.T.);
#5147=EDGE_CURVE('',#3987,#3988,#2296,.T.);
#5148=EDGE_CURVE('',#3988,#3985,#2297,.T.);
#5149=EDGE_CURVE('',#3988,#3989,#2298,.T.);
#5150=EDGE_CURVE('',#3986,#3989,#2299,.T.);
#5151=EDGE_CURVE('',#3989,#3858,#2300,.T.);
#5152=EDGE_CURVE('',#3989,#3862,#462,.T.);
#5153=EDGE_CURVE('',#3987,#3860,#3248,.T.);
#5154=EDGE_CURVE('',#3861,#3988,#463,.T.);
#5155=EDGE_CURVE('',#3990,#3991,#2301,.T.);
#5156=EDGE_CURVE('',#3990,#3982,#2302,.T.);
#5157=EDGE_CURVE('',#3991,#3981,#2303,.T.);
#5158=EDGE_CURVE('',#3991,#3992,#2304,.T.);
#5159=EDGE_CURVE('',#3983,#3992,#2305,.T.);
#5160=EDGE_CURVE('',#3992,#3904,#2306,.T.);
#5161=EDGE_CURVE('',#3992,#3865,#464,.T.);
#5162=EDGE_CURVE('',#3990,#3863,#3249,.T.);
#5163=EDGE_CURVE('',#3864,#3991,#465,.T.);
#5164=EDGE_CURVE('',#3849,#3990,#3250,.T.);
#5165=EDGE_CURVE('',#3993,#3994,#2307,.T.);
#5166=EDGE_CURVE('',#3993,#3979,#2308,.T.);
#5167=EDGE_CURVE('',#3994,#3978,#2309,.T.);
#5168=EDGE_CURVE('',#3994,#3995,#2310,.T.);
#5169=EDGE_CURVE('',#3980,#3995,#2311,.T.);
#5170=EDGE_CURVE('',#3995,#3922,#2312,.T.);
#5171=EDGE_CURVE('',#3995,#3873,#466,.T.);
#5172=EDGE_CURVE('',#3993,#3871,#3251,.T.);
#5173=EDGE_CURVE('',#3872,#3994,#467,.T.);
#5174=EDGE_CURVE('',#3996,#3997,#2313,.T.);
#5175=EDGE_CURVE('',#3996,#3976,#2314,.T.);
#5176=EDGE_CURVE('',#3997,#3975,#2315,.T.);
#5177=EDGE_CURVE('',#3997,#3998,#2316,.T.);
#5178=EDGE_CURVE('',#3977,#3998,#2317,.T.);
#5179=EDGE_CURVE('',#3998,#3973,#2318,.T.);
#5180=EDGE_CURVE('',#3973,#3882,#3252,.T.);
#5181=EDGE_CURVE('',#3998,#3881,#468,.T.);
#5182=EDGE_CURVE('',#3996,#3879,#3253,.T.);
#5183=EDGE_CURVE('',#3880,#3997,#469,.T.);
#5184=EDGE_CURVE('',#3976,#3914,#3254,.T.);
#5185=EDGE_CURVE('',#3916,#3996,#3255,.T.);
#5186=EDGE_CURVE('',#3979,#3896,#3256,.T.);
#5187=EDGE_CURVE('',#3898,#3993,#3257,.T.);
#5188=EDGE_CURVE('',#3982,#3847,#3258,.T.);
#5189=ORIENTED_EDGE('',*,*,#3999,.F.);
#5190=ORIENTED_EDGE('',*,*,#4000,.T.);
#5191=ORIENTED_EDGE('',*,*,#4001,.T.);
#5192=ORIENTED_EDGE('',*,*,#4002,.T.);
#5193=ORIENTED_EDGE('',*,*,#4003,.F.);
#5194=ORIENTED_EDGE('',*,*,#4004,.T.);
#5195=ORIENTED_EDGE('',*,*,#4005,.F.);
#5196=ORIENTED_EDGE('',*,*,#4006,.T.);
#5197=ORIENTED_EDGE('',*,*,#4007,.T.);
#5198=ORIENTED_EDGE('',*,*,#4008,.T.);
#5199=ORIENTED_EDGE('',*,*,#4009,.F.);
#5200=ORIENTED_EDGE('',*,*,#4010,.T.);
#5201=ORIENTED_EDGE('',*,*,#4007,.F.);
#5202=ORIENTED_EDGE('',*,*,#4011,.T.);
#5203=ORIENTED_EDGE('',*,*,#4012,.T.);
#5204=ORIENTED_EDGE('',*,*,#4013,.T.);
#5205=ORIENTED_EDGE('',*,*,#4013,.F.);
#5206=ORIENTED_EDGE('',*,*,#4014,.F.);
#5207=ORIENTED_EDGE('',*,*,#4015,.F.);
#5208=ORIENTED_EDGE('',*,*,#4008,.F.);
#5209=ORIENTED_EDGE('',*,*,#4016,.T.);
#5210=ORIENTED_EDGE('',*,*,#4017,.T.);
#5211=ORIENTED_EDGE('',*,*,#4005,.T.);
#5212=ORIENTED_EDGE('',*,*,#4018,.T.);
#5213=ORIENTED_EDGE('',*,*,#4011,.F.);
#5214=ORIENTED_EDGE('',*,*,#4006,.F.);
#5215=ORIENTED_EDGE('',*,*,#4017,.F.);
#5216=ORIENTED_EDGE('',*,*,#4019,.F.);
#5217=ORIENTED_EDGE('',*,*,#4016,.F.);
#5218=ORIENTED_EDGE('',*,*,#4020,.T.);
#5219=ORIENTED_EDGE('',*,*,#4021,.F.);
#5220=ORIENTED_EDGE('',*,*,#4022,.T.);
#5221=ORIENTED_EDGE('',*,*,#4023,.F.);
#5222=ORIENTED_EDGE('',*,*,#4024,.T.);
#5223=ORIENTED_EDGE('',*,*,#4025,.F.);
#5224=ORIENTED_EDGE('',*,*,#4026,.T.);
#5225=ORIENTED_EDGE('',*,*,#4027,.F.);
#5226=ORIENTED_EDGE('',*,*,#4014,.T.);
#5227=ORIENTED_EDGE('',*,*,#4012,.F.);
#5228=ORIENTED_EDGE('',*,*,#4019,.T.);
#5229=ORIENTED_EDGE('',*,*,#4025,.T.);
#5230=ORIENTED_EDGE('',*,*,#4028,.T.);
#5231=ORIENTED_EDGE('',*,*,#3999,.T.);
#5232=ORIENTED_EDGE('',*,*,#4029,.T.);
#5233=ORIENTED_EDGE('',*,*,#4028,.F.);
#5234=ORIENTED_EDGE('',*,*,#4024,.F.);
#5235=ORIENTED_EDGE('',*,*,#4030,.F.);
#5236=ORIENTED_EDGE('',*,*,#4000,.F.);
#5237=ORIENTED_EDGE('',*,*,#4001,.F.);
#5238=ORIENTED_EDGE('',*,*,#4030,.T.);
#5239=ORIENTED_EDGE('',*,*,#4023,.T.);
#5240=ORIENTED_EDGE('',*,*,#4031,.T.);
#5241=ORIENTED_EDGE('',*,*,#4031,.F.);
#5242=ORIENTED_EDGE('',*,*,#4022,.F.);
#5243=ORIENTED_EDGE('',*,*,#4032,.F.);
#5244=ORIENTED_EDGE('',*,*,#4002,.F.);
#5245=ORIENTED_EDGE('',*,*,#4021,.T.);
#5246=ORIENTED_EDGE('',*,*,#4033,.T.);
#5247=ORIENTED_EDGE('',*,*,#4003,.T.);
#5248=ORIENTED_EDGE('',*,*,#4032,.T.);
#5249=ORIENTED_EDGE('',*,*,#4018,.F.);
#5250=ORIENTED_EDGE('',*,*,#4004,.F.);
#5251=ORIENTED_EDGE('',*,*,#4033,.F.);
#5252=ORIENTED_EDGE('',*,*,#4020,.F.);
#5253=ORIENTED_EDGE('',*,*,#4027,.T.);
#5254=ORIENTED_EDGE('',*,*,#4034,.T.);
#5255=ORIENTED_EDGE('',*,*,#4009,.T.);
#5256=ORIENTED_EDGE('',*,*,#4015,.T.);
#5257=ORIENTED_EDGE('',*,*,#4029,.F.);
#5258=ORIENTED_EDGE('',*,*,#4010,.F.);
#5259=ORIENTED_EDGE('',*,*,#4034,.F.);
#5260=ORIENTED_EDGE('',*,*,#4026,.F.);
#5261=ORIENTED_EDGE('',*,*,#4035,.T.);
#5262=ORIENTED_EDGE('',*,*,#4036,.T.);
#5263=ORIENTED_EDGE('',*,*,#4037,.T.);
#5264=ORIENTED_EDGE('',*,*,#4038,.T.);
#5265=ORIENTED_EDGE('',*,*,#4039,.F.);
#5266=ORIENTED_EDGE('',*,*,#4040,.T.);
#5267=ORIENTED_EDGE('',*,*,#4035,.F.);
#5268=ORIENTED_EDGE('',*,*,#4041,.F.);
#5269=ORIENTED_EDGE('',*,*,#4042,.F.);
#5270=ORIENTED_EDGE('',*,*,#4043,.T.);
#5271=ORIENTED_EDGE('',*,*,#4036,.F.);
#5272=ORIENTED_EDGE('',*,*,#4040,.F.);
#5273=ORIENTED_EDGE('',*,*,#4044,.F.);
#5274=ORIENTED_EDGE('',*,*,#4045,.T.);
#5275=ORIENTED_EDGE('',*,*,#4037,.F.);
#5276=ORIENTED_EDGE('',*,*,#4043,.F.);
#5277=ORIENTED_EDGE('',*,*,#4046,.F.);
#5278=ORIENTED_EDGE('',*,*,#4041,.T.);
#5279=ORIENTED_EDGE('',*,*,#4038,.F.);
#5280=ORIENTED_EDGE('',*,*,#4045,.F.);
#5281=ORIENTED_EDGE('',*,*,#4046,.T.);
#5282=ORIENTED_EDGE('',*,*,#4044,.T.);
#5283=ORIENTED_EDGE('',*,*,#4042,.T.);
#5284=ORIENTED_EDGE('',*,*,#4039,.T.);
#5285=ORIENTED_EDGE('',*,*,#4047,.F.);
#5286=ORIENTED_EDGE('',*,*,#4048,.T.);
#5287=ORIENTED_EDGE('',*,*,#4049,.T.);
#5288=ORIENTED_EDGE('',*,*,#4050,.T.);
#5289=ORIENTED_EDGE('',*,*,#4051,.F.);
#5290=ORIENTED_EDGE('',*,*,#4052,.T.);
#5291=ORIENTED_EDGE('',*,*,#4053,.F.);
#5292=ORIENTED_EDGE('',*,*,#4054,.T.);
#5293=ORIENTED_EDGE('',*,*,#4055,.T.);
#5294=ORIENTED_EDGE('',*,*,#4056,.T.);
#5295=ORIENTED_EDGE('',*,*,#4057,.F.);
#5296=ORIENTED_EDGE('',*,*,#4058,.T.);
#5297=ORIENTED_EDGE('',*,*,#4059,.T.);
#5298=ORIENTED_EDGE('',*,*,#4060,.T.);
#5299=ORIENTED_EDGE('',*,*,#4053,.T.);
#5300=ORIENTED_EDGE('',*,*,#4061,.T.);
#5301=ORIENTED_EDGE('',*,*,#4060,.F.);
#5302=ORIENTED_EDGE('',*,*,#4062,.F.);
#5303=ORIENTED_EDGE('',*,*,#4063,.F.);
#5304=ORIENTED_EDGE('',*,*,#4054,.F.);
#5305=ORIENTED_EDGE('',*,*,#4059,.F.);
#5306=ORIENTED_EDGE('',*,*,#4064,.T.);
#5307=ORIENTED_EDGE('',*,*,#4065,.F.);
#5308=ORIENTED_EDGE('',*,*,#4066,.T.);
#5309=ORIENTED_EDGE('',*,*,#4067,.F.);
#5310=ORIENTED_EDGE('',*,*,#4068,.T.);
#5311=ORIENTED_EDGE('',*,*,#4069,.F.);
#5312=ORIENTED_EDGE('',*,*,#4070,.T.);
#5313=ORIENTED_EDGE('',*,*,#4071,.F.);
#5314=ORIENTED_EDGE('',*,*,#4072,.T.);
#5315=ORIENTED_EDGE('',*,*,#4073,.F.);
#5316=ORIENTED_EDGE('',*,*,#4062,.T.);
#5317=ORIENTED_EDGE('',*,*,#4065,.T.);
#5318=ORIENTED_EDGE('',*,*,#4074,.T.);
#5319=ORIENTED_EDGE('',*,*,#4051,.T.);
#5320=ORIENTED_EDGE('',*,*,#4075,.T.);
#5321=ORIENTED_EDGE('',*,*,#4075,.F.);
#5322=ORIENTED_EDGE('',*,*,#4050,.F.);
#5323=ORIENTED_EDGE('',*,*,#4076,.F.);
#5324=ORIENTED_EDGE('',*,*,#4066,.F.);
#5325=ORIENTED_EDGE('',*,*,#4055,.F.);
#5326=ORIENTED_EDGE('',*,*,#4063,.T.);
#5327=ORIENTED_EDGE('',*,*,#4073,.T.);
#5328=ORIENTED_EDGE('',*,*,#4077,.T.);
#5329=ORIENTED_EDGE('',*,*,#4077,.F.);
#5330=ORIENTED_EDGE('',*,*,#4072,.F.);
#5331=ORIENTED_EDGE('',*,*,#4078,.F.);
#5332=ORIENTED_EDGE('',*,*,#4056,.F.);
#5333=ORIENTED_EDGE('',*,*,#4049,.F.);
#5334=ORIENTED_EDGE('',*,*,#4079,.T.);
#5335=ORIENTED_EDGE('',*,*,#4067,.T.);
#5336=ORIENTED_EDGE('',*,*,#4076,.T.);
#5337=ORIENTED_EDGE('',*,*,#4069,.T.);
#5338=ORIENTED_EDGE('',*,*,#4080,.T.);
#5339=ORIENTED_EDGE('',*,*,#4047,.T.);
#5340=ORIENTED_EDGE('',*,*,#4081,.T.);
#5341=ORIENTED_EDGE('',*,*,#4079,.F.);
#5342=ORIENTED_EDGE('',*,*,#4048,.F.);
#5343=ORIENTED_EDGE('',*,*,#4080,.F.);
#5344=ORIENTED_EDGE('',*,*,#4068,.F.);
#5345=ORIENTED_EDGE('',*,*,#4071,.T.);
#5346=ORIENTED_EDGE('',*,*,#4082,.T.);
#5347=ORIENTED_EDGE('',*,*,#4057,.T.);
#5348=ORIENTED_EDGE('',*,*,#4078,.T.);
#5349=ORIENTED_EDGE('',*,*,#4081,.F.);
#5350=ORIENTED_EDGE('',*,*,#4058,.F.);
#5351=ORIENTED_EDGE('',*,*,#4082,.F.);
#5352=ORIENTED_EDGE('',*,*,#4070,.F.);
#5353=ORIENTED_EDGE('',*,*,#4061,.F.);
#5354=ORIENTED_EDGE('',*,*,#4052,.F.);
#5355=ORIENTED_EDGE('',*,*,#4074,.F.);
#5356=ORIENTED_EDGE('',*,*,#4064,.F.);
#5357=ORIENTED_EDGE('',*,*,#4083,.T.);
#5358=ORIENTED_EDGE('',*,*,#4084,.T.);
#5359=ORIENTED_EDGE('',*,*,#4085,.T.);
#5360=ORIENTED_EDGE('',*,*,#4086,.T.);
#5361=ORIENTED_EDGE('',*,*,#4087,.F.);
#5362=ORIENTED_EDGE('',*,*,#4088,.T.);
#5363=ORIENTED_EDGE('',*,*,#4083,.F.);
#5364=ORIENTED_EDGE('',*,*,#4089,.F.);
#5365=ORIENTED_EDGE('',*,*,#4090,.F.);
#5366=ORIENTED_EDGE('',*,*,#4091,.T.);
#5367=ORIENTED_EDGE('',*,*,#4084,.F.);
#5368=ORIENTED_EDGE('',*,*,#4088,.F.);
#5369=ORIENTED_EDGE('',*,*,#4092,.F.);
#5370=ORIENTED_EDGE('',*,*,#4093,.T.);
#5371=ORIENTED_EDGE('',*,*,#4085,.F.);
#5372=ORIENTED_EDGE('',*,*,#4091,.F.);
#5373=ORIENTED_EDGE('',*,*,#4094,.F.);
#5374=ORIENTED_EDGE('',*,*,#4089,.T.);
#5375=ORIENTED_EDGE('',*,*,#4086,.F.);
#5376=ORIENTED_EDGE('',*,*,#4093,.F.);
#5377=ORIENTED_EDGE('',*,*,#4094,.T.);
#5378=ORIENTED_EDGE('',*,*,#4092,.T.);
#5379=ORIENTED_EDGE('',*,*,#4090,.T.);
#5380=ORIENTED_EDGE('',*,*,#4087,.T.);
#5381=ORIENTED_EDGE('',*,*,#4095,.T.);
#5382=ORIENTED_EDGE('',*,*,#4096,.T.);
#5383=ORIENTED_EDGE('',*,*,#4097,.T.);
#5384=ORIENTED_EDGE('',*,*,#4098,.T.);
#5385=ORIENTED_EDGE('',*,*,#4099,.F.);
#5386=ORIENTED_EDGE('',*,*,#4100,.T.);
#5387=ORIENTED_EDGE('',*,*,#4095,.F.);
#5388=ORIENTED_EDGE('',*,*,#4101,.F.);
#5389=ORIENTED_EDGE('',*,*,#4102,.F.);
#5390=ORIENTED_EDGE('',*,*,#4103,.T.);
#5391=ORIENTED_EDGE('',*,*,#4096,.F.);
#5392=ORIENTED_EDGE('',*,*,#4100,.F.);
#5393=ORIENTED_EDGE('',*,*,#4104,.F.);
#5394=ORIENTED_EDGE('',*,*,#4105,.T.);
#5395=ORIENTED_EDGE('',*,*,#4097,.F.);
#5396=ORIENTED_EDGE('',*,*,#4103,.F.);
#5397=ORIENTED_EDGE('',*,*,#4106,.F.);
#5398=ORIENTED_EDGE('',*,*,#4101,.T.);
#5399=ORIENTED_EDGE('',*,*,#4098,.F.);
#5400=ORIENTED_EDGE('',*,*,#4105,.F.);
#5401=ORIENTED_EDGE('',*,*,#4106,.T.);
#5402=ORIENTED_EDGE('',*,*,#4104,.T.);
#5403=ORIENTED_EDGE('',*,*,#4102,.T.);
#5404=ORIENTED_EDGE('',*,*,#4099,.T.);
#5405=ORIENTED_EDGE('',*,*,#4107,.T.);
#5406=ORIENTED_EDGE('',*,*,#4108,.T.);
#5407=ORIENTED_EDGE('',*,*,#4109,.T.);
#5408=ORIENTED_EDGE('',*,*,#4110,.T.);
#5409=ORIENTED_EDGE('',*,*,#4107,.F.);
#5410=ORIENTED_EDGE('',*,*,#4111,.T.);
#5411=ORIENTED_EDGE('',*,*,#4112,.F.);
#5412=ORIENTED_EDGE('',*,*,#4113,.F.);
#5413=ORIENTED_EDGE('',*,*,#4108,.F.);
#5414=ORIENTED_EDGE('',*,*,#4113,.T.);
#5415=ORIENTED_EDGE('',*,*,#4114,.F.);
#5416=ORIENTED_EDGE('',*,*,#4115,.F.);
#5417=ORIENTED_EDGE('',*,*,#4109,.F.);
#5418=ORIENTED_EDGE('',*,*,#4115,.T.);
#5419=ORIENTED_EDGE('',*,*,#4116,.F.);
#5420=ORIENTED_EDGE('',*,*,#4117,.F.);
#5421=ORIENTED_EDGE('',*,*,#4110,.F.);
#5422=ORIENTED_EDGE('',*,*,#4117,.T.);
#5423=ORIENTED_EDGE('',*,*,#4118,.F.);
#5424=ORIENTED_EDGE('',*,*,#4111,.F.);
#5425=ORIENTED_EDGE('',*,*,#4118,.T.);
#5426=ORIENTED_EDGE('',*,*,#4116,.T.);
#5427=ORIENTED_EDGE('',*,*,#4114,.T.);
#5428=ORIENTED_EDGE('',*,*,#4112,.T.);
#5429=ORIENTED_EDGE('',*,*,#4119,.F.);
#5430=ORIENTED_EDGE('',*,*,#4120,.T.);
#5431=ORIENTED_EDGE('',*,*,#4121,.T.);
#5432=ORIENTED_EDGE('',*,*,#4122,.T.);
#5433=ORIENTED_EDGE('',*,*,#4123,.T.);
#5434=ORIENTED_EDGE('',*,*,#4124,.T.);
#5435=ORIENTED_EDGE('',*,*,#4125,.T.);
#5436=ORIENTED_EDGE('',*,*,#4126,.T.);
#5437=ORIENTED_EDGE('',*,*,#4127,.T.);
#5438=ORIENTED_EDGE('',*,*,#4128,.T.);
#5439=ORIENTED_EDGE('',*,*,#4129,.T.);
#5440=ORIENTED_EDGE('',*,*,#4130,.T.);
#5441=ORIENTED_EDGE('',*,*,#4131,.F.);
#5442=ORIENTED_EDGE('',*,*,#4132,.T.);
#5443=ORIENTED_EDGE('',*,*,#4126,.F.);
#5444=ORIENTED_EDGE('',*,*,#4133,.T.);
#5445=ORIENTED_EDGE('',*,*,#4134,.T.);
#5446=ORIENTED_EDGE('',*,*,#4135,.T.);
#5447=ORIENTED_EDGE('',*,*,#4133,.F.);
#5448=ORIENTED_EDGE('',*,*,#4125,.F.);
#5449=ORIENTED_EDGE('',*,*,#4136,.F.);
#5450=ORIENTED_EDGE('',*,*,#4137,.F.);
#5451=ORIENTED_EDGE('',*,*,#4122,.F.);
#5452=ORIENTED_EDGE('',*,*,#4138,.T.);
#5453=ORIENTED_EDGE('',*,*,#4139,.T.);
#5454=ORIENTED_EDGE('',*,*,#4140,.T.);
#5455=ORIENTED_EDGE('',*,*,#4138,.F.);
#5456=ORIENTED_EDGE('',*,*,#4121,.F.);
#5457=ORIENTED_EDGE('',*,*,#4141,.T.);
#5458=ORIENTED_EDGE('',*,*,#4142,.F.);
#5459=ORIENTED_EDGE('',*,*,#4143,.T.);
#5460=ORIENTED_EDGE('',*,*,#4144,.T.);
#5461=ORIENTED_EDGE('',*,*,#4131,.T.);
#5462=ORIENTED_EDGE('',*,*,#4145,.T.);
#5463=ORIENTED_EDGE('',*,*,#4143,.F.);
#5464=ORIENTED_EDGE('',*,*,#4146,.T.);
#5465=ORIENTED_EDGE('',*,*,#4147,.F.);
#5466=ORIENTED_EDGE('',*,*,#4148,.T.);
#5467=ORIENTED_EDGE('',*,*,#4149,.T.);
#5468=ORIENTED_EDGE('',*,*,#4134,.F.);
#5469=ORIENTED_EDGE('',*,*,#4137,.T.);
#5470=ORIENTED_EDGE('',*,*,#4150,.F.);
#5471=ORIENTED_EDGE('',*,*,#4151,.T.);
#5472=ORIENTED_EDGE('',*,*,#4139,.F.);
#5473=ORIENTED_EDGE('',*,*,#4142,.T.);
#5474=ORIENTED_EDGE('',*,*,#4152,.T.);
#5475=ORIENTED_EDGE('',*,*,#4153,.F.);
#5476=ORIENTED_EDGE('',*,*,#4154,.T.);
#5477=ORIENTED_EDGE('',*,*,#4145,.F.);
#5478=ORIENTED_EDGE('',*,*,#4130,.F.);
#5479=ORIENTED_EDGE('',*,*,#4155,.F.);
#5480=ORIENTED_EDGE('',*,*,#4146,.F.);
#5481=ORIENTED_EDGE('',*,*,#4129,.F.);
#5482=ORIENTED_EDGE('',*,*,#4156,.T.);
#5483=ORIENTED_EDGE('',*,*,#4147,.T.);
#5484=ORIENTED_EDGE('',*,*,#4155,.T.);
#5485=ORIENTED_EDGE('',*,*,#4153,.T.);
#5486=ORIENTED_EDGE('',*,*,#4157,.T.);
#5487=ORIENTED_EDGE('',*,*,#4119,.T.);
#5488=ORIENTED_EDGE('',*,*,#4158,.T.);
#5489=ORIENTED_EDGE('',*,*,#4144,.F.);
#5490=ORIENTED_EDGE('',*,*,#4154,.F.);
#5491=ORIENTED_EDGE('',*,*,#4158,.F.);
#5492=ORIENTED_EDGE('',*,*,#4132,.F.);
#5493=ORIENTED_EDGE('',*,*,#4124,.F.);
#5494=ORIENTED_EDGE('',*,*,#4159,.T.);
#5495=ORIENTED_EDGE('',*,*,#4150,.T.);
#5496=ORIENTED_EDGE('',*,*,#4136,.T.);
#5497=ORIENTED_EDGE('',*,*,#4156,.F.);
#5498=ORIENTED_EDGE('',*,*,#4128,.F.);
#5499=ORIENTED_EDGE('',*,*,#4160,.T.);
#5500=ORIENTED_EDGE('',*,*,#4148,.F.);
#5501=ORIENTED_EDGE('',*,*,#4157,.F.);
#5502=ORIENTED_EDGE('',*,*,#4152,.F.);
#5503=ORIENTED_EDGE('',*,*,#4141,.F.);
#5504=ORIENTED_EDGE('',*,*,#4120,.F.);
#5505=ORIENTED_EDGE('',*,*,#4140,.F.);
#5506=ORIENTED_EDGE('',*,*,#4151,.F.);
#5507=ORIENTED_EDGE('',*,*,#4159,.F.);
#5508=ORIENTED_EDGE('',*,*,#4123,.F.);
#5509=ORIENTED_EDGE('',*,*,#4135,.F.);
#5510=ORIENTED_EDGE('',*,*,#4149,.F.);
#5511=ORIENTED_EDGE('',*,*,#4160,.F.);
#5512=ORIENTED_EDGE('',*,*,#4127,.F.);
#5513=ORIENTED_EDGE('',*,*,#4161,.T.);
#5514=ORIENTED_EDGE('',*,*,#4162,.T.);
#5515=ORIENTED_EDGE('',*,*,#4163,.T.);
#5516=ORIENTED_EDGE('',*,*,#4164,.T.);
#5517=ORIENTED_EDGE('',*,*,#4165,.T.);
#5518=ORIENTED_EDGE('',*,*,#4166,.T.);
#5519=ORIENTED_EDGE('',*,*,#4167,.T.);
#5520=ORIENTED_EDGE('',*,*,#4164,.F.);
#5521=ORIENTED_EDGE('',*,*,#4168,.T.);
#5522=ORIENTED_EDGE('',*,*,#4169,.T.);
#5523=ORIENTED_EDGE('',*,*,#4170,.T.);
#5524=ORIENTED_EDGE('',*,*,#4170,.F.);
#5525=ORIENTED_EDGE('',*,*,#4171,.F.);
#5526=ORIENTED_EDGE('',*,*,#4172,.F.);
#5527=ORIENTED_EDGE('',*,*,#4165,.F.);
#5528=ORIENTED_EDGE('',*,*,#4162,.F.);
#5529=ORIENTED_EDGE('',*,*,#4173,.T.);
#5530=ORIENTED_EDGE('',*,*,#4174,.T.);
#5531=ORIENTED_EDGE('',*,*,#4175,.T.);
#5532=ORIENTED_EDGE('',*,*,#4168,.F.);
#5533=ORIENTED_EDGE('',*,*,#4163,.F.);
#5534=ORIENTED_EDGE('',*,*,#4175,.F.);
#5535=ORIENTED_EDGE('',*,*,#4176,.F.);
#5536=ORIENTED_EDGE('',*,*,#4166,.F.);
#5537=ORIENTED_EDGE('',*,*,#4172,.T.);
#5538=ORIENTED_EDGE('',*,*,#4177,.F.);
#5539=ORIENTED_EDGE('',*,*,#4178,.F.);
#5540=ORIENTED_EDGE('',*,*,#4173,.F.);
#5541=ORIENTED_EDGE('',*,*,#4167,.F.);
#5542=ORIENTED_EDGE('',*,*,#4178,.T.);
#5543=ORIENTED_EDGE('',*,*,#4179,.F.);
#5544=ORIENTED_EDGE('',*,*,#4180,.F.);
#5545=ORIENTED_EDGE('',*,*,#4181,.T.);
#5546=ORIENTED_EDGE('',*,*,#4161,.F.);
#5547=ORIENTED_EDGE('',*,*,#4181,.F.);
#5548=ORIENTED_EDGE('',*,*,#4180,.T.);
#5549=ORIENTED_EDGE('',*,*,#4176,.T.);
#5550=ORIENTED_EDGE('',*,*,#4174,.F.);
#5551=ORIENTED_EDGE('',*,*,#4179,.T.);
#5552=ORIENTED_EDGE('',*,*,#4177,.T.);
#5553=ORIENTED_EDGE('',*,*,#4171,.T.);
#5554=ORIENTED_EDGE('',*,*,#4169,.F.);
#5555=ORIENTED_EDGE('',*,*,#4182,.T.);
#5556=ORIENTED_EDGE('',*,*,#4183,.T.);
#5557=ORIENTED_EDGE('',*,*,#4184,.F.);
#5558=ORIENTED_EDGE('',*,*,#4185,.T.);
#5559=ORIENTED_EDGE('',*,*,#4186,.F.);
#5560=ORIENTED_EDGE('',*,*,#4187,.F.);
#5561=ORIENTED_EDGE('',*,*,#4188,.F.);
#5562=ORIENTED_EDGE('',*,*,#4189,.T.);
#5563=ORIENTED_EDGE('',*,*,#4190,.F.);
#5564=ORIENTED_EDGE('',*,*,#4191,.T.);
#5565=ORIENTED_EDGE('',*,*,#4192,.F.);
#5566=ORIENTED_EDGE('',*,*,#4191,.F.);
#5567=ORIENTED_EDGE('',*,*,#4193,.F.);
#5568=ORIENTED_EDGE('',*,*,#4185,.F.);
#5569=ORIENTED_EDGE('',*,*,#4194,.F.);
#5570=ORIENTED_EDGE('',*,*,#4195,.T.);
#5571=ORIENTED_EDGE('',*,*,#4196,.F.);
#5572=ORIENTED_EDGE('',*,*,#4197,.F.);
#5573=ORIENTED_EDGE('',*,*,#4198,.F.);
#5574=ORIENTED_EDGE('',*,*,#4199,.T.);
#5575=ORIENTED_EDGE('',*,*,#4200,.F.);
#5576=ORIENTED_EDGE('',*,*,#4201,.T.);
#5577=ORIENTED_EDGE('',*,*,#4202,.F.);
#5578=ORIENTED_EDGE('',*,*,#4201,.F.);
#5579=ORIENTED_EDGE('',*,*,#4203,.F.);
#5580=ORIENTED_EDGE('',*,*,#4195,.F.);
#5581=ORIENTED_EDGE('',*,*,#4204,.F.);
#5582=ORIENTED_EDGE('',*,*,#4205,.T.);
#5583=ORIENTED_EDGE('',*,*,#4206,.F.);
#5584=ORIENTED_EDGE('',*,*,#4207,.F.);
#5585=ORIENTED_EDGE('',*,*,#4208,.F.);
#5586=ORIENTED_EDGE('',*,*,#4209,.T.);
#5587=ORIENTED_EDGE('',*,*,#4210,.F.);
#5588=ORIENTED_EDGE('',*,*,#4211,.T.);
#5589=ORIENTED_EDGE('',*,*,#4212,.F.);
#5590=ORIENTED_EDGE('',*,*,#4211,.F.);
#5591=ORIENTED_EDGE('',*,*,#4213,.F.);
#5592=ORIENTED_EDGE('',*,*,#4205,.F.);
#5593=ORIENTED_EDGE('',*,*,#4214,.F.);
#5594=ORIENTED_EDGE('',*,*,#4215,.T.);
#5595=ORIENTED_EDGE('',*,*,#4216,.F.);
#5596=ORIENTED_EDGE('',*,*,#4217,.F.);
#5597=ORIENTED_EDGE('',*,*,#4218,.F.);
#5598=ORIENTED_EDGE('',*,*,#4219,.T.);
#5599=ORIENTED_EDGE('',*,*,#4220,.F.);
#5600=ORIENTED_EDGE('',*,*,#4221,.T.);
#5601=ORIENTED_EDGE('',*,*,#4222,.F.);
#5602=ORIENTED_EDGE('',*,*,#4221,.F.);
#5603=ORIENTED_EDGE('',*,*,#4223,.F.);
#5604=ORIENTED_EDGE('',*,*,#4215,.F.);
#5605=ORIENTED_EDGE('',*,*,#4224,.F.);
#5606=ORIENTED_EDGE('',*,*,#4225,.T.);
#5607=ORIENTED_EDGE('',*,*,#4226,.F.);
#5608=ORIENTED_EDGE('',*,*,#4227,.T.);
#5609=ORIENTED_EDGE('',*,*,#4228,.F.);
#5610=ORIENTED_EDGE('',*,*,#4229,.F.);
#5611=ORIENTED_EDGE('',*,*,#4230,.F.);
#5612=ORIENTED_EDGE('',*,*,#4225,.F.);
#5613=ORIENTED_EDGE('',*,*,#4231,.F.);
#5614=ORIENTED_EDGE('',*,*,#4232,.T.);
#5615=ORIENTED_EDGE('',*,*,#4233,.F.);
#5616=ORIENTED_EDGE('',*,*,#4229,.T.);
#5617=ORIENTED_EDGE('',*,*,#4234,.F.);
#5618=ORIENTED_EDGE('',*,*,#4226,.T.);
#5619=ORIENTED_EDGE('',*,*,#4235,.F.);
#5620=ORIENTED_EDGE('',*,*,#4236,.T.);
#5621=ORIENTED_EDGE('',*,*,#4235,.T.);
#5622=ORIENTED_EDGE('',*,*,#4230,.T.);
#5623=ORIENTED_EDGE('',*,*,#4237,.F.);
#5624=ORIENTED_EDGE('',*,*,#4238,.T.);
#5625=ORIENTED_EDGE('',*,*,#4237,.T.);
#5626=ORIENTED_EDGE('',*,*,#4233,.T.);
#5627=ORIENTED_EDGE('',*,*,#4239,.F.);
#5628=ORIENTED_EDGE('',*,*,#4240,.T.);
#5629=ORIENTED_EDGE('',*,*,#4239,.T.);
#5630=ORIENTED_EDGE('',*,*,#4241,.T.);
#5631=ORIENTED_EDGE('',*,*,#4242,.F.);
#5632=ORIENTED_EDGE('',*,*,#4243,.T.);
#5633=ORIENTED_EDGE('',*,*,#4242,.T.);
#5634=ORIENTED_EDGE('',*,*,#4244,.T.);
#5635=ORIENTED_EDGE('',*,*,#4245,.F.);
#5636=ORIENTED_EDGE('',*,*,#4246,.T.);
#5637=ORIENTED_EDGE('',*,*,#4245,.T.);
#5638=ORIENTED_EDGE('',*,*,#4247,.T.);
#5639=ORIENTED_EDGE('',*,*,#4248,.F.);
#5640=ORIENTED_EDGE('',*,*,#4249,.T.);
#5641=ORIENTED_EDGE('',*,*,#4248,.T.);
#5642=ORIENTED_EDGE('',*,*,#4250,.T.);
#5643=ORIENTED_EDGE('',*,*,#4251,.F.);
#5644=ORIENTED_EDGE('',*,*,#4252,.T.);
#5645=ORIENTED_EDGE('',*,*,#4251,.T.);
#5646=ORIENTED_EDGE('',*,*,#4253,.T.);
#5647=ORIENTED_EDGE('',*,*,#4234,.T.);
#5648=ORIENTED_EDGE('',*,*,#4254,.T.);
#5649=ORIENTED_EDGE('',*,*,#4255,.F.);
#5650=ORIENTED_EDGE('',*,*,#4256,.T.);
#5651=ORIENTED_EDGE('',*,*,#4250,.F.);
#5652=ORIENTED_EDGE('',*,*,#4257,.T.);
#5653=ORIENTED_EDGE('',*,*,#4258,.F.);
#5654=ORIENTED_EDGE('',*,*,#4257,.F.);
#5655=ORIENTED_EDGE('',*,*,#4247,.F.);
#5656=ORIENTED_EDGE('',*,*,#4259,.F.);
#5657=ORIENTED_EDGE('',*,*,#4260,.F.);
#5658=ORIENTED_EDGE('',*,*,#4259,.T.);
#5659=ORIENTED_EDGE('',*,*,#4244,.F.);
#5660=ORIENTED_EDGE('',*,*,#4261,.T.);
#5661=ORIENTED_EDGE('',*,*,#4254,.F.);
#5662=ORIENTED_EDGE('',*,*,#4236,.F.);
#5663=ORIENTED_EDGE('',*,*,#4238,.F.);
#5664=ORIENTED_EDGE('',*,*,#4240,.F.);
#5665=ORIENTED_EDGE('',*,*,#4243,.F.);
#5666=ORIENTED_EDGE('',*,*,#4246,.F.);
#5667=ORIENTED_EDGE('',*,*,#4249,.F.);
#5668=ORIENTED_EDGE('',*,*,#4252,.F.);
#5669=ORIENTED_EDGE('',*,*,#4262,.T.);
#5670=ORIENTED_EDGE('',*,*,#4263,.F.);
#5671=ORIENTED_EDGE('',*,*,#4196,.T.);
#5672=ORIENTED_EDGE('',*,*,#4264,.F.);
#5673=ORIENTED_EDGE('',*,*,#4200,.T.);
#5674=ORIENTED_EDGE('',*,*,#4265,.F.);
#5675=ORIENTED_EDGE('',*,*,#4266,.T.);
#5676=ORIENTED_EDGE('',*,*,#4267,.F.);
#5677=ORIENTED_EDGE('',*,*,#4203,.T.);
#5678=ORIENTED_EDGE('',*,*,#4267,.T.);
#5679=ORIENTED_EDGE('',*,*,#4268,.T.);
#5680=ORIENTED_EDGE('',*,*,#4264,.T.);
#5681=ORIENTED_EDGE('',*,*,#4269,.T.);
#5682=ORIENTED_EDGE('',*,*,#4270,.F.);
#5683=ORIENTED_EDGE('',*,*,#4216,.T.);
#5684=ORIENTED_EDGE('',*,*,#4271,.F.);
#5685=ORIENTED_EDGE('',*,*,#4220,.T.);
#5686=ORIENTED_EDGE('',*,*,#4272,.F.);
#5687=ORIENTED_EDGE('',*,*,#4273,.T.);
#5688=ORIENTED_EDGE('',*,*,#4274,.F.);
#5689=ORIENTED_EDGE('',*,*,#4223,.T.);
#5690=ORIENTED_EDGE('',*,*,#4274,.T.);
#5691=ORIENTED_EDGE('',*,*,#4275,.T.);
#5692=ORIENTED_EDGE('',*,*,#4271,.T.);
#5693=ORIENTED_EDGE('',*,*,#4276,.T.);
#5694=ORIENTED_EDGE('',*,*,#4277,.F.);
#5695=ORIENTED_EDGE('',*,*,#4206,.T.);
#5696=ORIENTED_EDGE('',*,*,#4278,.F.);
#5697=ORIENTED_EDGE('',*,*,#4210,.T.);
#5698=ORIENTED_EDGE('',*,*,#4279,.F.);
#5699=ORIENTED_EDGE('',*,*,#4280,.T.);
#5700=ORIENTED_EDGE('',*,*,#4281,.F.);
#5701=ORIENTED_EDGE('',*,*,#4213,.T.);
#5702=ORIENTED_EDGE('',*,*,#4281,.T.);
#5703=ORIENTED_EDGE('',*,*,#4282,.T.);
#5704=ORIENTED_EDGE('',*,*,#4278,.T.);
#5705=ORIENTED_EDGE('',*,*,#4283,.T.);
#5706=ORIENTED_EDGE('',*,*,#4284,.F.);
#5707=ORIENTED_EDGE('',*,*,#4186,.T.);
#5708=ORIENTED_EDGE('',*,*,#4285,.F.);
#5709=ORIENTED_EDGE('',*,*,#4190,.T.);
#5710=ORIENTED_EDGE('',*,*,#4286,.F.);
#5711=ORIENTED_EDGE('',*,*,#4287,.T.);
#5712=ORIENTED_EDGE('',*,*,#4288,.F.);
#5713=ORIENTED_EDGE('',*,*,#4289,.F.);
#5714=ORIENTED_EDGE('',*,*,#4290,.T.);
#5715=ORIENTED_EDGE('',*,*,#4286,.T.);
#5716=ORIENTED_EDGE('',*,*,#4291,.T.);
#5717=ORIENTED_EDGE('',*,*,#4193,.T.);
#5718=ORIENTED_EDGE('',*,*,#4288,.T.);
#5719=ORIENTED_EDGE('',*,*,#4292,.T.);
#5720=ORIENTED_EDGE('',*,*,#4285,.T.);
#5721=ORIENTED_EDGE('',*,*,#4293,.T.);
#5722=ORIENTED_EDGE('',*,*,#4294,.F.);
#5723=ORIENTED_EDGE('',*,*,#4188,.T.);
#5724=ORIENTED_EDGE('',*,*,#4295,.F.);
#5725=ORIENTED_EDGE('',*,*,#4184,.T.);
#5726=ORIENTED_EDGE('',*,*,#4296,.F.);
#5727=ORIENTED_EDGE('',*,*,#4297,.T.);
#5728=ORIENTED_EDGE('',*,*,#4298,.F.);
#5729=ORIENTED_EDGE('',*,*,#4192,.T.);
#5730=ORIENTED_EDGE('',*,*,#4298,.T.);
#5731=ORIENTED_EDGE('',*,*,#4299,.T.);
#5732=ORIENTED_EDGE('',*,*,#4295,.T.);
#5733=ORIENTED_EDGE('',*,*,#4300,.T.);
#5734=ORIENTED_EDGE('',*,*,#4301,.F.);
#5735=ORIENTED_EDGE('',*,*,#4208,.T.);
#5736=ORIENTED_EDGE('',*,*,#4302,.F.);
#5737=ORIENTED_EDGE('',*,*,#4204,.T.);
#5738=ORIENTED_EDGE('',*,*,#4303,.F.);
#5739=ORIENTED_EDGE('',*,*,#4304,.T.);
#5740=ORIENTED_EDGE('',*,*,#4305,.F.);
#5741=ORIENTED_EDGE('',*,*,#4212,.T.);
#5742=ORIENTED_EDGE('',*,*,#4305,.T.);
#5743=ORIENTED_EDGE('',*,*,#4306,.T.);
#5744=ORIENTED_EDGE('',*,*,#4302,.T.);
#5745=ORIENTED_EDGE('',*,*,#4307,.T.);
#5746=ORIENTED_EDGE('',*,*,#4308,.F.);
#5747=ORIENTED_EDGE('',*,*,#4218,.T.);
#5748=ORIENTED_EDGE('',*,*,#4309,.F.);
#5749=ORIENTED_EDGE('',*,*,#4214,.T.);
#5750=ORIENTED_EDGE('',*,*,#4310,.F.);
#5751=ORIENTED_EDGE('',*,*,#4311,.T.);
#5752=ORIENTED_EDGE('',*,*,#4312,.F.);
#5753=ORIENTED_EDGE('',*,*,#4222,.T.);
#5754=ORIENTED_EDGE('',*,*,#4312,.T.);
#5755=ORIENTED_EDGE('',*,*,#4313,.T.);
#5756=ORIENTED_EDGE('',*,*,#4309,.T.);
#5757=ORIENTED_EDGE('',*,*,#4314,.T.);
#5758=ORIENTED_EDGE('',*,*,#4315,.F.);
#5759=ORIENTED_EDGE('',*,*,#4198,.T.);
#5760=ORIENTED_EDGE('',*,*,#4316,.F.);
#5761=ORIENTED_EDGE('',*,*,#4194,.T.);
#5762=ORIENTED_EDGE('',*,*,#4317,.F.);
#5763=ORIENTED_EDGE('',*,*,#4318,.T.);
#5764=ORIENTED_EDGE('',*,*,#4319,.F.);
#5765=ORIENTED_EDGE('',*,*,#4202,.T.);
#5766=ORIENTED_EDGE('',*,*,#4319,.T.);
#5767=ORIENTED_EDGE('',*,*,#4320,.T.);
#5768=ORIENTED_EDGE('',*,*,#4316,.T.);
#5769=ORIENTED_EDGE('',*,*,#4321,.F.);
#5770=ORIENTED_EDGE('',*,*,#4322,.T.);
#5771=ORIENTED_EDGE('',*,*,#4272,.T.);
#5772=ORIENTED_EDGE('',*,*,#4323,.T.);
#5773=ORIENTED_EDGE('',*,*,#4324,.F.);
#5774=ORIENTED_EDGE('',*,*,#4323,.F.);
#5775=ORIENTED_EDGE('',*,*,#4219,.F.);
#5776=ORIENTED_EDGE('',*,*,#4325,.F.);
#5777=ORIENTED_EDGE('',*,*,#4326,.F.);
#5778=ORIENTED_EDGE('',*,*,#4325,.T.);
#5779=ORIENTED_EDGE('',*,*,#4308,.T.);
#5780=ORIENTED_EDGE('',*,*,#4327,.T.);
#5781=ORIENTED_EDGE('',*,*,#4328,.F.);
#5782=ORIENTED_EDGE('',*,*,#4329,.T.);
#5783=ORIENTED_EDGE('',*,*,#4279,.T.);
#5784=ORIENTED_EDGE('',*,*,#4330,.T.);
#5785=ORIENTED_EDGE('',*,*,#4331,.F.);
#5786=ORIENTED_EDGE('',*,*,#4330,.F.);
#5787=ORIENTED_EDGE('',*,*,#4209,.F.);
#5788=ORIENTED_EDGE('',*,*,#4332,.F.);
#5789=ORIENTED_EDGE('',*,*,#4333,.F.);
#5790=ORIENTED_EDGE('',*,*,#4332,.T.);
#5791=ORIENTED_EDGE('',*,*,#4301,.T.);
#5792=ORIENTED_EDGE('',*,*,#4334,.T.);
#5793=ORIENTED_EDGE('',*,*,#4335,.F.);
#5794=ORIENTED_EDGE('',*,*,#4291,.F.);
#5795=ORIENTED_EDGE('',*,*,#4189,.F.);
#5796=ORIENTED_EDGE('',*,*,#4336,.F.);
#5797=ORIENTED_EDGE('',*,*,#4337,.F.);
#5798=ORIENTED_EDGE('',*,*,#4336,.T.);
#5799=ORIENTED_EDGE('',*,*,#4294,.T.);
#5800=ORIENTED_EDGE('',*,*,#4338,.T.);
#5801=ORIENTED_EDGE('',*,*,#4339,.T.);
#5802=ORIENTED_EDGE('',*,*,#4340,.T.);
#5803=ORIENTED_EDGE('',*,*,#4341,.T.);
#5804=ORIENTED_EDGE('',*,*,#4342,.T.);
#5805=ORIENTED_EDGE('',*,*,#4343,.T.);
#5806=ORIENTED_EDGE('',*,*,#4344,.T.);
#5807=ORIENTED_EDGE('',*,*,#4345,.T.);
#5808=ORIENTED_EDGE('',*,*,#4346,.T.);
#5809=ORIENTED_EDGE('',*,*,#4347,.T.);
#5810=ORIENTED_EDGE('',*,*,#4348,.F.);
#5811=ORIENTED_EDGE('',*,*,#4349,.F.);
#5812=ORIENTED_EDGE('',*,*,#4350,.T.);
#5813=ORIENTED_EDGE('',*,*,#4351,.T.);
#5814=ORIENTED_EDGE('',*,*,#4352,.F.);
#5815=ORIENTED_EDGE('',*,*,#4347,.F.);
#5816=ORIENTED_EDGE('',*,*,#4353,.T.);
#5817=ORIENTED_EDGE('',*,*,#4354,.T.);
#5818=ORIENTED_EDGE('',*,*,#4355,.F.);
#5819=ORIENTED_EDGE('',*,*,#4351,.F.);
#5820=ORIENTED_EDGE('',*,*,#4356,.T.);
#5821=ORIENTED_EDGE('',*,*,#4357,.T.);
#5822=ORIENTED_EDGE('',*,*,#4358,.F.);
#5823=ORIENTED_EDGE('',*,*,#4354,.F.);
#5824=ORIENTED_EDGE('',*,*,#4359,.T.);
#5825=ORIENTED_EDGE('',*,*,#4360,.T.);
#5826=ORIENTED_EDGE('',*,*,#4361,.F.);
#5827=ORIENTED_EDGE('',*,*,#4357,.F.);
#5828=ORIENTED_EDGE('',*,*,#4362,.T.);
#5829=ORIENTED_EDGE('',*,*,#4363,.T.);
#5830=ORIENTED_EDGE('',*,*,#4364,.F.);
#5831=ORIENTED_EDGE('',*,*,#4360,.F.);
#5832=ORIENTED_EDGE('',*,*,#4365,.T.);
#5833=ORIENTED_EDGE('',*,*,#4366,.T.);
#5834=ORIENTED_EDGE('',*,*,#4367,.F.);
#5835=ORIENTED_EDGE('',*,*,#4363,.F.);
#5836=ORIENTED_EDGE('',*,*,#4368,.T.);
#5837=ORIENTED_EDGE('',*,*,#4369,.T.);
#5838=ORIENTED_EDGE('',*,*,#4370,.F.);
#5839=ORIENTED_EDGE('',*,*,#4366,.F.);
#5840=ORIENTED_EDGE('',*,*,#4371,.T.);
#5841=ORIENTED_EDGE('',*,*,#4372,.T.);
#5842=ORIENTED_EDGE('',*,*,#4373,.F.);
#5843=ORIENTED_EDGE('',*,*,#4369,.F.);
#5844=ORIENTED_EDGE('',*,*,#4374,.T.);
#5845=ORIENTED_EDGE('',*,*,#4375,.T.);
#5846=ORIENTED_EDGE('',*,*,#4376,.F.);
#5847=ORIENTED_EDGE('',*,*,#4372,.F.);
#5848=ORIENTED_EDGE('',*,*,#4377,.T.);
#5849=ORIENTED_EDGE('',*,*,#4378,.T.);
#5850=ORIENTED_EDGE('',*,*,#4379,.F.);
#5851=ORIENTED_EDGE('',*,*,#4375,.F.);
#5852=ORIENTED_EDGE('',*,*,#4380,.T.);
#5853=ORIENTED_EDGE('',*,*,#4381,.T.);
#5854=ORIENTED_EDGE('',*,*,#4382,.F.);
#5855=ORIENTED_EDGE('',*,*,#4378,.F.);
#5856=ORIENTED_EDGE('',*,*,#4383,.T.);
#5857=ORIENTED_EDGE('',*,*,#4384,.T.);
#5858=ORIENTED_EDGE('',*,*,#4385,.F.);
#5859=ORIENTED_EDGE('',*,*,#4381,.F.);
#5860=ORIENTED_EDGE('',*,*,#4386,.T.);
#5861=ORIENTED_EDGE('',*,*,#4387,.T.);
#5862=ORIENTED_EDGE('',*,*,#4388,.F.);
#5863=ORIENTED_EDGE('',*,*,#4384,.F.);
#5864=ORIENTED_EDGE('',*,*,#4389,.T.);
#5865=ORIENTED_EDGE('',*,*,#4390,.T.);
#5866=ORIENTED_EDGE('',*,*,#4391,.F.);
#5867=ORIENTED_EDGE('',*,*,#4387,.F.);
#5868=ORIENTED_EDGE('',*,*,#4392,.T.);
#5869=ORIENTED_EDGE('',*,*,#4393,.T.);
#5870=ORIENTED_EDGE('',*,*,#4394,.F.);
#5871=ORIENTED_EDGE('',*,*,#4390,.F.);
#5872=ORIENTED_EDGE('',*,*,#4395,.T.);
#5873=ORIENTED_EDGE('',*,*,#4396,.T.);
#5874=ORIENTED_EDGE('',*,*,#4397,.F.);
#5875=ORIENTED_EDGE('',*,*,#4393,.F.);
#5876=ORIENTED_EDGE('',*,*,#4398,.T.);
#5877=ORIENTED_EDGE('',*,*,#4399,.T.);
#5878=ORIENTED_EDGE('',*,*,#4400,.F.);
#5879=ORIENTED_EDGE('',*,*,#4396,.F.);
#5880=ORIENTED_EDGE('',*,*,#4401,.T.);
#5881=ORIENTED_EDGE('',*,*,#4402,.T.);
#5882=ORIENTED_EDGE('',*,*,#4403,.F.);
#5883=ORIENTED_EDGE('',*,*,#4399,.F.);
#5884=ORIENTED_EDGE('',*,*,#4404,.T.);
#5885=ORIENTED_EDGE('',*,*,#4405,.T.);
#5886=ORIENTED_EDGE('',*,*,#4406,.F.);
#5887=ORIENTED_EDGE('',*,*,#4402,.F.);
#5888=ORIENTED_EDGE('',*,*,#4407,.T.);
#5889=ORIENTED_EDGE('',*,*,#4408,.T.);
#5890=ORIENTED_EDGE('',*,*,#4409,.F.);
#5891=ORIENTED_EDGE('',*,*,#4405,.F.);
#5892=ORIENTED_EDGE('',*,*,#4410,.T.);
#5893=ORIENTED_EDGE('',*,*,#4411,.T.);
#5894=ORIENTED_EDGE('',*,*,#4412,.F.);
#5895=ORIENTED_EDGE('',*,*,#4408,.F.);
#5896=ORIENTED_EDGE('',*,*,#4413,.T.);
#5897=ORIENTED_EDGE('',*,*,#4414,.T.);
#5898=ORIENTED_EDGE('',*,*,#4415,.F.);
#5899=ORIENTED_EDGE('',*,*,#4411,.F.);
#5900=ORIENTED_EDGE('',*,*,#4416,.T.);
#5901=ORIENTED_EDGE('',*,*,#4417,.T.);
#5902=ORIENTED_EDGE('',*,*,#4418,.F.);
#5903=ORIENTED_EDGE('',*,*,#4414,.F.);
#5904=ORIENTED_EDGE('',*,*,#4419,.T.);
#5905=ORIENTED_EDGE('',*,*,#4420,.T.);
#5906=ORIENTED_EDGE('',*,*,#4421,.F.);
#5907=ORIENTED_EDGE('',*,*,#4417,.F.);
#5908=ORIENTED_EDGE('',*,*,#4422,.T.);
#5909=ORIENTED_EDGE('',*,*,#4423,.T.);
#5910=ORIENTED_EDGE('',*,*,#4424,.F.);
#5911=ORIENTED_EDGE('',*,*,#4420,.F.);
#5912=ORIENTED_EDGE('',*,*,#4425,.T.);
#5913=ORIENTED_EDGE('',*,*,#4426,.T.);
#5914=ORIENTED_EDGE('',*,*,#4427,.F.);
#5915=ORIENTED_EDGE('',*,*,#4423,.F.);
#5916=ORIENTED_EDGE('',*,*,#4428,.T.);
#5917=ORIENTED_EDGE('',*,*,#4429,.T.);
#5918=ORIENTED_EDGE('',*,*,#4430,.F.);
#5919=ORIENTED_EDGE('',*,*,#4426,.F.);
#5920=ORIENTED_EDGE('',*,*,#4431,.T.);
#5921=ORIENTED_EDGE('',*,*,#4349,.T.);
#5922=ORIENTED_EDGE('',*,*,#4432,.F.);
#5923=ORIENTED_EDGE('',*,*,#4429,.F.);
#5924=ORIENTED_EDGE('',*,*,#4431,.F.);
#5925=ORIENTED_EDGE('',*,*,#4428,.F.);
#5926=ORIENTED_EDGE('',*,*,#4425,.F.);
#5927=ORIENTED_EDGE('',*,*,#4422,.F.);
#5928=ORIENTED_EDGE('',*,*,#4419,.F.);
#5929=ORIENTED_EDGE('',*,*,#4416,.F.);
#5930=ORIENTED_EDGE('',*,*,#4413,.F.);
#5931=ORIENTED_EDGE('',*,*,#4410,.F.);
#5932=ORIENTED_EDGE('',*,*,#4407,.F.);
#5933=ORIENTED_EDGE('',*,*,#4404,.F.);
#5934=ORIENTED_EDGE('',*,*,#4401,.F.);
#5935=ORIENTED_EDGE('',*,*,#4398,.F.);
#5936=ORIENTED_EDGE('',*,*,#4395,.F.);
#5937=ORIENTED_EDGE('',*,*,#4392,.F.);
#5938=ORIENTED_EDGE('',*,*,#4389,.F.);
#5939=ORIENTED_EDGE('',*,*,#4386,.F.);
#5940=ORIENTED_EDGE('',*,*,#4383,.F.);
#5941=ORIENTED_EDGE('',*,*,#4380,.F.);
#5942=ORIENTED_EDGE('',*,*,#4377,.F.);
#5943=ORIENTED_EDGE('',*,*,#4374,.F.);
#5944=ORIENTED_EDGE('',*,*,#4371,.F.);
#5945=ORIENTED_EDGE('',*,*,#4368,.F.);
#5946=ORIENTED_EDGE('',*,*,#4365,.F.);
#5947=ORIENTED_EDGE('',*,*,#4362,.F.);
#5948=ORIENTED_EDGE('',*,*,#4359,.F.);
#5949=ORIENTED_EDGE('',*,*,#4356,.F.);
#5950=ORIENTED_EDGE('',*,*,#4353,.F.);
#5951=ORIENTED_EDGE('',*,*,#4350,.F.);
#5952=ORIENTED_EDGE('',*,*,#4346,.F.);
#5953=ORIENTED_EDGE('',*,*,#4433,.T.);
#5954=ORIENTED_EDGE('',*,*,#4434,.T.);
#5955=ORIENTED_EDGE('',*,*,#4435,.F.);
#5956=ORIENTED_EDGE('',*,*,#4436,.F.);
#5957=ORIENTED_EDGE('',*,*,#4437,.T.);
#5958=ORIENTED_EDGE('',*,*,#4438,.T.);
#5959=ORIENTED_EDGE('',*,*,#4439,.F.);
#5960=ORIENTED_EDGE('',*,*,#4434,.F.);
#5961=ORIENTED_EDGE('',*,*,#4440,.T.);
#5962=ORIENTED_EDGE('',*,*,#4441,.T.);
#5963=ORIENTED_EDGE('',*,*,#4442,.F.);
#5964=ORIENTED_EDGE('',*,*,#4438,.F.);
#5965=ORIENTED_EDGE('',*,*,#4443,.T.);
#5966=ORIENTED_EDGE('',*,*,#4444,.T.);
#5967=ORIENTED_EDGE('',*,*,#4445,.F.);
#5968=ORIENTED_EDGE('',*,*,#4441,.F.);
#5969=ORIENTED_EDGE('',*,*,#4446,.T.);
#5970=ORIENTED_EDGE('',*,*,#4447,.T.);
#5971=ORIENTED_EDGE('',*,*,#4448,.F.);
#5972=ORIENTED_EDGE('',*,*,#4444,.F.);
#5973=ORIENTED_EDGE('',*,*,#4449,.T.);
#5974=ORIENTED_EDGE('',*,*,#4450,.T.);
#5975=ORIENTED_EDGE('',*,*,#4451,.F.);
#5976=ORIENTED_EDGE('',*,*,#4447,.F.);
#5977=ORIENTED_EDGE('',*,*,#4452,.T.);
#5978=ORIENTED_EDGE('',*,*,#4453,.T.);
#5979=ORIENTED_EDGE('',*,*,#4454,.F.);
#5980=ORIENTED_EDGE('',*,*,#4450,.F.);
#5981=ORIENTED_EDGE('',*,*,#4455,.T.);
#5982=ORIENTED_EDGE('',*,*,#4456,.T.);
#5983=ORIENTED_EDGE('',*,*,#4457,.F.);
#5984=ORIENTED_EDGE('',*,*,#4453,.F.);
#5985=ORIENTED_EDGE('',*,*,#4458,.T.);
#5986=ORIENTED_EDGE('',*,*,#4459,.T.);
#5987=ORIENTED_EDGE('',*,*,#4460,.F.);
#5988=ORIENTED_EDGE('',*,*,#4456,.F.);
#5989=ORIENTED_EDGE('',*,*,#4461,.T.);
#5990=ORIENTED_EDGE('',*,*,#4462,.T.);
#5991=ORIENTED_EDGE('',*,*,#4463,.F.);
#5992=ORIENTED_EDGE('',*,*,#4459,.F.);
#5993=ORIENTED_EDGE('',*,*,#4464,.T.);
#5994=ORIENTED_EDGE('',*,*,#4465,.T.);
#5995=ORIENTED_EDGE('',*,*,#4466,.F.);
#5996=ORIENTED_EDGE('',*,*,#4462,.F.);
#5997=ORIENTED_EDGE('',*,*,#4467,.T.);
#5998=ORIENTED_EDGE('',*,*,#4436,.T.);
#5999=ORIENTED_EDGE('',*,*,#4468,.F.);
#6000=ORIENTED_EDGE('',*,*,#4465,.F.);
#6001=ORIENTED_EDGE('',*,*,#4467,.F.);
#6002=ORIENTED_EDGE('',*,*,#4464,.F.);
#6003=ORIENTED_EDGE('',*,*,#4461,.F.);
#6004=ORIENTED_EDGE('',*,*,#4458,.F.);
#6005=ORIENTED_EDGE('',*,*,#4455,.F.);
#6006=ORIENTED_EDGE('',*,*,#4452,.F.);
#6007=ORIENTED_EDGE('',*,*,#4449,.F.);
#6008=ORIENTED_EDGE('',*,*,#4446,.F.);
#6009=ORIENTED_EDGE('',*,*,#4443,.F.);
#6010=ORIENTED_EDGE('',*,*,#4440,.F.);
#6011=ORIENTED_EDGE('',*,*,#4437,.F.);
#6012=ORIENTED_EDGE('',*,*,#4433,.F.);
#6013=ORIENTED_EDGE('',*,*,#4469,.T.);
#6014=ORIENTED_EDGE('',*,*,#4470,.T.);
#6015=ORIENTED_EDGE('',*,*,#4471,.F.);
#6016=ORIENTED_EDGE('',*,*,#4472,.F.);
#6017=ORIENTED_EDGE('',*,*,#4473,.T.);
#6018=ORIENTED_EDGE('',*,*,#4474,.T.);
#6019=ORIENTED_EDGE('',*,*,#4475,.F.);
#6020=ORIENTED_EDGE('',*,*,#4470,.F.);
#6021=ORIENTED_EDGE('',*,*,#4476,.T.);
#6022=ORIENTED_EDGE('',*,*,#4477,.T.);
#6023=ORIENTED_EDGE('',*,*,#4478,.F.);
#6024=ORIENTED_EDGE('',*,*,#4474,.F.);
#6025=ORIENTED_EDGE('',*,*,#4479,.T.);
#6026=ORIENTED_EDGE('',*,*,#4472,.T.);
#6027=ORIENTED_EDGE('',*,*,#4480,.F.);
#6028=ORIENTED_EDGE('',*,*,#4477,.F.);
#6029=ORIENTED_EDGE('',*,*,#4479,.F.);
#6030=ORIENTED_EDGE('',*,*,#4476,.F.);
#6031=ORIENTED_EDGE('',*,*,#4473,.F.);
#6032=ORIENTED_EDGE('',*,*,#4469,.F.);
#6033=ORIENTED_EDGE('',*,*,#4481,.T.);
#6034=ORIENTED_EDGE('',*,*,#4482,.T.);
#6035=ORIENTED_EDGE('',*,*,#4340,.F.);
#6036=ORIENTED_EDGE('',*,*,#4483,.F.);
#6037=ORIENTED_EDGE('',*,*,#4484,.T.);
#6038=ORIENTED_EDGE('',*,*,#4485,.T.);
#6039=ORIENTED_EDGE('',*,*,#4341,.F.);
#6040=ORIENTED_EDGE('',*,*,#4482,.F.);
#6041=ORIENTED_EDGE('',*,*,#4486,.T.);
#6042=ORIENTED_EDGE('',*,*,#4487,.T.);
#6043=ORIENTED_EDGE('',*,*,#4342,.F.);
#6044=ORIENTED_EDGE('',*,*,#4485,.F.);
#6045=ORIENTED_EDGE('',*,*,#4488,.T.);
#6046=ORIENTED_EDGE('',*,*,#4489,.T.);
#6047=ORIENTED_EDGE('',*,*,#4343,.F.);
#6048=ORIENTED_EDGE('',*,*,#4487,.F.);
#6049=ORIENTED_EDGE('',*,*,#4490,.T.);
#6050=ORIENTED_EDGE('',*,*,#4491,.T.);
#6051=ORIENTED_EDGE('',*,*,#4344,.F.);
#6052=ORIENTED_EDGE('',*,*,#4489,.F.);
#6053=ORIENTED_EDGE('',*,*,#4492,.T.);
#6054=ORIENTED_EDGE('',*,*,#4493,.T.);
#6055=ORIENTED_EDGE('',*,*,#4345,.F.);
#6056=ORIENTED_EDGE('',*,*,#4491,.F.);
#6057=ORIENTED_EDGE('',*,*,#4494,.T.);
#6058=ORIENTED_EDGE('',*,*,#4483,.T.);
#6059=ORIENTED_EDGE('',*,*,#4339,.F.);
#6060=ORIENTED_EDGE('',*,*,#4493,.F.);
#6061=ORIENTED_EDGE('',*,*,#4495,.T.);
#6062=ORIENTED_EDGE('',*,*,#4496,.T.);
#6063=ORIENTED_EDGE('',*,*,#4497,.F.);
#6064=ORIENTED_EDGE('',*,*,#4498,.F.);
#6065=ORIENTED_EDGE('',*,*,#4499,.T.);
#6066=ORIENTED_EDGE('',*,*,#4500,.T.);
#6067=ORIENTED_EDGE('',*,*,#4501,.F.);
#6068=ORIENTED_EDGE('',*,*,#4496,.F.);
#6069=ORIENTED_EDGE('',*,*,#4502,.T.);
#6070=ORIENTED_EDGE('',*,*,#4503,.T.);
#6071=ORIENTED_EDGE('',*,*,#4504,.F.);
#6072=ORIENTED_EDGE('',*,*,#4500,.F.);
#6073=ORIENTED_EDGE('',*,*,#4505,.T.);
#6074=ORIENTED_EDGE('',*,*,#4506,.T.);
#6075=ORIENTED_EDGE('',*,*,#4507,.F.);
#6076=ORIENTED_EDGE('',*,*,#4503,.F.);
#6077=ORIENTED_EDGE('',*,*,#4508,.T.);
#6078=ORIENTED_EDGE('',*,*,#4509,.T.);
#6079=ORIENTED_EDGE('',*,*,#4510,.F.);
#6080=ORIENTED_EDGE('',*,*,#4506,.F.);
#6081=ORIENTED_EDGE('',*,*,#4511,.T.);
#6082=ORIENTED_EDGE('',*,*,#4512,.T.);
#6083=ORIENTED_EDGE('',*,*,#4513,.F.);
#6084=ORIENTED_EDGE('',*,*,#4509,.F.);
#6085=ORIENTED_EDGE('',*,*,#4514,.T.);
#6086=ORIENTED_EDGE('',*,*,#4515,.T.);
#6087=ORIENTED_EDGE('',*,*,#4516,.F.);
#6088=ORIENTED_EDGE('',*,*,#4512,.F.);
#6089=ORIENTED_EDGE('',*,*,#4517,.T.);
#6090=ORIENTED_EDGE('',*,*,#4518,.T.);
#6091=ORIENTED_EDGE('',*,*,#4519,.F.);
#6092=ORIENTED_EDGE('',*,*,#4515,.F.);
#6093=ORIENTED_EDGE('',*,*,#4520,.T.);
#6094=ORIENTED_EDGE('',*,*,#4498,.T.);
#6095=ORIENTED_EDGE('',*,*,#4521,.F.);
#6096=ORIENTED_EDGE('',*,*,#4518,.F.);
#6097=ORIENTED_EDGE('',*,*,#4520,.F.);
#6098=ORIENTED_EDGE('',*,*,#4517,.F.);
#6099=ORIENTED_EDGE('',*,*,#4514,.F.);
#6100=ORIENTED_EDGE('',*,*,#4511,.F.);
#6101=ORIENTED_EDGE('',*,*,#4508,.F.);
#6102=ORIENTED_EDGE('',*,*,#4505,.F.);
#6103=ORIENTED_EDGE('',*,*,#4502,.F.);
#6104=ORIENTED_EDGE('',*,*,#4499,.F.);
#6105=ORIENTED_EDGE('',*,*,#4495,.F.);
#6106=ORIENTED_EDGE('',*,*,#4494,.F.);
#6107=ORIENTED_EDGE('',*,*,#4492,.F.);
#6108=ORIENTED_EDGE('',*,*,#4490,.F.);
#6109=ORIENTED_EDGE('',*,*,#4488,.F.);
#6110=ORIENTED_EDGE('',*,*,#4486,.F.);
#6111=ORIENTED_EDGE('',*,*,#4484,.F.);
#6112=ORIENTED_EDGE('',*,*,#4481,.F.);
#6113=ORIENTED_EDGE('',*,*,#4522,.T.);
#6114=ORIENTED_EDGE('',*,*,#4523,.T.);
#6115=ORIENTED_EDGE('',*,*,#4524,.F.);
#6116=ORIENTED_EDGE('',*,*,#4525,.F.);
#6117=ORIENTED_EDGE('',*,*,#4526,.T.);
#6118=ORIENTED_EDGE('',*,*,#4527,.T.);
#6119=ORIENTED_EDGE('',*,*,#4528,.F.);
#6120=ORIENTED_EDGE('',*,*,#4523,.F.);
#6121=ORIENTED_EDGE('',*,*,#4529,.T.);
#6122=ORIENTED_EDGE('',*,*,#4530,.T.);
#6123=ORIENTED_EDGE('',*,*,#4531,.F.);
#6124=ORIENTED_EDGE('',*,*,#4527,.F.);
#6125=ORIENTED_EDGE('',*,*,#4532,.T.);
#6126=ORIENTED_EDGE('',*,*,#4533,.T.);
#6127=ORIENTED_EDGE('',*,*,#4534,.F.);
#6128=ORIENTED_EDGE('',*,*,#4530,.F.);
#6129=ORIENTED_EDGE('',*,*,#4535,.T.);
#6130=ORIENTED_EDGE('',*,*,#4536,.T.);
#6131=ORIENTED_EDGE('',*,*,#4537,.F.);
#6132=ORIENTED_EDGE('',*,*,#4533,.F.);
#6133=ORIENTED_EDGE('',*,*,#4538,.T.);
#6134=ORIENTED_EDGE('',*,*,#4539,.T.);
#6135=ORIENTED_EDGE('',*,*,#4540,.F.);
#6136=ORIENTED_EDGE('',*,*,#4536,.F.);
#6137=ORIENTED_EDGE('',*,*,#4541,.T.);
#6138=ORIENTED_EDGE('',*,*,#4525,.T.);
#6139=ORIENTED_EDGE('',*,*,#4542,.F.);
#6140=ORIENTED_EDGE('',*,*,#4539,.F.);
#6141=ORIENTED_EDGE('',*,*,#4541,.F.);
#6142=ORIENTED_EDGE('',*,*,#4538,.F.);
#6143=ORIENTED_EDGE('',*,*,#4535,.F.);
#6144=ORIENTED_EDGE('',*,*,#4532,.F.);
#6145=ORIENTED_EDGE('',*,*,#4529,.F.);
#6146=ORIENTED_EDGE('',*,*,#4526,.F.);
#6147=ORIENTED_EDGE('',*,*,#4522,.F.);
#6148=ORIENTED_EDGE('',*,*,#4543,.T.);
#6149=ORIENTED_EDGE('',*,*,#4544,.T.);
#6150=ORIENTED_EDGE('',*,*,#4545,.F.);
#6151=ORIENTED_EDGE('',*,*,#4546,.F.);
#6152=ORIENTED_EDGE('',*,*,#4547,.T.);
#6153=ORIENTED_EDGE('',*,*,#4548,.T.);
#6154=ORIENTED_EDGE('',*,*,#4549,.F.);
#6155=ORIENTED_EDGE('',*,*,#4544,.F.);
#6156=ORIENTED_EDGE('',*,*,#4550,.T.);
#6157=ORIENTED_EDGE('',*,*,#4551,.T.);
#6158=ORIENTED_EDGE('',*,*,#4552,.F.);
#6159=ORIENTED_EDGE('',*,*,#4548,.F.);
#6160=ORIENTED_EDGE('',*,*,#4553,.T.);
#6161=ORIENTED_EDGE('',*,*,#4554,.T.);
#6162=ORIENTED_EDGE('',*,*,#4555,.F.);
#6163=ORIENTED_EDGE('',*,*,#4551,.F.);
#6164=ORIENTED_EDGE('',*,*,#4556,.T.);
#6165=ORIENTED_EDGE('',*,*,#4557,.T.);
#6166=ORIENTED_EDGE('',*,*,#4558,.F.);
#6167=ORIENTED_EDGE('',*,*,#4554,.F.);
#6168=ORIENTED_EDGE('',*,*,#4559,.T.);
#6169=ORIENTED_EDGE('',*,*,#4560,.T.);
#6170=ORIENTED_EDGE('',*,*,#4561,.F.);
#6171=ORIENTED_EDGE('',*,*,#4557,.F.);
#6172=ORIENTED_EDGE('',*,*,#4562,.T.);
#6173=ORIENTED_EDGE('',*,*,#4546,.T.);
#6174=ORIENTED_EDGE('',*,*,#4563,.F.);
#6175=ORIENTED_EDGE('',*,*,#4560,.F.);
#6176=ORIENTED_EDGE('',*,*,#4562,.F.);
#6177=ORIENTED_EDGE('',*,*,#4559,.F.);
#6178=ORIENTED_EDGE('',*,*,#4556,.F.);
#6179=ORIENTED_EDGE('',*,*,#4553,.F.);
#6180=ORIENTED_EDGE('',*,*,#4550,.F.);
#6181=ORIENTED_EDGE('',*,*,#4547,.F.);
#6182=ORIENTED_EDGE('',*,*,#4543,.F.);
#6183=ORIENTED_EDGE('',*,*,#4183,.F.);
#6184=ORIENTED_EDGE('',*,*,#4564,.T.);
#6185=ORIENTED_EDGE('',*,*,#4565,.F.);
#6186=ORIENTED_EDGE('',*,*,#4566,.F.);
#6187=ORIENTED_EDGE('',*,*,#4564,.F.);
#6188=ORIENTED_EDGE('',*,*,#4565,.T.);
#6189=ORIENTED_EDGE('',*,*,#4566,.T.);
#6190=ORIENTED_EDGE('',*,*,#4567,.T.);
#6191=ORIENTED_EDGE('',*,*,#4568,.T.);
#6192=ORIENTED_EDGE('',*,*,#4567,.F.);
#6193=ORIENTED_EDGE('',*,*,#4569,.F.);
#6194=ORIENTED_EDGE('',*,*,#4570,.F.);
#6195=ORIENTED_EDGE('',*,*,#4571,.F.);
#6196=ORIENTED_EDGE('',*,*,#4572,.F.);
#6197=ORIENTED_EDGE('',*,*,#4573,.F.);
#6198=ORIENTED_EDGE('',*,*,#4574,.F.);
#6199=ORIENTED_EDGE('',*,*,#4575,.F.);
#6200=ORIENTED_EDGE('',*,*,#4576,.F.);
#6201=ORIENTED_EDGE('',*,*,#4577,.F.);
#6202=ORIENTED_EDGE('',*,*,#4578,.F.);
#6203=ORIENTED_EDGE('',*,*,#4568,.F.);
#6204=ORIENTED_EDGE('',*,*,#4579,.F.);
#6205=ORIENTED_EDGE('',*,*,#4580,.F.);
#6206=ORIENTED_EDGE('',*,*,#4283,.F.);
#6207=ORIENTED_EDGE('',*,*,#4292,.F.);
#6208=ORIENTED_EDGE('',*,*,#4287,.F.);
#6209=ORIENTED_EDGE('',*,*,#4290,.F.);
#6210=ORIENTED_EDGE('',*,*,#4581,.F.);
#6211=ORIENTED_EDGE('',*,*,#4582,.F.);
#6212=ORIENTED_EDGE('',*,*,#4583,.F.);
#6213=ORIENTED_EDGE('',*,*,#4584,.F.);
#6214=ORIENTED_EDGE('',*,*,#4276,.F.);
#6215=ORIENTED_EDGE('',*,*,#4282,.F.);
#6216=ORIENTED_EDGE('',*,*,#4280,.F.);
#6217=ORIENTED_EDGE('',*,*,#4329,.F.);
#6218=ORIENTED_EDGE('',*,*,#4585,.F.);
#6219=ORIENTED_EDGE('',*,*,#4586,.F.);
#6220=ORIENTED_EDGE('',*,*,#4587,.F.);
#6221=ORIENTED_EDGE('',*,*,#4588,.F.);
#6222=ORIENTED_EDGE('',*,*,#4269,.F.);
#6223=ORIENTED_EDGE('',*,*,#4275,.F.);
#6224=ORIENTED_EDGE('',*,*,#4273,.F.);
#6225=ORIENTED_EDGE('',*,*,#4322,.F.);
#6226=ORIENTED_EDGE('',*,*,#4589,.F.);
#6227=ORIENTED_EDGE('',*,*,#4590,.F.);
#6228=ORIENTED_EDGE('',*,*,#4591,.F.);
#6229=ORIENTED_EDGE('',*,*,#4592,.F.);
#6230=ORIENTED_EDGE('',*,*,#4262,.F.);
#6231=ORIENTED_EDGE('',*,*,#4268,.F.);
#6232=ORIENTED_EDGE('',*,*,#4266,.F.);
#6233=ORIENTED_EDGE('',*,*,#4593,.F.);
#6234=ORIENTED_EDGE('',*,*,#4594,.F.);
#6235=ORIENTED_EDGE('',*,*,#4595,.F.);
#6236=ORIENTED_EDGE('',*,*,#4261,.F.);
#6237=ORIENTED_EDGE('',*,*,#4241,.F.);
#6238=ORIENTED_EDGE('',*,*,#4232,.F.);
#6239=ORIENTED_EDGE('',*,*,#4596,.F.);
#6240=ORIENTED_EDGE('',*,*,#4597,.F.);
#6241=ORIENTED_EDGE('',*,*,#4593,.T.);
#6242=ORIENTED_EDGE('',*,*,#4265,.T.);
#6243=ORIENTED_EDGE('',*,*,#4598,.T.);
#6244=ORIENTED_EDGE('',*,*,#4599,.F.);
#6245=ORIENTED_EDGE('',*,*,#4598,.F.);
#6246=ORIENTED_EDGE('',*,*,#4199,.F.);
#6247=ORIENTED_EDGE('',*,*,#4600,.F.);
#6248=ORIENTED_EDGE('',*,*,#4601,.F.);
#6249=ORIENTED_EDGE('',*,*,#4600,.T.);
#6250=ORIENTED_EDGE('',*,*,#4315,.T.);
#6251=ORIENTED_EDGE('',*,*,#4602,.T.);
#6252=ORIENTED_EDGE('',*,*,#4603,.F.);
#6253=ORIENTED_EDGE('',*,*,#4604,.T.);
#6254=ORIENTED_EDGE('',*,*,#4605,.F.);
#6255=ORIENTED_EDGE('',*,*,#4574,.T.);
#6256=ORIENTED_EDGE('',*,*,#4606,.F.);
#6257=ORIENTED_EDGE('',*,*,#4594,.T.);
#6258=ORIENTED_EDGE('',*,*,#4607,.F.);
#6259=ORIENTED_EDGE('',*,*,#4570,.T.);
#6260=ORIENTED_EDGE('',*,*,#4605,.T.);
#6261=ORIENTED_EDGE('',*,*,#4608,.T.);
#6262=ORIENTED_EDGE('',*,*,#4609,.F.);
#6263=ORIENTED_EDGE('',*,*,#4575,.T.);
#6264=ORIENTED_EDGE('',*,*,#4609,.T.);
#6265=ORIENTED_EDGE('',*,*,#4255,.T.);
#6266=ORIENTED_EDGE('',*,*,#4610,.F.);
#6267=ORIENTED_EDGE('',*,*,#4576,.T.);
#6268=ORIENTED_EDGE('',*,*,#4610,.T.);
#6269=ORIENTED_EDGE('',*,*,#4258,.T.);
#6270=ORIENTED_EDGE('',*,*,#4611,.F.);
#6271=ORIENTED_EDGE('',*,*,#4577,.T.);
#6272=ORIENTED_EDGE('',*,*,#4611,.T.);
#6273=ORIENTED_EDGE('',*,*,#4260,.T.);
#6274=ORIENTED_EDGE('',*,*,#4612,.F.);
#6275=ORIENTED_EDGE('',*,*,#4578,.T.);
#6276=ORIENTED_EDGE('',*,*,#4612,.T.);
#6277=ORIENTED_EDGE('',*,*,#4595,.T.);
#6278=ORIENTED_EDGE('',*,*,#4606,.T.);
#6279=ORIENTED_EDGE('',*,*,#4569,.T.);
#6280=ORIENTED_EDGE('',*,*,#4607,.T.);
#6281=ORIENTED_EDGE('',*,*,#4597,.T.);
#6282=ORIENTED_EDGE('',*,*,#4613,.F.);
#6283=ORIENTED_EDGE('',*,*,#4571,.T.);
#6284=ORIENTED_EDGE('',*,*,#4613,.T.);
#6285=ORIENTED_EDGE('',*,*,#4599,.T.);
#6286=ORIENTED_EDGE('',*,*,#4614,.F.);
#6287=ORIENTED_EDGE('',*,*,#4572,.T.);
#6288=ORIENTED_EDGE('',*,*,#4603,.T.);
#6289=ORIENTED_EDGE('',*,*,#4573,.T.);
#6290=ORIENTED_EDGE('',*,*,#4614,.T.);
#6291=ORIENTED_EDGE('',*,*,#4601,.T.);
#6292=ORIENTED_EDGE('',*,*,#4615,.F.);
#6293=ORIENTED_EDGE('',*,*,#4616,.F.);
#6294=ORIENTED_EDGE('',*,*,#4617,.F.);
#6295=ORIENTED_EDGE('',*,*,#4618,.F.);
#6296=ORIENTED_EDGE('',*,*,#4619,.F.);
#6297=ORIENTED_EDGE('',*,*,#4620,.F.);
#6298=ORIENTED_EDGE('',*,*,#4621,.F.);
#6299=ORIENTED_EDGE('',*,*,#4622,.F.);
#6300=ORIENTED_EDGE('',*,*,#4623,.F.);
#6301=ORIENTED_EDGE('',*,*,#4624,.F.);
#6302=ORIENTED_EDGE('',*,*,#4625,.F.);
#6303=ORIENTED_EDGE('',*,*,#4626,.F.);
#6304=ORIENTED_EDGE('',*,*,#4627,.F.);
#6305=ORIENTED_EDGE('',*,*,#4628,.T.);
#6306=ORIENTED_EDGE('',*,*,#4317,.T.);
#6307=ORIENTED_EDGE('',*,*,#4629,.T.);
#6308=ORIENTED_EDGE('',*,*,#4630,.F.);
#6309=ORIENTED_EDGE('',*,*,#4629,.F.);
#6310=ORIENTED_EDGE('',*,*,#4197,.T.);
#6311=ORIENTED_EDGE('',*,*,#4631,.F.);
#6312=ORIENTED_EDGE('',*,*,#4632,.F.);
#6313=ORIENTED_EDGE('',*,*,#4631,.T.);
#6314=ORIENTED_EDGE('',*,*,#4263,.T.);
#6315=ORIENTED_EDGE('',*,*,#4592,.T.);
#6316=ORIENTED_EDGE('',*,*,#4633,.F.);
#6317=ORIENTED_EDGE('',*,*,#4634,.T.);
#6318=ORIENTED_EDGE('',*,*,#4635,.F.);
#6319=ORIENTED_EDGE('',*,*,#4626,.T.);
#6320=ORIENTED_EDGE('',*,*,#4636,.F.);
#6321=ORIENTED_EDGE('',*,*,#4637,.T.);
#6322=ORIENTED_EDGE('',*,*,#4638,.F.);
#6323=ORIENTED_EDGE('',*,*,#4616,.T.);
#6324=ORIENTED_EDGE('',*,*,#4635,.T.);
#6325=ORIENTED_EDGE('',*,*,#4639,.T.);
#6326=ORIENTED_EDGE('',*,*,#4636,.T.);
#6327=ORIENTED_EDGE('',*,*,#4615,.T.);
#6328=ORIENTED_EDGE('',*,*,#4640,.F.);
#6329=ORIENTED_EDGE('',*,*,#4591,.T.);
#6330=ORIENTED_EDGE('',*,*,#4641,.F.);
#6331=ORIENTED_EDGE('',*,*,#4620,.T.);
#6332=ORIENTED_EDGE('',*,*,#4638,.T.);
#6333=ORIENTED_EDGE('',*,*,#4627,.T.);
#6334=ORIENTED_EDGE('',*,*,#4642,.F.);
#6335=ORIENTED_EDGE('',*,*,#4617,.T.);
#6336=ORIENTED_EDGE('',*,*,#4642,.T.);
#6337=ORIENTED_EDGE('',*,*,#4630,.T.);
#6338=ORIENTED_EDGE('',*,*,#4643,.F.);
#6339=ORIENTED_EDGE('',*,*,#4618,.T.);
#6340=ORIENTED_EDGE('',*,*,#4640,.T.);
#6341=ORIENTED_EDGE('',*,*,#4619,.T.);
#6342=ORIENTED_EDGE('',*,*,#4643,.T.);
#6343=ORIENTED_EDGE('',*,*,#4632,.T.);
#6344=ORIENTED_EDGE('',*,*,#4644,.F.);
#6345=ORIENTED_EDGE('',*,*,#4589,.T.);
#6346=ORIENTED_EDGE('',*,*,#4645,.F.);
#6347=ORIENTED_EDGE('',*,*,#4622,.T.);
#6348=ORIENTED_EDGE('',*,*,#4641,.T.);
#6349=ORIENTED_EDGE('',*,*,#4590,.T.);
#6350=ORIENTED_EDGE('',*,*,#4644,.T.);
#6351=ORIENTED_EDGE('',*,*,#4621,.T.);
#6352=ORIENTED_EDGE('',*,*,#4645,.T.);
#6353=ORIENTED_EDGE('',*,*,#4321,.T.);
#6354=ORIENTED_EDGE('',*,*,#4646,.F.);
#6355=ORIENTED_EDGE('',*,*,#4623,.T.);
#6356=ORIENTED_EDGE('',*,*,#4646,.T.);
#6357=ORIENTED_EDGE('',*,*,#4324,.T.);
#6358=ORIENTED_EDGE('',*,*,#4647,.F.);
#6359=ORIENTED_EDGE('',*,*,#4624,.T.);
#6360=ORIENTED_EDGE('',*,*,#4633,.T.);
#6361=ORIENTED_EDGE('',*,*,#4625,.T.);
#6362=ORIENTED_EDGE('',*,*,#4647,.T.);
#6363=ORIENTED_EDGE('',*,*,#4326,.T.);
#6364=ORIENTED_EDGE('',*,*,#4648,.F.);
#6365=ORIENTED_EDGE('',*,*,#4649,.F.);
#6366=ORIENTED_EDGE('',*,*,#4650,.F.);
#6367=ORIENTED_EDGE('',*,*,#4651,.F.);
#6368=ORIENTED_EDGE('',*,*,#4652,.F.);
#6369=ORIENTED_EDGE('',*,*,#4653,.F.);
#6370=ORIENTED_EDGE('',*,*,#4654,.F.);
#6371=ORIENTED_EDGE('',*,*,#4655,.F.);
#6372=ORIENTED_EDGE('',*,*,#4656,.F.);
#6373=ORIENTED_EDGE('',*,*,#4657,.F.);
#6374=ORIENTED_EDGE('',*,*,#4658,.F.);
#6375=ORIENTED_EDGE('',*,*,#4659,.F.);
#6376=ORIENTED_EDGE('',*,*,#4660,.F.);
#6377=ORIENTED_EDGE('',*,*,#4661,.T.);
#6378=ORIENTED_EDGE('',*,*,#4310,.T.);
#6379=ORIENTED_EDGE('',*,*,#4662,.T.);
#6380=ORIENTED_EDGE('',*,*,#4663,.F.);
#6381=ORIENTED_EDGE('',*,*,#4662,.F.);
#6382=ORIENTED_EDGE('',*,*,#4217,.T.);
#6383=ORIENTED_EDGE('',*,*,#4664,.F.);
#6384=ORIENTED_EDGE('',*,*,#4665,.F.);
#6385=ORIENTED_EDGE('',*,*,#4664,.T.);
#6386=ORIENTED_EDGE('',*,*,#4270,.T.);
#6387=ORIENTED_EDGE('',*,*,#4588,.T.);
#6388=ORIENTED_EDGE('',*,*,#4666,.F.);
#6389=ORIENTED_EDGE('',*,*,#4667,.T.);
#6390=ORIENTED_EDGE('',*,*,#4668,.F.);
#6391=ORIENTED_EDGE('',*,*,#4659,.T.);
#6392=ORIENTED_EDGE('',*,*,#4669,.F.);
#6393=ORIENTED_EDGE('',*,*,#4670,.T.);
#6394=ORIENTED_EDGE('',*,*,#4671,.F.);
#6395=ORIENTED_EDGE('',*,*,#4649,.T.);
#6396=ORIENTED_EDGE('',*,*,#4668,.T.);
#6397=ORIENTED_EDGE('',*,*,#4672,.T.);
#6398=ORIENTED_EDGE('',*,*,#4669,.T.);
#6399=ORIENTED_EDGE('',*,*,#4648,.T.);
#6400=ORIENTED_EDGE('',*,*,#4673,.F.);
#6401=ORIENTED_EDGE('',*,*,#4587,.T.);
#6402=ORIENTED_EDGE('',*,*,#4674,.F.);
#6403=ORIENTED_EDGE('',*,*,#4653,.T.);
#6404=ORIENTED_EDGE('',*,*,#4671,.T.);
#6405=ORIENTED_EDGE('',*,*,#4660,.T.);
#6406=ORIENTED_EDGE('',*,*,#4675,.F.);
#6407=ORIENTED_EDGE('',*,*,#4650,.T.);
#6408=ORIENTED_EDGE('',*,*,#4675,.T.);
#6409=ORIENTED_EDGE('',*,*,#4663,.T.);
#6410=ORIENTED_EDGE('',*,*,#4676,.F.);
#6411=ORIENTED_EDGE('',*,*,#4651,.T.);
#6412=ORIENTED_EDGE('',*,*,#4673,.T.);
#6413=ORIENTED_EDGE('',*,*,#4652,.T.);
#6414=ORIENTED_EDGE('',*,*,#4676,.T.);
#6415=ORIENTED_EDGE('',*,*,#4665,.T.);
#6416=ORIENTED_EDGE('',*,*,#4677,.F.);
#6417=ORIENTED_EDGE('',*,*,#4585,.T.);
#6418=ORIENTED_EDGE('',*,*,#4678,.F.);
#6419=ORIENTED_EDGE('',*,*,#4655,.T.);
#6420=ORIENTED_EDGE('',*,*,#4674,.T.);
#6421=ORIENTED_EDGE('',*,*,#4586,.T.);
#6422=ORIENTED_EDGE('',*,*,#4677,.T.);
#6423=ORIENTED_EDGE('',*,*,#4654,.T.);
#6424=ORIENTED_EDGE('',*,*,#4678,.T.);
#6425=ORIENTED_EDGE('',*,*,#4328,.T.);
#6426=ORIENTED_EDGE('',*,*,#4679,.F.);
#6427=ORIENTED_EDGE('',*,*,#4656,.T.);
#6428=ORIENTED_EDGE('',*,*,#4679,.T.);
#6429=ORIENTED_EDGE('',*,*,#4331,.T.);
#6430=ORIENTED_EDGE('',*,*,#4680,.F.);
#6431=ORIENTED_EDGE('',*,*,#4657,.T.);
#6432=ORIENTED_EDGE('',*,*,#4666,.T.);
#6433=ORIENTED_EDGE('',*,*,#4658,.T.);
#6434=ORIENTED_EDGE('',*,*,#4680,.T.);
#6435=ORIENTED_EDGE('',*,*,#4333,.T.);
#6436=ORIENTED_EDGE('',*,*,#4681,.F.);
#6437=ORIENTED_EDGE('',*,*,#4682,.F.);
#6438=ORIENTED_EDGE('',*,*,#4683,.F.);
#6439=ORIENTED_EDGE('',*,*,#4684,.F.);
#6440=ORIENTED_EDGE('',*,*,#4685,.F.);
#6441=ORIENTED_EDGE('',*,*,#4686,.F.);
#6442=ORIENTED_EDGE('',*,*,#4687,.F.);
#6443=ORIENTED_EDGE('',*,*,#4688,.F.);
#6444=ORIENTED_EDGE('',*,*,#4689,.F.);
#6445=ORIENTED_EDGE('',*,*,#4690,.F.);
#6446=ORIENTED_EDGE('',*,*,#4691,.F.);
#6447=ORIENTED_EDGE('',*,*,#4692,.F.);
#6448=ORIENTED_EDGE('',*,*,#4693,.F.);
#6449=ORIENTED_EDGE('',*,*,#4694,.T.);
#6450=ORIENTED_EDGE('',*,*,#4303,.T.);
#6451=ORIENTED_EDGE('',*,*,#4695,.T.);
#6452=ORIENTED_EDGE('',*,*,#4696,.F.);
#6453=ORIENTED_EDGE('',*,*,#4695,.F.);
#6454=ORIENTED_EDGE('',*,*,#4207,.T.);
#6455=ORIENTED_EDGE('',*,*,#4697,.F.);
#6456=ORIENTED_EDGE('',*,*,#4698,.F.);
#6457=ORIENTED_EDGE('',*,*,#4697,.T.);
#6458=ORIENTED_EDGE('',*,*,#4277,.T.);
#6459=ORIENTED_EDGE('',*,*,#4584,.T.);
#6460=ORIENTED_EDGE('',*,*,#4699,.F.);
#6461=ORIENTED_EDGE('',*,*,#4700,.T.);
#6462=ORIENTED_EDGE('',*,*,#4701,.F.);
#6463=ORIENTED_EDGE('',*,*,#4692,.T.);
#6464=ORIENTED_EDGE('',*,*,#4702,.F.);
#6465=ORIENTED_EDGE('',*,*,#4703,.T.);
#6466=ORIENTED_EDGE('',*,*,#4704,.F.);
#6467=ORIENTED_EDGE('',*,*,#4682,.T.);
#6468=ORIENTED_EDGE('',*,*,#4701,.T.);
#6469=ORIENTED_EDGE('',*,*,#4705,.T.);
#6470=ORIENTED_EDGE('',*,*,#4702,.T.);
#6471=ORIENTED_EDGE('',*,*,#4681,.T.);
#6472=ORIENTED_EDGE('',*,*,#4706,.F.);
#6473=ORIENTED_EDGE('',*,*,#4583,.T.);
#6474=ORIENTED_EDGE('',*,*,#4707,.F.);
#6475=ORIENTED_EDGE('',*,*,#4686,.T.);
#6476=ORIENTED_EDGE('',*,*,#4704,.T.);
#6477=ORIENTED_EDGE('',*,*,#4693,.T.);
#6478=ORIENTED_EDGE('',*,*,#4708,.F.);
#6479=ORIENTED_EDGE('',*,*,#4683,.T.);
#6480=ORIENTED_EDGE('',*,*,#4708,.T.);
#6481=ORIENTED_EDGE('',*,*,#4696,.T.);
#6482=ORIENTED_EDGE('',*,*,#4709,.F.);
#6483=ORIENTED_EDGE('',*,*,#4684,.T.);
#6484=ORIENTED_EDGE('',*,*,#4706,.T.);
#6485=ORIENTED_EDGE('',*,*,#4685,.T.);
#6486=ORIENTED_EDGE('',*,*,#4709,.T.);
#6487=ORIENTED_EDGE('',*,*,#4698,.T.);
#6488=ORIENTED_EDGE('',*,*,#4710,.F.);
#6489=ORIENTED_EDGE('',*,*,#4581,.T.);
#6490=ORIENTED_EDGE('',*,*,#4711,.F.);
#6491=ORIENTED_EDGE('',*,*,#4688,.T.);
#6492=ORIENTED_EDGE('',*,*,#4707,.T.);
#6493=ORIENTED_EDGE('',*,*,#4582,.T.);
#6494=ORIENTED_EDGE('',*,*,#4710,.T.);
#6495=ORIENTED_EDGE('',*,*,#4687,.T.);
#6496=ORIENTED_EDGE('',*,*,#4712,.F.);
#6497=ORIENTED_EDGE('',*,*,#4335,.T.);
#6498=ORIENTED_EDGE('',*,*,#4713,.F.);
#6499=ORIENTED_EDGE('',*,*,#4690,.T.);
#6500=ORIENTED_EDGE('',*,*,#4711,.T.);
#6501=ORIENTED_EDGE('',*,*,#4289,.T.);
#6502=ORIENTED_EDGE('',*,*,#4712,.T.);
#6503=ORIENTED_EDGE('',*,*,#4689,.T.);
#6504=ORIENTED_EDGE('',*,*,#4699,.T.);
#6505=ORIENTED_EDGE('',*,*,#4691,.T.);
#6506=ORIENTED_EDGE('',*,*,#4713,.T.);
#6507=ORIENTED_EDGE('',*,*,#4337,.T.);
#6508=ORIENTED_EDGE('',*,*,#4182,.F.);
#6509=ORIENTED_EDGE('',*,*,#4714,.T.);
#6510=ORIENTED_EDGE('',*,*,#4715,.F.);
#6511=ORIENTED_EDGE('',*,*,#4716,.F.);
#6512=ORIENTED_EDGE('',*,*,#4714,.F.);
#6513=ORIENTED_EDGE('',*,*,#4715,.T.);
#6514=ORIENTED_EDGE('',*,*,#4716,.T.);
#6515=ORIENTED_EDGE('',*,*,#4717,.T.);
#6516=ORIENTED_EDGE('',*,*,#4718,.T.);
#6517=ORIENTED_EDGE('',*,*,#4717,.F.);
#6518=ORIENTED_EDGE('',*,*,#4719,.F.);
#6519=ORIENTED_EDGE('',*,*,#4720,.F.);
#6520=ORIENTED_EDGE('',*,*,#4721,.F.);
#6521=ORIENTED_EDGE('',*,*,#4722,.F.);
#6522=ORIENTED_EDGE('',*,*,#4723,.F.);
#6523=ORIENTED_EDGE('',*,*,#4724,.F.);
#6524=ORIENTED_EDGE('',*,*,#4725,.F.);
#6525=ORIENTED_EDGE('',*,*,#4726,.F.);
#6526=ORIENTED_EDGE('',*,*,#4727,.F.);
#6527=ORIENTED_EDGE('',*,*,#4728,.F.);
#6528=ORIENTED_EDGE('',*,*,#4718,.F.);
#6529=ORIENTED_EDGE('',*,*,#4729,.F.);
#6530=ORIENTED_EDGE('',*,*,#4730,.F.);
#6531=ORIENTED_EDGE('',*,*,#4227,.F.);
#6532=ORIENTED_EDGE('',*,*,#4253,.F.);
#6533=ORIENTED_EDGE('',*,*,#4256,.F.);
#6534=ORIENTED_EDGE('',*,*,#4608,.F.);
#6535=ORIENTED_EDGE('',*,*,#4604,.F.);
#6536=ORIENTED_EDGE('',*,*,#4602,.F.);
#6537=ORIENTED_EDGE('',*,*,#4314,.F.);
#6538=ORIENTED_EDGE('',*,*,#4320,.F.);
#6539=ORIENTED_EDGE('',*,*,#4318,.F.);
#6540=ORIENTED_EDGE('',*,*,#4628,.F.);
#6541=ORIENTED_EDGE('',*,*,#4637,.F.);
#6542=ORIENTED_EDGE('',*,*,#4639,.F.);
#6543=ORIENTED_EDGE('',*,*,#4634,.F.);
#6544=ORIENTED_EDGE('',*,*,#4327,.F.);
#6545=ORIENTED_EDGE('',*,*,#4307,.F.);
#6546=ORIENTED_EDGE('',*,*,#4313,.F.);
#6547=ORIENTED_EDGE('',*,*,#4311,.F.);
#6548=ORIENTED_EDGE('',*,*,#4661,.F.);
#6549=ORIENTED_EDGE('',*,*,#4670,.F.);
#6550=ORIENTED_EDGE('',*,*,#4672,.F.);
#6551=ORIENTED_EDGE('',*,*,#4667,.F.);
#6552=ORIENTED_EDGE('',*,*,#4334,.F.);
#6553=ORIENTED_EDGE('',*,*,#4300,.F.);
#6554=ORIENTED_EDGE('',*,*,#4306,.F.);
#6555=ORIENTED_EDGE('',*,*,#4304,.F.);
#6556=ORIENTED_EDGE('',*,*,#4694,.F.);
#6557=ORIENTED_EDGE('',*,*,#4703,.F.);
#6558=ORIENTED_EDGE('',*,*,#4705,.F.);
#6559=ORIENTED_EDGE('',*,*,#4700,.F.);
#6560=ORIENTED_EDGE('',*,*,#4338,.F.);
#6561=ORIENTED_EDGE('',*,*,#4293,.F.);
#6562=ORIENTED_EDGE('',*,*,#4299,.F.);
#6563=ORIENTED_EDGE('',*,*,#4297,.F.);
#6564=ORIENTED_EDGE('',*,*,#4731,.F.);
#6565=ORIENTED_EDGE('',*,*,#4432,.T.);
#6566=ORIENTED_EDGE('',*,*,#4348,.T.);
#6567=ORIENTED_EDGE('',*,*,#4352,.T.);
#6568=ORIENTED_EDGE('',*,*,#4355,.T.);
#6569=ORIENTED_EDGE('',*,*,#4358,.T.);
#6570=ORIENTED_EDGE('',*,*,#4361,.T.);
#6571=ORIENTED_EDGE('',*,*,#4364,.T.);
#6572=ORIENTED_EDGE('',*,*,#4367,.T.);
#6573=ORIENTED_EDGE('',*,*,#4370,.T.);
#6574=ORIENTED_EDGE('',*,*,#4373,.T.);
#6575=ORIENTED_EDGE('',*,*,#4376,.T.);
#6576=ORIENTED_EDGE('',*,*,#4379,.T.);
#6577=ORIENTED_EDGE('',*,*,#4382,.T.);
#6578=ORIENTED_EDGE('',*,*,#4385,.T.);
#6579=ORIENTED_EDGE('',*,*,#4388,.T.);
#6580=ORIENTED_EDGE('',*,*,#4391,.T.);
#6581=ORIENTED_EDGE('',*,*,#4394,.T.);
#6582=ORIENTED_EDGE('',*,*,#4397,.T.);
#6583=ORIENTED_EDGE('',*,*,#4400,.T.);
#6584=ORIENTED_EDGE('',*,*,#4403,.T.);
#6585=ORIENTED_EDGE('',*,*,#4406,.T.);
#6586=ORIENTED_EDGE('',*,*,#4409,.T.);
#6587=ORIENTED_EDGE('',*,*,#4412,.T.);
#6588=ORIENTED_EDGE('',*,*,#4415,.T.);
#6589=ORIENTED_EDGE('',*,*,#4418,.T.);
#6590=ORIENTED_EDGE('',*,*,#4421,.T.);
#6591=ORIENTED_EDGE('',*,*,#4424,.T.);
#6592=ORIENTED_EDGE('',*,*,#4427,.T.);
#6593=ORIENTED_EDGE('',*,*,#4430,.T.);
#6594=ORIENTED_EDGE('',*,*,#4468,.T.);
#6595=ORIENTED_EDGE('',*,*,#4435,.T.);
#6596=ORIENTED_EDGE('',*,*,#4439,.T.);
#6597=ORIENTED_EDGE('',*,*,#4442,.T.);
#6598=ORIENTED_EDGE('',*,*,#4445,.T.);
#6599=ORIENTED_EDGE('',*,*,#4448,.T.);
#6600=ORIENTED_EDGE('',*,*,#4451,.T.);
#6601=ORIENTED_EDGE('',*,*,#4454,.T.);
#6602=ORIENTED_EDGE('',*,*,#4457,.T.);
#6603=ORIENTED_EDGE('',*,*,#4460,.T.);
#6604=ORIENTED_EDGE('',*,*,#4463,.T.);
#6605=ORIENTED_EDGE('',*,*,#4466,.T.);
#6606=ORIENTED_EDGE('',*,*,#4480,.T.);
#6607=ORIENTED_EDGE('',*,*,#4471,.T.);
#6608=ORIENTED_EDGE('',*,*,#4475,.T.);
#6609=ORIENTED_EDGE('',*,*,#4478,.T.);
#6610=ORIENTED_EDGE('',*,*,#4521,.T.);
#6611=ORIENTED_EDGE('',*,*,#4497,.T.);
#6612=ORIENTED_EDGE('',*,*,#4501,.T.);
#6613=ORIENTED_EDGE('',*,*,#4504,.T.);
#6614=ORIENTED_EDGE('',*,*,#4507,.T.);
#6615=ORIENTED_EDGE('',*,*,#4510,.T.);
#6616=ORIENTED_EDGE('',*,*,#4513,.T.);
#6617=ORIENTED_EDGE('',*,*,#4516,.T.);
#6618=ORIENTED_EDGE('',*,*,#4519,.T.);
#6619=ORIENTED_EDGE('',*,*,#4542,.T.);
#6620=ORIENTED_EDGE('',*,*,#4524,.T.);
#6621=ORIENTED_EDGE('',*,*,#4528,.T.);
#6622=ORIENTED_EDGE('',*,*,#4531,.T.);
#6623=ORIENTED_EDGE('',*,*,#4534,.T.);
#6624=ORIENTED_EDGE('',*,*,#4537,.T.);
#6625=ORIENTED_EDGE('',*,*,#4540,.T.);
#6626=ORIENTED_EDGE('',*,*,#4563,.T.);
#6627=ORIENTED_EDGE('',*,*,#4545,.T.);
#6628=ORIENTED_EDGE('',*,*,#4549,.T.);
#6629=ORIENTED_EDGE('',*,*,#4552,.T.);
#6630=ORIENTED_EDGE('',*,*,#4555,.T.);
#6631=ORIENTED_EDGE('',*,*,#4558,.T.);
#6632=ORIENTED_EDGE('',*,*,#4561,.T.);
#6633=ORIENTED_EDGE('',*,*,#4732,.F.);
#6634=ORIENTED_EDGE('',*,*,#4731,.T.);
#6635=ORIENTED_EDGE('',*,*,#4296,.T.);
#6636=ORIENTED_EDGE('',*,*,#4733,.T.);
#6637=ORIENTED_EDGE('',*,*,#4734,.F.);
#6638=ORIENTED_EDGE('',*,*,#4733,.F.);
#6639=ORIENTED_EDGE('',*,*,#4187,.T.);
#6640=ORIENTED_EDGE('',*,*,#4735,.F.);
#6641=ORIENTED_EDGE('',*,*,#4736,.F.);
#6642=ORIENTED_EDGE('',*,*,#4735,.T.);
#6643=ORIENTED_EDGE('',*,*,#4284,.T.);
#6644=ORIENTED_EDGE('',*,*,#4580,.T.);
#6645=ORIENTED_EDGE('',*,*,#4737,.F.);
#6646=ORIENTED_EDGE('',*,*,#4579,.T.);
#6647=ORIENTED_EDGE('',*,*,#4738,.F.);
#6648=ORIENTED_EDGE('',*,*,#4724,.T.);
#6649=ORIENTED_EDGE('',*,*,#4739,.F.);
#6650=ORIENTED_EDGE('',*,*,#4729,.T.);
#6651=ORIENTED_EDGE('',*,*,#4740,.F.);
#6652=ORIENTED_EDGE('',*,*,#4720,.T.);
#6653=ORIENTED_EDGE('',*,*,#4738,.T.);
#6654=ORIENTED_EDGE('',*,*,#4596,.T.);
#6655=ORIENTED_EDGE('',*,*,#4741,.F.);
#6656=ORIENTED_EDGE('',*,*,#4725,.T.);
#6657=ORIENTED_EDGE('',*,*,#4741,.T.);
#6658=ORIENTED_EDGE('',*,*,#4231,.T.);
#6659=ORIENTED_EDGE('',*,*,#4742,.F.);
#6660=ORIENTED_EDGE('',*,*,#4726,.T.);
#6661=ORIENTED_EDGE('',*,*,#4742,.T.);
#6662=ORIENTED_EDGE('',*,*,#4228,.T.);
#6663=ORIENTED_EDGE('',*,*,#4743,.F.);
#6664=ORIENTED_EDGE('',*,*,#4727,.T.);
#6665=ORIENTED_EDGE('',*,*,#4743,.T.);
#6666=ORIENTED_EDGE('',*,*,#4224,.T.);
#6667=ORIENTED_EDGE('',*,*,#4744,.F.);
#6668=ORIENTED_EDGE('',*,*,#4728,.T.);
#6669=ORIENTED_EDGE('',*,*,#4744,.T.);
#6670=ORIENTED_EDGE('',*,*,#4730,.T.);
#6671=ORIENTED_EDGE('',*,*,#4739,.T.);
#6672=ORIENTED_EDGE('',*,*,#4719,.T.);
#6673=ORIENTED_EDGE('',*,*,#4740,.T.);
#6674=ORIENTED_EDGE('',*,*,#4732,.T.);
#6675=ORIENTED_EDGE('',*,*,#4745,.F.);
#6676=ORIENTED_EDGE('',*,*,#4721,.T.);
#6677=ORIENTED_EDGE('',*,*,#4745,.T.);
#6678=ORIENTED_EDGE('',*,*,#4734,.T.);
#6679=ORIENTED_EDGE('',*,*,#4746,.F.);
#6680=ORIENTED_EDGE('',*,*,#4722,.T.);
#6681=ORIENTED_EDGE('',*,*,#4737,.T.);
#6682=ORIENTED_EDGE('',*,*,#4723,.T.);
#6683=ORIENTED_EDGE('',*,*,#4746,.T.);
#6684=ORIENTED_EDGE('',*,*,#4736,.T.);
#6685=ORIENTED_EDGE('',*,*,#4747,.T.);
#6686=ORIENTED_EDGE('',*,*,#4748,.T.);
#6687=ORIENTED_EDGE('',*,*,#4749,.T.);
#6688=ORIENTED_EDGE('',*,*,#4750,.T.);
#6689=ORIENTED_EDGE('',*,*,#4748,.F.);
#6690=ORIENTED_EDGE('',*,*,#4751,.F.);
#6691=ORIENTED_EDGE('',*,*,#4752,.F.);
#6692=ORIENTED_EDGE('',*,*,#4753,.F.);
#6693=ORIENTED_EDGE('',*,*,#4754,.F.);
#6694=ORIENTED_EDGE('',*,*,#4755,.F.);
#6695=ORIENTED_EDGE('',*,*,#4756,.F.);
#6696=ORIENTED_EDGE('',*,*,#4757,.F.);
#6697=ORIENTED_EDGE('',*,*,#4758,.F.);
#6698=ORIENTED_EDGE('',*,*,#4759,.F.);
#6699=ORIENTED_EDGE('',*,*,#4747,.F.);
#6700=ORIENTED_EDGE('',*,*,#4760,.F.);
#6701=ORIENTED_EDGE('',*,*,#4761,.T.);
#6702=ORIENTED_EDGE('',*,*,#4749,.F.);
#6703=ORIENTED_EDGE('',*,*,#4750,.F.);
#6704=ORIENTED_EDGE('',*,*,#4761,.F.);
#6705=ORIENTED_EDGE('',*,*,#4759,.T.);
#6706=ORIENTED_EDGE('',*,*,#4762,.T.);
#6707=ORIENTED_EDGE('',*,*,#4763,.T.);
#6708=ORIENTED_EDGE('',*,*,#4764,.T.);
#6709=ORIENTED_EDGE('',*,*,#4762,.F.);
#6710=ORIENTED_EDGE('',*,*,#4765,.F.);
#6711=ORIENTED_EDGE('',*,*,#4766,.T.);
#6712=ORIENTED_EDGE('',*,*,#4763,.F.);
#6713=ORIENTED_EDGE('',*,*,#4764,.F.);
#6714=ORIENTED_EDGE('',*,*,#4766,.F.);
#6715=ORIENTED_EDGE('',*,*,#4767,.T.);
#6716=ORIENTED_EDGE('',*,*,#4768,.T.);
#6717=ORIENTED_EDGE('',*,*,#4769,.T.);
#6718=ORIENTED_EDGE('',*,*,#4770,.T.);
#6719=ORIENTED_EDGE('',*,*,#4768,.F.);
#6720=ORIENTED_EDGE('',*,*,#4771,.F.);
#6721=ORIENTED_EDGE('',*,*,#4772,.F.);
#6722=ORIENTED_EDGE('',*,*,#4773,.F.);
#6723=ORIENTED_EDGE('',*,*,#4774,.F.);
#6724=ORIENTED_EDGE('',*,*,#4775,.F.);
#6725=ORIENTED_EDGE('',*,*,#4776,.F.);
#6726=ORIENTED_EDGE('',*,*,#4777,.F.);
#6727=ORIENTED_EDGE('',*,*,#4778,.F.);
#6728=ORIENTED_EDGE('',*,*,#4779,.F.);
#6729=ORIENTED_EDGE('',*,*,#4780,.F.);
#6730=ORIENTED_EDGE('',*,*,#4767,.F.);
#6731=ORIENTED_EDGE('',*,*,#4769,.F.);
#6732=ORIENTED_EDGE('',*,*,#4770,.F.);
#6733=ORIENTED_EDGE('',*,*,#4781,.T.);
#6734=ORIENTED_EDGE('',*,*,#4782,.T.);
#6735=ORIENTED_EDGE('',*,*,#4781,.F.);
#6736=ORIENTED_EDGE('',*,*,#4783,.T.);
#6737=ORIENTED_EDGE('',*,*,#4784,.T.);
#6738=ORIENTED_EDGE('',*,*,#4785,.T.);
#6739=ORIENTED_EDGE('',*,*,#4777,.T.);
#6740=ORIENTED_EDGE('',*,*,#4786,.T.);
#6741=ORIENTED_EDGE('',*,*,#4778,.T.);
#6742=ORIENTED_EDGE('',*,*,#4785,.F.);
#6743=ORIENTED_EDGE('',*,*,#4787,.T.);
#6744=ORIENTED_EDGE('',*,*,#4788,.T.);
#6745=ORIENTED_EDGE('',*,*,#4779,.T.);
#6746=ORIENTED_EDGE('',*,*,#4786,.F.);
#6747=ORIENTED_EDGE('',*,*,#4789,.T.);
#6748=ORIENTED_EDGE('',*,*,#4790,.T.);
#6749=ORIENTED_EDGE('',*,*,#4771,.T.);
#6750=ORIENTED_EDGE('',*,*,#4791,.T.);
#6751=ORIENTED_EDGE('',*,*,#4792,.T.);
#6752=ORIENTED_EDGE('',*,*,#4793,.T.);
#6753=ORIENTED_EDGE('',*,*,#4772,.T.);
#6754=ORIENTED_EDGE('',*,*,#4790,.F.);
#6755=ORIENTED_EDGE('',*,*,#4794,.T.);
#6756=ORIENTED_EDGE('',*,*,#4795,.T.);
#6757=ORIENTED_EDGE('',*,*,#4773,.T.);
#6758=ORIENTED_EDGE('',*,*,#4793,.F.);
#6759=ORIENTED_EDGE('',*,*,#4796,.T.);
#6760=ORIENTED_EDGE('',*,*,#4797,.T.);
#6761=ORIENTED_EDGE('',*,*,#4774,.T.);
#6762=ORIENTED_EDGE('',*,*,#4795,.F.);
#6763=ORIENTED_EDGE('',*,*,#4798,.T.);
#6764=ORIENTED_EDGE('',*,*,#4799,.T.);
#6765=ORIENTED_EDGE('',*,*,#4775,.T.);
#6766=ORIENTED_EDGE('',*,*,#4797,.F.);
#6767=ORIENTED_EDGE('',*,*,#4800,.T.);
#6768=ORIENTED_EDGE('',*,*,#4791,.F.);
#6769=ORIENTED_EDGE('',*,*,#4780,.T.);
#6770=ORIENTED_EDGE('',*,*,#4788,.F.);
#6771=ORIENTED_EDGE('',*,*,#4801,.T.);
#6772=ORIENTED_EDGE('',*,*,#4783,.F.);
#6773=ORIENTED_EDGE('',*,*,#4776,.T.);
#6774=ORIENTED_EDGE('',*,*,#4799,.F.);
#6775=ORIENTED_EDGE('',*,*,#4802,.T.);
#6776=ORIENTED_EDGE('',*,*,#4802,.F.);
#6777=ORIENTED_EDGE('',*,*,#4800,.F.);
#6778=ORIENTED_EDGE('',*,*,#4803,.F.);
#6779=ORIENTED_EDGE('',*,*,#4804,.F.);
#6780=ORIENTED_EDGE('',*,*,#4805,.F.);
#6781=ORIENTED_EDGE('',*,*,#4806,.F.);
#6782=ORIENTED_EDGE('',*,*,#4807,.F.);
#6783=ORIENTED_EDGE('',*,*,#4808,.F.);
#6784=ORIENTED_EDGE('',*,*,#4809,.F.);
#6785=ORIENTED_EDGE('',*,*,#4810,.F.);
#6786=ORIENTED_EDGE('',*,*,#4811,.F.);
#6787=ORIENTED_EDGE('',*,*,#4812,.F.);
#6788=ORIENTED_EDGE('',*,*,#4813,.F.);
#6789=ORIENTED_EDGE('',*,*,#4814,.F.);
#6790=ORIENTED_EDGE('',*,*,#4815,.F.);
#6791=ORIENTED_EDGE('',*,*,#4816,.F.);
#6792=ORIENTED_EDGE('',*,*,#4817,.F.);
#6793=ORIENTED_EDGE('',*,*,#4818,.F.);
#6794=ORIENTED_EDGE('',*,*,#4819,.F.);
#6795=ORIENTED_EDGE('',*,*,#4820,.F.);
#6796=ORIENTED_EDGE('',*,*,#4821,.F.);
#6797=ORIENTED_EDGE('',*,*,#4822,.F.);
#6798=ORIENTED_EDGE('',*,*,#4823,.F.);
#6799=ORIENTED_EDGE('',*,*,#4824,.F.);
#6800=ORIENTED_EDGE('',*,*,#4825,.F.);
#6801=ORIENTED_EDGE('',*,*,#4826,.F.);
#6802=ORIENTED_EDGE('',*,*,#4827,.F.);
#6803=ORIENTED_EDGE('',*,*,#4828,.F.);
#6804=ORIENTED_EDGE('',*,*,#4829,.F.);
#6805=ORIENTED_EDGE('',*,*,#4830,.F.);
#6806=ORIENTED_EDGE('',*,*,#4831,.F.);
#6807=ORIENTED_EDGE('',*,*,#4832,.F.);
#6808=ORIENTED_EDGE('',*,*,#4833,.F.);
#6809=ORIENTED_EDGE('',*,*,#4834,.F.);
#6810=ORIENTED_EDGE('',*,*,#4835,.F.);
#6811=ORIENTED_EDGE('',*,*,#4836,.F.);
#6812=ORIENTED_EDGE('',*,*,#4798,.F.);
#6813=ORIENTED_EDGE('',*,*,#4837,.T.);
#6814=ORIENTED_EDGE('',*,*,#4838,.F.);
#6815=ORIENTED_EDGE('',*,*,#4803,.T.);
#6816=ORIENTED_EDGE('',*,*,#4796,.F.);
#6817=ORIENTED_EDGE('',*,*,#4839,.F.);
#6818=ORIENTED_EDGE('',*,*,#4840,.F.);
#6819=ORIENTED_EDGE('',*,*,#4837,.F.);
#6820=ORIENTED_EDGE('',*,*,#4841,.T.);
#6821=ORIENTED_EDGE('',*,*,#4842,.T.);
#6822=ORIENTED_EDGE('',*,*,#4843,.T.);
#6823=ORIENTED_EDGE('',*,*,#4844,.T.);
#6824=ORIENTED_EDGE('',*,*,#4845,.T.);
#6825=ORIENTED_EDGE('',*,*,#4846,.T.);
#6826=ORIENTED_EDGE('',*,*,#4847,.T.);
#6827=ORIENTED_EDGE('',*,*,#4848,.T.);
#6828=ORIENTED_EDGE('',*,*,#4849,.T.);
#6829=ORIENTED_EDGE('',*,*,#4850,.T.);
#6830=ORIENTED_EDGE('',*,*,#4851,.T.);
#6831=ORIENTED_EDGE('',*,*,#4852,.T.);
#6832=ORIENTED_EDGE('',*,*,#4853,.T.);
#6833=ORIENTED_EDGE('',*,*,#4854,.T.);
#6834=ORIENTED_EDGE('',*,*,#4855,.T.);
#6835=ORIENTED_EDGE('',*,*,#4856,.T.);
#6836=ORIENTED_EDGE('',*,*,#4857,.T.);
#6837=ORIENTED_EDGE('',*,*,#4858,.T.);
#6838=ORIENTED_EDGE('',*,*,#4859,.T.);
#6839=ORIENTED_EDGE('',*,*,#4860,.T.);
#6840=ORIENTED_EDGE('',*,*,#4861,.T.);
#6841=ORIENTED_EDGE('',*,*,#4862,.T.);
#6842=ORIENTED_EDGE('',*,*,#4863,.T.);
#6843=ORIENTED_EDGE('',*,*,#4864,.T.);
#6844=ORIENTED_EDGE('',*,*,#4865,.T.);
#6845=ORIENTED_EDGE('',*,*,#4866,.T.);
#6846=ORIENTED_EDGE('',*,*,#4867,.T.);
#6847=ORIENTED_EDGE('',*,*,#4868,.T.);
#6848=ORIENTED_EDGE('',*,*,#4869,.T.);
#6849=ORIENTED_EDGE('',*,*,#4870,.T.);
#6850=ORIENTED_EDGE('',*,*,#4794,.F.);
#6851=ORIENTED_EDGE('',*,*,#4871,.T.);
#6852=ORIENTED_EDGE('',*,*,#4872,.F.);
#6853=ORIENTED_EDGE('',*,*,#4839,.T.);
#6854=ORIENTED_EDGE('',*,*,#4873,.T.);
#6855=ORIENTED_EDGE('',*,*,#4874,.T.);
#6856=ORIENTED_EDGE('',*,*,#4875,.T.);
#6857=ORIENTED_EDGE('',*,*,#4876,.T.);
#6858=ORIENTED_EDGE('',*,*,#4877,.T.);
#6859=ORIENTED_EDGE('',*,*,#4878,.T.);
#6860=ORIENTED_EDGE('',*,*,#4879,.T.);
#6861=ORIENTED_EDGE('',*,*,#4880,.T.);
#6862=ORIENTED_EDGE('',*,*,#4879,.F.);
#6863=ORIENTED_EDGE('',*,*,#4881,.T.);
#6864=ORIENTED_EDGE('',*,*,#4875,.F.);
#6865=ORIENTED_EDGE('',*,*,#4882,.T.);
#6866=ORIENTED_EDGE('',*,*,#4883,.T.);
#6867=ORIENTED_EDGE('',*,*,#4884,.T.);
#6868=ORIENTED_EDGE('',*,*,#4885,.T.);
#6869=ORIENTED_EDGE('',*,*,#4830,.T.);
#6870=ORIENTED_EDGE('',*,*,#4885,.F.);
#6871=ORIENTED_EDGE('',*,*,#4886,.T.);
#6872=ORIENTED_EDGE('',*,*,#4877,.F.);
#6873=ORIENTED_EDGE('',*,*,#4831,.T.);
#6874=ORIENTED_EDGE('',*,*,#4887,.T.);
#6875=ORIENTED_EDGE('',*,*,#4888,.T.);
#6876=ORIENTED_EDGE('',*,*,#4889,.T.);
#6877=ORIENTED_EDGE('',*,*,#4890,.T.);
#6878=ORIENTED_EDGE('',*,*,#4891,.T.);
#6879=ORIENTED_EDGE('',*,*,#4892,.T.);
#6880=ORIENTED_EDGE('',*,*,#4889,.F.);
#6881=ORIENTED_EDGE('',*,*,#4893,.T.);
#6882=ORIENTED_EDGE('',*,*,#4894,.T.);
#6883=ORIENTED_EDGE('',*,*,#4895,.T.);
#6884=ORIENTED_EDGE('',*,*,#4891,.F.);
#6885=ORIENTED_EDGE('',*,*,#4896,.T.);
#6886=ORIENTED_EDGE('',*,*,#4887,.F.);
#6887=ORIENTED_EDGE('',*,*,#4897,.T.);
#6888=ORIENTED_EDGE('',*,*,#4883,.F.);
#6889=ORIENTED_EDGE('',*,*,#4829,.T.);
#6890=ORIENTED_EDGE('',*,*,#4898,.T.);
#6891=ORIENTED_EDGE('',*,*,#4899,.T.);
#6892=ORIENTED_EDGE('',*,*,#4900,.T.);
#6893=ORIENTED_EDGE('',*,*,#4901,.T.);
#6894=ORIENTED_EDGE('',*,*,#4900,.F.);
#6895=ORIENTED_EDGE('',*,*,#4902,.T.);
#6896=ORIENTED_EDGE('',*,*,#4894,.F.);
#6897=ORIENTED_EDGE('',*,*,#4903,.T.);
#6898=ORIENTED_EDGE('',*,*,#4873,.F.);
#6899=ORIENTED_EDGE('',*,*,#4904,.T.);
#6900=ORIENTED_EDGE('',*,*,#4898,.F.);
#6901=ORIENTED_EDGE('',*,*,#4905,.T.);
#6902=ORIENTED_EDGE('',*,*,#4880,.F.);
#6903=ORIENTED_EDGE('',*,*,#4906,.T.);
#6904=ORIENTED_EDGE('',*,*,#4907,.T.);
#6905=ORIENTED_EDGE('',*,*,#4832,.T.);
#6906=ORIENTED_EDGE('',*,*,#4882,.F.);
#6907=ORIENTED_EDGE('',*,*,#4908,.F.);
#6908=ORIENTED_EDGE('',*,*,#4909,.T.);
#6909=ORIENTED_EDGE('',*,*,#4906,.F.);
#6910=ORIENTED_EDGE('',*,*,#4874,.F.);
#6911=ORIENTED_EDGE('',*,*,#4910,.T.);
#6912=ORIENTED_EDGE('',*,*,#4911,.F.);
#6913=ORIENTED_EDGE('',*,*,#4908,.T.);
#6914=ORIENTED_EDGE('',*,*,#4801,.F.);
#6915=ORIENTED_EDGE('',*,*,#4912,.F.);
#6916=ORIENTED_EDGE('',*,*,#4913,.F.);
#6917=ORIENTED_EDGE('',*,*,#4914,.F.);
#6918=ORIENTED_EDGE('',*,*,#4915,.F.);
#6919=ORIENTED_EDGE('',*,*,#4910,.F.);
#6920=ORIENTED_EDGE('',*,*,#4905,.F.);
#6921=ORIENTED_EDGE('',*,*,#4901,.F.);
#6922=ORIENTED_EDGE('',*,*,#4903,.F.);
#6923=ORIENTED_EDGE('',*,*,#4916,.F.);
#6924=ORIENTED_EDGE('',*,*,#4917,.F.);
#6925=ORIENTED_EDGE('',*,*,#4918,.F.);
#6926=ORIENTED_EDGE('',*,*,#4919,.F.);
#6927=ORIENTED_EDGE('',*,*,#4920,.F.);
#6928=ORIENTED_EDGE('',*,*,#4921,.F.);
#6929=ORIENTED_EDGE('',*,*,#4922,.F.);
#6930=ORIENTED_EDGE('',*,*,#4923,.F.);
#6931=ORIENTED_EDGE('',*,*,#4924,.F.);
#6932=ORIENTED_EDGE('',*,*,#4925,.F.);
#6933=ORIENTED_EDGE('',*,*,#4926,.F.);
#6934=ORIENTED_EDGE('',*,*,#4927,.F.);
#6935=ORIENTED_EDGE('',*,*,#4928,.F.);
#6936=ORIENTED_EDGE('',*,*,#4929,.F.);
#6937=ORIENTED_EDGE('',*,*,#4930,.F.);
#6938=ORIENTED_EDGE('',*,*,#4931,.F.);
#6939=ORIENTED_EDGE('',*,*,#4932,.F.);
#6940=ORIENTED_EDGE('',*,*,#4933,.F.);
#6941=ORIENTED_EDGE('',*,*,#4934,.F.);
#6942=ORIENTED_EDGE('',*,*,#4935,.F.);
#6943=ORIENTED_EDGE('',*,*,#4936,.F.);
#6944=ORIENTED_EDGE('',*,*,#4937,.F.);
#6945=ORIENTED_EDGE('',*,*,#4938,.F.);
#6946=ORIENTED_EDGE('',*,*,#4939,.F.);
#6947=ORIENTED_EDGE('',*,*,#4940,.F.);
#6948=ORIENTED_EDGE('',*,*,#4871,.F.);
#6949=ORIENTED_EDGE('',*,*,#4792,.F.);
#6950=ORIENTED_EDGE('',*,*,#4899,.F.);
#6951=ORIENTED_EDGE('',*,*,#4904,.F.);
#6952=ORIENTED_EDGE('',*,*,#4876,.F.);
#6953=ORIENTED_EDGE('',*,*,#4881,.F.);
#6954=ORIENTED_EDGE('',*,*,#4878,.F.);
#6955=ORIENTED_EDGE('',*,*,#4886,.F.);
#6956=ORIENTED_EDGE('',*,*,#4884,.F.);
#6957=ORIENTED_EDGE('',*,*,#4897,.F.);
#6958=ORIENTED_EDGE('',*,*,#4890,.F.);
#6959=ORIENTED_EDGE('',*,*,#4892,.F.);
#6960=ORIENTED_EDGE('',*,*,#4895,.F.);
#6961=ORIENTED_EDGE('',*,*,#4902,.F.);
#6962=ORIENTED_EDGE('',*,*,#4941,.T.);
#6963=ORIENTED_EDGE('',*,*,#4942,.T.);
#6964=ORIENTED_EDGE('',*,*,#4943,.T.);
#6965=ORIENTED_EDGE('',*,*,#4944,.T.);
#6966=ORIENTED_EDGE('',*,*,#4945,.T.);
#6967=ORIENTED_EDGE('',*,*,#4946,.T.);
#6968=ORIENTED_EDGE('',*,*,#4943,.F.);
#6969=ORIENTED_EDGE('',*,*,#4947,.T.);
#6970=ORIENTED_EDGE('',*,*,#4948,.T.);
#6971=ORIENTED_EDGE('',*,*,#4949,.T.);
#6972=ORIENTED_EDGE('',*,*,#4945,.F.);
#6973=ORIENTED_EDGE('',*,*,#4950,.T.);
#6974=ORIENTED_EDGE('',*,*,#4951,.T.);
#6975=ORIENTED_EDGE('',*,*,#4952,.T.);
#6976=ORIENTED_EDGE('',*,*,#4953,.T.);
#6977=ORIENTED_EDGE('',*,*,#4822,.T.);
#6978=ORIENTED_EDGE('',*,*,#4953,.F.);
#6979=ORIENTED_EDGE('',*,*,#4954,.T.);
#6980=ORIENTED_EDGE('',*,*,#4948,.F.);
#6981=ORIENTED_EDGE('',*,*,#4823,.T.);
#6982=ORIENTED_EDGE('',*,*,#4955,.T.);
#6983=ORIENTED_EDGE('',*,*,#4956,.T.);
#6984=ORIENTED_EDGE('',*,*,#4957,.T.);
#6985=ORIENTED_EDGE('',*,*,#4958,.T.);
#6986=ORIENTED_EDGE('',*,*,#4959,.T.);
#6987=ORIENTED_EDGE('',*,*,#4960,.T.);
#6988=ORIENTED_EDGE('',*,*,#4957,.F.);
#6989=ORIENTED_EDGE('',*,*,#4961,.T.);
#6990=ORIENTED_EDGE('',*,*,#4962,.T.);
#6991=ORIENTED_EDGE('',*,*,#4963,.T.);
#6992=ORIENTED_EDGE('',*,*,#4959,.F.);
#6993=ORIENTED_EDGE('',*,*,#4964,.T.);
#6994=ORIENTED_EDGE('',*,*,#4955,.F.);
#6995=ORIENTED_EDGE('',*,*,#4965,.T.);
#6996=ORIENTED_EDGE('',*,*,#4951,.F.);
#6997=ORIENTED_EDGE('',*,*,#4821,.T.);
#6998=ORIENTED_EDGE('',*,*,#4966,.T.);
#6999=ORIENTED_EDGE('',*,*,#4967,.T.);
#7000=ORIENTED_EDGE('',*,*,#4968,.T.);
#7001=ORIENTED_EDGE('',*,*,#4922,.T.);
#7002=ORIENTED_EDGE('',*,*,#4968,.F.);
#7003=ORIENTED_EDGE('',*,*,#4969,.T.);
#7004=ORIENTED_EDGE('',*,*,#4962,.F.);
#7005=ORIENTED_EDGE('',*,*,#4923,.T.);
#7006=ORIENTED_EDGE('',*,*,#4941,.F.);
#7007=ORIENTED_EDGE('',*,*,#4970,.T.);
#7008=ORIENTED_EDGE('',*,*,#4966,.F.);
#7009=ORIENTED_EDGE('',*,*,#4921,.T.);
#7010=ORIENTED_EDGE('',*,*,#4950,.F.);
#7011=ORIENTED_EDGE('',*,*,#4971,.T.);
#7012=ORIENTED_EDGE('',*,*,#4972,.T.);
#7013=ORIENTED_EDGE('',*,*,#4824,.T.);
#7014=ORIENTED_EDGE('',*,*,#4947,.F.);
#7015=ORIENTED_EDGE('',*,*,#4973,.F.);
#7016=ORIENTED_EDGE('',*,*,#4974,.T.);
#7017=ORIENTED_EDGE('',*,*,#4971,.F.);
#7018=ORIENTED_EDGE('',*,*,#4942,.F.);
#7019=ORIENTED_EDGE('',*,*,#4920,.T.);
#7020=ORIENTED_EDGE('',*,*,#4975,.F.);
#7021=ORIENTED_EDGE('',*,*,#4973,.T.);
#7022=ORIENTED_EDGE('',*,*,#4967,.F.);
#7023=ORIENTED_EDGE('',*,*,#4970,.F.);
#7024=ORIENTED_EDGE('',*,*,#4944,.F.);
#7025=ORIENTED_EDGE('',*,*,#4946,.F.);
#7026=ORIENTED_EDGE('',*,*,#4949,.F.);
#7027=ORIENTED_EDGE('',*,*,#4954,.F.);
#7028=ORIENTED_EDGE('',*,*,#4952,.F.);
#7029=ORIENTED_EDGE('',*,*,#4965,.F.);
#7030=ORIENTED_EDGE('',*,*,#4958,.F.);
#7031=ORIENTED_EDGE('',*,*,#4960,.F.);
#7032=ORIENTED_EDGE('',*,*,#4963,.F.);
#7033=ORIENTED_EDGE('',*,*,#4969,.F.);
#7034=ORIENTED_EDGE('',*,*,#4976,.T.);
#7035=ORIENTED_EDGE('',*,*,#4977,.T.);
#7036=ORIENTED_EDGE('',*,*,#4978,.T.);
#7037=ORIENTED_EDGE('',*,*,#4979,.T.);
#7038=ORIENTED_EDGE('',*,*,#4980,.T.);
#7039=ORIENTED_EDGE('',*,*,#4981,.T.);
#7040=ORIENTED_EDGE('',*,*,#4978,.F.);
#7041=ORIENTED_EDGE('',*,*,#4982,.T.);
#7042=ORIENTED_EDGE('',*,*,#4983,.T.);
#7043=ORIENTED_EDGE('',*,*,#4984,.T.);
#7044=ORIENTED_EDGE('',*,*,#4980,.F.);
#7045=ORIENTED_EDGE('',*,*,#4985,.T.);
#7046=ORIENTED_EDGE('',*,*,#4986,.T.);
#7047=ORIENTED_EDGE('',*,*,#4987,.T.);
#7048=ORIENTED_EDGE('',*,*,#4988,.T.);
#7049=ORIENTED_EDGE('',*,*,#4814,.T.);
#7050=ORIENTED_EDGE('',*,*,#4988,.F.);
#7051=ORIENTED_EDGE('',*,*,#4989,.T.);
#7052=ORIENTED_EDGE('',*,*,#4983,.F.);
#7053=ORIENTED_EDGE('',*,*,#4815,.T.);
#7054=ORIENTED_EDGE('',*,*,#4990,.T.);
#7055=ORIENTED_EDGE('',*,*,#4991,.T.);
#7056=ORIENTED_EDGE('',*,*,#4992,.T.);
#7057=ORIENTED_EDGE('',*,*,#4993,.T.);
#7058=ORIENTED_EDGE('',*,*,#4994,.T.);
#7059=ORIENTED_EDGE('',*,*,#4995,.T.);
#7060=ORIENTED_EDGE('',*,*,#4992,.F.);
#7061=ORIENTED_EDGE('',*,*,#4996,.T.);
#7062=ORIENTED_EDGE('',*,*,#4997,.T.);
#7063=ORIENTED_EDGE('',*,*,#4998,.T.);
#7064=ORIENTED_EDGE('',*,*,#4994,.F.);
#7065=ORIENTED_EDGE('',*,*,#4999,.T.);
#7066=ORIENTED_EDGE('',*,*,#4990,.F.);
#7067=ORIENTED_EDGE('',*,*,#5000,.T.);
#7068=ORIENTED_EDGE('',*,*,#4986,.F.);
#7069=ORIENTED_EDGE('',*,*,#4813,.T.);
#7070=ORIENTED_EDGE('',*,*,#5001,.T.);
#7071=ORIENTED_EDGE('',*,*,#5002,.T.);
#7072=ORIENTED_EDGE('',*,*,#5003,.T.);
#7073=ORIENTED_EDGE('',*,*,#4930,.T.);
#7074=ORIENTED_EDGE('',*,*,#5003,.F.);
#7075=ORIENTED_EDGE('',*,*,#5004,.T.);
#7076=ORIENTED_EDGE('',*,*,#4997,.F.);
#7077=ORIENTED_EDGE('',*,*,#4931,.T.);
#7078=ORIENTED_EDGE('',*,*,#4976,.F.);
#7079=ORIENTED_EDGE('',*,*,#5005,.T.);
#7080=ORIENTED_EDGE('',*,*,#5001,.F.);
#7081=ORIENTED_EDGE('',*,*,#4929,.T.);
#7082=ORIENTED_EDGE('',*,*,#4985,.F.);
#7083=ORIENTED_EDGE('',*,*,#5006,.T.);
#7084=ORIENTED_EDGE('',*,*,#5007,.T.);
#7085=ORIENTED_EDGE('',*,*,#4816,.T.);
#7086=ORIENTED_EDGE('',*,*,#4982,.F.);
#7087=ORIENTED_EDGE('',*,*,#5008,.F.);
#7088=ORIENTED_EDGE('',*,*,#5009,.T.);
#7089=ORIENTED_EDGE('',*,*,#5006,.F.);
#7090=ORIENTED_EDGE('',*,*,#4977,.F.);
#7091=ORIENTED_EDGE('',*,*,#4928,.T.);
#7092=ORIENTED_EDGE('',*,*,#5010,.F.);
#7093=ORIENTED_EDGE('',*,*,#5008,.T.);
#7094=ORIENTED_EDGE('',*,*,#5002,.F.);
#7095=ORIENTED_EDGE('',*,*,#5005,.F.);
#7096=ORIENTED_EDGE('',*,*,#4979,.F.);
#7097=ORIENTED_EDGE('',*,*,#4981,.F.);
#7098=ORIENTED_EDGE('',*,*,#4984,.F.);
#7099=ORIENTED_EDGE('',*,*,#4989,.F.);
#7100=ORIENTED_EDGE('',*,*,#4987,.F.);
#7101=ORIENTED_EDGE('',*,*,#5000,.F.);
#7102=ORIENTED_EDGE('',*,*,#4993,.F.);
#7103=ORIENTED_EDGE('',*,*,#4995,.F.);
#7104=ORIENTED_EDGE('',*,*,#4998,.F.);
#7105=ORIENTED_EDGE('',*,*,#5004,.F.);
#7106=ORIENTED_EDGE('',*,*,#5011,.T.);
#7107=ORIENTED_EDGE('',*,*,#5012,.T.);
#7108=ORIENTED_EDGE('',*,*,#5013,.T.);
#7109=ORIENTED_EDGE('',*,*,#5014,.T.);
#7110=ORIENTED_EDGE('',*,*,#5012,.F.);
#7111=ORIENTED_EDGE('',*,*,#5015,.F.);
#7112=ORIENTED_EDGE('',*,*,#5016,.F.);
#7113=ORIENTED_EDGE('',*,*,#5017,.F.);
#7114=ORIENTED_EDGE('',*,*,#5018,.F.);
#7115=ORIENTED_EDGE('',*,*,#5019,.F.);
#7116=ORIENTED_EDGE('',*,*,#5020,.F.);
#7117=ORIENTED_EDGE('',*,*,#5021,.F.);
#7118=ORIENTED_EDGE('',*,*,#5022,.F.);
#7119=ORIENTED_EDGE('',*,*,#5023,.F.);
#7120=ORIENTED_EDGE('',*,*,#5024,.F.);
#7121=ORIENTED_EDGE('',*,*,#5011,.F.);
#7122=ORIENTED_EDGE('',*,*,#5013,.F.);
#7123=ORIENTED_EDGE('',*,*,#5014,.F.);
#7124=ORIENTED_EDGE('',*,*,#5025,.T.);
#7125=ORIENTED_EDGE('',*,*,#5026,.T.);
#7126=ORIENTED_EDGE('',*,*,#5025,.F.);
#7127=ORIENTED_EDGE('',*,*,#5027,.T.);
#7128=ORIENTED_EDGE('',*,*,#5028,.T.);
#7129=ORIENTED_EDGE('',*,*,#5029,.T.);
#7130=ORIENTED_EDGE('',*,*,#5021,.T.);
#7131=ORIENTED_EDGE('',*,*,#5030,.T.);
#7132=ORIENTED_EDGE('',*,*,#5022,.T.);
#7133=ORIENTED_EDGE('',*,*,#5029,.F.);
#7134=ORIENTED_EDGE('',*,*,#5031,.T.);
#7135=ORIENTED_EDGE('',*,*,#5032,.T.);
#7136=ORIENTED_EDGE('',*,*,#5023,.T.);
#7137=ORIENTED_EDGE('',*,*,#5030,.F.);
#7138=ORIENTED_EDGE('',*,*,#5033,.T.);
#7139=ORIENTED_EDGE('',*,*,#5034,.T.);
#7140=ORIENTED_EDGE('',*,*,#5015,.T.);
#7141=ORIENTED_EDGE('',*,*,#5035,.T.);
#7142=ORIENTED_EDGE('',*,*,#4806,.T.);
#7143=ORIENTED_EDGE('',*,*,#5036,.T.);
#7144=ORIENTED_EDGE('',*,*,#5016,.T.);
#7145=ORIENTED_EDGE('',*,*,#5034,.F.);
#7146=ORIENTED_EDGE('',*,*,#5037,.T.);
#7147=ORIENTED_EDGE('',*,*,#5038,.T.);
#7148=ORIENTED_EDGE('',*,*,#5017,.T.);
#7149=ORIENTED_EDGE('',*,*,#5036,.F.);
#7150=ORIENTED_EDGE('',*,*,#5039,.T.);
#7151=ORIENTED_EDGE('',*,*,#5040,.T.);
#7152=ORIENTED_EDGE('',*,*,#5018,.T.);
#7153=ORIENTED_EDGE('',*,*,#5038,.F.);
#7154=ORIENTED_EDGE('',*,*,#5041,.T.);
#7155=ORIENTED_EDGE('',*,*,#5042,.T.);
#7156=ORIENTED_EDGE('',*,*,#5019,.T.);
#7157=ORIENTED_EDGE('',*,*,#5040,.F.);
#7158=ORIENTED_EDGE('',*,*,#4938,.T.);
#7159=ORIENTED_EDGE('',*,*,#5035,.F.);
#7160=ORIENTED_EDGE('',*,*,#5024,.T.);
#7161=ORIENTED_EDGE('',*,*,#5032,.F.);
#7162=ORIENTED_EDGE('',*,*,#4807,.T.);
#7163=ORIENTED_EDGE('',*,*,#5027,.F.);
#7164=ORIENTED_EDGE('',*,*,#5020,.T.);
#7165=ORIENTED_EDGE('',*,*,#5042,.F.);
#7166=ORIENTED_EDGE('',*,*,#4937,.T.);
#7167=ORIENTED_EDGE('',*,*,#5041,.F.);
#7168=ORIENTED_EDGE('',*,*,#5043,.T.);
#7169=ORIENTED_EDGE('',*,*,#5044,.F.);
#7170=ORIENTED_EDGE('',*,*,#4939,.T.);
#7171=ORIENTED_EDGE('',*,*,#5039,.F.);
#7172=ORIENTED_EDGE('',*,*,#5045,.F.);
#7173=ORIENTED_EDGE('',*,*,#5046,.F.);
#7174=ORIENTED_EDGE('',*,*,#5043,.F.);
#7175=ORIENTED_EDGE('',*,*,#5037,.F.);
#7176=ORIENTED_EDGE('',*,*,#4805,.T.);
#7177=ORIENTED_EDGE('',*,*,#5047,.F.);
#7178=ORIENTED_EDGE('',*,*,#5045,.T.);
#7179=ORIENTED_EDGE('',*,*,#5048,.T.);
#7180=ORIENTED_EDGE('',*,*,#5049,.T.);
#7181=ORIENTED_EDGE('',*,*,#5050,.T.);
#7182=ORIENTED_EDGE('',*,*,#5051,.T.);
#7183=ORIENTED_EDGE('',*,*,#5048,.F.);
#7184=ORIENTED_EDGE('',*,*,#5052,.T.);
#7185=ORIENTED_EDGE('',*,*,#4867,.F.);
#7186=ORIENTED_EDGE('',*,*,#5053,.F.);
#7187=ORIENTED_EDGE('',*,*,#5049,.F.);
#7188=ORIENTED_EDGE('',*,*,#5053,.T.);
#7189=ORIENTED_EDGE('',*,*,#4870,.F.);
#7190=ORIENTED_EDGE('',*,*,#5054,.F.);
#7191=ORIENTED_EDGE('',*,*,#5050,.F.);
#7192=ORIENTED_EDGE('',*,*,#5054,.T.);
#7193=ORIENTED_EDGE('',*,*,#4869,.F.);
#7194=ORIENTED_EDGE('',*,*,#5055,.F.);
#7195=ORIENTED_EDGE('',*,*,#5051,.F.);
#7196=ORIENTED_EDGE('',*,*,#5055,.T.);
#7197=ORIENTED_EDGE('',*,*,#4868,.F.);
#7198=ORIENTED_EDGE('',*,*,#5052,.F.);
#7199=ORIENTED_EDGE('',*,*,#5056,.T.);
#7200=ORIENTED_EDGE('',*,*,#5057,.T.);
#7201=ORIENTED_EDGE('',*,*,#5058,.T.);
#7202=ORIENTED_EDGE('',*,*,#5059,.T.);
#7203=ORIENTED_EDGE('',*,*,#5060,.T.);
#7204=ORIENTED_EDGE('',*,*,#5061,.T.);
#7205=ORIENTED_EDGE('',*,*,#5062,.T.);
#7206=ORIENTED_EDGE('',*,*,#5063,.T.);
#7207=ORIENTED_EDGE('',*,*,#5064,.T.);
#7208=ORIENTED_EDGE('',*,*,#5065,.T.);
#7209=ORIENTED_EDGE('',*,*,#5066,.T.);
#7210=ORIENTED_EDGE('',*,*,#5067,.T.);
#7211=ORIENTED_EDGE('',*,*,#5068,.T.);
#7212=ORIENTED_EDGE('',*,*,#5056,.F.);
#7213=ORIENTED_EDGE('',*,*,#5069,.T.);
#7214=ORIENTED_EDGE('',*,*,#4854,.F.);
#7215=ORIENTED_EDGE('',*,*,#5070,.F.);
#7216=ORIENTED_EDGE('',*,*,#5057,.F.);
#7217=ORIENTED_EDGE('',*,*,#5070,.T.);
#7218=ORIENTED_EDGE('',*,*,#4866,.F.);
#7219=ORIENTED_EDGE('',*,*,#5071,.F.);
#7220=ORIENTED_EDGE('',*,*,#5058,.F.);
#7221=ORIENTED_EDGE('',*,*,#5071,.T.);
#7222=ORIENTED_EDGE('',*,*,#4865,.F.);
#7223=ORIENTED_EDGE('',*,*,#5072,.F.);
#7224=ORIENTED_EDGE('',*,*,#5059,.F.);
#7225=ORIENTED_EDGE('',*,*,#5072,.T.);
#7226=ORIENTED_EDGE('',*,*,#4864,.F.);
#7227=ORIENTED_EDGE('',*,*,#5073,.F.);
#7228=ORIENTED_EDGE('',*,*,#5060,.F.);
#7229=ORIENTED_EDGE('',*,*,#5073,.T.);
#7230=ORIENTED_EDGE('',*,*,#4863,.F.);
#7231=ORIENTED_EDGE('',*,*,#5074,.F.);
#7232=ORIENTED_EDGE('',*,*,#5061,.F.);
#7233=ORIENTED_EDGE('',*,*,#5074,.T.);
#7234=ORIENTED_EDGE('',*,*,#4862,.F.);
#7235=ORIENTED_EDGE('',*,*,#5075,.F.);
#7236=ORIENTED_EDGE('',*,*,#5062,.F.);
#7237=ORIENTED_EDGE('',*,*,#5075,.T.);
#7238=ORIENTED_EDGE('',*,*,#4861,.F.);
#7239=ORIENTED_EDGE('',*,*,#5076,.F.);
#7240=ORIENTED_EDGE('',*,*,#5063,.F.);
#7241=ORIENTED_EDGE('',*,*,#5076,.T.);
#7242=ORIENTED_EDGE('',*,*,#4860,.F.);
#7243=ORIENTED_EDGE('',*,*,#5077,.F.);
#7244=ORIENTED_EDGE('',*,*,#5064,.F.);
#7245=ORIENTED_EDGE('',*,*,#5077,.T.);
#7246=ORIENTED_EDGE('',*,*,#4859,.F.);
#7247=ORIENTED_EDGE('',*,*,#5078,.F.);
#7248=ORIENTED_EDGE('',*,*,#5065,.F.);
#7249=ORIENTED_EDGE('',*,*,#5078,.T.);
#7250=ORIENTED_EDGE('',*,*,#4858,.F.);
#7251=ORIENTED_EDGE('',*,*,#5079,.F.);
#7252=ORIENTED_EDGE('',*,*,#5066,.F.);
#7253=ORIENTED_EDGE('',*,*,#5079,.T.);
#7254=ORIENTED_EDGE('',*,*,#4857,.F.);
#7255=ORIENTED_EDGE('',*,*,#5080,.F.);
#7256=ORIENTED_EDGE('',*,*,#5067,.F.);
#7257=ORIENTED_EDGE('',*,*,#5080,.T.);
#7258=ORIENTED_EDGE('',*,*,#4856,.F.);
#7259=ORIENTED_EDGE('',*,*,#5081,.F.);
#7260=ORIENTED_EDGE('',*,*,#5068,.F.);
#7261=ORIENTED_EDGE('',*,*,#5081,.T.);
#7262=ORIENTED_EDGE('',*,*,#4855,.F.);
#7263=ORIENTED_EDGE('',*,*,#5069,.F.);
#7264=ORIENTED_EDGE('',*,*,#5082,.T.);
#7265=ORIENTED_EDGE('',*,*,#5083,.T.);
#7266=ORIENTED_EDGE('',*,*,#5084,.T.);
#7267=ORIENTED_EDGE('',*,*,#5085,.T.);
#7268=ORIENTED_EDGE('',*,*,#5086,.T.);
#7269=ORIENTED_EDGE('',*,*,#5087,.T.);
#7270=ORIENTED_EDGE('',*,*,#5088,.T.);
#7271=ORIENTED_EDGE('',*,*,#5089,.T.);
#7272=ORIENTED_EDGE('',*,*,#5090,.T.);
#7273=ORIENTED_EDGE('',*,*,#5091,.T.);
#7274=ORIENTED_EDGE('',*,*,#5092,.T.);
#7275=ORIENTED_EDGE('',*,*,#5093,.T.);
#7276=ORIENTED_EDGE('',*,*,#5094,.T.);
#7277=ORIENTED_EDGE('',*,*,#5082,.F.);
#7278=ORIENTED_EDGE('',*,*,#5095,.T.);
#7279=ORIENTED_EDGE('',*,*,#4841,.F.);
#7280=ORIENTED_EDGE('',*,*,#5096,.F.);
#7281=ORIENTED_EDGE('',*,*,#5083,.F.);
#7282=ORIENTED_EDGE('',*,*,#5096,.T.);
#7283=ORIENTED_EDGE('',*,*,#4853,.F.);
#7284=ORIENTED_EDGE('',*,*,#5097,.F.);
#7285=ORIENTED_EDGE('',*,*,#5084,.F.);
#7286=ORIENTED_EDGE('',*,*,#5097,.T.);
#7287=ORIENTED_EDGE('',*,*,#4852,.F.);
#7288=ORIENTED_EDGE('',*,*,#5098,.F.);
#7289=ORIENTED_EDGE('',*,*,#5085,.F.);
#7290=ORIENTED_EDGE('',*,*,#5098,.T.);
#7291=ORIENTED_EDGE('',*,*,#4851,.F.);
#7292=ORIENTED_EDGE('',*,*,#5099,.F.);
#7293=ORIENTED_EDGE('',*,*,#5086,.F.);
#7294=ORIENTED_EDGE('',*,*,#5099,.T.);
#7295=ORIENTED_EDGE('',*,*,#4850,.F.);
#7296=ORIENTED_EDGE('',*,*,#5100,.F.);
#7297=ORIENTED_EDGE('',*,*,#5087,.F.);
#7298=ORIENTED_EDGE('',*,*,#5100,.T.);
#7299=ORIENTED_EDGE('',*,*,#4849,.F.);
#7300=ORIENTED_EDGE('',*,*,#5101,.F.);
#7301=ORIENTED_EDGE('',*,*,#5088,.F.);
#7302=ORIENTED_EDGE('',*,*,#5101,.T.);
#7303=ORIENTED_EDGE('',*,*,#4848,.F.);
#7304=ORIENTED_EDGE('',*,*,#5102,.F.);
#7305=ORIENTED_EDGE('',*,*,#5089,.F.);
#7306=ORIENTED_EDGE('',*,*,#5102,.T.);
#7307=ORIENTED_EDGE('',*,*,#4847,.F.);
#7308=ORIENTED_EDGE('',*,*,#5103,.F.);
#7309=ORIENTED_EDGE('',*,*,#5090,.F.);
#7310=ORIENTED_EDGE('',*,*,#5103,.T.);
#7311=ORIENTED_EDGE('',*,*,#4846,.F.);
#7312=ORIENTED_EDGE('',*,*,#5104,.F.);
#7313=ORIENTED_EDGE('',*,*,#5091,.F.);
#7314=ORIENTED_EDGE('',*,*,#5104,.T.);
#7315=ORIENTED_EDGE('',*,*,#4845,.F.);
#7316=ORIENTED_EDGE('',*,*,#5105,.F.);
#7317=ORIENTED_EDGE('',*,*,#5092,.F.);
#7318=ORIENTED_EDGE('',*,*,#5105,.T.);
#7319=ORIENTED_EDGE('',*,*,#4844,.F.);
#7320=ORIENTED_EDGE('',*,*,#5106,.F.);
#7321=ORIENTED_EDGE('',*,*,#5093,.F.);
#7322=ORIENTED_EDGE('',*,*,#5106,.T.);
#7323=ORIENTED_EDGE('',*,*,#4843,.F.);
#7324=ORIENTED_EDGE('',*,*,#5107,.F.);
#7325=ORIENTED_EDGE('',*,*,#5094,.F.);
#7326=ORIENTED_EDGE('',*,*,#5107,.T.);
#7327=ORIENTED_EDGE('',*,*,#4842,.F.);
#7328=ORIENTED_EDGE('',*,*,#5095,.F.);
#7329=ORIENTED_EDGE('',*,*,#4760,.T.);
#7330=ORIENTED_EDGE('',*,*,#4782,.F.);
#7331=ORIENTED_EDGE('',*,*,#4765,.T.);
#7332=ORIENTED_EDGE('',*,*,#5026,.F.);
#7333=ORIENTED_EDGE('',*,*,#5108,.F.);
#7334=ORIENTED_EDGE('',*,*,#5044,.T.);
#7335=ORIENTED_EDGE('',*,*,#5109,.F.);
#7336=ORIENTED_EDGE('',*,*,#4752,.T.);
#7337=ORIENTED_EDGE('',*,*,#5109,.T.);
#7338=ORIENTED_EDGE('',*,*,#5046,.T.);
#7339=ORIENTED_EDGE('',*,*,#5110,.F.);
#7340=ORIENTED_EDGE('',*,*,#4753,.T.);
#7341=ORIENTED_EDGE('',*,*,#5110,.T.);
#7342=ORIENTED_EDGE('',*,*,#5047,.T.);
#7343=ORIENTED_EDGE('',*,*,#5111,.F.);
#7344=ORIENTED_EDGE('',*,*,#4754,.T.);
#7345=ORIENTED_EDGE('',*,*,#5111,.T.);
#7346=ORIENTED_EDGE('',*,*,#4804,.T.);
#7347=ORIENTED_EDGE('',*,*,#5112,.F.);
#7348=ORIENTED_EDGE('',*,*,#4755,.T.);
#7349=ORIENTED_EDGE('',*,*,#5112,.T.);
#7350=ORIENTED_EDGE('',*,*,#4838,.T.);
#7351=ORIENTED_EDGE('',*,*,#5113,.F.);
#7352=ORIENTED_EDGE('',*,*,#4756,.T.);
#7353=ORIENTED_EDGE('',*,*,#5113,.T.);
#7354=ORIENTED_EDGE('',*,*,#4840,.T.);
#7355=ORIENTED_EDGE('',*,*,#5114,.F.);
#7356=ORIENTED_EDGE('',*,*,#4757,.T.);
#7357=ORIENTED_EDGE('',*,*,#5114,.T.);
#7358=ORIENTED_EDGE('',*,*,#4872,.T.);
#7359=ORIENTED_EDGE('',*,*,#5115,.F.);
#7360=ORIENTED_EDGE('',*,*,#4758,.T.);
#7361=ORIENTED_EDGE('',*,*,#5115,.T.);
#7362=ORIENTED_EDGE('',*,*,#4940,.T.);
#7363=ORIENTED_EDGE('',*,*,#5108,.T.);
#7364=ORIENTED_EDGE('',*,*,#4751,.T.);
#7365=ORIENTED_EDGE('',*,*,#5031,.F.);
#7366=ORIENTED_EDGE('',*,*,#5116,.F.);
#7367=ORIENTED_EDGE('',*,*,#5117,.T.);
#7368=ORIENTED_EDGE('',*,*,#5118,.F.);
#7369=ORIENTED_EDGE('',*,*,#5119,.T.);
#7370=ORIENTED_EDGE('',*,*,#5120,.T.);
#7371=ORIENTED_EDGE('',*,*,#4811,.T.);
#7372=ORIENTED_EDGE('',*,*,#5121,.F.);
#7373=ORIENTED_EDGE('',*,*,#4809,.T.);
#7374=ORIENTED_EDGE('',*,*,#5122,.F.);
#7375=ORIENTED_EDGE('',*,*,#5123,.T.);
#7376=ORIENTED_EDGE('',*,*,#5124,.F.);
#7377=ORIENTED_EDGE('',*,*,#5033,.F.);
#7378=ORIENTED_EDGE('',*,*,#5118,.T.);
#7379=ORIENTED_EDGE('',*,*,#5122,.T.);
#7380=ORIENTED_EDGE('',*,*,#4808,.T.);
#7381=ORIENTED_EDGE('',*,*,#4810,.T.);
#7382=ORIENTED_EDGE('',*,*,#5124,.T.);
#7383=ORIENTED_EDGE('',*,*,#5125,.T.);
#7384=ORIENTED_EDGE('',*,*,#5121,.T.);
#7385=ORIENTED_EDGE('',*,*,#5126,.T.);
#7386=ORIENTED_EDGE('',*,*,#5127,.T.);
#7387=ORIENTED_EDGE('',*,*,#4819,.T.);
#7388=ORIENTED_EDGE('',*,*,#5128,.F.);
#7389=ORIENTED_EDGE('',*,*,#4817,.T.);
#7390=ORIENTED_EDGE('',*,*,#5007,.F.);
#7391=ORIENTED_EDGE('',*,*,#5129,.T.);
#7392=ORIENTED_EDGE('',*,*,#5130,.F.);
#7393=ORIENTED_EDGE('',*,*,#4818,.T.);
#7394=ORIENTED_EDGE('',*,*,#5130,.T.);
#7395=ORIENTED_EDGE('',*,*,#5131,.T.);
#7396=ORIENTED_EDGE('',*,*,#5128,.T.);
#7397=ORIENTED_EDGE('',*,*,#5132,.T.);
#7398=ORIENTED_EDGE('',*,*,#5133,.T.);
#7399=ORIENTED_EDGE('',*,*,#4827,.T.);
#7400=ORIENTED_EDGE('',*,*,#5134,.F.);
#7401=ORIENTED_EDGE('',*,*,#4825,.T.);
#7402=ORIENTED_EDGE('',*,*,#4972,.F.);
#7403=ORIENTED_EDGE('',*,*,#5135,.T.);
#7404=ORIENTED_EDGE('',*,*,#5136,.F.);
#7405=ORIENTED_EDGE('',*,*,#4826,.T.);
#7406=ORIENTED_EDGE('',*,*,#5136,.T.);
#7407=ORIENTED_EDGE('',*,*,#5137,.T.);
#7408=ORIENTED_EDGE('',*,*,#5134,.T.);
#7409=ORIENTED_EDGE('',*,*,#4784,.F.);
#7410=ORIENTED_EDGE('',*,*,#4836,.T.);
#7411=ORIENTED_EDGE('',*,*,#5138,.F.);
#7412=ORIENTED_EDGE('',*,*,#5139,.T.);
#7413=ORIENTED_EDGE('',*,*,#5140,.T.);
#7414=ORIENTED_EDGE('',*,*,#5138,.T.);
#7415=ORIENTED_EDGE('',*,*,#4835,.T.);
#7416=ORIENTED_EDGE('',*,*,#5141,.F.);
#7417=ORIENTED_EDGE('',*,*,#4833,.T.);
#7418=ORIENTED_EDGE('',*,*,#4907,.F.);
#7419=ORIENTED_EDGE('',*,*,#5142,.T.);
#7420=ORIENTED_EDGE('',*,*,#5143,.F.);
#7421=ORIENTED_EDGE('',*,*,#4834,.T.);
#7422=ORIENTED_EDGE('',*,*,#5143,.T.);
#7423=ORIENTED_EDGE('',*,*,#5144,.T.);
#7424=ORIENTED_EDGE('',*,*,#5141,.T.);
#7425=ORIENTED_EDGE('',*,*,#4787,.F.);
#7426=ORIENTED_EDGE('',*,*,#5139,.F.);
#7427=ORIENTED_EDGE('',*,*,#5145,.F.);
#7428=ORIENTED_EDGE('',*,*,#5146,.F.);
#7429=ORIENTED_EDGE('',*,*,#5147,.F.);
#7430=ORIENTED_EDGE('',*,*,#5145,.T.);
#7431=ORIENTED_EDGE('',*,*,#5140,.F.);
#7432=ORIENTED_EDGE('',*,*,#5148,.F.);
#7433=ORIENTED_EDGE('',*,*,#5149,.F.);
#7434=ORIENTED_EDGE('',*,*,#5148,.T.);
#7435=ORIENTED_EDGE('',*,*,#5144,.F.);
#7436=ORIENTED_EDGE('',*,*,#5150,.T.);
#7437=ORIENTED_EDGE('',*,*,#5151,.F.);
#7438=ORIENTED_EDGE('',*,*,#5150,.F.);
#7439=ORIENTED_EDGE('',*,*,#5142,.F.);
#7440=ORIENTED_EDGE('',*,*,#4909,.F.);
#7441=ORIENTED_EDGE('',*,*,#5151,.T.);
#7442=ORIENTED_EDGE('',*,*,#4911,.T.);
#7443=ORIENTED_EDGE('',*,*,#4915,.T.);
#7444=ORIENTED_EDGE('',*,*,#5152,.F.);
#7445=ORIENTED_EDGE('',*,*,#4913,.T.);
#7446=ORIENTED_EDGE('',*,*,#5153,.F.);
#7447=ORIENTED_EDGE('',*,*,#5147,.T.);
#7448=ORIENTED_EDGE('',*,*,#5154,.F.);
#7449=ORIENTED_EDGE('',*,*,#4789,.F.);
#7450=ORIENTED_EDGE('',*,*,#5146,.T.);
#7451=ORIENTED_EDGE('',*,*,#5153,.T.);
#7452=ORIENTED_EDGE('',*,*,#4912,.T.);
#7453=ORIENTED_EDGE('',*,*,#4914,.T.);
#7454=ORIENTED_EDGE('',*,*,#5154,.T.);
#7455=ORIENTED_EDGE('',*,*,#5149,.T.);
#7456=ORIENTED_EDGE('',*,*,#5152,.T.);
#7457=ORIENTED_EDGE('',*,*,#5155,.F.);
#7458=ORIENTED_EDGE('',*,*,#5156,.T.);
#7459=ORIENTED_EDGE('',*,*,#5132,.F.);
#7460=ORIENTED_EDGE('',*,*,#5157,.F.);
#7461=ORIENTED_EDGE('',*,*,#5158,.F.);
#7462=ORIENTED_EDGE('',*,*,#5157,.T.);
#7463=ORIENTED_EDGE('',*,*,#5137,.F.);
#7464=ORIENTED_EDGE('',*,*,#5159,.T.);
#7465=ORIENTED_EDGE('',*,*,#5160,.F.);
#7466=ORIENTED_EDGE('',*,*,#5159,.F.);
#7467=ORIENTED_EDGE('',*,*,#5135,.F.);
#7468=ORIENTED_EDGE('',*,*,#4974,.F.);
#7469=ORIENTED_EDGE('',*,*,#5160,.T.);
#7470=ORIENTED_EDGE('',*,*,#4975,.T.);
#7471=ORIENTED_EDGE('',*,*,#4919,.T.);
#7472=ORIENTED_EDGE('',*,*,#5161,.F.);
#7473=ORIENTED_EDGE('',*,*,#4917,.T.);
#7474=ORIENTED_EDGE('',*,*,#5162,.F.);
#7475=ORIENTED_EDGE('',*,*,#5155,.T.);
#7476=ORIENTED_EDGE('',*,*,#5163,.F.);
#7477=ORIENTED_EDGE('',*,*,#4896,.F.);
#7478=ORIENTED_EDGE('',*,*,#5164,.T.);
#7479=ORIENTED_EDGE('',*,*,#5162,.T.);
#7480=ORIENTED_EDGE('',*,*,#4916,.T.);
#7481=ORIENTED_EDGE('',*,*,#4918,.T.);
#7482=ORIENTED_EDGE('',*,*,#5163,.T.);
#7483=ORIENTED_EDGE('',*,*,#5158,.T.);
#7484=ORIENTED_EDGE('',*,*,#5161,.T.);
#7485=ORIENTED_EDGE('',*,*,#5165,.F.);
#7486=ORIENTED_EDGE('',*,*,#5166,.T.);
#7487=ORIENTED_EDGE('',*,*,#5126,.F.);
#7488=ORIENTED_EDGE('',*,*,#5167,.F.);
#7489=ORIENTED_EDGE('',*,*,#5168,.F.);
#7490=ORIENTED_EDGE('',*,*,#5167,.T.);
#7491=ORIENTED_EDGE('',*,*,#5131,.F.);
#7492=ORIENTED_EDGE('',*,*,#5169,.T.);
#7493=ORIENTED_EDGE('',*,*,#5170,.F.);
#7494=ORIENTED_EDGE('',*,*,#5169,.F.);
#7495=ORIENTED_EDGE('',*,*,#5129,.F.);
#7496=ORIENTED_EDGE('',*,*,#5009,.F.);
#7497=ORIENTED_EDGE('',*,*,#5170,.T.);
#7498=ORIENTED_EDGE('',*,*,#5010,.T.);
#7499=ORIENTED_EDGE('',*,*,#4927,.T.);
#7500=ORIENTED_EDGE('',*,*,#5171,.F.);
#7501=ORIENTED_EDGE('',*,*,#4925,.T.);
#7502=ORIENTED_EDGE('',*,*,#5172,.F.);
#7503=ORIENTED_EDGE('',*,*,#5165,.T.);
#7504=ORIENTED_EDGE('',*,*,#5173,.F.);
#7505=ORIENTED_EDGE('',*,*,#4926,.T.);
#7506=ORIENTED_EDGE('',*,*,#5173,.T.);
#7507=ORIENTED_EDGE('',*,*,#5168,.T.);
#7508=ORIENTED_EDGE('',*,*,#5171,.T.);
#7509=ORIENTED_EDGE('',*,*,#5174,.F.);
#7510=ORIENTED_EDGE('',*,*,#5175,.T.);
#7511=ORIENTED_EDGE('',*,*,#5119,.F.);
#7512=ORIENTED_EDGE('',*,*,#5176,.F.);
#7513=ORIENTED_EDGE('',*,*,#5177,.F.);
#7514=ORIENTED_EDGE('',*,*,#5176,.T.);
#7515=ORIENTED_EDGE('',*,*,#5125,.F.);
#7516=ORIENTED_EDGE('',*,*,#5178,.T.);
#7517=ORIENTED_EDGE('',*,*,#5179,.F.);
#7518=ORIENTED_EDGE('',*,*,#5178,.F.);
#7519=ORIENTED_EDGE('',*,*,#5123,.F.);
#7520=ORIENTED_EDGE('',*,*,#5117,.F.);
#7521=ORIENTED_EDGE('',*,*,#5028,.F.);
#7522=ORIENTED_EDGE('',*,*,#4936,.T.);
#7523=ORIENTED_EDGE('',*,*,#5180,.F.);
#7524=ORIENTED_EDGE('',*,*,#5116,.T.);
#7525=ORIENTED_EDGE('',*,*,#5179,.T.);
#7526=ORIENTED_EDGE('',*,*,#5180,.T.);
#7527=ORIENTED_EDGE('',*,*,#4935,.T.);
#7528=ORIENTED_EDGE('',*,*,#5181,.F.);
#7529=ORIENTED_EDGE('',*,*,#4933,.T.);
#7530=ORIENTED_EDGE('',*,*,#5182,.F.);
#7531=ORIENTED_EDGE('',*,*,#5174,.T.);
#7532=ORIENTED_EDGE('',*,*,#5183,.F.);
#7533=ORIENTED_EDGE('',*,*,#4934,.T.);
#7534=ORIENTED_EDGE('',*,*,#5183,.T.);
#7535=ORIENTED_EDGE('',*,*,#5177,.T.);
#7536=ORIENTED_EDGE('',*,*,#5181,.T.);
#7537=ORIENTED_EDGE('',*,*,#4991,.F.);
#7538=ORIENTED_EDGE('',*,*,#4812,.T.);
#7539=ORIENTED_EDGE('',*,*,#5120,.F.);
#7540=ORIENTED_EDGE('',*,*,#5184,.T.);
#7541=ORIENTED_EDGE('',*,*,#4996,.F.);
#7542=ORIENTED_EDGE('',*,*,#5184,.F.);
#7543=ORIENTED_EDGE('',*,*,#5175,.F.);
#7544=ORIENTED_EDGE('',*,*,#5185,.F.);
#7545=ORIENTED_EDGE('',*,*,#4999,.F.);
#7546=ORIENTED_EDGE('',*,*,#5185,.T.);
#7547=ORIENTED_EDGE('',*,*,#5182,.T.);
#7548=ORIENTED_EDGE('',*,*,#4932,.T.);
#7549=ORIENTED_EDGE('',*,*,#4956,.F.);
#7550=ORIENTED_EDGE('',*,*,#4820,.T.);
#7551=ORIENTED_EDGE('',*,*,#5127,.F.);
#7552=ORIENTED_EDGE('',*,*,#5186,.T.);
#7553=ORIENTED_EDGE('',*,*,#4961,.F.);
#7554=ORIENTED_EDGE('',*,*,#5186,.F.);
#7555=ORIENTED_EDGE('',*,*,#5166,.F.);
#7556=ORIENTED_EDGE('',*,*,#5187,.F.);
#7557=ORIENTED_EDGE('',*,*,#4964,.F.);
#7558=ORIENTED_EDGE('',*,*,#5187,.T.);
#7559=ORIENTED_EDGE('',*,*,#5172,.T.);
#7560=ORIENTED_EDGE('',*,*,#4924,.T.);
#7561=ORIENTED_EDGE('',*,*,#4888,.F.);
#7562=ORIENTED_EDGE('',*,*,#4828,.T.);
#7563=ORIENTED_EDGE('',*,*,#5133,.F.);
#7564=ORIENTED_EDGE('',*,*,#5188,.T.);
#7565=ORIENTED_EDGE('',*,*,#4893,.F.);
#7566=ORIENTED_EDGE('',*,*,#5188,.F.);
#7567=ORIENTED_EDGE('',*,*,#5156,.F.);
#7568=ORIENTED_EDGE('',*,*,#5164,.F.);
#7569=PLANE('',#8331);
#7570=PLANE('',#8340);
#7571=PLANE('',#8343);
#7572=PLANE('',#8344);
#7573=PLANE('',#8350);
#7574=PLANE('',#8352);
#7575=PLANE('',#8354);
#7576=PLANE('',#8356);
#7577=PLANE('',#8357);
#7578=PLANE('',#8370);
#7579=PLANE('',#8372);
#7580=PLANE('',#8381);
#7581=PLANE('',#8382);
#7582=PLANE('',#8389);
#7583=PLANE('',#8391);
#7584=PLANE('',#8394);
#7585=PLANE('',#8396);
#7586=PLANE('',#8397);
#7587=PLANE('',#8398);
#7588=PLANE('',#8411);
#7589=PLANE('',#8412);
#7590=PLANE('',#8425);
#7591=PLANE('',#8426);
#7592=PLANE('',#8439);
#7593=PLANE('',#8441);
#7594=PLANE('',#8452);
#7595=PLANE('',#8458);
#7596=PLANE('',#8463);
#7597=PLANE('',#8466);
#7598=PLANE('',#8468);
#7599=PLANE('',#8469);
#7600=PLANE('',#8470);
#7601=PLANE('',#8472);
#7602=PLANE('',#8482);
#7603=PLANE('',#8487);
#7604=PLANE('',#8489);
#7605=PLANE('',#8491);
#7606=PLANE('',#8492);
#7607=PLANE('',#8493);
#7608=PLANE('',#8494);
#7609=PLANE('',#8495);
#7610=PLANE('',#8496);
#7611=PLANE('',#8497);
#7612=PLANE('',#8498);
#7613=PLANE('',#8499);
#7614=PLANE('',#8500);
#7615=PLANE('',#8501);
#7616=PLANE('',#8502);
#7617=PLANE('',#8506);
#7618=PLANE('',#8512);
#7619=PLANE('',#8515);
#7620=PLANE('',#8519);
#7621=PLANE('',#8523);
#7622=PLANE('',#8526);
#7623=PLANE('',#8529);
#7624=PLANE('',#8607);
#7625=PLANE('',#8608);
#7626=PLANE('',#8609);
#7627=PLANE('',#8610);
#7628=PLANE('',#8611);
#7629=PLANE('',#8612);
#7630=PLANE('',#8613);
#7631=PLANE('',#8614);
#7632=PLANE('',#8615);
#7633=PLANE('',#8616);
#7634=PLANE('',#8617);
#7635=PLANE('',#8618);
#7636=PLANE('',#8619);
#7637=PLANE('',#8620);
#7638=PLANE('',#8621);
#7639=PLANE('',#8622);
#7640=PLANE('',#8623);
#7641=PLANE('',#8624);
#7642=PLANE('',#8625);
#7643=PLANE('',#8626);
#7644=PLANE('',#8627);
#7645=PLANE('',#8628);
#7646=PLANE('',#8629);
#7647=PLANE('',#8630);
#7648=PLANE('',#8631);
#7649=PLANE('',#8632);
#7650=PLANE('',#8633);
#7651=PLANE('',#8634);
#7652=PLANE('',#8635);
#7653=PLANE('',#8636);
#7654=PLANE('',#8637);
#7655=PLANE('',#8638);
#7656=PLANE('',#8639);
#7657=PLANE('',#8640);
#7658=PLANE('',#8641);
#7659=PLANE('',#8642);
#7660=PLANE('',#8643);
#7661=PLANE('',#8644);
#7662=PLANE('',#8645);
#7663=PLANE('',#8646);
#7664=PLANE('',#8647);
#7665=PLANE('',#8648);
#7666=PLANE('',#8649);
#7667=PLANE('',#8650);
#7668=PLANE('',#8651);
#7669=PLANE('',#8652);
#7670=PLANE('',#8653);
#7671=PLANE('',#8659);
#7672=PLANE('',#8662);
#7673=PLANE('',#8674);
#7674=PLANE('',#8676);
#7675=PLANE('',#8678);
#7676=PLANE('',#8679);
#7677=PLANE('',#8680);
#7678=PLANE('',#8687);
#7679=PLANE('',#8688);
#7680=PLANE('',#8689);
#7681=PLANE('',#8690);
#7682=PLANE('',#8691);
#7683=PLANE('',#8698);
#7684=PLANE('',#8699);
#7685=PLANE('',#8700);
#7686=PLANE('',#8701);
#7687=PLANE('',#8702);
#7688=PLANE('',#8709);
#7689=PLANE('',#8710);
#7690=PLANE('',#8711);
#7691=PLANE('',#8712);
#7692=PLANE('',#8718);
#7693=PLANE('',#8721);
#7694=PLANE('',#8728);
#7695=PLANE('',#8730);
#7696=PLANE('',#8732);
#7697=PLANE('',#8733);
#7698=PLANE('',#8740);
#7699=PLANE('',#8757);
#7700=PLANE('',#8762);
#7701=PLANE('',#8763);
#7702=PLANE('',#8766);
#7703=PLANE('',#8769);
#7704=PLANE('',#8770);
#7705=PLANE('',#8781);
#7706=PLANE('',#8784);
#7707=PLANE('',#8785);
#7708=PLANE('',#8786);
#7709=PLANE('',#8787);
#7710=PLANE('',#8796);
#7711=PLANE('',#8804);
#7712=PLANE('',#8805);
#7713=PLANE('',#8806);
#7714=PLANE('',#8807);
#7715=PLANE('',#8808);
#7716=PLANE('',#8816);
#7717=PLANE('',#8817);
#7718=PLANE('',#8818);
#7719=PLANE('',#8819);
#7720=PLANE('',#8820);
#7721=PLANE('',#8828);
#7722=PLANE('',#8833);
#7723=PLANE('',#8838);
#7724=PLANE('',#8839);
#7725=PLANE('',#8842);
#7726=PLANE('',#8845);
#7727=PLANE('',#8848);
#7728=PLANE('',#8851);
#7729=PLANE('',#8852);
#7730=PLANE('',#8853);
#7731=PLANE('',#8854);
#7732=PLANE('',#8855);
#7733=PLANE('',#8856);
#7734=PLANE('',#8857);
#7735=PLANE('',#8858);
#7736=PLANE('',#8859);
#7737=PLANE('',#8860);
#7738=PLANE('',#8861);
#7739=PLANE('',#8862);
#7740=PLANE('',#8863);
#7741=PLANE('',#8864);
#7742=PLANE('',#8865);
#7743=PLANE('',#8866);
#7744=PLANE('',#8867);
#7745=PLANE('',#8868);
#7746=PLANE('',#8869);
#7747=PLANE('',#8870);
#7748=PLANE('',#8871);
#7749=PLANE('',#8872);
#7750=PLANE('',#8873);
#7751=PLANE('',#8874);
#7752=PLANE('',#8875);
#7753=PLANE('',#8876);
#7754=PLANE('',#8877);
#7755=PLANE('',#8878);
#7756=PLANE('',#8879);
#7757=PLANE('',#8880);
#7758=PLANE('',#8881);
#7759=PLANE('',#8882);
#7760=PLANE('',#8883);
#7761=PLANE('',#8885);
#7762=PLANE('',#8887);
#7763=PLANE('',#8889);
#7764=PLANE('',#8891);
#7765=PLANE('',#8925);
#7766=PLANE('',#8926);
#7767=PLANE('',#8927);
#7768=PLANE('',#8935);
#7769=PLANE('',#8936);
#7770=PLANE('',#8937);
#7771=PLANE('',#8946);
#7772=PLANE('',#8947);
#7773=PLANE('',#8948);
#7774=PLANE('',#8955);
#7775=PLANE('',#8956);
#7776=PLANE('',#8957);
#7777=ADVANCED_FACE('',(#617),#7569,.F.);
#7778=ADVANCED_FACE('',(#618),#502,.F.);
#7779=ADVANCED_FACE('',(#619),#7570,.T.);
#7780=ADVANCED_FACE('',(#620),#503,.T.);
#7781=ADVANCED_FACE('',(#621),#7571,.T.);
#7782=ADVANCED_FACE('',(#622),#7572,.T.);
#7783=ADVANCED_FACE('',(#623),#504,.T.);
#7784=ADVANCED_FACE('',(#624),#7573,.T.);
#7785=ADVANCED_FACE('',(#625),#505,.F.);
#7786=ADVANCED_FACE('',(#626),#7574,.T.);
#7787=ADVANCED_FACE('',(#627),#506,.T.);
#7788=ADVANCED_FACE('',(#628),#7575,.T.);
#7789=ADVANCED_FACE('',(#629),#507,.T.);
#7790=ADVANCED_FACE('',(#630),#7576,.T.);
#7791=ADVANCED_FACE('',(#631),#7577,.F.);
#7792=ADVANCED_FACE('',(#632),#508,.T.);
#7793=ADVANCED_FACE('',(#633),#509,.F.);
#7794=ADVANCED_FACE('',(#634),#510,.T.);
#7795=ADVANCED_FACE('',(#635),#511,.T.);
#7796=ADVANCED_FACE('',(#636),#7578,.F.);
#7797=ADVANCED_FACE('',(#637),#7579,.F.);
#7798=ADVANCED_FACE('',(#638),#512,.T.);
#7799=ADVANCED_FACE('',(#639),#7580,.T.);
#7800=ADVANCED_FACE('',(#640),#7581,.T.);
#7801=ADVANCED_FACE('',(#641),#513,.T.);
#7802=ADVANCED_FACE('',(#642),#7582,.T.);
#7803=ADVANCED_FACE('',(#643),#514,.F.);
#7804=ADVANCED_FACE('',(#644),#7583,.T.);
#7805=ADVANCED_FACE('',(#645),#515,.F.);
#7806=ADVANCED_FACE('',(#646),#516,.T.);
#7807=ADVANCED_FACE('',(#647),#7584,.T.);
#7808=ADVANCED_FACE('',(#648),#517,.T.);
#7809=ADVANCED_FACE('',(#649),#7585,.T.);
#7810=ADVANCED_FACE('',(#650),#7586,.T.);
#7811=ADVANCED_FACE('',(#651),#7587,.F.);
#7812=ADVANCED_FACE('',(#652),#518,.T.);
#7813=ADVANCED_FACE('',(#653),#519,.T.);
#7814=ADVANCED_FACE('',(#654),#520,.F.);
#7815=ADVANCED_FACE('',(#655),#521,.T.);
#7816=ADVANCED_FACE('',(#656),#7588,.F.);
#7817=ADVANCED_FACE('',(#657),#7589,.F.);
#7818=ADVANCED_FACE('',(#658),#522,.T.);
#7819=ADVANCED_FACE('',(#659),#523,.T.);
#7820=ADVANCED_FACE('',(#660),#524,.F.);
#7821=ADVANCED_FACE('',(#661),#525,.T.);
#7822=ADVANCED_FACE('',(#662),#7590,.F.);
#7823=ADVANCED_FACE('',(#663),#7591,.F.);
#7824=ADVANCED_FACE('',(#664),#526,.T.);
#7825=ADVANCED_FACE('',(#665),#527,.T.);
#7826=ADVANCED_FACE('',(#666),#528,.F.);
#7827=ADVANCED_FACE('',(#667),#529,.T.);
#7828=ADVANCED_FACE('',(#668),#7592,.F.);
#7829=ADVANCED_FACE('',(#669),#7593,.F.);
#7830=ADVANCED_FACE('',(#670),#530,.F.);
#7831=ADVANCED_FACE('',(#671),#7594,.T.);
#7832=ADVANCED_FACE('',(#672),#531,.F.);
#7833=ADVANCED_FACE('',(#673),#432,.F.);
#7834=ADVANCED_FACE('',(#674),#532,.T.);
#7835=ADVANCED_FACE('',(#675),#7595,.F.);
#7836=ADVANCED_FACE('',(#676),#7596,.T.);
#7837=ADVANCED_FACE('',(#677),#533,.F.);
#7838=ADVANCED_FACE('',(#678),#534,.T.);
#7839=ADVANCED_FACE('',(#679),#7597,.T.);
#7840=ADVANCED_FACE('',(#680),#535,.F.);
#7841=ADVANCED_FACE('',(#681),#433,.F.);
#7842=ADVANCED_FACE('',(#682),#7598,.T.);
#7843=ADVANCED_FACE('',(#683),#7599,.T.);
#7844=ADVANCED_FACE('',(#684),#7600,.T.);
#7845=ADVANCED_FACE('',(#685,#198),#7601,.F.);
#7846=ADVANCED_FACE('',(#686),#93,.T.);
#7847=ADVANCED_FACE('',(#687),#94,.T.);
#7848=ADVANCED_FACE('',(#688),#95,.T.);
#7849=ADVANCED_FACE('',(#689),#536,.F.);
#7850=ADVANCED_FACE('',(#690),#537,.T.);
#7851=ADVANCED_FACE('',(#691),#96,.T.);
#7852=ADVANCED_FACE('',(#692),#538,.T.);
#7853=ADVANCED_FACE('',(#693,#199),#7602,.F.);
#7854=ADVANCED_FACE('',(#694),#7603,.F.);
#7855=ADVANCED_FACE('',(#695),#7604,.F.);
#7856=ADVANCED_FACE('',(#696),#7605,.F.);
#7857=ADVANCED_FACE('',(#697),#7606,.F.);
#7858=ADVANCED_FACE('',(#698),#7607,.F.);
#7859=ADVANCED_FACE('',(#699),#7608,.F.);
#7860=ADVANCED_FACE('',(#700),#7609,.F.);
#7861=ADVANCED_FACE('',(#701),#7610,.F.);
#7862=ADVANCED_FACE('',(#702),#7611,.F.);
#7863=ADVANCED_FACE('',(#703),#7612,.F.);
#7864=ADVANCED_FACE('',(#704),#7613,.F.);
#7865=ADVANCED_FACE('',(#705),#7614,.F.);
#7866=ADVANCED_FACE('',(#706),#7615,.F.);
#7867=ADVANCED_FACE('',(#707),#7616,.F.);
#7868=ADVANCED_FACE('',(#708),#539,.T.);
#7869=ADVANCED_FACE('',(#709),#7617,.T.);
#7870=ADVANCED_FACE('',(#710),#540,.T.);
#7871=ADVANCED_FACE('',(#711),#43,.T.);
#7872=ADVANCED_FACE('',(#712),#7618,.T.);
#7873=ADVANCED_FACE('',(#713),#44,.T.);
#7874=ADVANCED_FACE('',(#714),#7619,.T.);
#7875=ADVANCED_FACE('',(#715),#45,.T.);
#7876=ADVANCED_FACE('',(#716),#7620,.T.);
#7877=ADVANCED_FACE('',(#717),#46,.T.);
#7878=ADVANCED_FACE('',(#718),#7621,.T.);
#7879=ADVANCED_FACE('',(#719),#541,.T.);
#7880=ADVANCED_FACE('',(#720),#7622,.T.);
#7881=ADVANCED_FACE('',(#721),#542,.T.);
#7882=ADVANCED_FACE('',(#722),#7623,.T.);
#7883=ADVANCED_FACE('',(#723),#543,.T.);
#7884=ADVANCED_FACE('',(#724),#544,.T.);
#7885=ADVANCED_FACE('',(#725),#545,.T.);
#7886=ADVANCED_FACE('',(#726),#546,.T.);
#7887=ADVANCED_FACE('',(#727),#547,.T.);
#7888=ADVANCED_FACE('',(#728),#548,.T.);
#7889=ADVANCED_FACE('',(#729),#549,.T.);
#7890=ADVANCED_FACE('',(#730),#550,.T.);
#7891=ADVANCED_FACE('',(#731),#551,.T.);
#7892=ADVANCED_FACE('',(#732),#552,.T.);
#7893=ADVANCED_FACE('',(#733),#553,.T.);
#7894=ADVANCED_FACE('',(#734),#11,.T.);
#7895=ADVANCED_FACE('',(#735),#554,.T.);
#7896=ADVANCED_FACE('',(#736),#555,.T.);
#7897=ADVANCED_FACE('',(#737),#556,.T.);
#7898=ADVANCED_FACE('',(#738),#557,.T.);
#7899=ADVANCED_FACE('',(#739),#558,.T.);
#7900=ADVANCED_FACE('',(#740),#559,.T.);
#7901=ADVANCED_FACE('',(#741),#560,.T.);
#7902=ADVANCED_FACE('',(#742),#561,.T.);
#7903=ADVANCED_FACE('',(#743),#562,.T.);
#7904=ADVANCED_FACE('',(#744),#563,.T.);
#7905=ADVANCED_FACE('',(#745),#564,.T.);
#7906=ADVANCED_FACE('',(#746),#565,.T.);
#7907=ADVANCED_FACE('',(#747),#566,.T.);
#7908=ADVANCED_FACE('',(#748),#12,.T.);
#7909=ADVANCED_FACE('',(#749),#567,.F.);
#7910=ADVANCED_FACE('',(#750),#13,.T.);
#7911=ADVANCED_FACE('',(#751),#14,.T.);
#7912=ADVANCED_FACE('',(#752),#568,.F.);
#7913=ADVANCED_FACE('',(#753),#15,.T.);
#7914=ADVANCED_FACE('',(#754),#569,.F.);
#7915=ADVANCED_FACE('',(#755),#16,.T.);
#7916=ADVANCED_FACE('',(#756),#7624,.T.);
#7917=ADVANCED_FACE('',(#757),#97,.T.);
#7918=ADVANCED_FACE('',(#758),#7625,.T.);
#7919=ADVANCED_FACE('',(#759),#98,.T.);
#7920=ADVANCED_FACE('',(#760),#99,.T.);
#7921=ADVANCED_FACE('',(#761),#100,.T.);
#7922=ADVANCED_FACE('',(#762),#101,.T.);
#7923=ADVANCED_FACE('',(#763),#102,.T.);
#7924=ADVANCED_FACE('',(#764),#103,.T.);
#7925=ADVANCED_FACE('',(#765),#104,.T.);
#7926=ADVANCED_FACE('',(#766),#105,.T.);
#7927=ADVANCED_FACE('',(#767),#106,.T.);
#7928=ADVANCED_FACE('',(#768),#107,.T.);
#7929=ADVANCED_FACE('',(#769),#108,.T.);
#7930=ADVANCED_FACE('',(#770),#109,.T.);
#7931=ADVANCED_FACE('',(#771),#110,.T.);
#7932=ADVANCED_FACE('',(#772),#7626,.T.);
#7933=ADVANCED_FACE('',(#773),#111,.T.);
#7934=ADVANCED_FACE('',(#774),#112,.T.);
#7935=ADVANCED_FACE('',(#775),#113,.T.);
#7936=ADVANCED_FACE('',(#776),#114,.T.);
#7937=ADVANCED_FACE('',(#777),#115,.T.);
#7938=ADVANCED_FACE('',(#778),#116,.T.);
#7939=ADVANCED_FACE('',(#779),#117,.T.);
#7940=ADVANCED_FACE('',(#780),#118,.T.);
#7941=ADVANCED_FACE('',(#781),#119,.T.);
#7942=ADVANCED_FACE('',(#782),#120,.T.);
#7943=ADVANCED_FACE('',(#783),#121,.T.);
#7944=ADVANCED_FACE('',(#784),#122,.T.);
#7945=ADVANCED_FACE('',(#785),#123,.T.);
#7946=ADVANCED_FACE('',(#786),#7627,.T.);
#7947=ADVANCED_FACE('',(#787),#7628,.T.);
#7948=ADVANCED_FACE('',(#788),#7629,.T.);
#7949=ADVANCED_FACE('',(#789),#7630,.T.);
#7950=ADVANCED_FACE('',(#790),#7631,.T.);
#7951=ADVANCED_FACE('',(#791),#7632,.T.);
#7952=ADVANCED_FACE('',(#792),#7633,.T.);
#7953=ADVANCED_FACE('',(#793),#7634,.T.);
#7954=ADVANCED_FACE('',(#794),#7635,.T.);
#7955=ADVANCED_FACE('',(#795),#7636,.T.);
#7956=ADVANCED_FACE('',(#796),#7637,.T.);
#7957=ADVANCED_FACE('',(#797),#7638,.T.);
#7958=ADVANCED_FACE('',(#798),#7639,.T.);
#7959=ADVANCED_FACE('',(#799),#7640,.T.);
#7960=ADVANCED_FACE('',(#800),#7641,.T.);
#7961=ADVANCED_FACE('',(#801),#7642,.T.);
#7962=ADVANCED_FACE('',(#802),#7643,.T.);
#7963=ADVANCED_FACE('',(#803),#7644,.T.);
#7964=ADVANCED_FACE('',(#804),#7645,.T.);
#7965=ADVANCED_FACE('',(#805),#7646,.T.);
#7966=ADVANCED_FACE('',(#806),#7647,.T.);
#7967=ADVANCED_FACE('',(#807),#124,.T.);
#7968=ADVANCED_FACE('',(#808),#125,.T.);
#7969=ADVANCED_FACE('',(#809),#126,.T.);
#7970=ADVANCED_FACE('',(#810),#127,.T.);
#7971=ADVANCED_FACE('',(#811),#7648,.T.);
#7972=ADVANCED_FACE('',(#812),#7649,.T.);
#7973=ADVANCED_FACE('',(#813),#7650,.T.);
#7974=ADVANCED_FACE('',(#814),#128,.T.);
#7975=ADVANCED_FACE('',(#815),#129,.T.);
#7976=ADVANCED_FACE('',(#816),#130,.T.);
#7977=ADVANCED_FACE('',(#817),#131,.T.);
#7978=ADVANCED_FACE('',(#818),#7651,.T.);
#7979=ADVANCED_FACE('',(#819),#7652,.T.);
#7980=ADVANCED_FACE('',(#820),#7653,.T.);
#7981=ADVANCED_FACE('',(#821,#200),#7654,.T.);
#7982=ADVANCED_FACE('',(#822),#7655,.T.);
#7983=ADVANCED_FACE('',(#823),#7656,.T.);
#7984=ADVANCED_FACE('',(#824),#7657,.T.);
#7985=ADVANCED_FACE('',(#825),#7658,.T.);
#7986=ADVANCED_FACE('',(#826),#7659,.T.);
#7987=ADVANCED_FACE('',(#827),#7660,.T.);
#7988=ADVANCED_FACE('',(#828),#7661,.T.);
#7989=ADVANCED_FACE('',(#829),#7662,.T.);
#7990=ADVANCED_FACE('',(#830),#7663,.T.);
#7991=ADVANCED_FACE('',(#831),#7664,.T.);
#7992=ADVANCED_FACE('',(#832),#7665,.T.);
#7993=ADVANCED_FACE('',(#833),#7666,.T.);
#7994=ADVANCED_FACE('',(#834),#7667,.T.);
#7995=ADVANCED_FACE('',(#835),#7668,.T.);
#7996=ADVANCED_FACE('',(#836),#7669,.T.);
#7997=ADVANCED_FACE('',(#837),#7670,.T.);
#7998=ADVANCED_FACE('',(#838),#570,.F.);
#7999=ADVANCED_FACE('',(#839),#47,.F.);
#8000=ADVANCED_FACE('',(#840,#201),#7671,.F.);
#8001=ADVANCED_FACE('',(#841),#7672,.T.);
#8002=ADVANCED_FACE('',(#842),#17,.T.);
#8003=ADVANCED_FACE('',(#843),#571,.F.);
#8004=ADVANCED_FACE('',(#844),#18,.T.);
#8005=ADVANCED_FACE('',(#845),#132,.T.);
#8006=ADVANCED_FACE('',(#846),#133,.T.);
#8007=ADVANCED_FACE('',(#847),#7673,.T.);
#8008=ADVANCED_FACE('',(#848),#48,.T.);
#8009=ADVANCED_FACE('',(#849),#7674,.T.);
#8010=ADVANCED_FACE('',(#850),#49,.T.);
#8011=ADVANCED_FACE('',(#851),#7675,.T.);
#8012=ADVANCED_FACE('',(#852),#134,.T.);
#8013=ADVANCED_FACE('',(#853),#7676,.T.);
#8014=ADVANCED_FACE('',(#854),#135,.T.);
#8015=ADVANCED_FACE('',(#855),#7677,.F.);
#8016=ADVANCED_FACE('',(#856),#19,.T.);
#8017=ADVANCED_FACE('',(#857),#572,.F.);
#8018=ADVANCED_FACE('',(#858),#20,.T.);
#8019=ADVANCED_FACE('',(#859),#136,.T.);
#8020=ADVANCED_FACE('',(#860),#137,.T.);
#8021=ADVANCED_FACE('',(#861),#7678,.T.);
#8022=ADVANCED_FACE('',(#862),#138,.T.);
#8023=ADVANCED_FACE('',(#863),#139,.T.);
#8024=ADVANCED_FACE('',(#864),#7679,.T.);
#8025=ADVANCED_FACE('',(#865),#140,.T.);
#8026=ADVANCED_FACE('',(#866),#141,.T.);
#8027=ADVANCED_FACE('',(#867),#7680,.T.);
#8028=ADVANCED_FACE('',(#868),#142,.T.);
#8029=ADVANCED_FACE('',(#869),#7681,.T.);
#8030=ADVANCED_FACE('',(#870),#143,.T.);
#8031=ADVANCED_FACE('',(#871),#7682,.F.);
#8032=ADVANCED_FACE('',(#872),#21,.T.);
#8033=ADVANCED_FACE('',(#873),#573,.F.);
#8034=ADVANCED_FACE('',(#874),#22,.T.);
#8035=ADVANCED_FACE('',(#875),#144,.T.);
#8036=ADVANCED_FACE('',(#876),#145,.T.);
#8037=ADVANCED_FACE('',(#877),#7683,.T.);
#8038=ADVANCED_FACE('',(#878),#146,.T.);
#8039=ADVANCED_FACE('',(#879),#147,.T.);
#8040=ADVANCED_FACE('',(#880),#7684,.T.);
#8041=ADVANCED_FACE('',(#881),#148,.T.);
#8042=ADVANCED_FACE('',(#882),#149,.T.);
#8043=ADVANCED_FACE('',(#883),#7685,.T.);
#8044=ADVANCED_FACE('',(#884),#150,.T.);
#8045=ADVANCED_FACE('',(#885),#7686,.T.);
#8046=ADVANCED_FACE('',(#886),#151,.T.);
#8047=ADVANCED_FACE('',(#887),#7687,.F.);
#8048=ADVANCED_FACE('',(#888),#23,.T.);
#8049=ADVANCED_FACE('',(#889),#574,.F.);
#8050=ADVANCED_FACE('',(#890),#24,.T.);
#8051=ADVANCED_FACE('',(#891),#152,.T.);
#8052=ADVANCED_FACE('',(#892),#153,.T.);
#8053=ADVANCED_FACE('',(#893),#7688,.T.);
#8054=ADVANCED_FACE('',(#894),#154,.T.);
#8055=ADVANCED_FACE('',(#895),#155,.T.);
#8056=ADVANCED_FACE('',(#896),#7689,.T.);
#8057=ADVANCED_FACE('',(#897),#156,.T.);
#8058=ADVANCED_FACE('',(#898),#157,.T.);
#8059=ADVANCED_FACE('',(#899),#7690,.T.);
#8060=ADVANCED_FACE('',(#900),#7691,.T.);
#8061=ADVANCED_FACE('',(#901),#158,.T.);
#8062=ADVANCED_FACE('',(#902),#159,.T.);
#8063=ADVANCED_FACE('',(#903),#575,.F.);
#8064=ADVANCED_FACE('',(#904),#50,.F.);
#8065=ADVANCED_FACE('',(#905,#202),#7692,.F.);
#8066=ADVANCED_FACE('',(#906,#203,#204,#205,#206,#207,#208),#7693,.T.);
#8067=ADVANCED_FACE('',(#907),#25,.T.);
#8068=ADVANCED_FACE('',(#908),#576,.F.);
#8069=ADVANCED_FACE('',(#909),#26,.T.);
#8070=ADVANCED_FACE('',(#910),#160,.T.);
#8071=ADVANCED_FACE('',(#911),#161,.T.);
#8072=ADVANCED_FACE('',(#912),#7694,.T.);
#8073=ADVANCED_FACE('',(#913),#51,.T.);
#8074=ADVANCED_FACE('',(#914),#7695,.T.);
#8075=ADVANCED_FACE('',(#915),#52,.T.);
#8076=ADVANCED_FACE('',(#916),#7696,.T.);
#8077=ADVANCED_FACE('',(#917),#162,.T.);
#8078=ADVANCED_FACE('',(#918),#7697,.T.);
#8079=ADVANCED_FACE('',(#919),#163,.T.);
#8080=ADVANCED_FACE('',(#920),#53,.F.);
#8081=ADVANCED_FACE('',(#921,#209,#210),#7698,.T.);
#8082=ADVANCED_FACE('',(#922),#577,.F.);
#8083=ADVANCED_FACE('',(#923),#54,.F.);
#8084=ADVANCED_FACE('',(#924),#578,.F.);
#8085=ADVANCED_FACE('',(#925),#55,.F.);
#8086=ADVANCED_FACE('',(#926,#211),#7699,.T.);
#8087=ADVANCED_FACE('',(#927),#579,.F.);
#8088=ADVANCED_FACE('',(#928),#164,.T.);
#8089=ADVANCED_FACE('',(#929),#7700,.T.);
#8090=ADVANCED_FACE('',(#930),#165,.T.);
#8091=ADVANCED_FACE('',(#931),#7701,.T.);
#8092=ADVANCED_FACE('',(#932),#56,.T.);
#8093=ADVANCED_FACE('',(#933),#7702,.T.);
#8094=ADVANCED_FACE('',(#934),#57,.T.);
#8095=ADVANCED_FACE('',(#935),#7703,.T.);
#8096=ADVANCED_FACE('',(#936),#166,.T.);
#8097=ADVANCED_FACE('',(#937),#167,.T.);
#8098=ADVANCED_FACE('',(#938),#7704,.T.);
#8099=ADVANCED_FACE('',(#939),#580,.T.);
#8100=ADVANCED_FACE('',(#940,#212,#213,#214),#7705,.T.);
#8101=ADVANCED_FACE('',(#941),#581,.T.);
#8102=ADVANCED_FACE('',(#942),#168,.T.);
#8103=ADVANCED_FACE('',(#943),#169,.T.);
#8104=ADVANCED_FACE('',(#944),#7706,.T.);
#8105=ADVANCED_FACE('',(#945),#7707,.T.);
#8106=ADVANCED_FACE('',(#946),#170,.T.);
#8107=ADVANCED_FACE('',(#947),#171,.T.);
#8108=ADVANCED_FACE('',(#948),#7708,.T.);
#8109=ADVANCED_FACE('',(#949),#172,.T.);
#8110=ADVANCED_FACE('',(#950),#173,.T.);
#8111=ADVANCED_FACE('',(#951),#7709,.T.);
#8112=ADVANCED_FACE('',(#952),#174,.T.);
#8113=ADVANCED_FACE('',(#953),#175,.T.);
#8114=ADVANCED_FACE('',(#954),#27,.T.);
#8115=ADVANCED_FACE('',(#955),#582,.F.);
#8116=ADVANCED_FACE('',(#956),#28,.T.);
#8117=ADVANCED_FACE('',(#957),#7710,.T.);
#8118=ADVANCED_FACE('',(#958),#7711,.T.);
#8119=ADVANCED_FACE('',(#959),#176,.T.);
#8120=ADVANCED_FACE('',(#960),#7712,.T.);
#8121=ADVANCED_FACE('',(#961),#177,.T.);
#8122=ADVANCED_FACE('',(#962),#7713,.T.);
#8123=ADVANCED_FACE('',(#963),#178,.T.);
#8124=ADVANCED_FACE('',(#964),#179,.T.);
#8125=ADVANCED_FACE('',(#965),#7714,.T.);
#8126=ADVANCED_FACE('',(#966),#180,.T.);
#8127=ADVANCED_FACE('',(#967),#181,.T.);
#8128=ADVANCED_FACE('',(#968),#7715,.T.);
#8129=ADVANCED_FACE('',(#969),#182,.T.);
#8130=ADVANCED_FACE('',(#970),#183,.T.);
#8131=ADVANCED_FACE('',(#971),#29,.T.);
#8132=ADVANCED_FACE('',(#972),#583,.F.);
#8133=ADVANCED_FACE('',(#973),#30,.T.);
#8134=ADVANCED_FACE('',(#974),#7716,.T.);
#8135=ADVANCED_FACE('',(#975),#184,.T.);
#8136=ADVANCED_FACE('',(#976),#7717,.T.);
#8137=ADVANCED_FACE('',(#977),#185,.T.);
#8138=ADVANCED_FACE('',(#978),#7718,.T.);
#8139=ADVANCED_FACE('',(#979),#186,.T.);
#8140=ADVANCED_FACE('',(#980),#187,.T.);
#8141=ADVANCED_FACE('',(#981),#7719,.T.);
#8142=ADVANCED_FACE('',(#982),#188,.T.);
#8143=ADVANCED_FACE('',(#983),#189,.T.);
#8144=ADVANCED_FACE('',(#984),#7720,.T.);
#8145=ADVANCED_FACE('',(#985),#190,.T.);
#8146=ADVANCED_FACE('',(#986),#191,.T.);
#8147=ADVANCED_FACE('',(#987),#31,.T.);
#8148=ADVANCED_FACE('',(#988),#584,.F.);
#8149=ADVANCED_FACE('',(#989),#32,.T.);
#8150=ADVANCED_FACE('',(#990),#7721,.T.);
#8151=ADVANCED_FACE('',(#991),#58,.F.);
#8152=ADVANCED_FACE('',(#992,#215),#7722,.T.);
#8153=ADVANCED_FACE('',(#993),#585,.F.);
#8154=ADVANCED_FACE('',(#994),#192,.T.);
#8155=ADVANCED_FACE('',(#995),#7723,.T.);
#8156=ADVANCED_FACE('',(#996),#193,.T.);
#8157=ADVANCED_FACE('',(#997),#7724,.T.);
#8158=ADVANCED_FACE('',(#998),#59,.T.);
#8159=ADVANCED_FACE('',(#999),#7725,.T.);
#8160=ADVANCED_FACE('',(#1000),#60,.T.);
#8161=ADVANCED_FACE('',(#1001),#7726,.T.);
#8162=ADVANCED_FACE('',(#1002),#194,.T.);
#8163=ADVANCED_FACE('',(#1003),#195,.T.);
#8164=ADVANCED_FACE('',(#1004),#586,.T.);
#8165=ADVANCED_FACE('',(#1005),#7727,.T.);
#8166=ADVANCED_FACE('',(#1006),#587,.T.);
#8167=ADVANCED_FACE('',(#1007),#7728,.T.);
#8168=ADVANCED_FACE('',(#1008),#196,.F.);
#8169=ADVANCED_FACE('',(#1009),#7729,.T.);
#8170=ADVANCED_FACE('',(#1010),#197,.F.);
#8171=ADVANCED_FACE('',(#1011),#7730,.T.);
#8172=ADVANCED_FACE('',(#1012),#7731,.T.);
#8173=ADVANCED_FACE('',(#1013),#7732,.T.);
#8174=ADVANCED_FACE('',(#1014),#7733,.T.);
#8175=ADVANCED_FACE('',(#1015),#7734,.T.);
#8176=ADVANCED_FACE('',(#1016),#7735,.T.);
#8177=ADVANCED_FACE('',(#1017),#7736,.T.);
#8178=ADVANCED_FACE('',(#1018),#7737,.T.);
#8179=ADVANCED_FACE('',(#1019),#7738,.T.);
#8180=ADVANCED_FACE('',(#1020),#7739,.T.);
#8181=ADVANCED_FACE('',(#1021),#7740,.T.);
#8182=ADVANCED_FACE('',(#1022),#7741,.T.);
#8183=ADVANCED_FACE('',(#1023),#7742,.T.);
#8184=ADVANCED_FACE('',(#1024),#7743,.T.);
#8185=ADVANCED_FACE('',(#1025),#7744,.T.);
#8186=ADVANCED_FACE('',(#1026),#7745,.T.);
#8187=ADVANCED_FACE('',(#1027),#7746,.T.);
#8188=ADVANCED_FACE('',(#1028),#7747,.T.);
#8189=ADVANCED_FACE('',(#1029),#7748,.T.);
#8190=ADVANCED_FACE('',(#1030),#7749,.T.);
#8191=ADVANCED_FACE('',(#1031),#7750,.T.);
#8192=ADVANCED_FACE('',(#1032),#7751,.T.);
#8193=ADVANCED_FACE('',(#1033),#7752,.T.);
#8194=ADVANCED_FACE('',(#1034),#7753,.T.);
#8195=ADVANCED_FACE('',(#1035),#7754,.T.);
#8196=ADVANCED_FACE('',(#1036),#7755,.T.);
#8197=ADVANCED_FACE('',(#1037),#7756,.T.);
#8198=ADVANCED_FACE('',(#1038),#7757,.T.);
#8199=ADVANCED_FACE('',(#1039),#7758,.T.);
#8200=ADVANCED_FACE('',(#1040,#216),#7759,.F.);
#8201=ADVANCED_FACE('',(#1041,#217),#7760,.F.);
#8202=ADVANCED_FACE('',(#1042),#61,.T.);
#8203=ADVANCED_FACE('',(#1043),#7761,.T.);
#8204=ADVANCED_FACE('',(#1044),#62,.T.);
#8205=ADVANCED_FACE('',(#1045),#7762,.T.);
#8206=ADVANCED_FACE('',(#1046),#63,.T.);
#8207=ADVANCED_FACE('',(#1047),#7763,.T.);
#8208=ADVANCED_FACE('',(#1048),#64,.T.);
#8209=ADVANCED_FACE('',(#1049),#7764,.T.);
#8210=ADVANCED_FACE('',(#1050),#588,.F.);
#8211=ADVANCED_FACE('',(#1051),#589,.T.);
#8212=ADVANCED_FACE('',(#1052),#590,.T.);
#8213=ADVANCED_FACE('',(#1053),#33,.T.);
#8214=ADVANCED_FACE('',(#1054),#591,.T.);
#8215=ADVANCED_FACE('',(#1055),#592,.T.);
#8216=ADVANCED_FACE('',(#1056),#593,.T.);
#8217=ADVANCED_FACE('',(#1057),#594,.T.);
#8218=ADVANCED_FACE('',(#1058),#595,.T.);
#8219=ADVANCED_FACE('',(#1059),#596,.T.);
#8220=ADVANCED_FACE('',(#1060),#597,.T.);
#8221=ADVANCED_FACE('',(#1061),#34,.T.);
#8222=ADVANCED_FACE('',(#1062),#598,.T.);
#8223=ADVANCED_FACE('',(#1063),#599,.T.);
#8224=ADVANCED_FACE('',(#1064),#600,.T.);
#8225=ADVANCED_FACE('',(#1065),#601,.F.);
#8226=ADVANCED_FACE('',(#1066),#7765,.T.);
#8227=ADVANCED_FACE('',(#1067),#7766,.T.);
#8228=ADVANCED_FACE('',(#1068),#7767,.T.);
#8229=ADVANCED_FACE('',(#1069),#602,.T.);
#8230=ADVANCED_FACE('',(#1070),#603,.T.);
#8231=ADVANCED_FACE('',(#1071),#35,.T.);
#8232=ADVANCED_FACE('',(#1072),#604,.T.);
#8233=ADVANCED_FACE('',(#1073),#7768,.T.);
#8234=ADVANCED_FACE('',(#1074),#7769,.T.);
#8235=ADVANCED_FACE('',(#1075),#7770,.T.);
#8236=ADVANCED_FACE('',(#1076),#605,.T.);
#8237=ADVANCED_FACE('',(#1077),#606,.T.);
#8238=ADVANCED_FACE('',(#1078),#36,.T.);
#8239=ADVANCED_FACE('',(#1079),#607,.T.);
#8240=ADVANCED_FACE('',(#1080),#7771,.T.);
#8241=ADVANCED_FACE('',(#1081),#7772,.T.);
#8242=ADVANCED_FACE('',(#1082),#7773,.T.);
#8243=ADVANCED_FACE('',(#1083),#608,.T.);
#8244=ADVANCED_FACE('',(#1084),#609,.T.);
#8245=ADVANCED_FACE('',(#1085),#610,.T.);
#8246=ADVANCED_FACE('',(#1086),#7774,.T.);
#8247=ADVANCED_FACE('',(#1087),#7775,.T.);
#8248=ADVANCED_FACE('',(#1088),#7776,.T.);
#8249=ADVANCED_FACE('',(#1089),#37,.T.);
#8250=ADVANCED_FACE('',(#1090),#611,.T.);
#8251=ADVANCED_FACE('',(#1091),#612,.T.);
#8252=ADVANCED_FACE('',(#1092),#613,.T.);
#8253=ADVANCED_FACE('',(#1093),#38,.T.);
#8254=ADVANCED_FACE('',(#1094),#614,.F.);
#8255=ADVANCED_FACE('',(#1095),#39,.T.);
#8256=ADVANCED_FACE('',(#1096),#40,.T.);
#8257=ADVANCED_FACE('',(#1097),#615,.F.);
#8258=ADVANCED_FACE('',(#1098),#41,.T.);
#8259=ADVANCED_FACE('',(#1099),#42,.T.);
#8260=ADVANCED_FACE('',(#1100),#616,.F.);
#8261=CLOSED_SHELL('',(#7777,#7778,#7779,#7780,#7781,#7782,#7783,#7784,
#7785,#7786,#7787,#7788,#7789,#7790));
#8262=CLOSED_SHELL('',(#7791,#7792,#7793,#7794,#7795,#7796));
#8263=CLOSED_SHELL('',(#7797,#7798,#7799,#7800,#7801,#7802,#7803,#7804,
#7805,#7806,#7807,#7808,#7809,#7810));
#8264=CLOSED_SHELL('',(#7811,#7812,#7813,#7814,#7815,#7816));
#8265=CLOSED_SHELL('',(#7817,#7818,#7819,#7820,#7821,#7822));
#8266=CLOSED_SHELL('',(#7823,#7824,#7825,#7826,#7827,#7828));
#8267=CLOSED_SHELL('',(#7829,#7830,#7831,#7832,#7833,#7834,#7835,#7836,
#7837,#7838,#7839,#7840,#7841,#7842,#7843,#7844));
#8268=CLOSED_SHELL('',(#7845,#7846,#7847,#7848,#7849,#7850,#7851,#7852,
#7853));
#8269=CLOSED_SHELL('',(#7854,#7855,#7856,#7857,#7858,#7859,#7860,#7861,
#7862,#7863,#7864,#7865,#7866,#7867,#7868,#7869,#7870,#7871,#7872,#7873,
#7874,#7875,#7876,#7877,#7878,#7879,#7880,#7881,#7882,#7883,#7884,#7885,
#7886,#7887,#7888,#7889,#7890,#7891,#7892,#7893,#7894,#7895,#7896,#7897,
#7898,#7899,#7900,#7901,#7902,#7903,#7904,#7905,#7906,#7907,#7908,#7909,
#7910,#7911,#7912,#7913,#7914,#7915,#7916,#7917,#7918,#7919,#7920,#7921,
#7922,#7923,#7924,#7925,#7926,#7927,#7928,#7929,#7930,#7931,#7932,#7933,
#7934,#7935,#7936,#7937,#7938,#7939,#7940,#7941,#7942,#7943,#7944,#7945,
#7946,#7947,#7948,#7949,#7950,#7951,#7952,#7953,#7954,#7955,#7956,#7957,
#7958,#7959,#7960,#7961,#7962,#7963,#7964,#7965,#7966,#7967,#7968,#7969,
#7970,#7971,#7972,#7973,#7974,#7975,#7976,#7977,#7978,#7979,#7980,#7981,
#7982,#7983,#7984,#7985,#7986,#7987,#7988,#7989,#7990,#7991,#7992,#7993,
#7994,#7995,#7996,#7997,#7998,#7999,#8000,#8001,#8002,#8003,#8004,#8005,
#8006,#8007,#8008,#8009,#8010,#8011,#8012,#8013,#8014,#8015,#8016,#8017,
#8018,#8019,#8020,#8021,#8022,#8023,#8024,#8025,#8026,#8027,#8028,#8029,
#8030,#8031,#8032,#8033,#8034,#8035,#8036,#8037,#8038,#8039,#8040,#8041,
#8042,#8043,#8044,#8045,#8046,#8047,#8048,#8049,#8050,#8051,#8052,#8053,
#8054,#8055,#8056,#8057,#8058,#8059,#8060,#8061,#8062,#8063,#8064,#8065,
#8066,#8067,#8068,#8069,#8070,#8071,#8072,#8073,#8074,#8075,#8076,#8077,
#8078,#8079));
#8270=CLOSED_SHELL('',(#8080,#8081,#8082,#8083,#8084,#8085,#8086,#8087,
#8088,#8089,#8090,#8091,#8092,#8093,#8094,#8095,#8096,#8097,#8098,#8099,
#8100,#8101,#8102,#8103,#8104,#8105,#8106,#8107,#8108,#8109,#8110,#8111,
#8112,#8113,#8114,#8115,#8116,#8117,#8118,#8119,#8120,#8121,#8122,#8123,
#8124,#8125,#8126,#8127,#8128,#8129,#8130,#8131,#8132,#8133,#8134,#8135,
#8136,#8137,#8138,#8139,#8140,#8141,#8142,#8143,#8144,#8145,#8146,#8147,
#8148,#8149,#8150,#8151,#8152,#8153,#8154,#8155,#8156,#8157,#8158,#8159,
#8160,#8161,#8162,#8163,#8164,#8165,#8166,#8167,#8168,#8169,#8170,#8171,
#8172,#8173,#8174,#8175,#8176,#8177,#8178,#8179,#8180,#8181,#8182,#8183,
#8184,#8185,#8186,#8187,#8188,#8189,#8190,#8191,#8192,#8193,#8194,#8195,
#8196,#8197,#8198,#8199,#8200,#8201,#8202,#8203,#8204,#8205,#8206,#8207,
#8208,#8209,#8210,#8211,#8212,#8213,#8214,#8215,#8216,#8217,#8218,#8219,
#8220,#8221,#8222,#8223,#8224,#8225,#8226,#8227,#8228,#8229,#8230,#8231,
#8232,#8233,#8234,#8235,#8236,#8237,#8238,#8239,#8240,#8241,#8242,#8243,
#8244,#8245,#8246,#8247,#8248,#8249,#8250,#8251,#8252,#8253,#8254,#8255,
#8256,#8257,#8258,#8259,#8260));
#8271=DERIVED_UNIT_ELEMENT(#8281,1.);
#8272=DERIVED_UNIT_ELEMENT(#15944,-3.);
#8273=DERIVED_UNIT_ELEMENT(#8281,1.);
#8274=DERIVED_UNIT_ELEMENT(#15944,-3.);
#8275=DERIVED_UNIT_ELEMENT(#8281,1.);
#8276=DERIVED_UNIT_ELEMENT(#15944,-3.);
#8277=DERIVED_UNIT_ELEMENT(#8281,1.);
#8278=DERIVED_UNIT_ELEMENT(#15944,-3.);
#8279=DERIVED_UNIT_ELEMENT(#8281,1.);
#8280=DERIVED_UNIT_ELEMENT(#15944,-3.);
#8281=(
MASS_UNIT()
NAMED_UNIT(*)
SI_UNIT(.KILO.,.GRAM.)
);
#8282=DERIVED_UNIT((#8271,#8272));
#8283=DERIVED_UNIT((#8273,#8274));
#8284=DERIVED_UNIT((#8275,#8276));
#8285=DERIVED_UNIT((#8277,#8278));
#8286=DERIVED_UNIT((#8279,#8280));
#8287=MEASURE_REPRESENTATION_ITEM('density measure',
POSITIVE_RATIO_MEASURE(7850.),#8282);
#8288=MEASURE_REPRESENTATION_ITEM('density measure',
POSITIVE_RATIO_MEASURE(7850.),#8283);
#8289=MEASURE_REPRESENTATION_ITEM('density measure',
POSITIVE_RATIO_MEASURE(7850.),#8284);
#8290=MEASURE_REPRESENTATION_ITEM('density measure',
POSITIVE_RATIO_MEASURE(7850.),#8285);
#8291=MEASURE_REPRESENTATION_ITEM('density measure',
POSITIVE_RATIO_MEASURE(7850.),#8286);
#8292=PROPERTY_DEFINITION_REPRESENTATION(#8317,#8302);
#8293=PROPERTY_DEFINITION_REPRESENTATION(#8318,#8303);
#8294=PROPERTY_DEFINITION_REPRESENTATION(#8319,#8304);
#8295=PROPERTY_DEFINITION_REPRESENTATION(#8320,#8305);
#8296=PROPERTY_DEFINITION_REPRESENTATION(#8321,#8306);
#8297=PROPERTY_DEFINITION_REPRESENTATION(#8322,#8307);
#8298=PROPERTY_DEFINITION_REPRESENTATION(#8323,#8308);
#8299=PROPERTY_DEFINITION_REPRESENTATION(#8324,#8309);
#8300=PROPERTY_DEFINITION_REPRESENTATION(#8325,#8310);
#8301=PROPERTY_DEFINITION_REPRESENTATION(#8326,#8311);
#8302=REPRESENTATION('material name',(#8312),#15937);
#8303=REPRESENTATION('density',(#8287),#15937);
#8304=REPRESENTATION('material name',(#8313),#15938);
#8305=REPRESENTATION('density',(#8288),#15938);
#8306=REPRESENTATION('material name',(#8314),#15939);
#8307=REPRESENTATION('density',(#8289),#15939);
#8308=REPRESENTATION('material name',(#8315),#15940);
#8309=REPRESENTATION('density',(#8290),#15940);
#8310=REPRESENTATION('material name',(#8316),#15941);
#8311=REPRESENTATION('density',(#8291),#15941);
#8312=DESCRIPTIVE_REPRESENTATION_ITEM('Steel','Steel');
#8313=DESCRIPTIVE_REPRESENTATION_ITEM('Steel','Steel');
#8314=DESCRIPTIVE_REPRESENTATION_ITEM('Steel','Steel');
#8315=DESCRIPTIVE_REPRESENTATION_ITEM('Steel','Steel');
#8316=DESCRIPTIVE_REPRESENTATION_ITEM('Steel','Steel');
#8317=PROPERTY_DEFINITION('material property','material name',#15982);
#8318=PROPERTY_DEFINITION('material property','density of part',#15982);
#8319=PROPERTY_DEFINITION('material property','material name',#15983);
#8320=PROPERTY_DEFINITION('material property','density of part',#15983);
#8321=PROPERTY_DEFINITION('material property','material name',#15984);
#8322=PROPERTY_DEFINITION('material property','density of part',#15984);
#8323=PROPERTY_DEFINITION('material property','material name',#15985);
#8324=PROPERTY_DEFINITION('material property','density of part',#15985);
#8325=PROPERTY_DEFINITION('material property','material name',#15986);
#8326=PROPERTY_DEFINITION('material property','density of part',#15986);
#8327=AXIS2_PLACEMENT_3D('',#11003,#8981,#8982);
#8328=AXIS2_PLACEMENT_3D('',#11004,#8983,#8984);
#8329=AXIS2_PLACEMENT_3D('',#11005,#8985,#8986);
#8330=AXIS2_PLACEMENT_3D('',#11006,#8987,#8988);
#8331=AXIS2_PLACEMENT_3D('',#11007,#8989,#8990);
#8332=AXIS2_PLACEMENT_3D('',#11010,#8991,#8992);
#8333=AXIS2_PLACEMENT_3D('',#11014,#8994,#8995);
#8334=AXIS2_PLACEMENT_3D('',#11018,#8997,#8998);
#8335=AXIS2_PLACEMENT_3D('',#11022,#9000,#9001);
#8336=AXIS2_PLACEMENT_3D('',#11026,#9003,#9004);
#8337=AXIS2_PLACEMENT_3D('',#11030,#9006,#9007);
#8338=AXIS2_PLACEMENT_3D('',#11032,#9009,#9010);
#8339=AXIS2_PLACEMENT_3D('',#11036,#9012,#9013);
#8340=AXIS2_PLACEMENT_3D('',#11038,#9015,#9016);
#8341=AXIS2_PLACEMENT_3D('',#11042,#9019,#9020);
#8342=AXIS2_PLACEMENT_3D('',#11045,#9021,#9022);
#8343=AXIS2_PLACEMENT_3D('',#11048,#9025,#9026);
#8344=AXIS2_PLACEMENT_3D('',#11050,#9028,#9029);
#8345=AXIS2_PLACEMENT_3D('',#11054,#9031,#9032);
#8346=AXIS2_PLACEMENT_3D('',#11058,#9034,#9035);
#8347=AXIS2_PLACEMENT_3D('',#11062,#9037,#9038);
#8348=AXIS2_PLACEMENT_3D('',#11065,#9040,#9041);
#8349=AXIS2_PLACEMENT_3D('',#11066,#9042,#9043);
#8350=AXIS2_PLACEMENT_3D('',#11069,#9046,#9047);
#8351=AXIS2_PLACEMENT_3D('',#11071,#9049,#9050);
#8352=AXIS2_PLACEMENT_3D('',#11073,#9052,#9053);
#8353=AXIS2_PLACEMENT_3D('',#11075,#9055,#9056);
#8354=AXIS2_PLACEMENT_3D('',#11077,#9058,#9059);
#8355=AXIS2_PLACEMENT_3D('',#11078,#9060,#9061);
#8356=AXIS2_PLACEMENT_3D('',#11080,#9063,#9064);
#8357=AXIS2_PLACEMENT_3D('',#11081,#9065,#9066);
#8358=AXIS2_PLACEMENT_3D('',#11084,#9067,#9068);
#8359=AXIS2_PLACEMENT_3D('',#11086,#9069,#9070);
#8360=AXIS2_PLACEMENT_3D('',#11088,#9071,#9072);
#8361=AXIS2_PLACEMENT_3D('',#11089,#9073,#9074);
#8362=AXIS2_PLACEMENT_3D('',#11090,#9075,#9076);
#8363=AXIS2_PLACEMENT_3D('',#11093,#9077,#9078);
#8364=AXIS2_PLACEMENT_3D('',#11096,#9081,#9082);
#8365=AXIS2_PLACEMENT_3D('',#11098,#9083,#9084);
#8366=AXIS2_PLACEMENT_3D('',#11100,#9086,#9087);
#8367=AXIS2_PLACEMENT_3D('',#11102,#9088,#9089);
#8368=AXIS2_PLACEMENT_3D('',#11104,#9091,#9092);
#8369=AXIS2_PLACEMENT_3D('',#11105,#9093,#9094);
#8370=AXIS2_PLACEMENT_3D('',#11106,#9095,#9096);
#8371=AXIS2_PLACEMENT_3D('',#11107,#9097,#9098);
#8372=AXIS2_PLACEMENT_3D('',#11108,#9099,#9100);
#8373=AXIS2_PLACEMENT_3D('',#11111,#9101,#9102);
#8374=AXIS2_PLACEMENT_3D('',#11115,#9104,#9105);
#8375=AXIS2_PLACEMENT_3D('',#11119,#9107,#9108);
#8376=AXIS2_PLACEMENT_3D('',#11123,#9110,#9111);
#8377=AXIS2_PLACEMENT_3D('',#11127,#9113,#9114);
#8378=AXIS2_PLACEMENT_3D('',#11131,#9116,#9117);
#8379=AXIS2_PLACEMENT_3D('',#11133,#9119,#9120);
#8380=AXIS2_PLACEMENT_3D('',#11136,#9121,#9122);
#8381=AXIS2_PLACEMENT_3D('',#11139,#9125,#9126);
#8382=AXIS2_PLACEMENT_3D('',#11143,#9129,#9130);
#8383=AXIS2_PLACEMENT_3D('',#11147,#9132,#9133);
#8384=AXIS2_PLACEMENT_3D('',#11151,#9135,#9136);
#8385=AXIS2_PLACEMENT_3D('',#11155,#9138,#9139);
#8386=AXIS2_PLACEMENT_3D('',#11159,#9141,#9142);
#8387=AXIS2_PLACEMENT_3D('',#11162,#9144,#9145);
#8388=AXIS2_PLACEMENT_3D('',#11163,#9146,#9147);
#8389=AXIS2_PLACEMENT_3D('',#11166,#9150,#9151);
#8390=AXIS2_PLACEMENT_3D('',#11168,#9153,#9154);
#8391=AXIS2_PLACEMENT_3D('',#11170,#9156,#9157);
#8392=AXIS2_PLACEMENT_3D('',#11172,#9159,#9160);
#8393=AXIS2_PLACEMENT_3D('',#11174,#9162,#9163);
#8394=AXIS2_PLACEMENT_3D('',#11177,#9166,#9167);
#8395=AXIS2_PLACEMENT_3D('',#11178,#9168,#9169);
#8396=AXIS2_PLACEMENT_3D('',#11180,#9171,#9172);
#8397=AXIS2_PLACEMENT_3D('',#11181,#9173,#9174);
#8398=AXIS2_PLACEMENT_3D('',#11182,#9175,#9176);
#8399=AXIS2_PLACEMENT_3D('',#11185,#9177,#9178);
#8400=AXIS2_PLACEMENT_3D('',#11187,#9179,#9180);
#8401=AXIS2_PLACEMENT_3D('',#11189,#9181,#9182);
#8402=AXIS2_PLACEMENT_3D('',#11190,#9183,#9184);
#8403=AXIS2_PLACEMENT_3D('',#11191,#9185,#9186);
#8404=AXIS2_PLACEMENT_3D('',#11194,#9187,#9188);
#8405=AXIS2_PLACEMENT_3D('',#11197,#9191,#9192);
#8406=AXIS2_PLACEMENT_3D('',#11199,#9193,#9194);
#8407=AXIS2_PLACEMENT_3D('',#11201,#9196,#9197);
#8408=AXIS2_PLACEMENT_3D('',#11203,#9198,#9199);
#8409=AXIS2_PLACEMENT_3D('',#11205,#9201,#9202);
#8410=AXIS2_PLACEMENT_3D('',#11206,#9203,#9204);
#8411=AXIS2_PLACEMENT_3D('',#11207,#9205,#9206);
#8412=AXIS2_PLACEMENT_3D('',#11208,#9207,#9208);
#8413=AXIS2_PLACEMENT_3D('',#11211,#9209,#9210);
#8414=AXIS2_PLACEMENT_3D('',#11213,#9211,#9212);
#8415=AXIS2_PLACEMENT_3D('',#11215,#9213,#9214);
#8416=AXIS2_PLACEMENT_3D('',#11216,#9215,#9216);
#8417=AXIS2_PLACEMENT_3D('',#11217,#9217,#9218);
#8418=AXIS2_PLACEMENT_3D('',#11220,#9219,#9220);
#8419=AXIS2_PLACEMENT_3D('',#11223,#9223,#9224);
#8420=AXIS2_PLACEMENT_3D('',#11225,#9225,#9226);
#8421=AXIS2_PLACEMENT_3D('',#11227,#9228,#9229);
#8422=AXIS2_PLACEMENT_3D('',#11229,#9230,#9231);
#8423=AXIS2_PLACEMENT_3D('',#11231,#9233,#9234);
#8424=AXIS2_PLACEMENT_3D('',#11232,#9235,#9236);
#8425=AXIS2_PLACEMENT_3D('',#11233,#9237,#9238);
#8426=AXIS2_PLACEMENT_3D('',#11234,#9239,#9240);
#8427=AXIS2_PLACEMENT_3D('',#11237,#9241,#9242);
#8428=AXIS2_PLACEMENT_3D('',#11239,#9243,#9244);
#8429=AXIS2_PLACEMENT_3D('',#11241,#9245,#9246);
#8430=AXIS2_PLACEMENT_3D('',#11242,#9247,#9248);
#8431=AXIS2_PLACEMENT_3D('',#11243,#9249,#9250);
#8432=AXIS2_PLACEMENT_3D('',#11247,#9252,#9253);
#8433=AXIS2_PLACEMENT_3D('',#11249,#9255,#9256);
#8434=AXIS2_PLACEMENT_3D('',#11251,#9257,#9258);
#8435=AXIS2_PLACEMENT_3D('',#11253,#9260,#9261);
#8436=AXIS2_PLACEMENT_3D('',#11255,#9262,#9263);
#8437=AXIS2_PLACEMENT_3D('',#11257,#9265,#9266);
#8438=AXIS2_PLACEMENT_3D('',#11258,#9267,#9268);
#8439=AXIS2_PLACEMENT_3D('',#11259,#9269,#9270);
#8440=AXIS2_PLACEMENT_3D('',#11260,#9271,#9272);
#8441=AXIS2_PLACEMENT_3D('',#11261,#9273,#9274);
#8442=AXIS2_PLACEMENT_3D('',#11264,#9275,#9276);
#8443=AXIS2_PLACEMENT_3D('',#11268,#9278,#9279);
#8444=AXIS2_PLACEMENT_3D('',#11270,#9280,#9281);
#8445=AXIS2_PLACEMENT_3D('',#11274,#9283,#9284);
#8446=AXIS2_PLACEMENT_3D('',#11278,#9286,#9287);
#8447=AXIS2_PLACEMENT_3D('',#11282,#9289,#9290);
#8448=AXIS2_PLACEMENT_3D('',#11284,#9291,#9292);
#8449=AXIS2_PLACEMENT_3D('',#11288,#9294,#9295);
#8450=AXIS2_PLACEMENT_3D('',#11290,#9297,#9298);
#8451=AXIS2_PLACEMENT_3D('',#11294,#9300,#9301);
#8452=AXIS2_PLACEMENT_3D('',#11296,#9303,#9304);
#8453=AXIS2_PLACEMENT_3D('',#11300,#9307,#9308);
#8454=AXIS2_PLACEMENT_3D('',#11304,#9310,#9311);
#8455=AXIS2_PLACEMENT_3D('',#11326,#9314,#9315);
#8456=AXIS2_PLACEMENT_3D('',#11327,#9316,#9317);
#8457=AXIS2_PLACEMENT_3D('',#11330,#9318,#9319);
#8458=AXIS2_PLACEMENT_3D('',#11333,#9322,#9323);
#8459=AXIS2_PLACEMENT_3D('',#11337,#9325,#9326);
#8460=AXIS2_PLACEMENT_3D('',#11339,#9327,#9328);
#8461=AXIS2_PLACEMENT_3D('',#11342,#9330,#9331);
#8462=AXIS2_PLACEMENT_3D('',#11347,#9334,#9335);
#8463=AXIS2_PLACEMENT_3D('',#11349,#9337,#9338);
#8464=AXIS2_PLACEMENT_3D('',#11351,#9340,#9341);
#8465=AXIS2_PLACEMENT_3D('',#11353,#9343,#9344);
#8466=AXIS2_PLACEMENT_3D('',#11356,#9347,#9348);
#8467=AXIS2_PLACEMENT_3D('',#11357,#9349,#9350);
#8468=AXIS2_PLACEMENT_3D('',#11378,#9353,#9354);
#8469=AXIS2_PLACEMENT_3D('',#11379,#9355,#9356);
#8470=AXIS2_PLACEMENT_3D('',#11380,#9357,#9358);
#8471=AXIS2_PLACEMENT_3D('',#11381,#9359,#9360);
#8472=AXIS2_PLACEMENT_3D('',#11382,#9361,#9362);
#8473=AXIS2_PLACEMENT_3D('',#11384,#9363,#9364);
#8474=AXIS2_PLACEMENT_3D('',#11392,#9365,#9366);
#8475=AXIS2_PLACEMENT_3D('',#11428,#9367,#9368);
#8476=AXIS2_PLACEMENT_3D('',#11588,#9370,#9371);
#8477=AXIS2_PLACEMENT_3D('',#11589,#9372,#9373);
#8478=AXIS2_PLACEMENT_3D('',#11590,#9374,#9375);
#8479=AXIS2_PLACEMENT_3D('',#11592,#9376,#9377);
#8480=AXIS2_PLACEMENT_3D('',#11651,#9379,#9380);
#8481=AXIS2_PLACEMENT_3D('',#11653,#9381,#9382);
#8482=AXIS2_PLACEMENT_3D('',#11655,#9384,#9385);
#8483=AXIS2_PLACEMENT_3D('',#11656,#9386,#9387);
#8484=AXIS2_PLACEMENT_3D('',#11657,#9388,#9389);
#8485=AXIS2_PLACEMENT_3D('',#11658,#9390,#9391);
#8486=AXIS2_PLACEMENT_3D('',#11659,#9392,#9393);
#8487=AXIS2_PLACEMENT_3D('',#11660,#9394,#9395);
#8488=AXIS2_PLACEMENT_3D('',#11662,#9396,#9397);
#8489=AXIS2_PLACEMENT_3D('',#11663,#9398,#9399);
#8490=AXIS2_PLACEMENT_3D('',#11665,#9400,#9401);
#8491=AXIS2_PLACEMENT_3D('',#11666,#9402,#9403);
#8492=AXIS2_PLACEMENT_3D('',#11675,#9408,#9409);
#8493=AXIS2_PLACEMENT_3D('',#11684,#9414,#9415);
#8494=AXIS2_PLACEMENT_3D('',#11687,#9418,#9419);
#8495=AXIS2_PLACEMENT_3D('',#11696,#9424,#9425);
#8496=AXIS2_PLACEMENT_3D('',#11705,#9430,#9431);
#8497=AXIS2_PLACEMENT_3D('',#11708,#9434,#9435);
#8498=AXIS2_PLACEMENT_3D('',#11717,#9440,#9441);
#8499=AXIS2_PLACEMENT_3D('',#11726,#9446,#9447);
#8500=AXIS2_PLACEMENT_3D('',#11729,#9450,#9451);
#8501=AXIS2_PLACEMENT_3D('',#11738,#9456,#9457);
#8502=AXIS2_PLACEMENT_3D('',#11747,#9462,#9463);
#8503=AXIS2_PLACEMENT_3D('',#11750,#9466,#9467);
#8504=AXIS2_PLACEMENT_3D('',#11753,#9468,#9469);
#8505=AXIS2_PLACEMENT_3D('',#11757,#9471,#9472);
#8506=AXIS2_PLACEMENT_3D('',#11759,#9474,#9475);
#8507=AXIS2_PLACEMENT_3D('',#11765,#9479,#9480);
#8508=AXIS2_PLACEMENT_3D('',#11767,#9481,#9482);
#8509=AXIS2_PLACEMENT_3D('',#11770,#9484,#9485);
#8510=AXIS2_PLACEMENT_3D('',#11771,#9486,#9487);
#8511=AXIS2_PLACEMENT_3D('',#11776,#9490,#9491);
#8512=AXIS2_PLACEMENT_3D('',#11777,#9492,#9493);
#8513=AXIS2_PLACEMENT_3D('',#11781,#9496,#9497);
#8514=AXIS2_PLACEMENT_3D('',#11784,#9499,#9500);
#8515=AXIS2_PLACEMENT_3D('',#11785,#9501,#9502);
#8516=AXIS2_PLACEMENT_3D('',#11791,#9506,#9507);
#8517=AXIS2_PLACEMENT_3D('',#11793,#9508,#9509);
#8518=AXIS2_PLACEMENT_3D('',#11796,#9511,#9512);
#8519=AXIS2_PLACEMENT_3D('',#11797,#9513,#9514);
#8520=AXIS2_PLACEMENT_3D('',#11803,#9518,#9519);
#8521=AXIS2_PLACEMENT_3D('',#11805,#9520,#9521);
#8522=AXIS2_PLACEMENT_3D('',#11808,#9523,#9524);
#8523=AXIS2_PLACEMENT_3D('',#11809,#9525,#9526);
#8524=AXIS2_PLACEMENT_3D('',#11812,#9529,#9530);
#8525=AXIS2_PLACEMENT_3D('',#11815,#9531,#9532);
#8526=AXIS2_PLACEMENT_3D('',#11818,#9535,#9536);
#8527=AXIS2_PLACEMENT_3D('',#11822,#9539,#9540);
#8528=AXIS2_PLACEMENT_3D('',#11824,#9541,#9542);
#8529=AXIS2_PLACEMENT_3D('',#11826,#9544,#9545);
#8530=AXIS2_PLACEMENT_3D('',#11827,#9546,#9547);
#8531=AXIS2_PLACEMENT_3D('',#11831,#9549,#9550);
#8532=AXIS2_PLACEMENT_3D('',#11832,#9551,#9552);
#8533=AXIS2_PLACEMENT_3D('',#11833,#9553,#9554);
#8534=AXIS2_PLACEMENT_3D('',#11835,#9555,#9556);
#8535=AXIS2_PLACEMENT_3D('',#11838,#9558,#9559);
#8536=AXIS2_PLACEMENT_3D('',#11839,#9560,#9561);
#8537=AXIS2_PLACEMENT_3D('',#11841,#9563,#9564);
#8538=AXIS2_PLACEMENT_3D('',#11845,#9566,#9567);
#8539=AXIS2_PLACEMENT_3D('',#11846,#9568,#9569);
#8540=AXIS2_PLACEMENT_3D('',#11847,#9570,#9571);
#8541=AXIS2_PLACEMENT_3D('',#11849,#9572,#9573);
#8542=AXIS2_PLACEMENT_3D('',#11852,#9575,#9576);
#8543=AXIS2_PLACEMENT_3D('',#11853,#9577,#9578);
#8544=AXIS2_PLACEMENT_3D('',#11855,#9580,#9581);
#8545=AXIS2_PLACEMENT_3D('',#11859,#9583,#9584);
#8546=AXIS2_PLACEMENT_3D('',#11860,#9585,#9586);
#8547=AXIS2_PLACEMENT_3D('',#11861,#9587,#9588);
#8548=AXIS2_PLACEMENT_3D('',#11863,#9589,#9590);
#8549=AXIS2_PLACEMENT_3D('',#11866,#9592,#9593);
#8550=AXIS2_PLACEMENT_3D('',#11867,#9594,#9595);
#8551=AXIS2_PLACEMENT_3D('',#11869,#9597,#9598);
#8552=AXIS2_PLACEMENT_3D('',#11873,#9600,#9601);
#8553=AXIS2_PLACEMENT_3D('',#11874,#9602,#9603);
#8554=AXIS2_PLACEMENT_3D('',#11875,#9604,#9605);
#8555=AXIS2_PLACEMENT_3D('',#11877,#9606,#9607);
#8556=AXIS2_PLACEMENT_3D('',#11880,#9609,#9610);
#8557=AXIS2_PLACEMENT_3D('',#11881,#9611,#9612);
#8558=AXIS2_PLACEMENT_3D('',#11889,#9613,#9614);
#8559=AXIS2_PLACEMENT_3D('',#11890,#9615,#9616);
#8560=AXIS2_PLACEMENT_3D('',#11891,#9617,#9618);
#8561=AXIS2_PLACEMENT_3D('',#11893,#9620,#9621);
#8562=AXIS2_PLACEMENT_3D('',#11897,#9623,#9624);
#8563=AXIS2_PLACEMENT_3D('',#11898,#9625,#9626);
#8564=AXIS2_PLACEMENT_3D('',#11899,#9627,#9628);
#8565=AXIS2_PLACEMENT_3D('',#11901,#9629,#9630);
#8566=AXIS2_PLACEMENT_3D('',#11904,#9632,#9633);
#8567=AXIS2_PLACEMENT_3D('',#11905,#9634,#9635);
#8568=AXIS2_PLACEMENT_3D('',#11907,#9637,#9638);
#8569=AXIS2_PLACEMENT_3D('',#11911,#9640,#9641);
#8570=AXIS2_PLACEMENT_3D('',#11912,#9642,#9643);
#8571=AXIS2_PLACEMENT_3D('',#11913,#9644,#9645);
#8572=AXIS2_PLACEMENT_3D('',#11915,#9646,#9647);
#8573=AXIS2_PLACEMENT_3D('',#11918,#9649,#9650);
#8574=AXIS2_PLACEMENT_3D('',#11919,#9651,#9652);
#8575=AXIS2_PLACEMENT_3D('',#11921,#9654,#9655);
#8576=AXIS2_PLACEMENT_3D('',#11925,#9657,#9658);
#8577=AXIS2_PLACEMENT_3D('',#11926,#9659,#9660);
#8578=AXIS2_PLACEMENT_3D('',#11927,#9661,#9662);
#8579=AXIS2_PLACEMENT_3D('',#11929,#9663,#9664);
#8580=AXIS2_PLACEMENT_3D('',#11932,#9666,#9667);
#8581=AXIS2_PLACEMENT_3D('',#11933,#9668,#9669);
#8582=AXIS2_PLACEMENT_3D('',#11935,#9671,#9672);
#8583=AXIS2_PLACEMENT_3D('',#11939,#9674,#9675);
#8584=AXIS2_PLACEMENT_3D('',#11940,#9676,#9677);
#8585=AXIS2_PLACEMENT_3D('',#11941,#9678,#9679);
#8586=AXIS2_PLACEMENT_3D('',#11943,#9680,#9681);
#8587=AXIS2_PLACEMENT_3D('',#11946,#9683,#9684);
#8588=AXIS2_PLACEMENT_3D('',#11947,#9685,#9686);
#8589=AXIS2_PLACEMENT_3D('',#11949,#9688,#9689);
#8590=AXIS2_PLACEMENT_3D('',#11957,#9690,#9691);
#8591=AXIS2_PLACEMENT_3D('',#11958,#9692,#9693);
#8592=AXIS2_PLACEMENT_3D('',#11959,#9694,#9695);
#8593=AXIS2_PLACEMENT_3D('',#11962,#9697,#9698);
#8594=AXIS2_PLACEMENT_3D('',#11963,#9699,#9700);
#8595=AXIS2_PLACEMENT_3D('',#11970,#9701,#9702);
#8596=AXIS2_PLACEMENT_3D('',#11971,#9703,#9704);
#8597=AXIS2_PLACEMENT_3D('',#11979,#9705,#9706);
#8598=AXIS2_PLACEMENT_3D('',#11980,#9707,#9708);
#8599=AXIS2_PLACEMENT_3D('',#11981,#9709,#9710);
#8600=AXIS2_PLACEMENT_3D('',#11984,#9712,#9713);
#8601=AXIS2_PLACEMENT_3D('',#11985,#9714,#9715);
#8602=AXIS2_PLACEMENT_3D('',#11992,#9716,#9717);
#8603=AXIS2_PLACEMENT_3D('',#11993,#9718,#9719);
#8604=AXIS2_PLACEMENT_3D('',#11996,#9721,#9722);
#8605=AXIS2_PLACEMENT_3D('',#11997,#9723,#9724);
#8606=AXIS2_PLACEMENT_3D('',#12004,#9725,#9726);
#8607=AXIS2_PLACEMENT_3D('',#12005,#9727,#9728);
#8608=AXIS2_PLACEMENT_3D('',#12062,#9734,#9735);
#8609=AXIS2_PLACEMENT_3D('',#12367,#9752,#9753);
#8610=AXIS2_PLACEMENT_3D('',#12669,#9769,#9770);
#8611=AXIS2_PLACEMENT_3D('',#12670,#9771,#9772);
#8612=AXIS2_PLACEMENT_3D('',#12679,#9777,#9778);
#8613=AXIS2_PLACEMENT_3D('',#12685,#9782,#9783);
#8614=AXIS2_PLACEMENT_3D('',#12691,#9787,#9788);
#8615=AXIS2_PLACEMENT_3D('',#12697,#9792,#9793);
#8616=AXIS2_PLACEMENT_3D('',#12703,#9797,#9798);
#8617=AXIS2_PLACEMENT_3D('',#12709,#9802,#9803);
#8618=AXIS2_PLACEMENT_3D('',#12715,#9807,#9808);
#8619=AXIS2_PLACEMENT_3D('',#12721,#9812,#9813);
#8620=AXIS2_PLACEMENT_3D('',#12727,#9817,#9818);
#8621=AXIS2_PLACEMENT_3D('',#12733,#9822,#9823);
#8622=AXIS2_PLACEMENT_3D('',#12739,#9827,#9828);
#8623=AXIS2_PLACEMENT_3D('',#12742,#9831,#9832);
#8624=AXIS2_PLACEMENT_3D('',#12743,#9833,#9834);
#8625=AXIS2_PLACEMENT_3D('',#12752,#9839,#9840);
#8626=AXIS2_PLACEMENT_3D('',#12758,#9844,#9845);
#8627=AXIS2_PLACEMENT_3D('',#12764,#9849,#9850);
#8628=AXIS2_PLACEMENT_3D('',#12767,#9853,#9854);
#8629=AXIS2_PLACEMENT_3D('',#12768,#9855,#9856);
#8630=AXIS2_PLACEMENT_3D('',#12774,#9860,#9861);
#8631=AXIS2_PLACEMENT_3D('',#12846,#9868,#9869);
#8632=AXIS2_PLACEMENT_3D('',#12848,#9871,#9872);
#8633=AXIS2_PLACEMENT_3D('',#12857,#9877,#9878);
#8634=AXIS2_PLACEMENT_3D('',#12955,#9886,#9887);
#8635=AXIS2_PLACEMENT_3D('',#12961,#9891,#9892);
#8636=AXIS2_PLACEMENT_3D('',#12967,#9896,#9897);
#8637=AXIS2_PLACEMENT_3D('',#12970,#9900,#9901);
#8638=AXIS2_PLACEMENT_3D('',#12971,#9902,#9903);
#8639=AXIS2_PLACEMENT_3D('',#12980,#9908,#9909);
#8640=AXIS2_PLACEMENT_3D('',#12986,#9913,#9914);
#8641=AXIS2_PLACEMENT_3D('',#12992,#9918,#9919);
#8642=AXIS2_PLACEMENT_3D('',#12998,#9923,#9924);
#8643=AXIS2_PLACEMENT_3D('',#13004,#9928,#9929);
#8644=AXIS2_PLACEMENT_3D('',#13010,#9933,#9934);
#8645=AXIS2_PLACEMENT_3D('',#13013,#9937,#9938);
#8646=AXIS2_PLACEMENT_3D('',#13014,#9939,#9940);
#8647=AXIS2_PLACEMENT_3D('',#13023,#9945,#9946);
#8648=AXIS2_PLACEMENT_3D('',#13029,#9950,#9951);
#8649=AXIS2_PLACEMENT_3D('',#13035,#9955,#9956);
#8650=AXIS2_PLACEMENT_3D('',#13041,#9960,#9961);
#8651=AXIS2_PLACEMENT_3D('',#13047,#9965,#9966);
#8652=AXIS2_PLACEMENT_3D('',#13053,#9970,#9971);
#8653=AXIS2_PLACEMENT_3D('',#13056,#9974,#9975);
#8654=AXIS2_PLACEMENT_3D('',#13057,#9976,#9977);
#8655=AXIS2_PLACEMENT_3D('',#13061,#9979,#9980);
#8656=AXIS2_PLACEMENT_3D('',#13062,#9981,#9982);
#8657=AXIS2_PLACEMENT_3D('',#13063,#9983,#9984);
#8658=AXIS2_PLACEMENT_3D('',#13066,#9986,#9987);
#8659=AXIS2_PLACEMENT_3D('',#13067,#9988,#9989);
#8660=AXIS2_PLACEMENT_3D('',#13098,#9993,#9994);
#8661=AXIS2_PLACEMENT_3D('',#13101,#9996,#9997);
#8662=AXIS2_PLACEMENT_3D('',#13102,#9998,#9999);
#8663=AXIS2_PLACEMENT_3D('',#13109,#10000,#10001);
#8664=AXIS2_PLACEMENT_3D('',#13122,#10003,#10004);
#8665=AXIS2_PLACEMENT_3D('',#13135,#10006,#10007);
#8666=AXIS2_PLACEMENT_3D('',#13148,#10009,#10010);
#8667=AXIS2_PLACEMENT_3D('',#13150,#10011,#10012);
#8668=AXIS2_PLACEMENT_3D('',#13158,#10015,#10016);
#8669=AXIS2_PLACEMENT_3D('',#13165,#10017,#10018);
#8670=AXIS2_PLACEMENT_3D('',#13166,#10019,#10020);
#8671=AXIS2_PLACEMENT_3D('',#13169,#10022,#10023);
#8672=AXIS2_PLACEMENT_3D('',#13170,#10024,#10025);
#8673=AXIS2_PLACEMENT_3D('',#13177,#10026,#10027);
#8674=AXIS2_PLACEMENT_3D('',#13219,#10032,#10033);
#8675=AXIS2_PLACEMENT_3D('',#13222,#10036,#10037);
#8676=AXIS2_PLACEMENT_3D('',#13224,#10039,#10040);
#8677=AXIS2_PLACEMENT_3D('',#13226,#10042,#10043);
#8678=AXIS2_PLACEMENT_3D('',#13228,#10045,#10046);
#8679=AXIS2_PLACEMENT_3D('',#13250,#10048,#10049);
#8680=AXIS2_PLACEMENT_3D('',#13272,#10051,#10052);
#8681=AXIS2_PLACEMENT_3D('',#13325,#10057,#10058);
#8682=AXIS2_PLACEMENT_3D('',#13333,#10059,#10060);
#8683=AXIS2_PLACEMENT_3D('',#13334,#10061,#10062);
#8684=AXIS2_PLACEMENT_3D('',#13335,#10063,#10064);
#8685=AXIS2_PLACEMENT_3D('',#13338,#10066,#10067);
#8686=AXIS2_PLACEMENT_3D('',#13339,#10068,#10069);
#8687=AXIS2_PLACEMENT_3D('',#13391,#10074,#10075);
#8688=AXIS2_PLACEMENT_3D('',#13432,#10080,#10081);
#8689=AXIS2_PLACEMENT_3D('',#13472,#10085,#10086);
#8690=AXIS2_PLACEMENT_3D('',#13494,#10088,#10089);
#8691=AXIS2_PLACEMENT_3D('',#13516,#10091,#10092);
#8692=AXIS2_PLACEMENT_3D('',#13569,#10097,#10098);
#8693=AXIS2_PLACEMENT_3D('',#13577,#10099,#10100);
#8694=AXIS2_PLACEMENT_3D('',#13578,#10101,#10102);
#8695=AXIS2_PLACEMENT_3D('',#13579,#10103,#10104);
#8696=AXIS2_PLACEMENT_3D('',#13582,#10106,#10107);
#8697=AXIS2_PLACEMENT_3D('',#13583,#10108,#10109);
#8698=AXIS2_PLACEMENT_3D('',#13635,#10114,#10115);
#8699=AXIS2_PLACEMENT_3D('',#13676,#10120,#10121);
#8700=AXIS2_PLACEMENT_3D('',#13716,#10125,#10126);
#8701=AXIS2_PLACEMENT_3D('',#13738,#10128,#10129);
#8702=AXIS2_PLACEMENT_3D('',#13760,#10131,#10132);
#8703=AXIS2_PLACEMENT_3D('',#13813,#10137,#10138);
#8704=AXIS2_PLACEMENT_3D('',#13821,#10139,#10140);
#8705=AXIS2_PLACEMENT_3D('',#13822,#10141,#10142);
#8706=AXIS2_PLACEMENT_3D('',#13823,#10143,#10144);
#8707=AXIS2_PLACEMENT_3D('',#13826,#10146,#10147);
#8708=AXIS2_PLACEMENT_3D('',#13827,#10148,#10149);
#8709=AXIS2_PLACEMENT_3D('',#13879,#10154,#10155);
#8710=AXIS2_PLACEMENT_3D('',#13920,#10160,#10161);
#8711=AXIS2_PLACEMENT_3D('',#13960,#10165,#10166);
#8712=AXIS2_PLACEMENT_3D('',#13961,#10167,#10168);
#8713=AXIS2_PLACEMENT_3D('',#14004,#10171,#10172);
#8714=AXIS2_PLACEMENT_3D('',#14008,#10174,#10175);
#8715=AXIS2_PLACEMENT_3D('',#14009,#10176,#10177);
#8716=AXIS2_PLACEMENT_3D('',#14010,#10178,#10179);
#8717=AXIS2_PLACEMENT_3D('',#14013,#10181,#10182);
#8718=AXIS2_PLACEMENT_3D('',#14014,#10183,#10184);
#8719=AXIS2_PLACEMENT_3D('',#14045,#10188,#10189);
#8720=AXIS2_PLACEMENT_3D('',#14048,#10191,#10192);
#8721=AXIS2_PLACEMENT_3D('',#14049,#10193,#10194);
#8722=AXIS2_PLACEMENT_3D('',#14057,#10196,#10197);
#8723=AXIS2_PLACEMENT_3D('',#14058,#10198,#10199);
#8724=AXIS2_PLACEMENT_3D('',#14065,#10200,#10201);
#8725=AXIS2_PLACEMENT_3D('',#14066,#10202,#10203);
#8726=AXIS2_PLACEMENT_3D('',#14069,#10205,#10206);
#8727=AXIS2_PLACEMENT_3D('',#14070,#10207,#10208);
#8728=AXIS2_PLACEMENT_3D('',#14112,#10213,#10214);
#8729=AXIS2_PLACEMENT_3D('',#14114,#10216,#10217);
#8730=AXIS2_PLACEMENT_3D('',#14116,#10219,#10220);
#8731=AXIS2_PLACEMENT_3D('',#14118,#10222,#10223);
#8732=AXIS2_PLACEMENT_3D('',#14120,#10225,#10226);
#8733=AXIS2_PLACEMENT_3D('',#14142,#10228,#10229);
#8734=AXIS2_PLACEMENT_3D('',#14164,#10231,#10232);
#8735=AXIS2_PLACEMENT_3D('',#14165,#10233,#10234);
#8736=AXIS2_PLACEMENT_3D('',#14166,#10235,#10236);
#8737=AXIS2_PLACEMENT_3D('',#14168,#10237,#10238);
#8738=AXIS2_PLACEMENT_3D('',#14172,#10240,#10241);
#8739=AXIS2_PLACEMENT_3D('',#14173,#10242,#10243);
#8740=AXIS2_PLACEMENT_3D('',#14174,#10244,#10245);
#8741=AXIS2_PLACEMENT_3D('',#14179,#10247,#10248);
#8742=AXIS2_PLACEMENT_3D('',#14183,#10250,#10251);
#8743=AXIS2_PLACEMENT_3D('',#14187,#10253,#10254);
#8744=AXIS2_PLACEMENT_3D('',#14190,#10256,#10257);
#8745=AXIS2_PLACEMENT_3D('',#14192,#10258,#10259);
#8746=AXIS2_PLACEMENT_3D('',#14193,#10260,#10261);
#8747=AXIS2_PLACEMENT_3D('',#14195,#10262,#10263);
#8748=AXIS2_PLACEMENT_3D('',#14197,#10265,#10266);
#8749=AXIS2_PLACEMENT_3D('',#14201,#10268,#10269);
#8750=AXIS2_PLACEMENT_3D('',#14202,#10270,#10271);
#8751=AXIS2_PLACEMENT_3D('',#14203,#10272,#10273);
#8752=AXIS2_PLACEMENT_3D('',#14205,#10274,#10275);
#8753=AXIS2_PLACEMENT_3D('',#14207,#10277,#10278);
#8754=AXIS2_PLACEMENT_3D('',#14209,#10279,#10280);
#8755=AXIS2_PLACEMENT_3D('',#14213,#10282,#10283);
#8756=AXIS2_PLACEMENT_3D('',#14214,#10284,#10285);
#8757=AXIS2_PLACEMENT_3D('',#14215,#10286,#10287);
#8758=AXIS2_PLACEMENT_3D('',#14220,#10289,#10290);
#8759=AXIS2_PLACEMENT_3D('',#14224,#10292,#10293);
#8760=AXIS2_PLACEMENT_3D('',#14250,#10296,#10297);
#8761=AXIS2_PLACEMENT_3D('',#14253,#10299,#10300);
#8762=AXIS2_PLACEMENT_3D('',#14283,#10303,#10304);
#8763=AXIS2_PLACEMENT_3D('',#14314,#10308,#10309);
#8764=AXIS2_PLACEMENT_3D('',#14320,#10313,#10314);
#8765=AXIS2_PLACEMENT_3D('',#14323,#10316,#10317);
#8766=AXIS2_PLACEMENT_3D('',#14324,#10318,#10319);
#8767=AXIS2_PLACEMENT_3D('',#14328,#10322,#10323);
#8768=AXIS2_PLACEMENT_3D('',#14331,#10325,#10326);
#8769=AXIS2_PLACEMENT_3D('',#14332,#10327,#10328);
#8770=AXIS2_PLACEMENT_3D('',#14376,#10331,#10332);
#8771=AXIS2_PLACEMENT_3D('',#14391,#10337,#10338);
#8772=AXIS2_PLACEMENT_3D('',#14399,#10342,#10343);
#8773=AXIS2_PLACEMENT_3D('',#14413,#10345,#10346);
#8774=AXIS2_PLACEMENT_3D('',#14421,#10350,#10351);
#8775=AXIS2_PLACEMENT_3D('',#14435,#10353,#10354);
#8776=AXIS2_PLACEMENT_3D('',#14443,#10358,#10359);
#8777=AXIS2_PLACEMENT_3D('',#14457,#10361,#10362);
#8778=AXIS2_PLACEMENT_3D('',#14464,#10366,#10367);
#8779=AXIS2_PLACEMENT_3D('',#14465,#10368,#10369);
#8780=AXIS2_PLACEMENT_3D('',#14468,#10371,#10372);
#8781=AXIS2_PLACEMENT_3D('',#14469,#10373,#10374);
#8782=AXIS2_PLACEMENT_3D('',#14557,#10405,#10406);
#8783=AXIS2_PLACEMENT_3D('',#14560,#10408,#10409);
#8784=AXIS2_PLACEMENT_3D('',#14632,#10414,#10415);
#8785=AXIS2_PLACEMENT_3D('',#14635,#10418,#10419);
#8786=AXIS2_PLACEMENT_3D('',#14696,#10425,#10426);
#8787=AXIS2_PLACEMENT_3D('',#14755,#10431,#10432);
#8788=AXIS2_PLACEMENT_3D('',#14812,#10437,#10438);
#8789=AXIS2_PLACEMENT_3D('',#14814,#10439,#10440);
#8790=AXIS2_PLACEMENT_3D('',#14815,#10441,#10442);
#8791=AXIS2_PLACEMENT_3D('',#14816,#10443,#10444);
#8792=AXIS2_PLACEMENT_3D('',#14818,#10445,#10446);
#8793=AXIS2_PLACEMENT_3D('',#14820,#10448,#10449);
#8794=AXIS2_PLACEMENT_3D('',#14822,#10450,#10451);
#8795=AXIS2_PLACEMENT_3D('',#14823,#10452,#10453);
#8796=AXIS2_PLACEMENT_3D('',#14824,#10454,#10455);
#8797=AXIS2_PLACEMENT_3D('',#14826,#10456,#10457);
#8798=AXIS2_PLACEMENT_3D('',#14833,#10461,#10462);
#8799=AXIS2_PLACEMENT_3D('',#14841,#10466,#10467);
#8800=AXIS2_PLACEMENT_3D('',#14855,#10469,#10470);
#8801=AXIS2_PLACEMENT_3D('',#14863,#10474,#10475);
#8802=AXIS2_PLACEMENT_3D('',#14877,#10477,#10478);
#8803=AXIS2_PLACEMENT_3D('',#14885,#10482,#10483);
#8804=AXIS2_PLACEMENT_3D('',#14896,#10487,#10488);
#8805=AXIS2_PLACEMENT_3D('',#14932,#10491,#10492);
#8806=AXIS2_PLACEMENT_3D('',#14970,#10497,#10498);
#8807=AXIS2_PLACEMENT_3D('',#15031,#10504,#10505);
#8808=AXIS2_PLACEMENT_3D('',#15089,#10510,#10511);
#8809=AXIS2_PLACEMENT_3D('',#15135,#10515,#10516);
#8810=AXIS2_PLACEMENT_3D('',#15137,#10517,#10518);
#8811=AXIS2_PLACEMENT_3D('',#15138,#10519,#10520);
#8812=AXIS2_PLACEMENT_3D('',#15139,#10521,#10522);
#8813=AXIS2_PLACEMENT_3D('',#15141,#10523,#10524);
#8814=AXIS2_PLACEMENT_3D('',#15143,#10526,#10527);
#8815=AXIS2_PLACEMENT_3D('',#15144,#10528,#10529);
#8816=AXIS2_PLACEMENT_3D('',#15145,#10530,#10531);
#8817=AXIS2_PLACEMENT_3D('',#15181,#10534,#10535);
#8818=AXIS2_PLACEMENT_3D('',#15219,#10540,#10541);
#8819=AXIS2_PLACEMENT_3D('',#15280,#10547,#10548);
#8820=AXIS2_PLACEMENT_3D('',#15338,#10553,#10554);
#8821=AXIS2_PLACEMENT_3D('',#15384,#10558,#10559);
#8822=AXIS2_PLACEMENT_3D('',#15386,#10560,#10561);
#8823=AXIS2_PLACEMENT_3D('',#15387,#10562,#10563);
#8824=AXIS2_PLACEMENT_3D('',#15388,#10564,#10565);
#8825=AXIS2_PLACEMENT_3D('',#15390,#10566,#10567);
#8826=AXIS2_PLACEMENT_3D('',#15392,#10569,#10570);
#8827=AXIS2_PLACEMENT_3D('',#15393,#10571,#10572);
#8828=AXIS2_PLACEMENT_3D('',#15394,#10573,#10574);
#8829=AXIS2_PLACEMENT_3D('',#15395,#10575,#10576);
#8830=AXIS2_PLACEMENT_3D('',#15397,#10577,#10578);
#8831=AXIS2_PLACEMENT_3D('',#15401,#10580,#10581);
#8832=AXIS2_PLACEMENT_3D('',#15402,#10582,#10583);
#8833=AXIS2_PLACEMENT_3D('',#15403,#10584,#10585);
#8834=AXIS2_PLACEMENT_3D('',#15408,#10587,#10588);
#8835=AXIS2_PLACEMENT_3D('',#15412,#10590,#10591);
#8836=AXIS2_PLACEMENT_3D('',#15438,#10594,#10595);
#8837=AXIS2_PLACEMENT_3D('',#15441,#10597,#10598);
#8838=AXIS2_PLACEMENT_3D('',#15470,#10601,#10602);
#8839=AXIS2_PLACEMENT_3D('',#15500,#10606,#10607);
#8840=AXIS2_PLACEMENT_3D('',#15503,#10610,#10611);
#8841=AXIS2_PLACEMENT_3D('',#15506,#10613,#10614);
#8842=AXIS2_PLACEMENT_3D('',#15507,#10615,#10616);
#8843=AXIS2_PLACEMENT_3D('',#15511,#10619,#10620);
#8844=AXIS2_PLACEMENT_3D('',#15513,#10622,#10623);
#8845=AXIS2_PLACEMENT_3D('',#15514,#10624,#10625);
#8846=AXIS2_PLACEMENT_3D('',#15548,#10627,#10628);
#8847=AXIS2_PLACEMENT_3D('',#15551,#10630,#10631);
#8848=AXIS2_PLACEMENT_3D('',#15552,#10632,#10633);
#8849=AXIS2_PLACEMENT_3D('',#15556,#10636,#10637);
#8850=AXIS2_PLACEMENT_3D('',#15557,#10638,#10639);
#8851=AXIS2_PLACEMENT_3D('',#15558,#10640,#10641);
#8852=AXIS2_PLACEMENT_3D('',#15621,#10646,#10647);
#8853=AXIS2_PLACEMENT_3D('',#15648,#10650,#10651);
#8854=AXIS2_PLACEMENT_3D('',#15649,#10652,#10653);
#8855=AXIS2_PLACEMENT_3D('',#15676,#10667,#10668);
#8856=AXIS2_PLACEMENT_3D('',#15679,#10671,#10672);
#8857=AXIS2_PLACEMENT_3D('',#15681,#10674,#10675);
#8858=AXIS2_PLACEMENT_3D('',#15683,#10677,#10678);
#8859=AXIS2_PLACEMENT_3D('',#15685,#10680,#10681);
#8860=AXIS2_PLACEMENT_3D('',#15687,#10683,#10684);
#8861=AXIS2_PLACEMENT_3D('',#15689,#10686,#10687);
#8862=AXIS2_PLACEMENT_3D('',#15691,#10689,#10690);
#8863=AXIS2_PLACEMENT_3D('',#15693,#10692,#10693);
#8864=AXIS2_PLACEMENT_3D('',#15695,#10695,#10696);
#8865=AXIS2_PLACEMENT_3D('',#15697,#10698,#10699);
#8866=AXIS2_PLACEMENT_3D('',#15699,#10701,#10702);
#8867=AXIS2_PLACEMENT_3D('',#15701,#10704,#10705);
#8868=AXIS2_PLACEMENT_3D('',#15702,#10706,#10707);
#8869=AXIS2_PLACEMENT_3D('',#15729,#10721,#10722);
#8870=AXIS2_PLACEMENT_3D('',#15732,#10725,#10726);
#8871=AXIS2_PLACEMENT_3D('',#15734,#10728,#10729);
#8872=AXIS2_PLACEMENT_3D('',#15736,#10731,#10732);
#8873=AXIS2_PLACEMENT_3D('',#15738,#10734,#10735);
#8874=AXIS2_PLACEMENT_3D('',#15740,#10737,#10738);
#8875=AXIS2_PLACEMENT_3D('',#15742,#10740,#10741);
#8876=AXIS2_PLACEMENT_3D('',#15744,#10743,#10744);
#8877=AXIS2_PLACEMENT_3D('',#15746,#10746,#10747);
#8878=AXIS2_PLACEMENT_3D('',#15748,#10749,#10750);
#8879=AXIS2_PLACEMENT_3D('',#15750,#10752,#10753);
#8880=AXIS2_PLACEMENT_3D('',#15752,#10755,#10756);
#8881=AXIS2_PLACEMENT_3D('',#15754,#10758,#10759);
#8882=AXIS2_PLACEMENT_3D('',#15755,#10760,#10761);
#8883=AXIS2_PLACEMENT_3D('',#15756,#10762,#10763);
#8884=AXIS2_PLACEMENT_3D('',#15757,#10764,#10765);
#8885=AXIS2_PLACEMENT_3D('',#15760,#10768,#10769);
#8886=AXIS2_PLACEMENT_3D('',#15762,#10771,#10772);
#8887=AXIS2_PLACEMENT_3D('',#15764,#10774,#10775);
#8888=AXIS2_PLACEMENT_3D('',#15766,#10777,#10778);
#8889=AXIS2_PLACEMENT_3D('',#15768,#10780,#10781);
#8890=AXIS2_PLACEMENT_3D('',#15770,#10783,#10784);
#8891=AXIS2_PLACEMENT_3D('',#15772,#10786,#10787);
#8892=AXIS2_PLACEMENT_3D('',#15773,#10788,#10789);
#8893=AXIS2_PLACEMENT_3D('',#15775,#10790,#10791);
#8894=AXIS2_PLACEMENT_3D('',#15778,#10793,#10794);
#8895=AXIS2_PLACEMENT_3D('',#15779,#10795,#10796);
#8896=AXIS2_PLACEMENT_3D('',#15783,#10798,#10799);
#8897=AXIS2_PLACEMENT_3D('',#15784,#10800,#10801);
#8898=AXIS2_PLACEMENT_3D('',#15785,#10802,#10803);
#8899=AXIS2_PLACEMENT_3D('',#15786,#10804,#10805);
#8900=AXIS2_PLACEMENT_3D('',#15789,#10807,#10808);
#8901=AXIS2_PLACEMENT_3D('',#15790,#10809,#10810);
#8902=AXIS2_PLACEMENT_3D('',#15791,#10811,#10812);
#8903=AXIS2_PLACEMENT_3D('',#15793,#10814,#10815);
#8904=AXIS2_PLACEMENT_3D('',#15797,#10817,#10818);
#8905=AXIS2_PLACEMENT_3D('',#15798,#10819,#10820);
#8906=AXIS2_PLACEMENT_3D('',#15799,#10821,#10822);
#8907=AXIS2_PLACEMENT_3D('',#15802,#10824,#10825);
#8908=AXIS2_PLACEMENT_3D('',#15803,#10826,#10827);
#8909=AXIS2_PLACEMENT_3D('',#15805,#10829,#10830);
#8910=AXIS2_PLACEMENT_3D('',#15809,#10832,#10833);
#8911=AXIS2_PLACEMENT_3D('',#15810,#10834,#10835);
#8912=AXIS2_PLACEMENT_3D('',#15811,#10836,#10837);
#8913=AXIS2_PLACEMENT_3D('',#15814,#10839,#10840);
#8914=AXIS2_PLACEMENT_3D('',#15815,#10841,#10842);
#8915=AXIS2_PLACEMENT_3D('',#15817,#10844,#10845);
#8916=AXIS2_PLACEMENT_3D('',#15819,#10846,#10847);
#8917=AXIS2_PLACEMENT_3D('',#15820,#10848,#10849);
#8918=AXIS2_PLACEMENT_3D('',#15821,#10850,#10851);
#8919=AXIS2_PLACEMENT_3D('',#15824,#10853,#10854);
#8920=AXIS2_PLACEMENT_3D('',#15825,#10855,#10856);
#8921=AXIS2_PLACEMENT_3D('',#15828,#10858,#10859);
#8922=AXIS2_PLACEMENT_3D('',#15829,#10860,#10861);
#8923=AXIS2_PLACEMENT_3D('',#15831,#10863,#10864);
#8924=AXIS2_PLACEMENT_3D('',#15834,#10866,#10867);
#8925=AXIS2_PLACEMENT_3D('',#15835,#10868,#10869);
#8926=AXIS2_PLACEMENT_3D('',#15839,#10872,#10873);
#8927=AXIS2_PLACEMENT_3D('',#15843,#10876,#10877);
#8928=AXIS2_PLACEMENT_3D('',#15845,#10879,#10880);
#8929=AXIS2_PLACEMENT_3D('',#15846,#10881,#10882);
#8930=AXIS2_PLACEMENT_3D('',#15847,#10883,#10884);
#8931=AXIS2_PLACEMENT_3D('',#15848,#10885,#10886);
#8932=AXIS2_PLACEMENT_3D('',#15849,#10887,#10888);
#8933=AXIS2_PLACEMENT_3D('',#15850,#10889,#10890);
#8934=AXIS2_PLACEMENT_3D('',#15851,#10891,#10892);
#8935=AXIS2_PLACEMENT_3D('',#15852,#10893,#10894);
#8936=AXIS2_PLACEMENT_3D('',#15858,#10898,#10899);
#8937=AXIS2_PLACEMENT_3D('',#15862,#10902,#10903);
#8938=AXIS2_PLACEMENT_3D('',#15864,#10905,#10906);
#8939=AXIS2_PLACEMENT_3D('',#15865,#10907,#10908);
#8940=AXIS2_PLACEMENT_3D('',#15866,#10909,#10910);
#8941=AXIS2_PLACEMENT_3D('',#15867,#10911,#10912);
#8942=AXIS2_PLACEMENT_3D('',#15868,#10913,#10914);
#8943=AXIS2_PLACEMENT_3D('',#15869,#10915,#10916);
#8944=AXIS2_PLACEMENT_3D('',#15870,#10917,#10918);
#8945=AXIS2_PLACEMENT_3D('',#15871,#10919,#10920);
#8946=AXIS2_PLACEMENT_3D('',#15872,#10921,#10922);
#8947=AXIS2_PLACEMENT_3D('',#15878,#10926,#10927);
#8948=AXIS2_PLACEMENT_3D('',#15882,#10930,#10931);
#8949=AXIS2_PLACEMENT_3D('',#15884,#10933,#10934);
#8950=AXIS2_PLACEMENT_3D('',#15885,#10935,#10936);
#8951=AXIS2_PLACEMENT_3D('',#15886,#10937,#10938);
#8952=AXIS2_PLACEMENT_3D('',#15887,#10939,#10940);
#8953=AXIS2_PLACEMENT_3D('',#15888,#10941,#10942);
#8954=AXIS2_PLACEMENT_3D('',#15889,#10943,#10944);
#8955=AXIS2_PLACEMENT_3D('',#15890,#10945,#10946);
#8956=AXIS2_PLACEMENT_3D('',#15896,#10950,#10951);
#8957=AXIS2_PLACEMENT_3D('',#15900,#10954,#10955);
#8958=AXIS2_PLACEMENT_3D('',#15902,#10957,#10958);
#8959=AXIS2_PLACEMENT_3D('',#15903,#10959,#10960);
#8960=AXIS2_PLACEMENT_3D('',#15904,#10961,#10962);
#8961=AXIS2_PLACEMENT_3D('',#15905,#10963,#10964);
#8962=AXIS2_PLACEMENT_3D('',#15906,#10965,#10966);
#8963=AXIS2_PLACEMENT_3D('',#15907,#10967,#10968);
#8964=AXIS2_PLACEMENT_3D('',#15908,#10969,#10970);
#8965=AXIS2_PLACEMENT_3D('',#15909,#10971,#10972);
#8966=AXIS2_PLACEMENT_3D('',#15910,#10973,#10974);
#8967=AXIS2_PLACEMENT_3D('',#15911,#10975,#10976);
#8968=AXIS2_PLACEMENT_3D('',#15912,#10977,#10978);
#8969=AXIS2_PLACEMENT_3D('',#15913,#10979,#10980);
#8970=AXIS2_PLACEMENT_3D('',#15914,#10981,#10982);
#8971=AXIS2_PLACEMENT_3D('',#15915,#10983,#10984);
#8972=AXIS2_PLACEMENT_3D('',#15916,#10985,#10986);
#8973=AXIS2_PLACEMENT_3D('',#15917,#10987,#10988);
#8974=AXIS2_PLACEMENT_3D('',#15918,#10989,#10990);
#8975=AXIS2_PLACEMENT_3D('',#15919,#10991,#10992);
#8976=AXIS2_PLACEMENT_3D('',#15920,#10993,#10994);
#8977=AXIS2_PLACEMENT_3D('',#15921,#10995,#10996);
#8978=AXIS2_PLACEMENT_3D('',#15922,#10997,#10998);
#8979=AXIS2_PLACEMENT_3D('',#15923,#10999,#11000);
#8980=AXIS2_PLACEMENT_3D('',#15924,#11001,#11002);
#8981=DIRECTION('axis',(0.,0.,1.));
#8982=DIRECTION('refdir',(1.,0.,0.));
#8983=DIRECTION('axis',(0.,0.,1.));
#8984=DIRECTION('refdir',(1.,0.,0.));
#8985=DIRECTION('axis',(0.,0.,1.));
#8986=DIRECTION('refdir',(1.,0.,0.));
#8987=DIRECTION('axis',(0.,0.,1.));
#8988=DIRECTION('refdir',(1.,0.,0.));
#8989=DIRECTION('center_axis',(0.,1.,0.));
#8990=DIRECTION('ref_axis',(0.,0.,1.));
#8991=DIRECTION('center_axis',(0.,-1.,0.));
#8992=DIRECTION('ref_axis',(0.471857925533933,0.,0.881674598766922));
#8993=DIRECTION('',(-0.832050294340248,0.,-0.554700196221623));
#8994=DIRECTION('center_axis',(0.,1.,0.));
#8995=DIRECTION('ref_axis',(0.289784148693253,0.,-0.957092026487593));
#8996=DIRECTION('',(-1.,0.,-1.44039101633729E-11));
#8997=DIRECTION('center_axis',(0.,-1.,0.));
#8998=DIRECTION('ref_axis',(-0.707106781191643,0.,0.707106781181452));
#8999=DIRECTION('',(0.,0.,-1.));
#9000=DIRECTION('center_axis',(0.,-1.,0.));
#9001=DIRECTION('ref_axis',(-0.707106781191627,0.,-0.707106781181468));
#9002=DIRECTION('',(1.,0.,-1.43582676612495E-11));
#9003=DIRECTION('center_axis',(0.,1.,0.));
#9004=DIRECTION('ref_axis',(0.289784148693221,0.,0.957092026487603));
#9005=DIRECTION('',(0.832050294340253,0.,-0.554700196221614));
#9006=DIRECTION('center_axis',(0.,-1.,0.));
#9007=DIRECTION('ref_axis',(0.471857925533941,0.,-0.881674598766918));
#9008=DIRECTION('',(0.,0.,1.));
#9009=DIRECTION('center_axis',(0.,1.,0.));
#9010=DIRECTION('ref_axis',(0.289784148693221,0.,0.957092026487603));
#9011=DIRECTION('',(0.,1.,0.));
#9012=DIRECTION('center_axis',(0.,1.,0.));
#9013=DIRECTION('ref_axis',(0.289784148693221,0.,0.957092026487603));
#9014=DIRECTION('',(0.,-1.,0.));
#9015=DIRECTION('center_axis',(-0.554700196221614,0.,-0.832050294340254));
#9016=DIRECTION('ref_axis',(-0.832050294340253,3.39655909894604E-17,0.554700196221614));
#9017=DIRECTION('',(-0.832050294340254,3.39655909894604E-17,0.554700196221614));
#9018=DIRECTION('',(0.,1.,0.));
#9019=DIRECTION('center_axis',(0.,1.,0.));
#9020=DIRECTION('ref_axis',(-0.707106781191627,0.,-0.707106781181468));
#9021=DIRECTION('center_axis',(0.,-1.,0.));
#9022=DIRECTION('ref_axis',(-0.707106781191627,0.,-0.707106781181468));
#9023=DIRECTION('',(0.,-1.,0.));
#9024=DIRECTION('',(0.,1.,0.));
#9025=DIRECTION('center_axis',(-1.43582676612495E-11,0.,-1.));
#9026=DIRECTION('ref_axis',(-1.,8.79190326632505E-28,1.43582676612495E-11));
#9027=DIRECTION('',(-1.,8.79190326632505E-28,1.43582676612495E-11));
#9028=DIRECTION('center_axis',(0.,1.,0.));
#9029=DIRECTION('ref_axis',(0.,0.,1.));
#9030=DIRECTION('',(0.,6.12323399573677E-17,1.));
#9031=DIRECTION('center_axis',(0.,-1.,0.));
#9032=DIRECTION('ref_axis',(-0.707106781191643,0.,0.707106781181452));
#9033=DIRECTION('',(1.,8.81985123839035E-28,1.44039101633729E-11));
#9034=DIRECTION('center_axis',(0.,1.,0.));
#9035=DIRECTION('ref_axis',(0.289784148693253,0.,-0.957092026487593));
#9036=DIRECTION('',(0.832050294340248,3.39655909894609E-17,0.554700196221623));
#9037=DIRECTION('center_axis',(0.,-1.,0.));
#9038=DIRECTION('ref_axis',(0.471857925533933,0.,0.881674598766922));
#9039=DIRECTION('',(0.,-6.12323399573677E-17,-1.));
#9040=DIRECTION('center_axis',(0.,-1.,0.));
#9041=DIRECTION('ref_axis',(0.471857925533941,0.,-0.881674598766918));
#9042=DIRECTION('center_axis',(0.,1.,0.));
#9043=DIRECTION('ref_axis',(0.471857925533933,0.,0.881674598766922));
#9044=DIRECTION('',(0.,-1.,0.));
#9045=DIRECTION('',(0.,1.,0.));
#9046=DIRECTION('center_axis',(-0.554700196221623,0.,0.832050294340248));
#9047=DIRECTION('ref_axis',(0.832050294340248,3.39655909894609E-17,0.554700196221623));
#9048=DIRECTION('',(0.,1.,0.));
#9049=DIRECTION('center_axis',(0.,1.,0.));
#9050=DIRECTION('ref_axis',(0.289784148693253,0.,-0.957092026487593));
#9051=DIRECTION('',(0.,-1.,0.));
#9052=DIRECTION('center_axis',(-1.44039101633729E-11,0.,1.));
#9053=DIRECTION('ref_axis',(1.,8.81985123839035E-28,1.44039101633729E-11));
#9054=DIRECTION('',(0.,1.,0.));
#9055=DIRECTION('center_axis',(0.,1.,0.));
#9056=DIRECTION('ref_axis',(-0.707106781191643,0.,0.707106781181452));
#9057=DIRECTION('',(0.,-1.,0.));
#9058=DIRECTION('center_axis',(-1.,0.,0.));
#9059=DIRECTION('ref_axis',(0.,6.12323399573677E-17,1.));
#9060=DIRECTION('center_axis',(0.,1.,0.));
#9061=DIRECTION('ref_axis',(0.471857925533941,0.,-0.881674598766918));
#9062=DIRECTION('',(0.,-1.,0.));
#9063=DIRECTION('center_axis',(1.,0.,0.));
#9064=DIRECTION('ref_axis',(0.,-6.12323399573677E-17,-1.));
#9065=DIRECTION('center_axis',(0.,-1.,6.12323399573677E-17));
#9066=DIRECTION('ref_axis',(1.,0.,0.));
#9067=DIRECTION('center_axis',(0.,1.,-6.12323399573677E-17));
#9068=DIRECTION('ref_axis',(-0.906254686330094,2.58848767541888E-17,0.42273211790062));
#9069=DIRECTION('center_axis',(0.,-1.,6.12323399573677E-17));
#9070=DIRECTION('ref_axis',(0.906310728271947,-2.58775188486388E-17,-0.422611954183945));
#9071=DIRECTION('center_axis',(0.,1.,-6.12323399573677E-17));
#9072=DIRECTION('ref_axis',(0.906307787040314,2.58779050746172E-17,0.422618261732843));
#9073=DIRECTION('center_axis',(0.,1.,-6.12323399573677E-17));
#9074=DIRECTION('ref_axis',(0.906307787036278,-2.58779050751471E-17,-0.422618261741497));
#9075=DIRECTION('center_axis',(0.,1.,0.));
#9076=DIRECTION('ref_axis',(-0.422675190659101,0.,-0.906281238469214));
#9077=DIRECTION('center_axis',(0.,-1.,0.));
#9078=DIRECTION('ref_axis',(-0.906254686330094,0.,0.42273211790062));
#9079=DIRECTION('',(0.,1.,0.));
#9080=DIRECTION('',(0.,1.,0.));
#9081=DIRECTION('center_axis',(0.,1.,0.));
#9082=DIRECTION('ref_axis',(0.906310728271947,0.,-0.422611954183945));
#9083=DIRECTION('center_axis',(0.,1.,0.));
#9084=DIRECTION('ref_axis',(0.906310728271947,0.,-0.422611954183945));
#9085=DIRECTION('',(0.,1.,0.));
#9086=DIRECTION('center_axis',(0.,1.,0.));
#9087=DIRECTION('ref_axis',(-0.422675190645702,0.,0.906281238475463));
#9088=DIRECTION('center_axis',(0.,-1.,0.));
#9089=DIRECTION('ref_axis',(0.906307787040314,0.,0.422618261732843));
#9090=DIRECTION('',(0.,1.,0.));
#9091=DIRECTION('center_axis',(0.,1.,0.));
#9092=DIRECTION('ref_axis',(0.906307787036278,0.,-0.422618261741497));
#9093=DIRECTION('center_axis',(0.,-1.,0.));
#9094=DIRECTION('ref_axis',(0.906307787036278,0.,-0.422618261741497));
#9095=DIRECTION('center_axis',(0.,1.,0.));
#9096=DIRECTION('ref_axis',(0.,0.,1.));
#9097=DIRECTION('axis',(0.,0.,1.));
#9098=DIRECTION('refdir',(1.,0.,0.));
#9099=DIRECTION('center_axis',(0.,1.,0.));
#9100=DIRECTION('ref_axis',(0.,0.,1.));
#9101=DIRECTION('center_axis',(0.,-1.,0.));
#9102=DIRECTION('ref_axis',(-0.707106781186357,0.,-0.707106781186738));
#9103=DIRECTION('',(1.,0.,5.38303969300891E-13));
#9104=DIRECTION('center_axis',(0.,1.,0.));
#9105=DIRECTION('ref_axis',(0.289784148688178,0.,0.957092026489129));
#9106=DIRECTION('',(0.832050294337836,0.,-0.554700196225241));
#9107=DIRECTION('center_axis',(0.,-1.,0.));
#9108=DIRECTION('ref_axis',(0.471857925532016,0.,-0.881674598767948));
#9109=DIRECTION('',(0.,0.,1.));
#9110=DIRECTION('center_axis',(0.,-1.,0.));
#9111=DIRECTION('ref_axis',(0.471857925532035,0.,0.881674598767938));
#9112=DIRECTION('',(-0.832050294337855,0.,-0.554700196225213));
#9113=DIRECTION('center_axis',(0.,1.,0.));
#9114=DIRECTION('ref_axis',(0.289784148688141,0.,-0.95709202648914));
#9115=DIRECTION('',(-1.,0.,5.86105238416697E-13));
#9116=DIRECTION('center_axis',(0.,-1.,0.));
#9117=DIRECTION('ref_axis',(-0.707106781186342,0.,0.707106781186753));
#9118=DIRECTION('',(0.,0.,-1.));
#9119=DIRECTION('center_axis',(0.,1.,0.));
#9120=DIRECTION('ref_axis',(0.471857925532035,0.,0.881674598767938));
#9121=DIRECTION('center_axis',(0.,-1.,0.));
#9122=DIRECTION('ref_axis',(0.471857925532035,0.,0.881674598767938));
#9123=DIRECTION('',(0.,-1.,0.));
#9124=DIRECTION('',(0.,1.,0.));
#9125=DIRECTION('center_axis',(-0.554700196225213,0.,0.832050294337855));
#9126=DIRECTION('ref_axis',(0.832050294337855,3.39655909896808E-17,0.554700196225213));
#9127=DIRECTION('',(0.832050294337855,3.39655909896808E-17,0.554700196225213));
#9128=DIRECTION('',(0.,1.,0.));
#9129=DIRECTION('center_axis',(0.,1.,0.));
#9130=DIRECTION('ref_axis',(0.,0.,1.));
#9131=DIRECTION('',(0.,-6.12323399573677E-17,-1.));
#9132=DIRECTION('center_axis',(0.,-1.,0.));
#9133=DIRECTION('ref_axis',(0.471857925532016,0.,-0.881674598767948));
#9134=DIRECTION('',(-0.832050294337836,3.39655909896825E-17,0.554700196225241));
#9135=DIRECTION('center_axis',(0.,1.,0.));
#9136=DIRECTION('ref_axis',(0.289784148688178,0.,0.957092026489129));
#9137=DIRECTION('',(-1.,-3.29616116486326E-29,-5.38303969300891E-13));
#9138=DIRECTION('center_axis',(0.,-1.,0.));
#9139=DIRECTION('ref_axis',(-0.707106781186357,0.,-0.707106781186738));
#9140=DIRECTION('',(0.,6.12323399573677E-17,1.));
#9141=DIRECTION('center_axis',(0.,-1.,0.));
#9142=DIRECTION('ref_axis',(-0.707106781186342,0.,0.707106781186753));
#9143=DIRECTION('',(1.,-3.58885952095252E-29,-5.86105238416697E-13));
#9144=DIRECTION('center_axis',(0.,1.,0.));
#9145=DIRECTION('ref_axis',(0.289784148688141,0.,-0.95709202648914));
#9146=DIRECTION('center_axis',(0.,1.,0.));
#9147=DIRECTION('ref_axis',(0.471857925532016,0.,-0.881674598767948));
#9148=DIRECTION('',(0.,-1.,0.));
#9149=DIRECTION('',(0.,1.,0.));
#9150=DIRECTION('center_axis',(-0.554700196225241,0.,-0.832050294337836));
#9151=DIRECTION('ref_axis',(-0.832050294337836,3.39655909896825E-17,0.554700196225241));
#9152=DIRECTION('',(0.,-1.,0.));
#9153=DIRECTION('center_axis',(0.,1.,0.));
#9154=DIRECTION('ref_axis',(0.289784148688141,0.,-0.95709202648914));
#9155=DIRECTION('',(0.,-1.,0.));
#9156=DIRECTION('center_axis',(5.86105238416697E-13,0.,1.));
#9157=DIRECTION('ref_axis',(1.,-3.58885952095252E-29,-5.86105238416697E-13));
#9158=DIRECTION('',(0.,1.,0.));
#9159=DIRECTION('center_axis',(0.,1.,0.));
#9160=DIRECTION('ref_axis',(0.289784148688178,0.,0.957092026489129));
#9161=DIRECTION('',(0.,1.,0.));
#9162=DIRECTION('center_axis',(0.,1.,0.));
#9163=DIRECTION('ref_axis',(-0.707106781186357,0.,-0.707106781186738));
#9164=DIRECTION('',(0.,-1.,0.));
#9165=DIRECTION('',(0.,1.,0.));
#9166=DIRECTION('center_axis',(5.38303969300891E-13,0.,-1.));
#9167=DIRECTION('ref_axis',(-1.,-3.29616116486326E-29,-5.38303969300891E-13));
#9168=DIRECTION('center_axis',(0.,1.,0.));
#9169=DIRECTION('ref_axis',(-0.707106781186342,0.,0.707106781186753));
#9170=DIRECTION('',(0.,-1.,0.));
#9171=DIRECTION('center_axis',(-1.,0.,0.));
#9172=DIRECTION('ref_axis',(0.,6.12323399573677E-17,1.));
#9173=DIRECTION('center_axis',(1.,0.,0.));
#9174=DIRECTION('ref_axis',(0.,-6.12323399573677E-17,-1.));
#9175=DIRECTION('center_axis',(0.,-1.,6.12323399573677E-17));
#9176=DIRECTION('ref_axis',(1.,0.,0.));
#9177=DIRECTION('center_axis',(0.,1.,-6.12323399573677E-17));
#9178=DIRECTION('ref_axis',(0.90630778703664,-2.58779050750996E-17,-0.422618261740721));
#9179=DIRECTION('center_axis',(0.,1.,-6.12323399573677E-17));
#9180=DIRECTION('ref_axis',(-0.90630778703664,2.58779050750996E-17,0.42261826174072));
#9181=DIRECTION('center_axis',(0.,-1.,6.12323399573677E-17));
#9182=DIRECTION('ref_axis',(0.90630778703664,-2.58779050750996E-17,-0.422618261740721));
#9183=DIRECTION('center_axis',(0.,1.,-6.12323399573677E-17));
#9184=DIRECTION('ref_axis',(0.90630778703666,2.5877905075097E-17,0.422618261740678));
#9185=DIRECTION('center_axis',(0.,1.,0.));
#9186=DIRECTION('ref_axis',(0.90630778703664,0.,-0.422618261740721));
#9187=DIRECTION('center_axis',(0.,-1.,0.));
#9188=DIRECTION('ref_axis',(0.90630778703664,0.,-0.422618261740721));
#9189=DIRECTION('',(0.,1.,0.));
#9190=DIRECTION('',(0.,1.,0.));
#9191=DIRECTION('center_axis',(0.,1.,0.));
#9192=DIRECTION('ref_axis',(-0.90630778703664,0.,0.42261826174072));
#9193=DIRECTION('center_axis',(0.,-1.,0.));
#9194=DIRECTION('ref_axis',(-0.90630778703664,0.,0.42261826174072));
#9195=DIRECTION('',(0.,1.,0.));
#9196=DIRECTION('center_axis',(0.,1.,0.));
#9197=DIRECTION('ref_axis',(0.90630778703664,0.,-0.422618261740721));
#9198=DIRECTION('center_axis',(0.,1.,0.));
#9199=DIRECTION('ref_axis',(0.90630778703664,0.,-0.422618261740721));
#9200=DIRECTION('',(0.,1.,0.));
#9201=DIRECTION('center_axis',(0.,1.,0.));
#9202=DIRECTION('ref_axis',(0.90630778703666,0.,0.422618261740678));
#9203=DIRECTION('center_axis',(0.,-1.,0.));
#9204=DIRECTION('ref_axis',(0.90630778703666,0.,0.422618261740678));
#9205=DIRECTION('center_axis',(0.,1.,0.));
#9206=DIRECTION('ref_axis',(0.,0.,1.));
#9207=DIRECTION('center_axis',(0.,-1.,6.12323399573677E-17));
#9208=DIRECTION('ref_axis',(1.,0.,0.));
#9209=DIRECTION('center_axis',(0.,1.,-6.12323399573677E-17));
#9210=DIRECTION('ref_axis',(0.90630778703664,-2.58779050750996E-17,-0.422618261740721));
#9211=DIRECTION('center_axis',(0.,1.,-6.12323399573677E-17));
#9212=DIRECTION('ref_axis',(-0.906307787036641,2.58779050750995E-17,0.422618261740719));
#9213=DIRECTION('center_axis',(0.,-1.,6.12323399573677E-17));
#9214=DIRECTION('ref_axis',(0.90630778703664,-2.58779050750996E-17,-0.422618261740721));
#9215=DIRECTION('center_axis',(0.,1.,-6.12323399573677E-17));
#9216=DIRECTION('ref_axis',(0.906307787036659,2.5877905075097E-17,0.422618261740679));
#9217=DIRECTION('center_axis',(0.,1.,0.));
#9218=DIRECTION('ref_axis',(0.90630778703664,0.,-0.422618261740721));
#9219=DIRECTION('center_axis',(0.,-1.,0.));
#9220=DIRECTION('ref_axis',(0.90630778703664,0.,-0.422618261740721));
#9221=DIRECTION('',(0.,1.,0.));
#9222=DIRECTION('',(0.,1.,0.));
#9223=DIRECTION('center_axis',(0.,1.,0.));
#9224=DIRECTION('ref_axis',(-0.906307787036641,0.,0.422618261740719));
#9225=DIRECTION('center_axis',(0.,-1.,0.));
#9226=DIRECTION('ref_axis',(-0.906307787036641,0.,0.422618261740719));
#9227=DIRECTION('',(0.,1.,0.));
#9228=DIRECTION('center_axis',(0.,1.,0.));
#9229=DIRECTION('ref_axis',(0.90630778703664,0.,-0.422618261740721));
#9230=DIRECTION('center_axis',(0.,1.,0.));
#9231=DIRECTION('ref_axis',(0.90630778703664,0.,-0.422618261740721));
#9232=DIRECTION('',(0.,1.,0.));
#9233=DIRECTION('center_axis',(0.,1.,0.));
#9234=DIRECTION('ref_axis',(0.906307787036659,0.,0.422618261740679));
#9235=DIRECTION('center_axis',(0.,-1.,0.));
#9236=DIRECTION('ref_axis',(0.906307787036659,0.,0.422618261740679));
#9237=DIRECTION('center_axis',(0.,1.,0.));
#9238=DIRECTION('ref_axis',(0.,0.,1.));
#9239=DIRECTION('center_axis',(0.,1.,0.));
#9240=DIRECTION('ref_axis',(0.,0.,1.));
#9241=DIRECTION('center_axis',(0.,-1.,0.));
#9242=DIRECTION('ref_axis',(0.90630778703664,0.,-0.422618261740721));
#9243=DIRECTION('center_axis',(0.,-1.,0.));
#9244=DIRECTION('ref_axis',(0.906307787036661,0.,0.422618261740677));
#9245=DIRECTION('center_axis',(0.,1.,0.));
#9246=DIRECTION('ref_axis',(0.90630778703664,0.,-0.422618261740721));
#9247=DIRECTION('center_axis',(0.,-1.,0.));
#9248=DIRECTION('ref_axis',(-0.906307787036641,0.,0.422618261740718));
#9249=DIRECTION('center_axis',(0.,1.,0.));
#9250=DIRECTION('ref_axis',(0.90630778703664,0.,-0.422618261740721));
#9251=DIRECTION('',(0.,1.,0.));
#9252=DIRECTION('center_axis',(0.,1.,-6.12323399573677E-17));
#9253=DIRECTION('ref_axis',(0.90630778703664,-2.58779050750996E-17,-0.422618261740721));
#9254=DIRECTION('',(0.,1.,0.));
#9255=DIRECTION('center_axis',(0.,1.,0.));
#9256=DIRECTION('ref_axis',(0.906307787036661,0.,0.422618261740677));
#9257=DIRECTION('center_axis',(0.,1.,-6.12323399573677E-17));
#9258=DIRECTION('ref_axis',(0.906307787036661,2.58779050750969E-17,0.422618261740677));
#9259=DIRECTION('',(0.,1.,0.));
#9260=DIRECTION('center_axis',(0.,1.,0.));
#9261=DIRECTION('ref_axis',(0.90630778703664,0.,-0.422618261740721));
#9262=DIRECTION('center_axis',(0.,-1.,6.12323399573677E-17));
#9263=DIRECTION('ref_axis',(0.90630778703664,-2.58779050750996E-17,-0.422618261740721));
#9264=DIRECTION('',(0.,1.,0.));
#9265=DIRECTION('center_axis',(0.,1.,0.));
#9266=DIRECTION('ref_axis',(-0.906307787036641,0.,0.422618261740718));
#9267=DIRECTION('center_axis',(0.,1.,-6.12323399573677E-17));
#9268=DIRECTION('ref_axis',(-0.906307787036641,2.58779050750994E-17,0.422618261740718));
#9269=DIRECTION('center_axis',(0.,-1.,6.12323399573677E-17));
#9270=DIRECTION('ref_axis',(1.,0.,0.));
#9271=DIRECTION('axis',(0.,0.,1.));
#9272=DIRECTION('refdir',(1.,0.,0.));
#9273=DIRECTION('center_axis',(0.,1.,0.));
#9274=DIRECTION('ref_axis',(0.,0.,1.));
#9275=DIRECTION('center_axis',(0.,-1.,0.));
#9276=DIRECTION('ref_axis',(0.707106781186548,0.,-0.707106781186548));
#9277=DIRECTION('',(1.81419485739573E-15,0.,1.));
#9278=DIRECTION('center_axis',(0.,-1.,0.));
#9279=DIRECTION('ref_axis',(1.,0.,1.8234167688727E-14));
#9280=DIRECTION('center_axis',(0.,1.,0.));
#9281=DIRECTION('ref_axis',(0.696618443244416,0.,0.717441805676061));
#9282=DIRECTION('',(2.62907804657901E-15,0.,-1.));
#9283=DIRECTION('center_axis',(0.,1.,0.));
#9284=DIRECTION('ref_axis',(0.707106781186548,0.,-0.707106781186547));
#9285=DIRECTION('',(-1.,0.,0.));
#9286=DIRECTION('center_axis',(0.,1.,0.));
#9287=DIRECTION('ref_axis',(-0.707106781186548,0.,-0.707106781186547));
#9288=DIRECTION('',(3.42681250841415E-15,0.,1.));
#9289=DIRECTION('center_axis',(0.,-1.,0.));
#9290=DIRECTION('ref_axis',(1.,0.,9.2713893635955E-15));
#9291=DIRECTION('center_axis',(0.,1.,0.));
#9292=DIRECTION('ref_axis',(0.696618443244421,0.,0.717441805676056));
#9293=DIRECTION('',(-1.72258921333414E-15,0.,-1.));
#9294=DIRECTION('center_axis',(0.,-1.,0.));
#9295=DIRECTION('ref_axis',(-0.707106781186549,0.,-0.707106781186546));
#9296=DIRECTION('',(1.,0.,-8.9214350193093E-16));
#9297=DIRECTION('center_axis',(0.,1.,0.));
#9298=DIRECTION('ref_axis',(-0.707106781186548,0.,-0.707106781186547));
#9299=DIRECTION('',(0.,1.,0.));
#9300=DIRECTION('center_axis',(3.59671589613803E-31,1.,3.41922072797239E-16));
#9301=DIRECTION('ref_axis',(-0.707106781186548,0.,-0.707106781186547));
#9302=DIRECTION('',(0.,-1.,0.));
#9303=DIRECTION('center_axis',(0.,0.,1.));
#9304=DIRECTION('ref_axis',(1.,0.,0.));
#9305=DIRECTION('',(0.,-1.,0.));
#9306=DIRECTION('',(1.,0.,0.));
#9307=DIRECTION('center_axis',(0.,1.,0.));
#9308=DIRECTION('ref_axis',(0.696618443244416,0.,0.717441805676061));
#9309=DIRECTION('',(0.,1.,0.));
#9310=DIRECTION('center_axis',(3.59671589613803E-31,1.,3.41922072797239E-16));
#9311=DIRECTION('ref_axis',(0.696618443244416,0.,0.717441805676061));
#9312=DIRECTION('',(0.,-1.,0.));
#9313=DIRECTION('',(0.,1.,0.));
#9314=DIRECTION('center_axis',(0.,1.,-6.12323399573677E-17));
#9315=DIRECTION('ref_axis',(1.,1.11652075475578E-30,1.8234167688727E-14));
#9316=DIRECTION('center_axis',(0.,1.,0.));
#9317=DIRECTION('ref_axis',(-0.707106781186549,0.,-0.707106781186546));
#9318=DIRECTION('center_axis',(-3.59671589613803E-31,-1.,-3.41922072797239E-16));
#9319=DIRECTION('ref_axis',(-0.707106781186549,0.,-0.707106781186546));
#9320=DIRECTION('',(0.,-1.,0.));
#9321=DIRECTION('',(0.,1.,0.));
#9322=DIRECTION('center_axis',(-3.59671589613803E-31,-1.,-3.41922072797239E-16));
#9323=DIRECTION('ref_axis',(1.,-3.59671589613803E-31,2.20235330482392E-47));
#9324=DIRECTION('',(1.72258921333414E-15,-3.21565263005774E-16,1.));
#9325=DIRECTION('center_axis',(3.59671589613803E-31,1.,3.41922072797239E-16));
#9326=DIRECTION('ref_axis',(0.696618443244421,0.,0.717441805676056));
#9327=DIRECTION('center_axis',(0.,1.,-6.12323399573677E-17));
#9328=DIRECTION('ref_axis',(1.,5.67708865388802E-31,9.2713893635955E-15));
#9329=DIRECTION('',(-3.42681250841415E-15,3.41922072797239E-16,-1.));
#9330=DIRECTION('center_axis',(3.59671589613803E-31,1.,3.41922072797239E-16));
#9331=DIRECTION('ref_axis',(0.707106781186548,0.,-0.707106781186547));
#9332=DIRECTION('',(-2.62907804657901E-15,-2.30887442995856E-16,1.));
#9333=DIRECTION('',(-1.81419485739573E-15,3.41922072797239E-16,-1.));
#9334=DIRECTION('center_axis',(-3.59671589613803E-31,-1.,-3.41922072797239E-16));
#9335=DIRECTION('ref_axis',(0.707106781186548,0.,-0.707106781186548));
#9336=DIRECTION('',(-1.,5.46280342009912E-32,8.9214350193093E-16));
#9337=DIRECTION('center_axis',(-1.,0.,1.72258921333414E-15));
#9338=DIRECTION('ref_axis',(1.72258921333414E-15,-3.21565263005774E-16,
1.));
#9339=DIRECTION('',(0.,-1.,0.));
#9340=DIRECTION('center_axis',(0.,1.,0.));
#9341=DIRECTION('ref_axis',(0.696618443244421,0.,0.717441805676056));
#9342=DIRECTION('',(0.,1.,0.));
#9343=DIRECTION('center_axis',(0.,1.,0.));
#9344=DIRECTION('ref_axis',(0.707106781186548,0.,-0.707106781186548));
#9345=DIRECTION('',(0.,-1.,0.));
#9346=DIRECTION('',(0.,1.,0.));
#9347=DIRECTION('center_axis',(-8.9214350193093E-16,0.,-1.));
#9348=DIRECTION('ref_axis',(-1.,5.46280342009912E-32,8.9214350193093E-16));
#9349=DIRECTION('center_axis',(0.,1.,0.));
#9350=DIRECTION('ref_axis',(0.707106781186548,0.,-0.707106781186547));
#9351=DIRECTION('',(0.,1.,0.));
#9352=DIRECTION('',(0.,1.,0.));
#9353=DIRECTION('center_axis',(1.,0.,-1.81419485739573E-15));
#9354=DIRECTION('ref_axis',(-1.81419485739573E-15,3.41922072797239E-16,
-1.));
#9355=DIRECTION('center_axis',(-1.,0.,-2.62907804657901E-15));
#9356=DIRECTION('ref_axis',(-2.62907804657901E-15,-2.30887442995856E-16,
1.));
#9357=DIRECTION('center_axis',(1.,0.,-3.42681250841415E-15));
#9358=DIRECTION('ref_axis',(-3.42681250841415E-15,3.41922072797239E-16,
-1.));
#9359=DIRECTION('axis',(0.,0.,1.));
#9360=DIRECTION('refdir',(1.,0.,0.));
#9361=DIRECTION('center_axis',(0.,1.,0.));
#9362=DIRECTION('ref_axis',(0.,0.,1.));
#9363=DIRECTION('center_axis',(0.,-1.,0.));
#9364=DIRECTION('ref_axis',(1.,0.,0.));
#9365=DIRECTION('center_axis',(0.,1.,0.));
#9366=DIRECTION('ref_axis',(1.,0.,0.));
#9367=DIRECTION('center_axis',(0.,-1.,0.));
#9368=DIRECTION('ref_axis',(0.0719781391662572,0.,-0.997406209867456));
#9369=DIRECTION('',(0.,1.,0.));
#9370=DIRECTION('center_axis',(0.,1.,0.));
#9371=DIRECTION('ref_axis',(-0.465222228549908,0.,0.885193921162509));
#9372=DIRECTION('center_axis',(0.,-1.,6.12323399573677E-17));
#9373=DIRECTION('ref_axis',(1.,0.,0.));
#9374=DIRECTION('center_axis',(0.,1.,0.));
#9375=DIRECTION('ref_axis',(0.0719781391662572,0.,-0.997406209867456));
#9376=DIRECTION('center_axis',(0.,1.,-6.12323399573677E-17));
#9377=DIRECTION('ref_axis',(0.0719781391662572,-6.10735161181936E-17,-0.997406209867456));
#9378=DIRECTION('',(0.,1.,0.));
#9379=DIRECTION('center_axis',(0.,1.,0.));
#9380=DIRECTION('ref_axis',(1.,0.,0.));
#9381=DIRECTION('center_axis',(0.,1.,-6.12323399573677E-17));
#9382=DIRECTION('ref_axis',(1.,0.,0.));
#9383=DIRECTION('',(0.,-1.,0.));
#9384=DIRECTION('center_axis',(0.,-1.,6.12323399573677E-17));
#9385=DIRECTION('ref_axis',(1.,0.,0.));
#9386=DIRECTION('',(0.,0.,1.));
#9387=DIRECTION('',(1.,0.,0.));
#9388=DIRECTION('',(0.,0.,1.));
#9389=DIRECTION('',(1.,0.,0.));
#9390=DIRECTION('',(0.,0.,1.));
#9391=DIRECTION('',(1.,0.,0.));
#9392=DIRECTION('',(0.,0.,1.));
#9393=DIRECTION('',(1.,0.,0.));
#9394=DIRECTION('center_axis',(-3.58136459547831E-16,1.,0.));
#9395=DIRECTION('ref_axis',(0.,0.,1.));
#9396=DIRECTION('center_axis',(3.58136459547831E-16,-1.,0.));
#9397=DIRECTION('ref_axis',(1.,3.58136459547831E-16,0.));
#9398=DIRECTION('center_axis',(6.04989177020976E-11,1.,0.));
#9399=DIRECTION('ref_axis',(0.,0.,1.));
#9400=DIRECTION('center_axis',(-6.04989177020976E-11,-1.,0.));
#9401=DIRECTION('ref_axis',(1.,-6.04989177020976E-11,0.));
#9402=DIRECTION('center_axis',(0.642787609678116,0.766044443126046,0.));
#9403=DIRECTION('ref_axis',(0.766044443126046,-0.642787609678116,0.));
#9404=DIRECTION('',(0.766044443126046,-0.642787609678116,8.37086789959407E-17));
#9405=DIRECTION('',(0.,0.,-1.));
#9406=DIRECTION('',(-0.766044443126046,0.642787609678116,0.));
#9407=DIRECTION('',(0.,0.,-1.));
#9408=DIRECTION('center_axis',(-0.642787609677762,0.766044443126343,0.));
#9409=DIRECTION('ref_axis',(0.766044443126343,0.642787609677762,0.));
#9410=DIRECTION('',(0.766044443126343,0.642787609677762,8.37086789959733E-17));
#9411=DIRECTION('',(0.,0.,-1.));
#9412=DIRECTION('',(-0.766044443126343,-0.642787609677762,0.));
#9413=DIRECTION('',(0.,0.,1.));
#9414=DIRECTION('center_axis',(1.49862296441772E-15,1.,0.));
#9415=DIRECTION('ref_axis',(1.,-1.49862296441772E-15,0.));
#9416=DIRECTION('',(1.,-1.49862296441772E-15,1.09273919740669E-16));
#9417=DIRECTION('',(-1.,1.49862296441772E-15,0.));
#9418=DIRECTION('center_axis',(0.642787609684068,0.766044443121051,0.));
#9419=DIRECTION('ref_axis',(0.766044443121051,-0.642787609684068,0.));
#9420=DIRECTION('',(0.766044443121051,-0.642787609684068,8.3708678995395E-17));
#9421=DIRECTION('',(0.,0.,-1.));
#9422=DIRECTION('',(-0.766044443121051,0.642787609684068,0.));
#9423=DIRECTION('',(0.,0.,-1.));
#9424=DIRECTION('center_axis',(-0.642787609674281,0.766044443129264,0.));
#9425=DIRECTION('ref_axis',(0.766044443129264,0.642787609674281,0.));
#9426=DIRECTION('',(0.766044443129264,0.642787609674281,8.37086789962924E-17));
#9427=DIRECTION('',(0.,0.,-1.));
#9428=DIRECTION('',(-0.766044443129264,-0.642787609674281,0.));
#9429=DIRECTION('',(0.,0.,1.));
#9430=DIRECTION('center_axis',(2.66110479784304E-11,1.,0.));
#9431=DIRECTION('ref_axis',(1.,-2.66110479784304E-11,0.));
#9432=DIRECTION('',(1.,-2.66110479784304E-11,1.09273919740669E-16));
#9433=DIRECTION('',(-1.,2.66110479784304E-11,0.));
#9434=DIRECTION('center_axis',(0.64278760967795,0.766044443126185,0.));
#9435=DIRECTION('ref_axis',(0.766044443126185,-0.64278760967795,0.));
#9436=DIRECTION('',(0.766044443126185,-0.64278760967795,8.3708678995956E-17));
#9437=DIRECTION('',(0.,0.,-1.));
#9438=DIRECTION('',(-0.766044443126185,0.64278760967795,0.));
#9439=DIRECTION('',(0.,0.,-1.));
#9440=DIRECTION('center_axis',(-0.642787609677904,0.766044443126224,0.));
#9441=DIRECTION('ref_axis',(0.766044443126224,0.642787609677904,0.));
#9442=DIRECTION('',(0.766044443126224,0.642787609677904,8.37086789959602E-17));
#9443=DIRECTION('',(0.,0.,-1.));
#9444=DIRECTION('',(-0.766044443126224,-0.642787609677904,0.));
#9445=DIRECTION('',(0.,0.,1.));
#9446=DIRECTION('center_axis',(1.12396722331329E-15,1.,0.));
#9447=DIRECTION('ref_axis',(1.,-1.12396722331329E-15,0.));
#9448=DIRECTION('',(1.,-1.12396722331329E-15,1.09273919740669E-16));
#9449=DIRECTION('',(-1.,1.12396722331329E-15,0.));
#9450=DIRECTION('center_axis',(0.64278760969003,0.766044443116049,0.));
#9451=DIRECTION('ref_axis',(0.766044443116049,-0.64278760969003,0.));
#9452=DIRECTION('',(0.766044443116049,-0.64278760969003,8.37086789948484E-17));
#9453=DIRECTION('',(0.,0.,-1.));
#9454=DIRECTION('',(-0.766044443116049,0.64278760969003,0.));
#9455=DIRECTION('',(0.,0.,-1.));
#9456=DIRECTION('center_axis',(-0.64278760966582,0.766044443136364,0.));
#9457=DIRECTION('ref_axis',(0.766044443136364,0.64278760966582,0.));
#9458=DIRECTION('',(0.766044443136364,0.64278760966582,8.37086789970682E-17));
#9459=DIRECTION('',(0.,0.,-1.));
#9460=DIRECTION('',(-0.766044443136364,-0.64278760966582,0.));
#9461=DIRECTION('',(0.,0.,1.));
#9462=DIRECTION('center_axis',(-6.67205676545825E-11,1.,0.));
#9463=DIRECTION('ref_axis',(1.,6.67205676545825E-11,0.));
#9464=DIRECTION('',(1.,6.67205676545825E-11,1.09273919740669E-16));
#9465=DIRECTION('',(-1.,-6.67205676545825E-11,0.));
#9466=DIRECTION('center_axis',(0.,-1.,0.));
#9467=DIRECTION('ref_axis',(0.707106781186547,0.,0.707106781186548));
#9468=DIRECTION('center_axis',(0.,-1.,0.));
#9469=DIRECTION('ref_axis',(0.707106781186547,0.,0.707106781186548));
#9470=DIRECTION('',(0.,1.,0.));
#9471=DIRECTION('center_axis',(0.,1.,0.));
#9472=DIRECTION('ref_axis',(0.707106781186547,0.,0.707106781186548));
#9473=DIRECTION('',(0.,-1.,0.));
#9474=DIRECTION('center_axis',(1.,0.,0.));
#9475=DIRECTION('ref_axis',(0.,0.,-1.));
#9476=DIRECTION('',(0.,0.,1.));
#9477=DIRECTION('',(0.,-1.,0.));
#9478=DIRECTION('',(0.,0.,-1.));
#9479=DIRECTION('center_axis',(0.,1.,0.));
#9480=DIRECTION('ref_axis',(0.707106781186547,0.,-0.707106781186548));
#9481=DIRECTION('center_axis',(0.,-1.,0.));
#9482=DIRECTION('ref_axis',(0.707106781186547,0.,-0.707106781186548));
#9483=DIRECTION('',(0.,1.,0.));
#9484=DIRECTION('center_axis',(0.,1.,0.));
#9485=DIRECTION('ref_axis',(0.707106781186547,0.,-0.707106781186548));
#9486=DIRECTION('center_axis',(0.,-1.,0.));
#9487=DIRECTION('ref_axis',(0.707106781186547,0.,0.707106781186548));
#9488=DIRECTION('',(0.,0.707106781186547,-0.707106781186548));
#9489=DIRECTION('',(0.707106781186548,-0.707106781186547,0.));
#9490=DIRECTION('center_axis',(0.,-1.,0.));
#9491=DIRECTION('ref_axis',(0.707106781186547,0.,0.707106781186548));
#9492=DIRECTION('center_axis',(0.707106781186547,0.707106781186548,0.));
#9493=DIRECTION('ref_axis',(0.,0.,-1.));
#9494=DIRECTION('',(0.707106781186546,-0.707106781186549,0.));
#9495=DIRECTION('',(0.,0.,1.));
#9496=DIRECTION('center_axis',(0.,-1.,0.));
#9497=DIRECTION('ref_axis',(0.707106781186547,0.,-0.707106781186548));
#9498=DIRECTION('',(0.,-0.707106781186547,-0.707106781186548));
#9499=DIRECTION('center_axis',(0.,-1.,0.));
#9500=DIRECTION('ref_axis',(0.707106781186547,0.,-0.707106781186548));
#9501=DIRECTION('center_axis',(0.,0.707106781186548,-0.707106781186547));
#9502=DIRECTION('ref_axis',(-1.,0.,0.));
#9503=DIRECTION('',(-1.,0.,0.));
#9504=DIRECTION('',(0.,-0.707106781186548,-0.707106781186547));
#9505=DIRECTION('',(1.,0.,0.));
#9506=DIRECTION('center_axis',(0.,-1.,0.));
#9507=DIRECTION('ref_axis',(-0.707106781186548,0.,-0.707106781186547));
#9508=DIRECTION('center_axis',(0.,1.,0.));
#9509=DIRECTION('ref_axis',(-0.707106781186548,0.,-0.707106781186547));
#9510=DIRECTION('',(-0.707106781186548,-0.707106781186547,0.));
#9511=DIRECTION('center_axis',(0.,-1.,0.));
#9512=DIRECTION('ref_axis',(-0.707106781186548,0.,-0.707106781186547));
#9513=DIRECTION('center_axis',(-0.707106781186547,0.707106781186548,0.));
#9514=DIRECTION('ref_axis',(0.,0.,1.));
#9515=DIRECTION('',(0.,0.,1.));
#9516=DIRECTION('',(-0.707106781186548,-0.707106781186547,0.));
#9517=DIRECTION('',(0.,0.,-1.));
#9518=DIRECTION('center_axis',(0.,-1.,0.));
#9519=DIRECTION('ref_axis',(-0.707106781186548,0.,0.707106781186547));
#9520=DIRECTION('center_axis',(0.,1.,0.));
#9521=DIRECTION('ref_axis',(-0.707106781186548,0.,0.707106781186547));
#9522=DIRECTION('',(0.,-0.707106781186547,0.707106781186548));
#9523=DIRECTION('center_axis',(0.,-1.,0.));
#9524=DIRECTION('ref_axis',(-0.707106781186548,0.,0.707106781186547));
#9525=DIRECTION('center_axis',(-7.72683296554614E-17,0.707106781186548,
0.707106781186548));
#9526=DIRECTION('ref_axis',(1.,0.,1.09273919740669E-16));
#9527=DIRECTION('',(1.,0.,1.09273919740669E-16));
#9528=DIRECTION('',(-1.,0.,-1.09273919740669E-16));
#9529=DIRECTION('center_axis',(0.,1.,0.));
#9530=DIRECTION('ref_axis',(-0.707106781186548,0.,0.707106781186547));
#9531=DIRECTION('center_axis',(0.,-1.,0.));
#9532=DIRECTION('ref_axis',(-0.707106781186548,0.,0.707106781186547));
#9533=DIRECTION('',(0.,1.,0.));
#9534=DIRECTION('',(0.,-1.,0.));
#9535=DIRECTION('center_axis',(-1.,0.,0.));
#9536=DIRECTION('ref_axis',(0.,0.,1.));
#9537=DIRECTION('',(0.,0.,-1.));
#9538=DIRECTION('',(0.,1.,0.));
#9539=DIRECTION('center_axis',(0.,1.,0.));
#9540=DIRECTION('ref_axis',(-0.707106781186548,0.,-0.707106781186547));
#9541=DIRECTION('center_axis',(0.,-1.,0.));
#9542=DIRECTION('ref_axis',(-0.707106781186548,0.,-0.707106781186547));
#9543=DIRECTION('',(0.,-1.,0.));
#9544=DIRECTION('center_axis',(0.,1.,0.));
#9545=DIRECTION('ref_axis',(0.,0.,1.));
#9546=DIRECTION('center_axis',(-0.766044443121051,0.642787609684068,0.));
#9547=DIRECTION('ref_axis',(-0.454519477670295,-0.541675220421167,-0.707106781186549));
#9548=DIRECTION('',(0.766044443121051,-0.642787609684068,0.));
#9549=DIRECTION('center_axis',(0.766044443121052,-0.642787609684068,0.));
#9550=DIRECTION('ref_axis',(-0.642787609684068,-0.766044443121052,0.));
#9551=DIRECTION('center_axis',(-0.939692620781908,0.34202014333666,3.16112908052647E-15));
#9552=DIRECTION('ref_axis',(0.34202014333666,0.939692620781908,8.68513076913087E-15));
#9553=DIRECTION('center_axis',(-0.766044443129264,-0.642787609674281,0.));
#9554=DIRECTION('ref_axis',(0.454519477663376,-0.541675220426972,-0.70710678118655));
#9555=DIRECTION('center_axis',(-0.766044443129263,-0.642787609674282,0.));
#9556=DIRECTION('ref_axis',(0.,0.,-1.));
#9557=DIRECTION('',(0.766044443129264,0.642787609674281,0.));
#9558=DIRECTION('center_axis',(0.939692620793197,0.342020143305645,-1.58216099159801E-15));
#9559=DIRECTION('ref_axis',(0.342020143305645,-0.939692620793196,4.34695159828576E-15));
#9560=DIRECTION('center_axis',(-1.,2.66110479784304E-11,0.));
#9561=DIRECTION('ref_axis',(-1.8817558117325E-11,-0.707106781186547,-0.707106781186548));
#9562=DIRECTION('',(1.,-2.66110479784304E-11,0.));
#9563=DIRECTION('center_axis',(-0.766044443116049,0.64278760969003,0.));
#9564=DIRECTION('ref_axis',(-0.454519477674513,-0.541675220417631,-0.707106781186547));
#9565=DIRECTION('',(0.766044443116049,-0.64278760969003,0.));
#9566=DIRECTION('center_axis',(0.766044443116049,-0.64278760969003,0.));
#9567=DIRECTION('ref_axis',(-0.64278760969003,-0.766044443116049,0.));
#9568=DIRECTION('center_axis',(-0.939692620796538,0.342020143296463,-2.05521283777556E-15));
#9569=DIRECTION('ref_axis',(0.342020143296463,0.939692620796538,-5.64665086333544E-15));
#9570=DIRECTION('center_axis',(-0.766044443136364,-0.64278760966582,0.));
#9571=DIRECTION('ref_axis',(0.454519477657394,-0.541675220431995,-0.707106781186547));
#9572=DIRECTION('center_axis',(-0.766044443136364,-0.64278760966582,0.));
#9573=DIRECTION('ref_axis',(0.,0.,-1.));
#9574=DIRECTION('',(0.766044443136364,0.64278760966582,0.));
#9575=DIRECTION('center_axis',(0.939692620779123,0.34202014334431,-1.73878063943223E-15));
#9576=DIRECTION('ref_axis',(0.34202014334431,-0.939692620779123,4.7772605449218E-15));
#9577=DIRECTION('center_axis',(-1.,-6.67205676545825E-11,0.));
#9578=DIRECTION('ref_axis',(4.71812783834474E-11,-0.707106781186547,-0.707106781186547));
#9579=DIRECTION('',(1.,6.67205676545825E-11,0.));
#9580=DIRECTION('center_axis',(-0.766044443126185,0.64278760967795,0.));
#9581=DIRECTION('ref_axis',(-0.454519477665971,-0.541675220424798,-0.707106781186547));
#9582=DIRECTION('',(0.766044443126185,-0.64278760967795,0.));
#9583=DIRECTION('center_axis',(0.766044443126185,-0.642787609677951,0.));
#9584=DIRECTION('ref_axis',(-0.642787609677951,-0.766044443126185,0.));
#9585=DIRECTION('center_axis',(-0.939692620787825,0.342020143320402,-3.47756127889667E-15));
#9586=DIRECTION('ref_axis',(0.342020143320402,0.939692620787825,-9.554521088705E-15));
#9587=DIRECTION('center_axis',(-0.766044443126224,-0.642787609677904,0.));
#9588=DIRECTION('ref_axis',(0.454519477665936,-0.541675220424824,-0.70710678118655));
#9589=DIRECTION('center_axis',(-0.766044443126224,-0.642787609677904,0.));
#9590=DIRECTION('ref_axis',(0.,0.,-1.));
#9591=DIRECTION('',(0.766044443126224,0.642787609677904,0.));
#9592=DIRECTION('center_axis',(0.939692620787837,0.342020143320369,3.16432198333225E-16));
#9593=DIRECTION('ref_axis',(0.342020143320369,-0.939692620787837,-8.69390319724175E-16));
#9594=DIRECTION('center_axis',(-1.,1.12396722331329E-15,0.));
#9595=DIRECTION('ref_axis',(0.,-0.707106781186547,-0.707106781186548));
#9596=DIRECTION('',(1.,-1.12396722331329E-15,0.));
#9597=DIRECTION('center_axis',(-0.766044443126046,0.642787609678116,0.));
#9598=DIRECTION('ref_axis',(-0.454519477666087,-0.541675220424699,-0.707106781186548));
#9599=DIRECTION('',(0.766044443126046,-0.642787609678116,0.));
#9600=DIRECTION('center_axis',(0.766044443126045,-0.642787609678117,0.));
#9601=DIRECTION('ref_axis',(-0.642787609678117,-0.766044443126045,0.));
#9602=DIRECTION('center_axis',(-0.939692620787789,0.342020143320503,-3.16432198333349E-16));
#9603=DIRECTION('ref_axis',(0.342020143320503,0.939692620787788,-8.69390319724137E-16));
#9604=DIRECTION('center_axis',(-0.766044443126343,-0.642787609677762,0.));
#9605=DIRECTION('ref_axis',(0.454519477665837,-0.541675220424908,-0.707106781186549));
#9606=DIRECTION('center_axis',(-0.766044443126342,-0.642787609677763,0.));
#9607=DIRECTION('ref_axis',(0.,0.,-1.));
#9608=DIRECTION('',(0.766044443126343,0.642787609677762,0.));
#9609=DIRECTION('center_axis',(0.939692620787869,0.342020143320282,-3.16432198333144E-16));
#9610=DIRECTION('ref_axis',(0.342020143320282,-0.939692620787869,8.69390319724203E-16));
#9611=DIRECTION('center_axis',(0.,0.,1.));
#9612=DIRECTION('ref_axis',(1.,0.,0.));
#9613=DIRECTION('center_axis',(0.,0.,-1.));
#9614=DIRECTION('ref_axis',(-1.,1.53142747957078E-15,0.));
#9615=DIRECTION('center_axis',(0.,0.,1.));
#9616=DIRECTION('ref_axis',(-1.,1.53142747957078E-15,0.));
#9617=DIRECTION('center_axis',(-1.,1.49862296441772E-15,0.));
#9618=DIRECTION('ref_axis',(0.,-0.707106781186547,-0.707106781186548));
#9619=DIRECTION('',(1.,-1.49862296441772E-15,0.));
#9620=DIRECTION('center_axis',(0.766044443126343,0.642787609677762,8.37086789959733E-17));
#9621=DIRECTION('ref_axis',(0.454519477665838,-0.541675220424911,0.707106781186545));
#9622=DIRECTION('',(-0.766044443126343,-0.642787609677762,-8.37086789959733E-17));
#9623=DIRECTION('center_axis',(-0.766044443126342,-0.642787609677763,0.));
#9624=DIRECTION('ref_axis',(0.642787609677763,-0.766044443126342,0.));
#9625=DIRECTION('center_axis',(0.939692620787868,0.342020143320285,0.));
#9626=DIRECTION('ref_axis',(-0.342020143320285,0.939692620787868,-3.19495567365863E-16));
#9627=DIRECTION('center_axis',(0.766044443126046,-0.642787609678116,8.37086789959407E-17));
#9628=DIRECTION('ref_axis',(-0.454519477666089,-0.5416752204247,0.707106781186546));
#9629=DIRECTION('center_axis',(0.766044443126047,-0.642787609678115,0.));
#9630=DIRECTION('ref_axis',(0.,0.,1.));
#9631=DIRECTION('',(-0.766044443126046,0.642787609678116,-8.37086789959407E-17));
#9632=DIRECTION('center_axis',(-0.939692620787789,0.342020143320503,0.));
#9633=DIRECTION('ref_axis',(-0.342020143320503,-0.939692620787788,-3.19495567365662E-16));
#9634=DIRECTION('center_axis',(1.,-1.49862296441772E-15,1.09273919740669E-16));
#9635=DIRECTION('ref_axis',(0.,-0.707106781186548,0.707106781186547));
#9636=DIRECTION('',(-1.,1.49862296441772E-15,-1.09273919740669E-16));
#9637=DIRECTION('center_axis',(0.766044443126224,0.642787609677904,8.37086789959602E-17));
#9638=DIRECTION('ref_axis',(0.454519477665938,-0.541675220424828,0.707106781186545));
#9639=DIRECTION('',(-0.766044443126224,-0.642787609677904,-8.37086789959602E-17));
#9640=DIRECTION('center_axis',(-0.766044443126224,-0.642787609677904,0.));
#9641=DIRECTION('ref_axis',(0.642787609677904,-0.766044443126224,0.));
#9642=DIRECTION('center_axis',(0.939692620787834,0.342020143320379,-1.10591624278189E-15));
#9643=DIRECTION('ref_axis',(-0.342020143320379,0.939692620787834,-3.35797547227032E-15));
#9644=DIRECTION('center_axis',(0.766044443126185,-0.64278760967795,8.3708678995956E-17));
#9645=DIRECTION('ref_axis',(-0.454519477665971,-0.541675220424799,0.707106781186546));
#9646=DIRECTION('center_axis',(0.766044443126185,-0.64278760967795,0.));
#9647=DIRECTION('ref_axis',(0.,0.,1.));
#9648=DIRECTION('',(-0.766044443126185,0.64278760967795,-8.3708678995956E-17));
#9649=DIRECTION('center_axis',(-0.939692620787825,0.342020143320402,2.37164503611485E-15));
#9650=DIRECTION('ref_axis',(-0.342020143320402,-0.939692620787825,-6.83553675116661E-15));
#9651=DIRECTION('center_axis',(1.,-1.12396722331329E-15,1.09273919740669E-16));
#9652=DIRECTION('ref_axis',(0.,-0.707106781186548,0.707106781186547));
#9653=DIRECTION('',(-1.,1.12396722331329E-15,-1.09273919740669E-16));
#9654=DIRECTION('center_axis',(0.766044443136364,0.64278760966582,8.37086789970683E-17));
#9655=DIRECTION('ref_axis',(0.454519477657394,-0.541675220431997,0.707106781186546));
#9656=DIRECTION('',(-0.766044443136364,-0.64278760966582,-8.37086789970682E-17));
#9657=DIRECTION('center_axis',(-0.766044443136364,-0.64278760966582,0.));
#9658=DIRECTION('ref_axis',(0.64278760966582,-0.766044443136364,0.));
#9659=DIRECTION('center_axis',(0.939692620779123,0.342020143344312,2.68807723449837E-15));
#9660=DIRECTION('ref_axis',(-0.342020143344312,0.939692620779123,7.0659359372096E-15));
#9661=DIRECTION('center_axis',(0.766044443116049,-0.64278760969003,8.37086789948484E-17));
#9662=DIRECTION('ref_axis',(-0.454519477674513,-0.541675220417632,0.707106781186546));
#9663=DIRECTION('center_axis',(0.766044443116049,-0.64278760969003,0.));
#9664=DIRECTION('ref_axis',(0.,0.,1.));
#9665=DIRECTION('',(-0.766044443116049,0.64278760969003,-8.37086789948484E-17));
#9666=DIRECTION('center_axis',(-0.939692620796538,0.342020143296463,1.73878063946446E-15));
#9667=DIRECTION('ref_axis',(-0.342020143296463,-0.939692620796538,-5.09675611111325E-15));
#9668=DIRECTION('center_axis',(1.,6.67205676545825E-11,1.09273919740669E-16));
#9669=DIRECTION('ref_axis',(4.71760447419186E-11,-0.707106781186548,0.707106781186547));
#9670=DIRECTION('',(-1.,-6.67205676545825E-11,-1.09273919740669E-16));
#9671=DIRECTION('center_axis',(0.766044443129264,0.642787609674281,8.37086789962924E-17));
#9672=DIRECTION('ref_axis',(0.454519477663376,-0.541675220426975,0.707106781186548));
#9673=DIRECTION('',(-0.766044443129264,-0.642787609674281,-8.37086789962924E-17));
#9674=DIRECTION('center_axis',(-0.766044443129263,-0.642787609674282,0.));
#9675=DIRECTION('ref_axis',(0.642787609674282,-0.766044443129263,0.));
#9676=DIRECTION('center_axis',(0.939692620793194,0.342020143305651,6.32864396639215E-16));
#9677=DIRECTION('ref_axis',(-0.342020143305651,0.939692620793194,1.41928507195812E-15));
#9678=DIRECTION('center_axis',(0.766044443121051,-0.642787609684068,8.3708678995395E-17));
#9679=DIRECTION('ref_axis',(-0.454519477670295,-0.541675220421168,0.707106781186548));
#9680=DIRECTION('center_axis',(0.766044443121051,-0.642787609684068,0.));
#9681=DIRECTION('ref_axis',(0.,0.,1.));
#9682=DIRECTION('',(-0.766044443121051,0.642787609684068,-8.3708678995395E-17));
#9683=DIRECTION('center_axis',(-0.939692620781909,0.342020143336657,-3.16432198348295E-16));
#9684=DIRECTION('ref_axis',(-0.342020143336657,-0.939692620781909,5.49894752416748E-16));
#9685=DIRECTION('center_axis',(1.,-2.66110479784304E-11,1.09273919740669E-16));
#9686=DIRECTION('ref_axis',(-1.88097076550316E-11,-0.707106781186547,0.707106781186548));
#9687=DIRECTION('',(-1.,2.66110479784304E-11,-1.09273919740669E-16));
#9688=DIRECTION('center_axis',(0.,0.,1.));
#9689=DIRECTION('ref_axis',(1.,0.,0.));
#9690=DIRECTION('center_axis',(0.,0.,-1.));
#9691=DIRECTION('ref_axis',(-1.,-2.44929359829471E-16,0.));
#9692=DIRECTION('center_axis',(0.,0.,1.));
#9693=DIRECTION('ref_axis',(-1.,-2.44929359829471E-16,0.));
#9694=DIRECTION('center_axis',(0.,0.,1.));
#9695=DIRECTION('ref_axis',(-1.,0.,0.));
#9696=DIRECTION('',(0.,0.,1.));
#9697=DIRECTION('center_axis',(1.09273919740669E-16,0.,-1.));
#9698=DIRECTION('ref_axis',(-1.,-3.88578058618805E-16,-1.04083408558608E-16));
#9699=DIRECTION('center_axis',(1.09273919740669E-16,0.,-1.));
#9700=DIRECTION('ref_axis',(-1.,0.,0.));
#9701=DIRECTION('center_axis',(-1.09273919740669E-16,0.,1.));
#9702=DIRECTION('ref_axis',(-1.,-3.88578058618805E-16,-1.09273919740669E-16));
#9703=DIRECTION('center_axis',(0.,0.,1.));
#9704=DIRECTION('ref_axis',(1.,0.,0.));
#9705=DIRECTION('center_axis',(0.,0.,-1.));
#9706=DIRECTION('ref_axis',(-1.,-2.44929359829471E-16,0.));
#9707=DIRECTION('center_axis',(0.,0.,1.));
#9708=DIRECTION('ref_axis',(-1.,-2.44929359829471E-16,0.));
#9709=DIRECTION('center_axis',(0.,0.,1.));
#9710=DIRECTION('ref_axis',(-1.,0.,0.));
#9711=DIRECTION('',(0.,0.,1.));
#9712=DIRECTION('center_axis',(1.09273919740669E-16,0.,-1.));
#9713=DIRECTION('ref_axis',(-1.,3.88578058618805E-16,-1.04083408558608E-16));
#9714=DIRECTION('center_axis',(1.09273919740669E-16,0.,-1.));
#9715=DIRECTION('ref_axis',(-1.,0.,0.));
#9716=DIRECTION('center_axis',(-1.09273919740669E-16,0.,1.));
#9717=DIRECTION('ref_axis',(-1.,3.88578058618805E-16,-1.09273919740669E-16));
#9718=DIRECTION('center_axis',(0.,0.,1.));
#9719=DIRECTION('ref_axis',(-1.,0.,0.));
#9720=DIRECTION('',(0.,0.,1.));
#9721=DIRECTION('center_axis',(1.09273919740669E-16,0.,-1.));
#9722=DIRECTION('ref_axis',(-1.,1.33226762955019E-15,-1.04083408558608E-16));
#9723=DIRECTION('center_axis',(1.09273919740669E-16,0.,-1.));
#9724=DIRECTION('ref_axis',(-1.,0.,0.));
#9725=DIRECTION('center_axis',(-1.09273919740669E-16,0.,1.));
#9726=DIRECTION('ref_axis',(-1.,1.33226762955019E-15,-1.09273919740669E-16));
#9727=DIRECTION('center_axis',(-1.09273919740669E-16,0.,1.));
#9728=DIRECTION('ref_axis',(1.,0.,1.09273919740669E-16));
#9729=DIRECTION('',(-1.,0.,-1.09273919740669E-16));
#9730=DIRECTION('',(0.,-1.,0.));
#9731=DIRECTION('',(1.,0.,1.09273919740669E-16));
#9732=DIRECTION('',(-1.09273919740669E-16,0.,1.));
#9733=DIRECTION('',(-1.09273919740669E-16,0.,1.));
#9734=DIRECTION('center_axis',(0.0625223656907897,-0.998043563071486,6.83206397049209E-18));
#9735=DIRECTION('ref_axis',(0.,-6.84545667472306E-18,-1.));
#9736=DIRECTION('',(0.998043563071486,0.0625223656907897,0.));
#9737=DIRECTION('',(-1.09273919740669E-16,0.,1.));
#9738=DIRECTION('',(0.998043563071486,0.0625223656907897,1.09060132208765E-16));
#9739=DIRECTION('',(-1.09273919740669E-16,0.,1.));
#9740=DIRECTION('',(-1.09273919740669E-16,0.,1.));
#9741=DIRECTION('',(-1.09273919740669E-16,0.,1.));
#9742=DIRECTION('',(-1.09273919740669E-16,0.,1.));
#9743=DIRECTION('',(-1.09273919740669E-16,0.,1.));
#9744=DIRECTION('',(-1.09273919740669E-16,0.,1.));
#9745=DIRECTION('',(-1.09273919740669E-16,0.,1.));
#9746=DIRECTION('',(-1.09273919740669E-16,0.,1.));
#9747=DIRECTION('',(-1.09273919740669E-16,0.,1.));
#9748=DIRECTION('',(-1.09273919740669E-16,0.,1.));
#9749=DIRECTION('',(-1.09273919740669E-16,0.,1.));
#9750=DIRECTION('',(-1.09273919740669E-16,0.,1.));
#9751=DIRECTION('',(-1.09273919740669E-16,0.,1.));
#9752=DIRECTION('center_axis',(-0.0584475210300519,0.998290482417538,-6.38678972207894E-18));
#9753=DIRECTION('ref_axis',(0.,6.39772674844319E-18,1.));
#9754=DIRECTION('',(-0.998290482417538,-0.0584475210300519,0.));
#9755=DIRECTION('',(-1.09273919740669E-16,0.,1.));
#9756=DIRECTION('',(-0.998290482417538,-0.0584475210300519,-1.09087114053568E-16));
#9757=DIRECTION('',(-1.09273919740669E-16,0.,1.));
#9758=DIRECTION('',(-1.09273919740669E-16,0.,1.));
#9759=DIRECTION('',(-1.09273919740669E-16,0.,1.));
#9760=DIRECTION('',(-1.09273919740669E-16,0.,1.));
#9761=DIRECTION('',(-1.09273919740669E-16,0.,1.));
#9762=DIRECTION('',(-1.09273919740669E-16,0.,1.));
#9763=DIRECTION('',(-1.09273919740669E-16,0.,1.));
#9764=DIRECTION('',(-1.09273919740669E-16,0.,1.));
#9765=DIRECTION('',(-1.09273919740669E-16,0.,1.));
#9766=DIRECTION('',(-1.09273919740669E-16,0.,1.));
#9767=DIRECTION('',(-1.09273919740669E-16,0.,1.));
#9768=DIRECTION('',(-1.09273919740669E-16,0.,1.));
#9769=DIRECTION('center_axis',(-1.09273919740669E-16,0.,1.));
#9770=DIRECTION('ref_axis',(1.,0.,1.09273919740669E-16));
#9771=DIRECTION('center_axis',(1.,8.39828318305955E-16,1.09273919740669E-16));
#9772=DIRECTION('ref_axis',(1.09273919740669E-16,0.,-1.));
#9773=DIRECTION('',(-8.39828318305955E-16,1.,0.));
#9774=DIRECTION('',(-1.09273919740669E-16,0.,1.));
#9775=DIRECTION('',(-8.39828318305955E-16,1.,-9.17713322505056E-32));
#9776=DIRECTION('',(-1.09273919740669E-16,0.,1.));
#9777=DIRECTION('center_axis',(0.,-1.,0.));
#9778=DIRECTION('ref_axis',(0.,0.,-1.));
#9779=DIRECTION('',(1.,0.,0.));
#9780=DIRECTION('',(-1.09273919740669E-16,0.,1.));
#9781=DIRECTION('',(1.,0.,1.09273919740669E-16));
#9782=DIRECTION('center_axis',(1.,7.04582873759542E-16,1.09273919740669E-16));
#9783=DIRECTION('ref_axis',(1.09273919740669E-16,0.,-1.));
#9784=DIRECTION('',(-7.04582873759542E-16,1.,0.));
#9785=DIRECTION('',(-1.09273919740669E-16,0.,1.));
#9786=DIRECTION('',(-7.04582873759542E-16,1.,-7.69925323978498E-32));
#9787=DIRECTION('center_axis',(0.,-1.,0.));
#9788=DIRECTION('ref_axis',(0.,0.,-1.));
#9789=DIRECTION('',(1.,0.,0.));
#9790=DIRECTION('',(-1.09273919740669E-16,0.,1.));
#9791=DIRECTION('',(1.,0.,1.09273919740669E-16));
#9792=DIRECTION('center_axis',(-1.,-7.04582873759542E-16,-1.09273919740669E-16));
#9793=DIRECTION('ref_axis',(-1.09273919740669E-16,0.,1.));
#9794=DIRECTION('',(7.04582873759542E-16,-1.,0.));
#9795=DIRECTION('',(-1.09273919740669E-16,0.,1.));
#9796=DIRECTION('',(7.04582873759542E-16,-1.,7.69925323978498E-32));
#9797=DIRECTION('center_axis',(0.,-1.,0.));
#9798=DIRECTION('ref_axis',(0.,0.,-1.));
#9799=DIRECTION('',(1.,0.,0.));
#9800=DIRECTION('',(-1.09273919740669E-16,0.,1.));
#9801=DIRECTION('',(1.,0.,1.09273919740669E-16));
#9802=DIRECTION('center_axis',(-1.,-4.19914159152977E-16,-1.09273919740669E-16));
#9803=DIRECTION('ref_axis',(-1.09273919740669E-16,0.,1.));
#9804=DIRECTION('',(4.19914159152977E-16,-1.,0.));
#9805=DIRECTION('',(-1.09273919740669E-16,0.,1.));
#9806=DIRECTION('',(4.19914159152977E-16,-1.,4.58856661252528E-32));
#9807=DIRECTION('center_axis',(0.,1.,0.));
#9808=DIRECTION('ref_axis',(0.,0.,1.));
#9809=DIRECTION('',(-1.,0.,0.));
#9810=DIRECTION('',(-1.09273919740669E-16,0.,1.));
#9811=DIRECTION('',(-1.,0.,-1.09273919740669E-16));
#9812=DIRECTION('center_axis',(-1.,-7.08262141606771E-16,-1.09273919740669E-16));
#9813=DIRECTION('ref_axis',(-1.09273919740669E-16,0.,1.));
#9814=DIRECTION('',(7.08262141606771E-16,-1.,0.));
#9815=DIRECTION('',(-1.09273919740669E-16,0.,1.));
#9816=DIRECTION('',(7.08262141606771E-16,-1.,7.73945804172924E-32));
#9817=DIRECTION('center_axis',(0.,1.,0.));
#9818=DIRECTION('ref_axis',(0.,0.,1.));
#9819=DIRECTION('',(-1.,0.,0.));
#9820=DIRECTION('',(-1.09273919740669E-16,0.,1.));
#9821=DIRECTION('',(-1.,0.,-1.09273919740669E-16));
#9822=DIRECTION('center_axis',(1.,7.08262141606771E-16,1.09273919740669E-16));
#9823=DIRECTION('ref_axis',(1.09273919740669E-16,0.,-1.));
#9824=DIRECTION('',(-7.08262141606771E-16,1.,0.));
#9825=DIRECTION('',(-1.09273919740669E-16,0.,1.));
#9826=DIRECTION('',(-7.08262141606771E-16,1.,-7.73945804172924E-32));
#9827=DIRECTION('center_axis',(0.,1.,0.));
#9828=DIRECTION('ref_axis',(0.,0.,1.));
#9829=DIRECTION('',(-1.,0.,0.));
#9830=DIRECTION('',(-1.,0.,-1.09273919740669E-16));
#9831=DIRECTION('center_axis',(-1.09273919740669E-16,0.,1.));
#9832=DIRECTION('ref_axis',(1.,0.,1.09273919740669E-16));
#9833=DIRECTION('center_axis',(1.,0.,1.09273919740669E-16));
#9834=DIRECTION('ref_axis',(1.09273919740669E-16,0.,-1.));
#9835=DIRECTION('',(0.,1.,0.));
#9836=DIRECTION('',(-1.09273919740669E-16,0.,1.));
#9837=DIRECTION('',(0.,1.,0.));
#9838=DIRECTION('',(-1.09273919740669E-16,0.,1.));
#9839=DIRECTION('center_axis',(-4.58217036062735E-16,-1.,-5.00711716225263E-32));
#9840=DIRECTION('ref_axis',(0.,5.00711716225263E-32,-1.));
#9841=DIRECTION('',(1.,-4.58217036062735E-16,0.));
#9842=DIRECTION('',(-1.09273919740669E-16,0.,1.));
#9843=DIRECTION('',(1.,-4.58217036062735E-16,1.09273919740669E-16));
#9844=DIRECTION('center_axis',(-1.,0.,-1.09273919740669E-16));
#9845=DIRECTION('ref_axis',(-1.09273919740669E-16,0.,1.));
#9846=DIRECTION('',(0.,-1.,0.));
#9847=DIRECTION('',(-1.09273919740669E-16,0.,1.));
#9848=DIRECTION('',(0.,-1.,0.));
#9849=DIRECTION('center_axis',(4.58217036062735E-16,1.,5.00711716225263E-32));
#9850=DIRECTION('ref_axis',(0.,-5.00711716225263E-32,1.));
#9851=DIRECTION('',(-1.,4.58217036062735E-16,0.));
#9852=DIRECTION('',(-1.,4.58217036062735E-16,-1.09273919740669E-16));
#9853=DIRECTION('center_axis',(-1.09273919740669E-16,0.,1.));
#9854=DIRECTION('ref_axis',(1.,0.,1.09273919740669E-16));
#9855=DIRECTION('center_axis',(-1.,0.,-1.09273919740669E-16));
#9856=DIRECTION('ref_axis',(-1.09273919740669E-16,0.,1.));
#9857=DIRECTION('',(0.,-1.,0.));
#9858=DIRECTION('',(-1.09273919740669E-16,0.,1.));
#9859=DIRECTION('',(-1.09273919740669E-16,0.,1.));
#9860=DIRECTION('center_axis',(0.,-1.,0.));
#9861=DIRECTION('ref_axis',(0.,0.,-1.));
#9862=DIRECTION('',(1.,0.,0.));
#9863=DIRECTION('',(-1.09273919740669E-16,0.,1.));
#9864=DIRECTION('',(-1.09273919740669E-16,0.,1.));
#9865=DIRECTION('',(-1.09273919740669E-16,0.,1.));
#9866=DIRECTION('',(-1.09273919740669E-16,0.,1.));
#9867=DIRECTION('',(-1.09273919740669E-16,0.,1.));
#9868=DIRECTION('center_axis',(0.,1.,0.));
#9869=DIRECTION('ref_axis',(0.,0.,1.));
#9870=DIRECTION('',(-1.,0.,0.));
#9871=DIRECTION('center_axis',(1.,-1.48029730734515E-15,1.09273919740669E-16));
#9872=DIRECTION('ref_axis',(1.09273919740669E-16,0.,-1.));
#9873=DIRECTION('',(1.48029730734515E-15,1.,0.));
#9874=DIRECTION('',(-1.09273919740669E-16,0.,1.));
#9875=DIRECTION('',(1.48029730734515E-15,1.,1.61757889155161E-31));
#9876=DIRECTION('',(-1.09273919740669E-16,0.,1.));
#9877=DIRECTION('center_axis',(0.,-1.,0.));
#9878=DIRECTION('ref_axis',(0.,0.,-1.));
#9879=DIRECTION('',(1.,0.,0.));
#9880=DIRECTION('',(-1.09273919740669E-16,0.,1.));
#9881=DIRECTION('',(1.,0.,1.09273919740669E-16));
#9882=DIRECTION('',(-1.09273919740669E-16,0.,1.));
#9883=DIRECTION('',(-1.09273919740669E-16,0.,1.));
#9884=DIRECTION('',(-1.09273919740669E-16,0.,1.));
#9885=DIRECTION('',(-1.09273919740669E-16,0.,1.));
#9886=DIRECTION('center_axis',(0.,1.,0.));
#9887=DIRECTION('ref_axis',(0.,0.,1.));
#9888=DIRECTION('',(-1.,0.,0.));
#9889=DIRECTION('',(-1.09273919740669E-16,0.,1.));
#9890=DIRECTION('',(-1.,0.,-1.09273919740669E-16));
#9891=DIRECTION('center_axis',(-1.,1.99459189062774E-15,-1.09273919740669E-16));
#9892=DIRECTION('ref_axis',(-1.09273919740669E-16,0.,1.));
#9893=DIRECTION('',(-1.99459189062774E-15,-1.,0.));
#9894=DIRECTION('',(-1.09273919740669E-16,0.,1.));
#9895=DIRECTION('',(-1.99459189062774E-15,-1.,-2.17956874171844E-31));
#9896=DIRECTION('center_axis',(0.,1.,0.));
#9897=DIRECTION('ref_axis',(0.,0.,1.));
#9898=DIRECTION('',(-1.,0.,0.));
#9899=DIRECTION('',(-1.,0.,-1.09273919740669E-16));
#9900=DIRECTION('center_axis',(-1.09273919740669E-16,0.,1.));
#9901=DIRECTION('ref_axis',(1.,0.,1.09273919740669E-16));
#9902=DIRECTION('center_axis',(0.935507107304481,0.353307871668326,1.02226528560415E-16));
#9903=DIRECTION('ref_axis',(1.09273919740669E-16,0.,-1.));
#9904=DIRECTION('',(-0.353307871668326,0.935507107304481,0.));
#9905=DIRECTION('',(-1.09273919740669E-16,0.,1.));
#9906=DIRECTION('',(-0.353307871668326,0.935507107304481,-3.86073360124311E-17));
#9907=DIRECTION('',(-1.09273919740669E-16,0.,1.));
#9908=DIRECTION('center_axis',(-1.14567112635127E-15,-1.,-1.2519197471011E-31));
#9909=DIRECTION('ref_axis',(0.,1.2519197471011E-31,-1.));
#9910=DIRECTION('',(1.,-1.14567112635127E-15,0.));
#9911=DIRECTION('',(-1.09273919740669E-16,0.,1.));
#9912=DIRECTION('',(1.,-1.14567112635127E-15,1.09273919740669E-16));
#9913=DIRECTION('center_axis',(-0.954411553844092,-0.298493862397381,-1.04292291534326E-16));
#9914=DIRECTION('ref_axis',(-1.09273919740669E-16,0.,1.));
#9915=DIRECTION('',(0.298493862397381,-0.954411553844092,0.));
#9916=DIRECTION('',(-1.09273919740669E-16,0.,1.));
#9917=DIRECTION('',(0.298493862397381,-0.954411553844092,3.26175943626936E-17));
#9918=DIRECTION('center_axis',(0.955497684484368,-0.2949986015984,1.0441097728674E-16));
#9919=DIRECTION('ref_axis',(1.09273919740669E-16,0.,-1.));
#9920=DIRECTION('',(0.2949986015984,0.955497684484368,0.));
#9921=DIRECTION('',(-1.09273919740669E-16,0.,1.));
#9922=DIRECTION('',(0.2949986015984,0.955497684484368,3.2235653514673E-17));
#9923=DIRECTION('center_axis',(-1.17997184710338E-15,-1.,-1.28940148916623E-31));
#9924=DIRECTION('ref_axis',(0.,1.28940148916623E-31,-1.));
#9925=DIRECTION('',(1.,-1.17997184710338E-15,0.));
#9926=DIRECTION('',(-1.09273919740669E-16,0.,1.));
#9927=DIRECTION('',(1.,-1.17997184710338E-15,1.09273919740669E-16));
#9928=DIRECTION('center_axis',(-0.937460848964403,0.348090730498444,-1.02440021569755E-16));
#9929=DIRECTION('ref_axis',(-1.09273919740669E-16,0.,1.));
#9930=DIRECTION('',(-0.348090730498444,-0.937460848964403,0.));
#9931=DIRECTION('',(-1.09273919740669E-16,0.,1.));
#9932=DIRECTION('',(-0.348090730498444,-0.937460848964403,-3.80372385469577E-17));
#9933=DIRECTION('center_axis',(5.52473564859593E-16,1.,6.03709519853083E-32));
#9934=DIRECTION('ref_axis',(0.,-6.03709519853083E-32,1.));
#9935=DIRECTION('',(-1.,5.52473564859593E-16,0.));
#9936=DIRECTION('',(-1.,5.52473564859593E-16,-1.09273919740669E-16));
#9937=DIRECTION('center_axis',(-1.09273919740669E-16,0.,1.));
#9938=DIRECTION('ref_axis',(1.,0.,1.09273919740669E-16));
#9939=DIRECTION('center_axis',(0.935507107304481,0.353307871668326,1.02226528560415E-16));
#9940=DIRECTION('ref_axis',(1.09273919740669E-16,0.,-1.));
#9941=DIRECTION('',(-0.353307871668326,0.935507107304481,0.));
#9942=DIRECTION('',(-1.09273919740669E-16,0.,1.));
#9943=DIRECTION('',(-0.353307871668326,0.935507107304481,-3.86073360124311E-17));
#9944=DIRECTION('',(-1.09273919740669E-16,0.,1.));
#9945=DIRECTION('center_axis',(0.,-1.,0.));
#9946=DIRECTION('ref_axis',(0.,0.,-1.));
#9947=DIRECTION('',(1.,0.,0.));
#9948=DIRECTION('',(-1.09273919740669E-16,0.,1.));
#9949=DIRECTION('',(1.,0.,1.09273919740669E-16));
#9950=DIRECTION('center_axis',(-0.954411553844091,-0.298493862397382,-1.04292291534326E-16));
#9951=DIRECTION('ref_axis',(-1.09273919740669E-16,0.,1.));
#9952=DIRECTION('',(0.298493862397382,-0.954411553844091,0.));
#9953=DIRECTION('',(-1.09273919740669E-16,0.,1.));
#9954=DIRECTION('',(0.298493862397382,-0.954411553844091,3.26175943626937E-17));
#9955=DIRECTION('center_axis',(0.955497684484368,-0.294998601598399,1.0441097728674E-16));
#9956=DIRECTION('ref_axis',(1.09273919740669E-16,0.,-1.));
#9957=DIRECTION('',(0.294998601598399,0.955497684484368,0.));
#9958=DIRECTION('',(-1.09273919740669E-16,0.,1.));
#9959=DIRECTION('',(0.294998601598399,0.955497684484368,3.2235653514673E-17));
#9960=DIRECTION('center_axis',(0.,-1.,0.));
#9961=DIRECTION('ref_axis',(0.,0.,-1.));
#9962=DIRECTION('',(1.,0.,0.));
#9963=DIRECTION('',(-1.09273919740669E-16,0.,1.));
#9964=DIRECTION('',(1.,0.,1.09273919740669E-16));
#9965=DIRECTION('center_axis',(-0.937460848964404,0.348090730498443,-1.02440021569755E-16));
#9966=DIRECTION('ref_axis',(-1.09273919740669E-16,0.,1.));
#9967=DIRECTION('',(-0.348090730498443,-0.937460848964404,0.));
#9968=DIRECTION('',(-1.09273919740669E-16,0.,1.));
#9969=DIRECTION('',(-0.348090730498443,-0.937460848964404,-3.80372385469576E-17));
#9970=DIRECTION('center_axis',(0.,1.,0.));
#9971=DIRECTION('ref_axis',(0.,0.,1.));
#9972=DIRECTION('',(-1.,0.,0.));
#9973=DIRECTION('',(-1.,0.,-1.09273919740669E-16));
#9974=DIRECTION('center_axis',(-1.09273919740669E-16,0.,1.));
#9975=DIRECTION('ref_axis',(1.,0.,1.09273919740669E-16));
#9976=DIRECTION('center_axis',(-6.04989177020976E-11,-1.,0.));
#9977=DIRECTION('ref_axis',(1.,-6.04989206742538E-11,0.));
#9978=DIRECTION('',(-6.04989177020976E-11,-1.,0.));
#9979=DIRECTION('center_axis',(0.,1.,0.));
#9980=DIRECTION('ref_axis',(-1.,6.04989206742538E-11,0.));
#9981=DIRECTION('center_axis',(0.,1.,0.));
#9982=DIRECTION('ref_axis',(-1.,6.04989206742538E-11,0.));
#9983=DIRECTION('center_axis',(0.,-1.,0.));
#9984=DIRECTION('ref_axis',(-1.,2.81632906542413E-11,0.));
#9985=DIRECTION('',(0.707106779437235,-0.70710678293586,-8.65956054093203E-17));
#9986=DIRECTION('center_axis',(0.,-1.,0.));
#9987=DIRECTION('ref_axis',(-1.,0.,0.));
#9988=DIRECTION('center_axis',(0.,1.,0.));
#9989=DIRECTION('ref_axis',(0.,0.,1.));
#9990=DIRECTION('',(-1.,0.,0.));
#9991=DIRECTION('',(0.,0.,-1.));
#9992=DIRECTION('',(1.,0.,1.09273919740669E-16));
#9993=DIRECTION('center_axis',(0.,1.,0.));
#9994=DIRECTION('ref_axis',(-0.707106781186548,0.,0.707106781186547));
#9995=DIRECTION('',(0.,0.,1.));
#9996=DIRECTION('center_axis',(0.,1.,0.));
#9997=DIRECTION('ref_axis',(-0.707106781186548,0.,-0.707106781186547));
#9998=DIRECTION('center_axis',(0.,0.,-1.));
#9999=DIRECTION('ref_axis',(-1.,0.,0.));
#10000=DIRECTION('center_axis',(0.,0.,-1.));
#10001=DIRECTION('ref_axis',(1.,1.01064309961486E-15,0.));
#10002=DIRECTION('',(1.,0.,0.));
#10003=DIRECTION('center_axis',(0.,0.,-1.));
#10004=DIRECTION('ref_axis',(1.,1.01064309961486E-15,0.));
#10005=DIRECTION('',(1.,0.,0.));
#10006=DIRECTION('center_axis',(0.,0.,-1.));
#10007=DIRECTION('ref_axis',(1.,-3.21624529935327E-16,0.));
#10008=DIRECTION('',(1.,0.,0.));
#10009=DIRECTION('center_axis',(0.,0.,-1.));
#10010=DIRECTION('ref_axis',(1.,-1.20980294963545E-15,0.));
#10011=DIRECTION('center_axis',(0.,0.,-1.));
#10012=DIRECTION('ref_axis',(-1.,-2.02128619922972E-15,0.));
#10013=DIRECTION('',(1.,0.,0.));
#10014=DIRECTION('',(1.,0.,0.));
#10015=DIRECTION('center_axis',(0.,0.,1.));
#10016=DIRECTION('ref_axis',(1.,0.,0.));
#10017=DIRECTION('center_axis',(0.,0.,1.));
#10018=DIRECTION('ref_axis',(-1.,-2.02128619922972E-15,0.));
#10019=DIRECTION('center_axis',(0.,0.,1.));
#10020=DIRECTION('ref_axis',(-1.,0.,0.));
#10021=DIRECTION('',(0.,0.,1.));
#10022=DIRECTION('center_axis',(1.09273919740669E-16,0.,-1.));
#10023=DIRECTION('ref_axis',(-1.,-8.88178419700125E-16,-1.04083408558608E-16));
#10024=DIRECTION('center_axis',(1.09273919740669E-16,0.,-1.));
#10025=DIRECTION('ref_axis',(-1.,0.,0.));
#10026=DIRECTION('center_axis',(-1.09273919740669E-16,0.,1.));
#10027=DIRECTION('ref_axis',(-1.,-8.88178419700125E-16,-1.09273919740669E-16));
#10028=DIRECTION('',(-0.00907929524789895,-0.707019352539536,-0.707135914469331));
#10029=DIRECTION('',(0.,0.707106781186545,0.70710678118655));
#10030=DIRECTION('',(0.,-0.707106781186547,0.707106781186548));
#10031=DIRECTION('',(0.00907929524789895,0.707019352539536,-0.707135914469331));
#10032=DIRECTION('center_axis',(-7.72683296554611E-17,-0.70710678118655,
0.707106781186545));
#10033=DIRECTION('ref_axis',(1.,0.,1.09273919740669E-16));
#10034=DIRECTION('',(-1.,0.,-1.09273919740669E-16));
#10035=DIRECTION('',(0.,0.707106781186545,0.70710678118655));
#10036=DIRECTION('center_axis',(0.,1.,0.));
#10037=DIRECTION('ref_axis',(-0.707106781186548,0.,0.707106781186547));
#10038=DIRECTION('',(-0.707106781186548,0.707106781186547,3.92523114670943E-15));
#10039=DIRECTION('center_axis',(-0.707106781186547,-0.707106781186548,0.));
#10040=DIRECTION('ref_axis',(0.,0.,1.));
#10041=DIRECTION('',(-0.707106781186548,0.707106781186547,0.));
#10042=DIRECTION('center_axis',(0.,1.,0.));
#10043=DIRECTION('ref_axis',(-0.707106781186548,0.,-0.707106781186547));
#10044=DIRECTION('',(0.,0.707106781186547,-0.707106781186548));
#10045=DIRECTION('center_axis',(0.,-0.707106781186548,-0.707106781186547));
#10046=DIRECTION('ref_axis',(-1.,0.,0.));
#10047=DIRECTION('',(0.724568837309471,0.689202437604513,0.));
#10048=DIRECTION('center_axis',(0.689202437604513,-0.72456883730947,0.));
#10049=DIRECTION('ref_axis',(0.,0.,-1.));
#10050=DIRECTION('',(0.724568837309467,0.689202437604516,0.));
#10051=DIRECTION('center_axis',(0.,1.,0.));
#10052=DIRECTION('ref_axis',(0.,0.,1.));
#10053=DIRECTION('',(1.,0.,1.09273919740669E-16));
#10054=DIRECTION('',(0.,0.,1.));
#10055=DIRECTION('',(-1.,0.,0.));
#10056=DIRECTION('',(0.,0.,-1.));
#10057=DIRECTION('center_axis',(1.09273919740669E-16,0.,-1.));
#10058=DIRECTION('ref_axis',(-1.,0.,0.));
#10059=DIRECTION('center_axis',(-1.09273919740669E-16,0.,1.));
#10060=DIRECTION('ref_axis',(1.,-1.45473230946492E-15,1.09273919740669E-16));
#10061=DIRECTION('center_axis',(1.09273919740669E-16,0.,-1.));
#10062=DIRECTION('ref_axis',(1.,-1.45473230946492E-15,1.04083408558608E-16));
#10063=DIRECTION('center_axis',(0.,0.,1.));
#10064=DIRECTION('ref_axis',(-1.,0.,0.));
#10065=DIRECTION('',(0.,0.,-1.));
#10066=DIRECTION('center_axis',(0.,0.,1.));
#10067=DIRECTION('ref_axis',(1.,-1.20980294963545E-15,0.));
#10068=DIRECTION('center_axis',(0.,0.,1.));
#10069=DIRECTION('ref_axis',(1.,0.,0.));
#10070=DIRECTION('',(-0.00907929524789506,-0.70701935253953,-0.707135914469337));
#10071=DIRECTION('',(0.,0.707106781186549,0.707106781186546));
#10072=DIRECTION('',(0.,-0.707106781186547,-0.707106781186548));
#10073=DIRECTION('',(-0.00907929524789895,0.707019352539536,0.707135914469331));
#10074=DIRECTION('center_axis',(-7.72683296554613E-17,-0.707106781186548,
0.707106781186547));
#10075=DIRECTION('ref_axis',(1.,0.,1.09273919740669E-16));
#10076=DIRECTION('',(-1.,0.,-1.09273919740669E-16));
#10077=DIRECTION('',(0.00907929524789895,-0.707019352539536,0.707135914469331));
#10078=DIRECTION('',(0.,0.707106781186547,-0.707106781186548));
#10079=DIRECTION('',(-0.724568837309471,0.689202437604513,0.));
#10080=DIRECTION('center_axis',(-0.689202437604513,-0.72456883730947,0.));
#10081=DIRECTION('ref_axis',(0.,0.,1.));
#10082=DIRECTION('',(-0.724568837309467,0.689202437604516,0.));
#10083=DIRECTION('',(0.,-0.707106781186547,0.707106781186548));
#10084=DIRECTION('',(0.00907929524789116,0.707019352539532,-0.707135914469335));
#10085=DIRECTION('center_axis',(0.,-0.707106781186548,-0.707106781186547));
#10086=DIRECTION('ref_axis',(-1.,0.,0.));
#10087=DIRECTION('',(0.724568837309472,0.689202437604511,0.));
#10088=DIRECTION('center_axis',(0.689202437604511,-0.724568837309472,0.));
#10089=DIRECTION('ref_axis',(0.,0.,-1.));
#10090=DIRECTION('',(0.72456883730947,0.689202437604513,0.));
#10091=DIRECTION('center_axis',(0.,1.,0.));
#10092=DIRECTION('ref_axis',(0.,0.,1.));
#10093=DIRECTION('',(1.,0.,1.09273919740669E-16));
#10094=DIRECTION('',(0.,0.,1.));
#10095=DIRECTION('',(-1.,0.,0.));
#10096=DIRECTION('',(0.,0.,-1.));
#10097=DIRECTION('center_axis',(1.09273919740669E-16,0.,-1.));
#10098=DIRECTION('ref_axis',(-1.,0.,0.));
#10099=DIRECTION('center_axis',(-1.09273919740669E-16,0.,1.));
#10100=DIRECTION('ref_axis',(1.,-1.01064309961486E-15,1.09273919740669E-16));
#10101=DIRECTION('center_axis',(1.09273919740669E-16,0.,-1.));
#10102=DIRECTION('ref_axis',(1.,-1.01064309961486E-15,1.04083408558608E-16));
#10103=DIRECTION('center_axis',(0.,0.,1.));
#10104=DIRECTION('ref_axis',(-1.,0.,0.));
#10105=DIRECTION('',(0.,0.,-1.));
#10106=DIRECTION('center_axis',(0.,0.,1.));
#10107=DIRECTION('ref_axis',(1.,-3.21624529935327E-16,0.));
#10108=DIRECTION('center_axis',(0.,0.,1.));
#10109=DIRECTION('ref_axis',(1.,0.,0.));
#10110=DIRECTION('',(-0.00907929524789512,-0.707019352539525,-0.707135914469342));
#10111=DIRECTION('',(0.,0.707106781186545,0.70710678118655));
#10112=DIRECTION('',(0.,-0.707106781186545,-0.70710678118655));
#10113=DIRECTION('',(-0.00907929524789506,0.70701935253953,0.707135914469337));
#10114=DIRECTION('center_axis',(-7.72683296554613E-17,-0.707106781186548,
0.707106781186547));
#10115=DIRECTION('ref_axis',(1.,0.,1.09273919740669E-16));
#10116=DIRECTION('',(-1.,0.,-1.09273919740669E-16));
#10117=DIRECTION('',(0.00907929524789604,-0.70701935253953,0.707135914469337));
#10118=DIRECTION('',(0.,0.707106781186547,-0.707106781186548));
#10119=DIRECTION('',(-0.724568837309472,0.689202437604511,0.));
#10120=DIRECTION('center_axis',(-0.689202437604511,-0.724568837309472,0.));
#10121=DIRECTION('ref_axis',(0.,0.,1.));
#10122=DIRECTION('',(-0.72456883730947,0.689202437604513,0.));
#10123=DIRECTION('',(0.,-0.707106781186547,0.707106781186548));
#10124=DIRECTION('',(0.00907929524789512,0.707019352539525,-0.707135914469342));
#10125=DIRECTION('center_axis',(0.,-0.707106781186548,-0.707106781186547));
#10126=DIRECTION('ref_axis',(-1.,0.,0.));
#10127=DIRECTION('',(0.724568837309472,0.689202437604511,0.));
#10128=DIRECTION('center_axis',(0.689202437604511,-0.724568837309472,0.));
#10129=DIRECTION('ref_axis',(0.,0.,-1.));
#10130=DIRECTION('',(0.724568837309474,0.689202437604509,0.));
#10131=DIRECTION('center_axis',(0.,1.,0.));
#10132=DIRECTION('ref_axis',(0.,0.,1.));
#10133=DIRECTION('',(1.,0.,1.09273919740669E-16));
#10134=DIRECTION('',(0.,0.,1.));
#10135=DIRECTION('',(-1.,0.,0.));
#10136=DIRECTION('',(0.,0.,-1.));
#10137=DIRECTION('center_axis',(1.09273919740669E-16,0.,-1.));
#10138=DIRECTION('ref_axis',(-1.,0.,0.));
#10139=DIRECTION('center_axis',(-1.09273919740669E-16,0.,1.));
#10140=DIRECTION('ref_axis',(1.,-1.22464679914735E-16,1.09273919740669E-16));
#10141=DIRECTION('center_axis',(1.09273919740669E-16,0.,-1.));
#10142=DIRECTION('ref_axis',(1.,-1.22464679914735E-16,1.04083408558608E-16));
#10143=DIRECTION('center_axis',(0.,0.,1.));
#10144=DIRECTION('ref_axis',(-1.,0.,0.));
#10145=DIRECTION('',(0.,0.,-1.));
#10146=DIRECTION('center_axis',(0.,0.,1.));
#10147=DIRECTION('ref_axis',(1.,1.01064309961486E-15,0.));
#10148=DIRECTION('center_axis',(0.,0.,1.));
#10149=DIRECTION('ref_axis',(1.,0.,0.));
#10150=DIRECTION('',(-0.00907929524789912,-0.707019352539523,-0.707135914469344));
#10151=DIRECTION('',(0.,0.707106781186547,0.707106781186548));
#10152=DIRECTION('',(0.,-0.707106781186547,-0.707106781186548));
#10153=DIRECTION('',(-0.00907929524789512,0.707019352539525,0.707135914469342));
#10154=DIRECTION('center_axis',(-7.72683296554613E-17,-0.707106781186548,
0.707106781186547));
#10155=DIRECTION('ref_axis',(1.,0.,1.09273919740669E-16));
#10156=DIRECTION('',(-1.,0.,-1.09273919740669E-16));
#10157=DIRECTION('',(0.00907929524789904,-0.707019352539525,0.707135914469342));
#10158=DIRECTION('',(0.,0.707106781186547,-0.707106781186548));
#10159=DIRECTION('',(-0.724568837309474,0.689202437604509,0.));
#10160=DIRECTION('center_axis',(-0.689202437604509,-0.724568837309474,0.));
#10161=DIRECTION('ref_axis',(0.,0.,1.));
#10162=DIRECTION('',(-0.724568837309474,0.689202437604509,0.));
#10163=DIRECTION('',(0.,-0.707106781186547,0.707106781186548));
#10164=DIRECTION('',(0.0090792952478991,0.707019352539521,-0.707135914469346));
#10165=DIRECTION('center_axis',(0.,-0.707106781186548,-0.707106781186547));
#10166=DIRECTION('ref_axis',(-1.,0.,0.));
#10167=DIRECTION('center_axis',(0.689202437604509,-0.724568837309474,0.));
#10168=DIRECTION('ref_axis',(0.,0.,-1.));
#10169=DIRECTION('',(-0.72456883730948,-0.689202437604503,0.));
#10170=DIRECTION('',(0.724568837309481,0.689202437604502,0.));
#10171=DIRECTION('center_axis',(3.58136459547831E-16,-1.,0.));
#10172=DIRECTION('ref_axis',(1.,3.58509518185313E-16,0.));
#10173=DIRECTION('',(3.58136459547831E-16,-1.,0.));
#10174=DIRECTION('center_axis',(0.,1.,0.));
#10175=DIRECTION('ref_axis',(-1.,-3.58509518185313E-16,0.));
#10176=DIRECTION('center_axis',(0.,1.,0.));
#10177=DIRECTION('ref_axis',(-1.,-3.58509518185313E-16,0.));
#10178=DIRECTION('center_axis',(0.,-1.,0.));
#10179=DIRECTION('ref_axis',(-1.,-1.66892361857471E-16,0.));
#10180=DIRECTION('',(0.707106782287938,-0.707106780085157,-8.65956057584307E-17));
#10181=DIRECTION('center_axis',(0.,-1.,0.));
#10182=DIRECTION('ref_axis',(-1.,0.,0.));
#10183=DIRECTION('center_axis',(0.,1.,0.));
#10184=DIRECTION('ref_axis',(0.,0.,1.));
#10185=DIRECTION('',(1.,0.,1.09273919740669E-16));
#10186=DIRECTION('',(0.,0.,1.));
#10187=DIRECTION('',(-1.,0.,0.));
#10188=DIRECTION('center_axis',(0.,1.,0.));
#10189=DIRECTION('ref_axis',(0.707106781186547,0.,-0.707106781186548));
#10190=DIRECTION('',(0.,0.,-1.));
#10191=DIRECTION('center_axis',(0.,1.,0.));
#10192=DIRECTION('ref_axis',(0.707106781186547,0.,0.707106781186548));
#10193=DIRECTION('center_axis',(-1.09273919740669E-16,0.,1.));
#10194=DIRECTION('ref_axis',(1.,0.,1.09273919740669E-16));
#10195=DIRECTION('',(-1.,0.,-1.09273919740669E-16));
#10196=DIRECTION('center_axis',(-1.09273919740669E-16,0.,1.));
#10197=DIRECTION('ref_axis',(1.,7.6571373978539E-16,1.09273919740669E-16));
#10198=DIRECTION('center_axis',(1.09273919740669E-16,0.,-1.));
#10199=DIRECTION('ref_axis',(-1.,0.,0.));
#10200=DIRECTION('center_axis',(1.09273919740669E-16,0.,-1.));
#10201=DIRECTION('ref_axis',(1.,7.6571373978539E-16,1.04083408558608E-16));
#10202=DIRECTION('center_axis',(0.,0.,1.));
#10203=DIRECTION('ref_axis',(-1.,0.,0.));
#10204=DIRECTION('',(0.,0.,-1.));
#10205=DIRECTION('center_axis',(0.,0.,1.));
#10206=DIRECTION('ref_axis',(1.,1.01064309961486E-15,0.));
#10207=DIRECTION('center_axis',(0.,0.,1.));
#10208=DIRECTION('ref_axis',(1.,0.,0.));
#10209=DIRECTION('',(0.0090792952478991,-0.707019352539521,0.707135914469346));
#10210=DIRECTION('',(0.,0.707106781186547,-0.707106781186548));
#10211=DIRECTION('',(0.,-0.707106781186549,-0.707106781186546));
#10212=DIRECTION('',(-0.0090792952478991,0.707019352539521,0.707135914469346));
#10213=DIRECTION('center_axis',(0.,-0.707106781186548,-0.707106781186547));
#10214=DIRECTION('ref_axis',(-1.,0.,0.));
#10215=DIRECTION('',(0.,0.707106781186545,-0.70710678118655));
#10216=DIRECTION('center_axis',(0.,1.,0.));
#10217=DIRECTION('ref_axis',(0.707106781186547,0.,-0.707106781186548));
#10218=DIRECTION('',(0.707106781186548,0.707106781186547,-3.92523114670943E-15));
#10219=DIRECTION('center_axis',(0.707106781186547,-0.707106781186548,0.));
#10220=DIRECTION('ref_axis',(0.,0.,-1.));
#10221=DIRECTION('',(0.707106781186548,0.707106781186547,0.));
#10222=DIRECTION('center_axis',(0.,1.,0.));
#10223=DIRECTION('ref_axis',(0.707106781186547,0.,0.707106781186548));
#10224=DIRECTION('',(0.,0.707106781186545,0.70710678118655));
#10225=DIRECTION('center_axis',(-7.72683296554613E-17,-0.707106781186548,
0.707106781186547));
#10226=DIRECTION('ref_axis',(1.,0.,1.09273919740669E-16));
#10227=DIRECTION('',(-0.724568837309474,0.689202437604509,0.));
#10228=DIRECTION('center_axis',(-0.689202437604509,-0.724568837309474,0.));
#10229=DIRECTION('ref_axis',(0.,0.,1.));
#10230=DIRECTION('',(-0.724568837309481,0.689202437604502,0.));
#10231=DIRECTION('',(0.,0.,1.));
#10232=DIRECTION('',(1.,0.,0.));
#10233=DIRECTION('axis',(0.,0.,1.));
#10234=DIRECTION('refdir',(1.,0.,0.));
#10235=DIRECTION('center_axis',(0.,-1.,0.));
#10236=DIRECTION('ref_axis',(-1.,-1.7347234751189E-16,0.));
#10237=DIRECTION('center_axis',(0.,-1.,0.));
#10238=DIRECTION('ref_axis',(-1.,0.,0.));
#10239=DIRECTION('',(-0.707106781186524,0.707106781186571,-8.65956056235464E-17));
#10240=DIRECTION('center_axis',(0.,1.,0.));
#10241=DIRECTION('ref_axis',(-1.,-3.58509518185313E-16,0.));
#10242=DIRECTION('center_axis',(0.,1.,0.));
#10243=DIRECTION('ref_axis',(-1.,-3.58509518185313E-16,0.));
#10244=DIRECTION('center_axis',(0.,-1.,0.));
#10245=DIRECTION('ref_axis',(0.,0.,-1.));
#10246=DIRECTION('',(1.,0.,1.09273919740669E-16));
#10247=DIRECTION('center_axis',(0.,1.,0.));
#10248=DIRECTION('ref_axis',(-0.707106781186548,0.,0.707106781186547));
#10249=DIRECTION('',(0.,0.,1.));
#10250=DIRECTION('center_axis',(0.,1.,0.));
#10251=DIRECTION('ref_axis',(-0.707106781186548,0.,-0.707106781186547));
#10252=DIRECTION('',(-1.,0.,0.));
#10253=DIRECTION('center_axis',(0.,1.,0.));
#10254=DIRECTION('ref_axis',(0.707106781186547,0.,-0.707106781186548));
#10255=DIRECTION('',(0.,0.,-1.));
#10256=DIRECTION('center_axis',(0.,1.,0.));
#10257=DIRECTION('ref_axis',(0.707106781186547,0.,0.707106781186548));
#10258=DIRECTION('center_axis',(0.,-1.,0.));
#10259=DIRECTION('ref_axis',(-1.,0.,0.));
#10260=DIRECTION('center_axis',(3.58136459547831E-16,-1.,0.));
#10261=DIRECTION('ref_axis',(1.,3.58509518185313E-16,0.));
#10262=DIRECTION('center_axis',(3.58136459547831E-16,-1.,0.));
#10263=DIRECTION('ref_axis',(1.,3.58136459547831E-16,0.));
#10264=DIRECTION('',(3.58136459547831E-16,-1.,0.));
#10265=DIRECTION('center_axis',(0.,-1.,0.));
#10266=DIRECTION('ref_axis',(-1.,2.92736712941478E-11,0.));
#10267=DIRECTION('',(-0.707106776534665,0.70710678583843,-8.6595605053858E-17));
#10268=DIRECTION('center_axis',(0.,1.,0.));
#10269=DIRECTION('ref_axis',(-1.,6.04989206742538E-11,0.));
#10270=DIRECTION('center_axis',(0.,1.,0.));
#10271=DIRECTION('ref_axis',(-1.,6.04989206742538E-11,0.));
#10272=DIRECTION('center_axis',(-6.04989177020976E-11,-1.,0.));
#10273=DIRECTION('ref_axis',(1.,-6.04989206742538E-11,0.));
#10274=DIRECTION('center_axis',(-6.04989177020976E-11,-1.,0.));
#10275=DIRECTION('ref_axis',(1.,-6.04989177020976E-11,0.));
#10276=DIRECTION('',(-6.04989177020976E-11,-1.,0.));
#10277=DIRECTION('center_axis',(0.,1.,0.));
#10278=DIRECTION('ref_axis',(-1.,-1.68710361506513E-16,0.));
#10279=DIRECTION('center_axis',(0.,1.,0.));
#10280=DIRECTION('ref_axis',(-1.,0.,0.));
#10281=DIRECTION('',(-0.707106781988357,-0.707106780384739,8.65956057217426E-17));
#10282=DIRECTION('center_axis',(0.,-1.,0.));
#10283=DIRECTION('ref_axis',(-1.,-3.58509518185313E-16,0.));
#10284=DIRECTION('center_axis',(0.,-1.,0.));
#10285=DIRECTION('ref_axis',(-1.,-3.58509518185313E-16,0.));
#10286=DIRECTION('center_axis',(0.,1.,0.));
#10287=DIRECTION('ref_axis',(0.,0.,1.));
#10288=DIRECTION('',(-1.,0.,-1.09273919740669E-16));
#10289=DIRECTION('center_axis',(0.,-1.,0.));
#10290=DIRECTION('ref_axis',(0.707106781186547,0.,0.707106781186548));
#10291=DIRECTION('',(0.,0.,1.));
#10292=DIRECTION('center_axis',(0.,-1.,0.));
#10293=DIRECTION('ref_axis',(0.707106781186547,0.,-0.707106781186548));
#10294=DIRECTION('',(1.,0.,0.));
#10295=DIRECTION('',(0.,0.,-1.));
#10296=DIRECTION('center_axis',(3.58136459547831E-16,-1.,0.));
#10297=DIRECTION('ref_axis',(1.,3.58509518185313E-16,0.));
#10298=DIRECTION('',(3.58136459547831E-16,-1.,0.));
#10299=DIRECTION('center_axis',(3.58136459547831E-16,-1.,0.));
#10300=DIRECTION('ref_axis',(1.,3.58136459547831E-16,0.));
#10301=DIRECTION('',(-0.00907929524789895,-0.707019352539536,-0.707135914469331));
#10302=DIRECTION('',(0.724568837309467,0.689202437604516,0.));
#10303=DIRECTION('center_axis',(-0.689202437604513,0.72456883730947,0.));
#10304=DIRECTION('ref_axis',(0.,0.,1.));
#10305=DIRECTION('',(0.724568837309471,0.689202437604513,0.));
#10306=DIRECTION('',(0.,0.,1.));
#10307=DIRECTION('',(0.00907929524789892,0.707019352539534,-0.707135914469333));
#10308=DIRECTION('center_axis',(-7.72683296554613E-17,0.707106781186548,
0.707106781186547));
#10309=DIRECTION('ref_axis',(1.,0.,1.09273919740669E-16));
#10310=DIRECTION('',(0.,0.707106781186545,-0.70710678118655));
#10311=DIRECTION('',(0.,-0.707106781186549,0.707106781186546));
#10312=DIRECTION('',(1.,0.,1.09273919740669E-16));
#10313=DIRECTION('center_axis',(0.,-1.,0.));
#10314=DIRECTION('ref_axis',(0.707106781186547,0.,0.707106781186548));
#10315=DIRECTION('',(-0.707106781186548,0.707106781186547,0.));
#10316=DIRECTION('center_axis',(0.,1.,0.));
#10317=DIRECTION('ref_axis',(0.707106781186547,0.,0.707106781186548));
#10318=DIRECTION('center_axis',(0.707106781186547,0.707106781186548,0.));
#10319=DIRECTION('ref_axis',(0.,0.,-1.));
#10320=DIRECTION('',(-0.707106781186548,0.707106781186547,3.92523114670943E-15));
#10321=DIRECTION('',(0.,0.,-1.));
#10322=DIRECTION('center_axis',(0.,-1.,0.));
#10323=DIRECTION('ref_axis',(0.707106781186547,0.,-0.707106781186548));
#10324=DIRECTION('',(0.,0.707106781186545,0.70710678118655));
#10325=DIRECTION('center_axis',(0.,1.,0.));
#10326=DIRECTION('ref_axis',(0.707106781186547,0.,-0.707106781186548));
#10327=DIRECTION('center_axis',(0.,0.707106781186548,-0.707106781186547));
#10328=DIRECTION('ref_axis',(-1.,0.,0.));
#10329=DIRECTION('',(0.,0.707106781186547,0.707106781186548));
#10330=DIRECTION('',(-1.,0.,0.));
#10331=DIRECTION('center_axis',(0.,0.,-1.));
#10332=DIRECTION('ref_axis',(-1.,0.,0.));
#10333=DIRECTION('',(0.,1.,0.));
#10334=DIRECTION('',(1.,0.,0.));
#10335=DIRECTION('',(0.,-1.,0.));
#10336=DIRECTION('',(-1.,0.,0.));
#10337=DIRECTION('center_axis',(0.,0.,-1.));
#10338=DIRECTION('ref_axis',(-1.,-2.02128619922972E-15,0.));
#10339=DIRECTION('',(-0.766044443129264,0.642787609674281,0.));
#10340=DIRECTION('',(-1.,-2.66110479784304E-11,0.));
#10341=DIRECTION('',(-0.766044443121051,-0.642787609684068,0.));
#10342=DIRECTION('center_axis',(0.,0.,-1.));
#10343=DIRECTION('ref_axis',(1.,-1.20980294963545E-15,0.));
#10344=DIRECTION('',(-1.,0.,0.));
#10345=DIRECTION('center_axis',(0.,0.,-1.));
#10346=DIRECTION('ref_axis',(-1.,-2.44929359829471E-16,0.));
#10347=DIRECTION('',(-0.766044443136364,0.64278760966582,0.));
#10348=DIRECTION('',(-1.,6.67205676545825E-11,0.));
#10349=DIRECTION('',(-0.766044443116049,-0.64278760969003,0.));
#10350=DIRECTION('center_axis',(0.,0.,-1.));
#10351=DIRECTION('ref_axis',(1.,-3.21624529935327E-16,0.));
#10352=DIRECTION('',(-1.,0.,0.));
#10353=DIRECTION('center_axis',(0.,0.,-1.));
#10354=DIRECTION('ref_axis',(-1.,-2.44929359829471E-16,0.));
#10355=DIRECTION('',(-0.766044443126224,0.642787609677904,0.));
#10356=DIRECTION('',(-1.,-1.12396722331329E-15,0.));
#10357=DIRECTION('',(-0.766044443126185,-0.64278760967795,0.));
#10358=DIRECTION('center_axis',(0.,0.,-1.));
#10359=DIRECTION('ref_axis',(1.,1.01064309961486E-15,0.));
#10360=DIRECTION('',(-1.,0.,0.));
#10361=DIRECTION('center_axis',(0.,0.,-1.));
#10362=DIRECTION('ref_axis',(-1.,1.53142747957078E-15,0.));
#10363=DIRECTION('',(-0.766044443126343,0.642787609677762,0.));
#10364=DIRECTION('',(-1.,-1.49862296441772E-15,0.));
#10365=DIRECTION('',(-0.766044443126046,-0.642787609678116,0.));
#10366=DIRECTION('center_axis',(0.,0.,-1.));
#10367=DIRECTION('ref_axis',(1.,1.01064309961486E-15,0.));
#10368=DIRECTION('center_axis',(0.,1.,0.));
#10369=DIRECTION('ref_axis',(0.707106781186547,0.,-0.707106781186548));
#10370=DIRECTION('',(0.,-1.,0.));
#10371=DIRECTION('center_axis',(0.,-1.,0.));
#10372=DIRECTION('ref_axis',(0.707106781186547,0.,-0.707106781186548));
#10373=DIRECTION('center_axis',(1.,0.,0.));
#10374=DIRECTION('ref_axis',(0.,0.,-1.));
#10375=DIRECTION('',(0.,1.,0.));
#10376=DIRECTION('',(0.,0.,1.));
#10377=DIRECTION('',(0.,0.999999999999387,1.10694337469416E-6));
#10378=DIRECTION('',(0.,8.38131285722433E-7,-0.999999999999649));
#10379=DIRECTION('',(0.,-0.968393444934726,-0.249427616368864));
#10380=DIRECTION('',(0.,0.968822991277611,-0.247753933514489));
#10381=DIRECTION('',(0.,8.38637189407801E-7,-0.999999999999648));
#10382=DIRECTION('',(0.,-0.999999999999339,-1.14951816881509E-6));
#10383=DIRECTION('',(0.,-1.00940020766676E-6,0.999999999999491));
#10384=DIRECTION('',(0.,0.999999999999377,1.11653978959743E-6));
#10385=DIRECTION('',(0.,-0.9688322690453,0.2477176506762));
#10386=DIRECTION('',(0.,-7.43479948043557E-7,0.999999999999724));
#10387=DIRECTION('',(0.,0.968938865747853,0.247300372913717));
#10388=DIRECTION('',(0.,-0.999999999999407,-1.08862635563226E-6));
#10389=DIRECTION('',(0.,-1.00940020766676E-6,0.999999999999491));
#10390=DIRECTION('',(0.,0.999999999999637,8.51494939863287E-7));
#10391=DIRECTION('',(0.,1.0476643266729E-6,-0.999999999999451));
#10392=DIRECTION('',(0.,-0.968393436627345,-0.249427648621961));
#10393=DIRECTION('',(0.,0.968823023727638,-0.24775380662108));
#10394=DIRECTION('',(0.,8.38637013579754E-7,-0.999999999999648));
#10395=DIRECTION('',(0.,-0.999999999999387,-1.10694337445626E-6));
#10396=DIRECTION('',(0.,-6.72933471778027E-7,0.999999999999774));
#10397=DIRECTION('',(0.,0.999999999999495,1.00488586673756E-6));
#10398=DIRECTION('',(0.,-0.968832200822748,0.2477179174968));
#10399=DIRECTION('',(0.,-1.1152204921015E-6,0.999999999999378));
#10400=DIRECTION('',(0.,0.968938878777313,0.247300321863447));
#10401=DIRECTION('',(0.,-0.999999999999377,-1.11653978959743E-6));
#10402=DIRECTION('',(0.,-1.00939952840803E-6,0.999999999999491));
#10403=DIRECTION('',(0.,-0.289337334361642,-0.95722719714));
#10404=DIRECTION('',(0.,-0.217189661790878,0.976129423186887));
#10405=DIRECTION('center_axis',(0.,-1.,0.));
#10406=DIRECTION('ref_axis',(0.707106781186547,0.,0.707106781186548));
#10407=DIRECTION('',(0.,-1.,0.));
#10408=DIRECTION('center_axis',(0.,-1.,0.));
#10409=DIRECTION('ref_axis',(0.707106781186547,0.,0.707106781186548));
#10410=DIRECTION('',(0.00907929524789892,-0.707019352539534,0.707135914469333));
#10411=DIRECTION('',(-0.724568837309467,0.689202437604516,0.));
#10412=DIRECTION('',(-0.00907929524789895,0.707019352539536,0.707135914469331));
#10413=DIRECTION('',(0.724568837309467,-0.689202437604516,0.));
#10414=DIRECTION('center_axis',(0.689202437604513,0.72456883730947,0.));
#10415=DIRECTION('ref_axis',(0.,0.,-1.));
#10416=DIRECTION('',(0.,0.,1.));
#10417=DIRECTION('',(0.,0.,-1.));
#10418=DIRECTION('center_axis',(0.,0.707106781186548,-0.707106781186547));
#10419=DIRECTION('ref_axis',(-1.,0.,0.));
#10420=DIRECTION('',(0.,0.707106781186547,0.707106781186548));
#10421=DIRECTION('',(1.,0.,0.));
#10422=DIRECTION('',(0.,-0.707106781186547,-0.707106781186548));
#10423=DIRECTION('',(-0.00907929524789898,-0.70701935253953,-0.707135914469337));
#10424=DIRECTION('',(0.72456883730947,0.689202437604513,0.));
#10425=DIRECTION('center_axis',(-0.689202437604509,0.724568837309474,0.));
#10426=DIRECTION('ref_axis',(0.,0.,1.));
#10427=DIRECTION('',(0.724568837309474,0.689202437604509,0.));
#10428=DIRECTION('',(0.,0.,-1.));
#10429=DIRECTION('',(0.,0.,1.));
#10430=DIRECTION('',(0.00907929524789506,0.70701935253953,-0.707135914469337));
#10431=DIRECTION('center_axis',(-7.72683296554613E-17,0.707106781186548,
0.707106781186547));
#10432=DIRECTION('ref_axis',(1.,0.,1.09273919740669E-16));
#10433=DIRECTION('',(0.,0.707106781186547,-0.707106781186548));
#10434=DIRECTION('',(-1.,0.,-1.09273919740669E-16));
#10435=DIRECTION('',(0.,-0.707106781186547,0.707106781186548));
#10436=DIRECTION('',(1.,0.,1.09273919740669E-16));
#10437=DIRECTION('center_axis',(0.,0.,1.));
#10438=DIRECTION('ref_axis',(1.,0.,0.));
#10439=DIRECTION('center_axis',(0.,0.,1.));
#10440=DIRECTION('ref_axis',(-1.,1.53142747957078E-15,0.));
#10441=DIRECTION('center_axis',(-0.766044443126344,0.642787609677761,0.));
#10442=DIRECTION('ref_axis',(0.642787609677761,0.766044443126344,0.));
#10443=DIRECTION('center_axis',(0.,0.,1.));
#10444=DIRECTION('ref_axis',(-1.,0.,0.));
#10445=DIRECTION('center_axis',(1.09273919740669E-16,0.,-1.));
#10446=DIRECTION('ref_axis',(-1.,1.33226762955019E-15,-1.04083408558608E-16));
#10447=DIRECTION('',(0.,0.,-1.));
#10448=DIRECTION('center_axis',(1.09273919740669E-16,0.,-1.));
#10449=DIRECTION('ref_axis',(-1.,0.,0.));
#10450=DIRECTION('center_axis',(-1.09273919740669E-16,0.,1.));
#10451=DIRECTION('ref_axis',(-1.,1.33226762955019E-15,-1.09273919740669E-16));
#10452=DIRECTION('center_axis',(0.766044443126344,-0.642787609677761,0.));
#10453=DIRECTION('ref_axis',(0.642787609677761,0.766044443126344,0.));
#10454=DIRECTION('center_axis',(-1.09273919740669E-16,0.,1.));
#10455=DIRECTION('ref_axis',(1.,0.,1.09273919740669E-16));
#10456=DIRECTION('center_axis',(-1.09273919740669E-16,0.,1.));
#10457=DIRECTION('ref_axis',(1.,7.6571373978539E-16,1.09273919740669E-16));
#10458=DIRECTION('',(0.766044443126046,0.642787609678116,8.37086789959407E-17));
#10459=DIRECTION('',(1.,1.49862296441772E-15,1.09273919740669E-16));
#10460=DIRECTION('',(0.766044443126343,-0.642787609677762,8.37086789959733E-17));
#10461=DIRECTION('center_axis',(-1.09273919740669E-16,0.,1.));
#10462=DIRECTION('ref_axis',(1.,-1.22464679914735E-16,1.09273919740669E-16));
#10463=DIRECTION('',(0.766044443126185,0.64278760967795,8.3708678995956E-17));
#10464=DIRECTION('',(1.,1.12396722331329E-15,1.09273919740669E-16));
#10465=DIRECTION('',(0.766044443126224,-0.642787609677904,8.37086789959602E-17));
#10466=DIRECTION('center_axis',(-1.09273919740669E-16,0.,1.));
#10467=DIRECTION('ref_axis',(-1.,3.88578058618805E-16,-1.09273919740669E-16));
#10468=DIRECTION('',(1.,0.,1.09273919740669E-16));
#10469=DIRECTION('center_axis',(-1.09273919740669E-16,0.,1.));
#10470=DIRECTION('ref_axis',(1.,-1.01064309961486E-15,1.09273919740669E-16));
#10471=DIRECTION('',(0.766044443116049,0.64278760969003,8.37086789948484E-17));
#10472=DIRECTION('',(1.,-6.67205676545825E-11,1.09273919740669E-16));
#10473=DIRECTION('',(0.766044443136364,-0.64278760966582,8.37086789970682E-17));
#10474=DIRECTION('center_axis',(-1.09273919740669E-16,0.,1.));
#10475=DIRECTION('ref_axis',(-1.,-3.88578058618805E-16,-1.09273919740669E-16));
#10476=DIRECTION('',(1.,0.,1.09273919740669E-16));
#10477=DIRECTION('center_axis',(-1.09273919740669E-16,0.,1.));
#10478=DIRECTION('ref_axis',(1.,-1.45473230946492E-15,1.09273919740669E-16));
#10479=DIRECTION('',(0.766044443121051,0.642787609684068,8.3708678995395E-17));
#10480=DIRECTION('',(1.,2.66110479784304E-11,1.09273919740669E-16));
#10481=DIRECTION('',(0.766044443129264,-0.642787609674281,8.37086789962924E-17));
#10482=DIRECTION('center_axis',(-1.09273919740669E-16,0.,1.));
#10483=DIRECTION('ref_axis',(-1.,-8.88178419700125E-16,-1.09273919740669E-16));
#10484=DIRECTION('',(1.,0.,1.09273919740669E-16));
#10485=DIRECTION('',(0.,1.,0.));
#10486=DIRECTION('',(-1.,0.,-1.09273919740669E-16));
#10487=DIRECTION('center_axis',(0.,1.,0.));
#10488=DIRECTION('ref_axis',(0.,0.,1.));
#10489=DIRECTION('',(0.00907929524789506,-0.70701935253953,0.707135914469337));
#10490=DIRECTION('',(-0.72456883730947,0.689202437604513,0.));
#10491=DIRECTION('center_axis',(0.689202437604511,0.724568837309472,0.));
#10492=DIRECTION('ref_axis',(0.,0.,-1.));
#10493=DIRECTION('',(-0.724568837309472,0.689202437604511,0.));
#10494=DIRECTION('',(0.,0.,1.));
#10495=DIRECTION('',(0.,0.,-1.));
#10496=DIRECTION('',(-0.00907929524789607,0.707019352539532,0.707135914469335));
#10497=DIRECTION('center_axis',(0.,0.707106781186548,-0.707106781186547));
#10498=DIRECTION('ref_axis',(-1.,0.,0.));
#10499=DIRECTION('',(0.,0.707106781186547,0.707106781186548));
#10500=DIRECTION('',(1.,0.,0.));
#10501=DIRECTION('',(0.,-0.707106781186547,-0.707106781186548));
#10502=DIRECTION('',(-0.0090792952478961,-0.707019352539525,-0.707135914469342));
#10503=DIRECTION('',(0.724568837309474,0.689202437604508,0.));
#10504=DIRECTION('center_axis',(-0.689202437604511,0.724568837309472,0.));
#10505=DIRECTION('ref_axis',(0.,0.,1.));
#10506=DIRECTION('',(0.724568837309472,0.689202437604511,0.));
#10507=DIRECTION('',(0.,0.,-1.));
#10508=DIRECTION('',(0.,0.,1.));
#10509=DIRECTION('',(0.00907929524789512,0.707019352539525,-0.707135914469342));
#10510=DIRECTION('center_axis',(-7.72683296554613E-17,0.707106781186548,
0.707106781186547));
#10511=DIRECTION('ref_axis',(1.,0.,1.09273919740669E-16));
#10512=DIRECTION('',(0.,0.707106781186545,-0.70710678118655));
#10513=DIRECTION('',(-1.,0.,-1.09273919740669E-16));
#10514=DIRECTION('',(0.,-0.707106781186545,0.70710678118655));
#10515=DIRECTION('center_axis',(0.,0.,1.));
#10516=DIRECTION('ref_axis',(1.,0.,0.));
#10517=DIRECTION('center_axis',(0.,0.,1.));
#10518=DIRECTION('ref_axis',(-1.,-2.44929359829471E-16,0.));
#10519=DIRECTION('center_axis',(-0.766044443126224,0.642787609677904,0.));
#10520=DIRECTION('ref_axis',(0.642787609677904,0.766044443126224,0.));
#10521=DIRECTION('center_axis',(0.,0.,1.));
#10522=DIRECTION('ref_axis',(-1.,0.,0.));
#10523=DIRECTION('center_axis',(1.09273919740669E-16,0.,-1.));
#10524=DIRECTION('ref_axis',(-1.,3.88578058618805E-16,-1.04083408558608E-16));
#10525=DIRECTION('',(0.,0.,-1.));
#10526=DIRECTION('center_axis',(1.09273919740669E-16,0.,-1.));
#10527=DIRECTION('ref_axis',(-1.,0.,0.));
#10528=DIRECTION('center_axis',(0.766044443126223,-0.642787609677905,0.));
#10529=DIRECTION('ref_axis',(0.642787609677905,0.766044443126223,0.));
#10530=DIRECTION('center_axis',(0.,1.,0.));
#10531=DIRECTION('ref_axis',(0.,0.,1.));
#10532=DIRECTION('',(0.00907929524789514,-0.707019352539527,0.70713591446934));
#10533=DIRECTION('',(-0.724568837309474,0.689202437604509,0.));
#10534=DIRECTION('center_axis',(0.689202437604511,0.724568837309472,0.));
#10535=DIRECTION('ref_axis',(0.,0.,-1.));
#10536=DIRECTION('',(-0.724568837309472,0.689202437604511,0.));
#10537=DIRECTION('',(0.,0.,1.));
#10538=DIRECTION('',(0.,0.,-1.));
#10539=DIRECTION('',(-0.00907929524789122,0.707019352539527,0.70713591446934));
#10540=DIRECTION('center_axis',(0.,0.707106781186548,-0.707106781186547));
#10541=DIRECTION('ref_axis',(-1.,0.,0.));
#10542=DIRECTION('',(0.,0.707106781186547,0.707106781186548));
#10543=DIRECTION('',(1.,0.,0.));
#10544=DIRECTION('',(0.,-0.707106781186547,-0.707106781186548));
#10545=DIRECTION('',(-0.00907929524789912,-0.707019352539523,-0.707135914469344));
#10546=DIRECTION('',(0.724568837309481,0.689202437604502,0.));
#10547=DIRECTION('center_axis',(-0.689202437604509,0.724568837309474,0.));
#10548=DIRECTION('ref_axis',(0.,0.,1.));
#10549=DIRECTION('',(0.724568837309474,0.689202437604509,0.));
#10550=DIRECTION('',(0.,0.,-1.));
#10551=DIRECTION('',(0.,0.,1.));
#10552=DIRECTION('',(0.00907929524789913,0.707019352539523,-0.707135914469344));
#10553=DIRECTION('center_axis',(-7.72683296554613E-17,0.707106781186548,
0.707106781186547));
#10554=DIRECTION('ref_axis',(1.,0.,1.09273919740669E-16));
#10555=DIRECTION('',(0.,0.707106781186549,-0.707106781186546));
#10556=DIRECTION('',(-1.,0.,-1.09273919740669E-16));
#10557=DIRECTION('',(0.,-0.707106781186547,0.707106781186548));
#10558=DIRECTION('center_axis',(0.,0.,1.));
#10559=DIRECTION('ref_axis',(1.,0.,0.));
#10560=DIRECTION('center_axis',(0.,0.,1.));
#10561=DIRECTION('ref_axis',(-1.,-2.44929359829471E-16,0.));
#10562=DIRECTION('center_axis',(-0.766044443136363,0.64278760966582,0.));
#10563=DIRECTION('ref_axis',(0.64278760966582,0.766044443136363,0.));
#10564=DIRECTION('center_axis',(0.,0.,1.));
#10565=DIRECTION('ref_axis',(-1.,0.,0.));
#10566=DIRECTION('center_axis',(1.09273919740669E-16,0.,-1.));
#10567=DIRECTION('ref_axis',(-1.,-3.88578058618805E-16,-1.04083408558608E-16));
#10568=DIRECTION('',(0.,0.,-1.));
#10569=DIRECTION('center_axis',(1.09273919740669E-16,0.,-1.));
#10570=DIRECTION('ref_axis',(-1.,0.,0.));
#10571=DIRECTION('center_axis',(0.766044443136364,-0.642787609665819,0.));
#10572=DIRECTION('ref_axis',(0.642787609665819,0.766044443136364,0.));
#10573=DIRECTION('center_axis',(0.,1.,0.));
#10574=DIRECTION('ref_axis',(0.,0.,1.));
#10575=DIRECTION('center_axis',(0.,1.,0.));
#10576=DIRECTION('ref_axis',(-1.,2.84700803186716E-11,0.));
#10577=DIRECTION('center_axis',(0.,1.,0.));
#10578=DIRECTION('ref_axis',(-1.,0.,0.));
#10579=DIRECTION('',(-0.707106783519008,-0.707106778854087,8.65956059091933E-17));
#10580=DIRECTION('center_axis',(0.,-1.,0.));
#10581=DIRECTION('ref_axis',(-1.,6.04989206742538E-11,0.));
#10582=DIRECTION('center_axis',(0.,-1.,0.));
#10583=DIRECTION('ref_axis',(-1.,6.04989206742538E-11,0.));
#10584=DIRECTION('center_axis',(0.,1.,0.));
#10585=DIRECTION('ref_axis',(0.,0.,1.));
#10586=DIRECTION('',(1.,0.,0.));
#10587=DIRECTION('center_axis',(0.,-1.,0.));
#10588=DIRECTION('ref_axis',(-0.707106781186548,0.,-0.707106781186547));
#10589=DIRECTION('',(0.,0.,-1.));
#10590=DIRECTION('center_axis',(0.,-1.,0.));
#10591=DIRECTION('ref_axis',(-0.707106781186548,0.,0.707106781186547));
#10592=DIRECTION('',(-1.,0.,-1.09273919740669E-16));
#10593=DIRECTION('',(0.,0.,1.));
#10594=DIRECTION('center_axis',(-6.04989177020976E-11,-1.,0.));
#10595=DIRECTION('ref_axis',(1.,-6.04989206742538E-11,0.));
#10596=DIRECTION('',(-6.04989177020976E-11,-1.,0.));
#10597=DIRECTION('center_axis',(-6.04989177020976E-11,-1.,0.));
#10598=DIRECTION('ref_axis',(1.,-6.04989177020976E-11,0.));
#10599=DIRECTION('',(0.00907929524789913,-0.707019352539523,0.707135914469344));
#10600=DIRECTION('',(-0.724568837309481,0.689202437604502,0.));
#10601=DIRECTION('center_axis',(0.689202437604509,0.724568837309474,0.));
#10602=DIRECTION('ref_axis',(0.,0.,-1.));
#10603=DIRECTION('',(-0.724568837309474,0.689202437604509,0.));
#10604=DIRECTION('',(0.,0.,-1.));
#10605=DIRECTION('',(-0.00907929524789912,0.707019352539522,0.707135914469344));
#10606=DIRECTION('center_axis',(0.,0.707106781186548,-0.707106781186547));
#10607=DIRECTION('ref_axis',(-1.,0.,0.));
#10608=DIRECTION('',(0.,0.707106781186547,0.707106781186548));
#10609=DIRECTION('',(0.,-0.707106781186547,-0.707106781186548));
#10610=DIRECTION('center_axis',(0.,-1.,0.));
#10611=DIRECTION('ref_axis',(-0.707106781186548,0.,-0.707106781186547));
#10612=DIRECTION('',(0.707106781186548,0.707106781186547,0.));
#10613=DIRECTION('center_axis',(0.,1.,0.));
#10614=DIRECTION('ref_axis',(-0.707106781186548,0.,-0.707106781186547));
#10615=DIRECTION('center_axis',(-0.707106781186547,0.707106781186548,0.));
#10616=DIRECTION('ref_axis',(0.,0.,1.));
#10617=DIRECTION('',(0.707106781186548,0.707106781186547,-3.92523114670943E-15));
#10618=DIRECTION('',(0.,0.,1.));
#10619=DIRECTION('center_axis',(0.,-1.,0.));
#10620=DIRECTION('ref_axis',(-0.707106781186548,0.,0.707106781186547));
#10621=DIRECTION('',(0.,0.707106781186545,-0.70710678118655));
#10622=DIRECTION('center_axis',(0.,1.,0.));
#10623=DIRECTION('ref_axis',(-0.707106781186548,0.,0.707106781186547));
#10624=DIRECTION('center_axis',(-7.72683296554611E-17,0.70710678118655,
0.707106781186545));
#10625=DIRECTION('ref_axis',(1.,0.,1.09273919740669E-16));
#10626=DIRECTION('',(0.,0.707106781186545,-0.70710678118655));
#10627=DIRECTION('center_axis',(0.,1.,0.));
#10628=DIRECTION('ref_axis',(-0.707106781186548,0.,0.707106781186547));
#10629=DIRECTION('',(0.,-1.,0.));
#10630=DIRECTION('center_axis',(0.,-1.,0.));
#10631=DIRECTION('ref_axis',(-0.707106781186548,0.,0.707106781186547));
#10632=DIRECTION('center_axis',(-1.,0.,0.));
#10633=DIRECTION('ref_axis',(0.,0.,1.));
#10634=DIRECTION('',(0.,1.,0.));
#10635=DIRECTION('',(0.,0.,-1.));
#10636=DIRECTION('center_axis',(0.,1.,0.));
#10637=DIRECTION('ref_axis',(-0.707106781186548,0.,-0.707106781186547));
#10638=DIRECTION('center_axis',(0.,-1.,0.));
#10639=DIRECTION('ref_axis',(-0.707106781186548,0.,-0.707106781186547));
#10640=DIRECTION('center_axis',(1.,0.,0.));
#10641=DIRECTION('ref_axis',(0.,0.,-1.));
#10642=DIRECTION('',(0.,0.217189661790878,-0.976129423186887));
#10643=DIRECTION('',(0.,0.289337334361642,0.95722719714));
#10644=DIRECTION('',(1.,0.,0.));
#10645=DIRECTION('',(1.,0.,0.));
#10646=DIRECTION('center_axis',(0.,0.976129423186887,0.217189661790878));
#10647=DIRECTION('ref_axis',(0.,-0.217189661790878,0.976129423186887));
#10648=DIRECTION('',(1.,0.,0.));
#10649=DIRECTION('',(1.,0.,0.));
#10650=DIRECTION('center_axis',(0.,-0.95722719714,0.289337334361642));
#10651=DIRECTION('ref_axis',(0.,-0.289337334361642,-0.95722719714));
#10652=DIRECTION('center_axis',(1.,0.,0.));
#10653=DIRECTION('ref_axis',(0.,0.,-1.));
#10654=DIRECTION('',(0.,-0.999999999999637,-8.51494939863287E-7));
#10655=DIRECTION('',(0.,1.00939952840803E-6,-0.999999999999491));
#10656=DIRECTION('',(0.,0.999999999999377,1.11653978959743E-6));
#10657=DIRECTION('',(0.,-0.968938878777312,-0.247300321863447));
#10658=DIRECTION('',(0.,1.1152204921015E-6,-0.999999999999378));
#10659=DIRECTION('',(0.,0.968832200822748,-0.2477179174968));
#10660=DIRECTION('',(0.,-0.999999999999495,-1.00488586673756E-6));
#10661=DIRECTION('',(0.,6.72933471778027E-7,-0.999999999999774));
#10662=DIRECTION('',(0.,0.999999999999387,1.10694337445626E-6));
#10663=DIRECTION('',(0.,-8.38637013579754E-7,0.999999999999648));
#10664=DIRECTION('',(0.,-0.968823023727638,0.24775380662108));
#10665=DIRECTION('',(0.,0.968393436627345,0.249427648621961));
#10666=DIRECTION('',(0.,-1.0476643266729E-6,0.999999999999451));
#10667=DIRECTION('center_axis',(0.,8.51494939863287E-7,-0.999999999999638));
#10668=DIRECTION('ref_axis',(-1.,0.,0.));
#10669=DIRECTION('',(1.,0.,0.));
#10670=DIRECTION('',(1.,0.,0.));
#10671=DIRECTION('center_axis',(0.,0.999999999999491,1.00939952840803E-6));
#10672=DIRECTION('ref_axis',(0.,-1.00939952840803E-6,0.999999999999491));
#10673=DIRECTION('',(1.,0.,0.));
#10674=DIRECTION('center_axis',(0.,-1.11653978959743E-6,0.999999999999377));
#10675=DIRECTION('ref_axis',(1.,0.,0.));
#10676=DIRECTION('',(1.,0.,0.));
#10677=DIRECTION('center_axis',(0.,0.247300321863447,-0.968938878777313));
#10678=DIRECTION('ref_axis',(-1.,0.,0.));
#10679=DIRECTION('',(1.,0.,0.));
#10680=DIRECTION('center_axis',(0.,0.999999999999378,1.1152204921015E-6));
#10681=DIRECTION('ref_axis',(0.,-1.1152204921015E-6,0.999999999999378));
#10682=DIRECTION('',(1.,0.,0.));
#10683=DIRECTION('center_axis',(0.,0.2477179174968,0.968832200822748));
#10684=DIRECTION('ref_axis',(1.,0.,0.));
#10685=DIRECTION('',(1.,0.,0.));
#10686=DIRECTION('center_axis',(0.,1.00488586673756E-6,-0.999999999999495));
#10687=DIRECTION('ref_axis',(-1.,0.,0.));
#10688=DIRECTION('',(1.,0.,0.));
#10689=DIRECTION('center_axis',(0.,0.999999999999774,6.72933471778027E-7));
#10690=DIRECTION('ref_axis',(0.,-6.72933471778027E-7,0.999999999999774));
#10691=DIRECTION('',(1.,0.,0.));
#10692=DIRECTION('center_axis',(0.,-1.10694337445626E-6,0.999999999999387));
#10693=DIRECTION('ref_axis',(1.,0.,0.));
#10694=DIRECTION('',(1.,0.,0.));
#10695=DIRECTION('center_axis',(0.,-0.999999999999648,-8.38637013579754E-7));
#10696=DIRECTION('ref_axis',(0.,8.38637013579754E-7,-0.999999999999648));
#10697=DIRECTION('',(1.,0.,0.));
#10698=DIRECTION('center_axis',(0.,-0.247753806621081,-0.968823023727639));
#10699=DIRECTION('ref_axis',(-1.,0.,0.));
#10700=DIRECTION('',(1.,0.,0.));
#10701=DIRECTION('center_axis',(0.,-0.249427648621961,0.968393436627345));
#10702=DIRECTION('ref_axis',(1.,0.,0.));
#10703=DIRECTION('',(1.,0.,0.));
#10704=DIRECTION('center_axis',(0.,-0.999999999999451,-1.0476643266729E-6));
#10705=DIRECTION('ref_axis',(0.,1.0476643266729E-6,-0.999999999999451));
#10706=DIRECTION('center_axis',(1.,0.,0.));
#10707=DIRECTION('ref_axis',(0.,0.,-1.));
#10708=DIRECTION('',(0.,-0.999999999999387,-1.10694337469416E-6));
#10709=DIRECTION('',(0.,1.00940020766676E-6,-0.999999999999491));
#10710=DIRECTION('',(0.,0.999999999999407,1.08862635563226E-6));
#10711=DIRECTION('',(0.,-0.968938865747853,-0.247300372913717));
#10712=DIRECTION('',(0.,7.43479948043557E-7,-0.999999999999724));
#10713=DIRECTION('',(0.,0.9688322690453,-0.2477176506762));
#10714=DIRECTION('',(0.,-0.999999999999377,-1.11653978959743E-6));
#10715=DIRECTION('',(0.,1.00940020766676E-6,-0.999999999999491));
#10716=DIRECTION('',(0.,0.999999999999339,1.14951816881509E-6));
#10717=DIRECTION('',(0.,-8.38637189407801E-7,0.999999999999648));
#10718=DIRECTION('',(0.,-0.968822991277611,0.247753933514489));
#10719=DIRECTION('',(0.,0.968393444934726,0.249427616368864));
#10720=DIRECTION('',(0.,-8.38131285722433E-7,0.999999999999649));
#10721=DIRECTION('center_axis',(0.,1.10694337469416E-6,-0.999999999999387));
#10722=DIRECTION('ref_axis',(-1.,0.,0.));
#10723=DIRECTION('',(1.,0.,0.));
#10724=DIRECTION('',(1.,0.,0.));
#10725=DIRECTION('center_axis',(0.,0.999999999999491,1.00940020766676E-6));
#10726=DIRECTION('ref_axis',(0.,-1.00940020766676E-6,0.999999999999491));
#10727=DIRECTION('',(1.,0.,0.));
#10728=DIRECTION('center_axis',(0.,-1.08862635563226E-6,0.999999999999407));
#10729=DIRECTION('ref_axis',(1.,0.,0.));
#10730=DIRECTION('',(1.,0.,0.));
#10731=DIRECTION('center_axis',(0.,0.247300372913717,-0.968938865747853));
#10732=DIRECTION('ref_axis',(-1.,0.,0.));
#10733=DIRECTION('',(1.,0.,0.));
#10734=DIRECTION('center_axis',(0.,0.999999999999724,7.43479948043557E-7));
#10735=DIRECTION('ref_axis',(0.,-7.43479948043557E-7,0.999999999999724));
#10736=DIRECTION('',(1.,0.,0.));
#10737=DIRECTION('center_axis',(0.,0.2477176506762,0.9688322690453));
#10738=DIRECTION('ref_axis',(1.,0.,0.));
#10739=DIRECTION('',(1.,0.,0.));
#10740=DIRECTION('center_axis',(0.,1.11653978959743E-6,-0.999999999999377));
#10741=DIRECTION('ref_axis',(-1.,0.,0.));
#10742=DIRECTION('',(1.,0.,0.));
#10743=DIRECTION('center_axis',(0.,0.999999999999491,1.00940020766676E-6));
#10744=DIRECTION('ref_axis',(0.,-1.00940020766676E-6,0.999999999999491));
#10745=DIRECTION('',(1.,0.,0.));
#10746=DIRECTION('center_axis',(0.,-1.14951816881509E-6,0.999999999999339));
#10747=DIRECTION('ref_axis',(1.,0.,0.));
#10748=DIRECTION('',(1.,0.,0.));
#10749=DIRECTION('center_axis',(0.,-0.999999999999648,-8.38637189407801E-7));
#10750=DIRECTION('ref_axis',(0.,8.38637189407801E-7,-0.999999999999648));
#10751=DIRECTION('',(1.,0.,0.));
#10752=DIRECTION('center_axis',(0.,-0.247753933514489,-0.968822991277611));
#10753=DIRECTION('ref_axis',(-1.,0.,0.));
#10754=DIRECTION('',(1.,0.,0.));
#10755=DIRECTION('center_axis',(0.,-0.249427616368864,0.968393444934726));
#10756=DIRECTION('ref_axis',(1.,0.,0.));
#10757=DIRECTION('',(1.,0.,0.));
#10758=DIRECTION('center_axis',(0.,-0.999999999999649,-8.38131285722433E-7));
#10759=DIRECTION('ref_axis',(0.,8.38131285722433E-7,-0.999999999999649));
#10760=DIRECTION('center_axis',(-3.58136459547831E-16,1.,0.));
#10761=DIRECTION('ref_axis',(0.,0.,1.));
#10762=DIRECTION('center_axis',(6.04989177020976E-11,1.,0.));
#10763=DIRECTION('ref_axis',(0.,0.,1.));
#10764=DIRECTION('center_axis',(0.,1.,0.));
#10765=DIRECTION('ref_axis',(-0.707106781186548,0.,0.707106781186547));
#10766=DIRECTION('',(0.,-0.707106781186547,-0.707106781186548));
#10767=DIRECTION('',(-0.707106781186548,0.707106781186547,-7.85046229341887E-16));
#10768=DIRECTION('center_axis',(-0.707106781186547,-0.707106781186548,0.));
#10769=DIRECTION('ref_axis',(0.,0.,1.));
#10770=DIRECTION('',(-0.707106781186546,0.707106781186549,0.));
#10771=DIRECTION('center_axis',(0.,1.,0.));
#10772=DIRECTION('ref_axis',(-0.707106781186548,0.,-0.707106781186547));
#10773=DIRECTION('',(0.,0.707106781186547,-0.707106781186548));
#10774=DIRECTION('center_axis',(0.,-0.707106781186548,-0.707106781186547));
#10775=DIRECTION('ref_axis',(-1.,0.,0.));
#10776=DIRECTION('',(0.,0.707106781186548,-0.707106781186547));
#10777=DIRECTION('center_axis',(0.,1.,0.));
#10778=DIRECTION('ref_axis',(0.707106781186547,0.,-0.707106781186548));
#10779=DIRECTION('',(0.707106781186548,0.707106781186547,7.85046229341887E-16));
#10780=DIRECTION('center_axis',(0.707106781186547,-0.707106781186548,0.));
#10781=DIRECTION('ref_axis',(0.,0.,-1.));
#10782=DIRECTION('',(0.707106781186546,0.707106781186549,0.));
#10783=DIRECTION('center_axis',(0.,1.,0.));
#10784=DIRECTION('ref_axis',(0.707106781186547,0.,0.707106781186548));
#10785=DIRECTION('',(0.,0.707106781186547,0.707106781186548));
#10786=DIRECTION('center_axis',(-7.72683296554614E-17,-0.707106781186548,
0.707106781186548));
#10787=DIRECTION('ref_axis',(1.,0.,1.09273919740669E-16));
#10788=DIRECTION('center_axis',(0.,0.,1.));
#10789=DIRECTION('ref_axis',(-1.,0.,0.));
#10790=DIRECTION('center_axis',(1.09273919740669E-16,0.,-1.));
#10791=DIRECTION('ref_axis',(-1.,-8.88178419700125E-16,-1.04083408558608E-16));
#10792=DIRECTION('',(0.,0.,-1.));
#10793=DIRECTION('center_axis',(0.,0.,1.));
#10794=DIRECTION('ref_axis',(-1.,-2.02128619922972E-15,0.));
#10795=DIRECTION('center_axis',(0.766044443121051,0.642787609684068,0.));
#10796=DIRECTION('ref_axis',(-0.454519477670295,0.541675220421167,-0.707106781186549));
#10797=DIRECTION('',(0.766044443121051,0.642787609684068,0.));
#10798=DIRECTION('center_axis',(-0.766044443121052,-0.642787609684067,0.));
#10799=DIRECTION('ref_axis',(-0.642787609684067,0.766044443121052,0.));
#10800=DIRECTION('center_axis',(-0.939692620781908,-0.34202014333666,3.16112908052647E-15));
#10801=DIRECTION('ref_axis',(-0.34202014333666,0.939692620781908,-8.68513076913087E-15));
#10802=DIRECTION('center_axis',(0.766044443129264,-0.642787609674281,0.));
#10803=DIRECTION('ref_axis',(0.454519477663376,0.541675220426972,-0.70710678118655));
#10804=DIRECTION('center_axis',(-0.766044443129265,0.64278760967428,0.));
#10805=DIRECTION('ref_axis',(0.64278760967428,0.766044443129265,0.));
#10806=DIRECTION('',(0.766044443129264,-0.642787609674281,0.));
#10807=DIRECTION('center_axis',(0.939692620793197,-0.342020143305645,-1.58216099159801E-15));
#10808=DIRECTION('ref_axis',(-0.342020143305645,-0.939692620793196,-4.34695159828576E-15));
#10809=DIRECTION('center_axis',(0.,0.,1.));
#10810=DIRECTION('ref_axis',(1.,0.,0.));
#10811=DIRECTION('center_axis',(1.,2.66110479784304E-11,0.));
#10812=DIRECTION('ref_axis',(-1.8817558117325E-11,0.707106781186547,-0.707106781186548));
#10813=DIRECTION('',(1.,2.66110479784304E-11,0.));
#10814=DIRECTION('center_axis',(0.766044443116049,0.64278760969003,0.));
#10815=DIRECTION('ref_axis',(-0.454519477674513,0.541675220417631,-0.707106781186547));
#10816=DIRECTION('',(0.766044443116049,0.64278760969003,0.));
#10817=DIRECTION('center_axis',(-0.766044443116049,-0.64278760969003,0.));
#10818=DIRECTION('ref_axis',(-0.64278760969003,0.766044443116049,0.));
#10819=DIRECTION('center_axis',(-0.939692620796538,-0.342020143296463,-2.05521283777556E-15));
#10820=DIRECTION('ref_axis',(-0.342020143296463,0.939692620796538,5.64665086333544E-15));
#10821=DIRECTION('center_axis',(0.766044443136364,-0.64278760966582,0.));
#10822=DIRECTION('ref_axis',(0.454519477657394,0.541675220431995,-0.707106781186547));
#10823=DIRECTION('',(0.766044443136364,-0.64278760966582,0.));
#10824=DIRECTION('center_axis',(0.939692620779123,-0.34202014334431,-1.73878063943223E-15));
#10825=DIRECTION('ref_axis',(-0.34202014334431,-0.939692620779123,-4.7772605449218E-15));
#10826=DIRECTION('center_axis',(1.,-6.67205676545825E-11,0.));
#10827=DIRECTION('ref_axis',(4.71812783834474E-11,0.707106781186547,-0.707106781186547));
#10828=DIRECTION('',(1.,-6.67205676545825E-11,0.));
#10829=DIRECTION('center_axis',(0.766044443126185,0.64278760967795,0.));
#10830=DIRECTION('ref_axis',(-0.454519477665971,0.541675220424798,-0.707106781186547));
#10831=DIRECTION('',(0.766044443126185,0.64278760967795,0.));
#10832=DIRECTION('center_axis',(-0.766044443126186,-0.642787609677949,0.));
#10833=DIRECTION('ref_axis',(-0.642787609677949,0.766044443126186,0.));
#10834=DIRECTION('center_axis',(-0.939692620787825,-0.342020143320402,-3.47756127889667E-15));
#10835=DIRECTION('ref_axis',(-0.342020143320402,0.939692620787825,9.554521088705E-15));
#10836=DIRECTION('center_axis',(0.766044443126224,-0.642787609677904,0.));
#10837=DIRECTION('ref_axis',(0.454519477665936,0.541675220424824,-0.70710678118655));
#10838=DIRECTION('',(0.766044443126224,-0.642787609677904,0.));
#10839=DIRECTION('center_axis',(0.939692620787837,-0.342020143320369,3.16432198333225E-16));
#10840=DIRECTION('ref_axis',(-0.342020143320369,-0.939692620787837,8.69390319724175E-16));
#10841=DIRECTION('center_axis',(1.,1.12396722331329E-15,0.));
#10842=DIRECTION('ref_axis',(0.,0.707106781186547,-0.707106781186548));
#10843=DIRECTION('',(1.,1.12396722331329E-15,0.));
#10844=DIRECTION('center_axis',(0.,0.,1.));
#10845=DIRECTION('ref_axis',(1.,0.,0.));
#10846=DIRECTION('center_axis',(-0.766044443126045,-0.642787609678117,0.));
#10847=DIRECTION('ref_axis',(-0.642787609678117,0.766044443126045,0.));
#10848=DIRECTION('center_axis',(0.,0.,1.));
#10849=DIRECTION('ref_axis',(1.,1.01064309961486E-15,0.));
#10850=DIRECTION('center_axis',(0.766044443126046,0.642787609678116,0.));
#10851=DIRECTION('ref_axis',(-0.454519477666087,0.541675220424699,-0.707106781186548));
#10852=DIRECTION('',(0.766044443126046,0.642787609678116,0.));
#10853=DIRECTION('center_axis',(-0.939692620787789,-0.342020143320503,-3.16432198333349E-16));
#10854=DIRECTION('ref_axis',(-0.342020143320503,0.939692620787788,8.69390319724137E-16));
#10855=DIRECTION('center_axis',(0.766044443126343,-0.642787609677762,0.));
#10856=DIRECTION('ref_axis',(0.454519477665837,0.541675220424908,-0.707106781186549));
#10857=DIRECTION('',(0.766044443126343,-0.642787609677762,0.));
#10858=DIRECTION('center_axis',(0.939692620787869,-0.342020143320282,-3.16432198333144E-16));
#10859=DIRECTION('ref_axis',(-0.342020143320282,-0.939692620787869,-8.69390319724203E-16));
#10860=DIRECTION('center_axis',(1.,1.49862296441772E-15,0.));
#10861=DIRECTION('ref_axis',(0.,0.707106781186547,-0.707106781186548));
#10862=DIRECTION('',(1.,1.49862296441772E-15,0.));
#10863=DIRECTION('center_axis',(0.,0.,1.));
#10864=DIRECTION('ref_axis',(-1.,0.,0.));
#10865=DIRECTION('',(0.,0.,-1.));
#10866=DIRECTION('center_axis',(1.09273919740669E-16,0.,-1.));
#10867=DIRECTION('ref_axis',(1.,7.6571373978539E-16,1.04083408558608E-16));
#10868=DIRECTION('center_axis',(-0.642787609678116,0.766044443126046,0.));
#10869=DIRECTION('ref_axis',(0.766044443126046,0.642787609678116,0.));
#10870=DIRECTION('',(-0.766044443126046,-0.642787609678116,-8.37086789959407E-17));
#10871=DIRECTION('',(0.,0.,-1.));
#10872=DIRECTION('center_axis',(-1.49862296441772E-15,1.,0.));
#10873=DIRECTION('ref_axis',(1.,1.49862296441772E-15,0.));
#10874=DIRECTION('',(-1.,-1.49862296441772E-15,-1.09273919740669E-16));
#10875=DIRECTION('',(0.,0.,1.));
#10876=DIRECTION('center_axis',(0.642787609677762,0.766044443126343,0.));
#10877=DIRECTION('ref_axis',(0.766044443126343,-0.642787609677762,0.));
#10878=DIRECTION('',(-0.766044443126343,0.642787609677762,-8.37086789959733E-17));
#10879=DIRECTION('center_axis',(-0.766044443126343,0.642787609677762,-8.37086789959733E-17));
#10880=DIRECTION('ref_axis',(0.454519477665838,0.541675220424911,0.707106781186545));
#10881=DIRECTION('center_axis',(0.939692620787868,-0.342020143320285,0.));
#10882=DIRECTION('ref_axis',(0.342020143320285,0.939692620787868,3.19495567365863E-16));
#10883=DIRECTION('center_axis',(-0.766044443126046,-0.642787609678116,-8.37086789959407E-17));
#10884=DIRECTION('ref_axis',(-0.454519477666089,0.5416752204247,0.707106781186546));
#10885=DIRECTION('center_axis',(0.766044443126045,0.642787609678118,0.));
#10886=DIRECTION('ref_axis',(-0.642787609678118,0.766044443126045,0.));
#10887=DIRECTION('center_axis',(-0.939692620787789,-0.342020143320503,0.));
#10888=DIRECTION('ref_axis',(0.342020143320503,-0.939692620787788,3.19495567365662E-16));
#10889=DIRECTION('center_axis',(1.09273919740669E-16,0.,-1.));
#10890=DIRECTION('ref_axis',(-1.,0.,0.));
#10891=DIRECTION('center_axis',(-1.,-1.49862296441772E-15,-1.09273919740669E-16));
#10892=DIRECTION('ref_axis',(0.,0.707106781186548,0.707106781186547));
#10893=DIRECTION('center_axis',(-0.64278760967795,0.766044443126185,0.));
#10894=DIRECTION('ref_axis',(0.766044443126185,0.64278760967795,0.));
#10895=DIRECTION('',(-0.766044443126185,-0.64278760967795,-8.3708678995956E-17));
#10896=DIRECTION('',(0.,0.,-1.));
#10897=DIRECTION('',(0.,0.,-1.));
#10898=DIRECTION('center_axis',(-1.12396722331329E-15,1.,0.));
#10899=DIRECTION('ref_axis',(1.,1.12396722331329E-15,0.));
#10900=DIRECTION('',(-1.,-1.12396722331329E-15,-1.09273919740669E-16));
#10901=DIRECTION('',(0.,0.,1.));
#10902=DIRECTION('center_axis',(0.642787609677904,0.766044443126224,0.));
#10903=DIRECTION('ref_axis',(0.766044443126224,-0.642787609677904,0.));
#10904=DIRECTION('',(-0.766044443126224,0.642787609677904,-8.37086789959602E-17));
#10905=DIRECTION('center_axis',(-0.766044443126224,0.642787609677904,-8.37086789959602E-17));
#10906=DIRECTION('ref_axis',(0.454519477665938,0.541675220424828,0.707106781186545));
#10907=DIRECTION('center_axis',(0.939692620787834,-0.342020143320379,-1.10591624278189E-15));
#10908=DIRECTION('ref_axis',(0.342020143320379,0.939692620787834,3.35797547227032E-15));
#10909=DIRECTION('center_axis',(-0.766044443126185,-0.64278760967795,-8.3708678995956E-17));
#10910=DIRECTION('ref_axis',(-0.454519477665971,0.541675220424799,0.707106781186546));
#10911=DIRECTION('center_axis',(0.766044443126184,0.642787609677951,0.));
#10912=DIRECTION('ref_axis',(-0.642787609677951,0.766044443126184,0.));
#10913=DIRECTION('center_axis',(-0.939692620787825,-0.342020143320402,2.37164503611485E-15));
#10914=DIRECTION('ref_axis',(0.342020143320402,-0.939692620787825,6.83553675116661E-15));
#10915=DIRECTION('center_axis',(1.09273919740669E-16,0.,-1.));
#10916=DIRECTION('ref_axis',(-1.,0.,0.));
#10917=DIRECTION('center_axis',(1.09273919740669E-16,0.,-1.));
#10918=DIRECTION('ref_axis',(1.,-1.22464679914735E-16,1.04083408558608E-16));
#10919=DIRECTION('center_axis',(-1.,-1.12396722331329E-15,-1.09273919740669E-16));
#10920=DIRECTION('ref_axis',(0.,0.707106781186548,0.707106781186547));
#10921=DIRECTION('center_axis',(-0.64278760969003,0.766044443116049,0.));
#10922=DIRECTION('ref_axis',(0.766044443116049,0.64278760969003,0.));
#10923=DIRECTION('',(-0.766044443116049,-0.64278760969003,-8.37086789948484E-17));
#10924=DIRECTION('',(0.,0.,-1.));
#10925=DIRECTION('',(0.,0.,-1.));
#10926=DIRECTION('center_axis',(6.67205676545825E-11,1.,0.));
#10927=DIRECTION('ref_axis',(1.,-6.67205676545825E-11,0.));
#10928=DIRECTION('',(-1.,6.67205676545825E-11,-1.09273919740669E-16));
#10929=DIRECTION('',(0.,0.,1.));
#10930=DIRECTION('center_axis',(0.64278760966582,0.766044443136364,0.));
#10931=DIRECTION('ref_axis',(0.766044443136364,-0.64278760966582,0.));
#10932=DIRECTION('',(-0.766044443136364,0.64278760966582,-8.37086789970682E-17));
#10933=DIRECTION('center_axis',(-0.766044443136364,0.64278760966582,-8.37086789970683E-17));
#10934=DIRECTION('ref_axis',(0.454519477657394,0.541675220431997,0.707106781186546));
#10935=DIRECTION('center_axis',(0.939692620779123,-0.342020143344312,2.68807723449837E-15));
#10936=DIRECTION('ref_axis',(0.342020143344312,0.939692620779123,-7.0659359372096E-15));
#10937=DIRECTION('center_axis',(-0.766044443116049,-0.64278760969003,-8.37086789948484E-17));
#10938=DIRECTION('ref_axis',(-0.454519477674513,0.541675220417632,0.707106781186546));
#10939=DIRECTION('center_axis',(0.766044443116049,0.64278760969003,0.));
#10940=DIRECTION('ref_axis',(-0.64278760969003,0.766044443116049,0.));
#10941=DIRECTION('center_axis',(-0.939692620796538,-0.342020143296463,1.73878063946446E-15));
#10942=DIRECTION('ref_axis',(0.342020143296463,-0.939692620796538,5.09675611111325E-15));
#10943=DIRECTION('center_axis',(-1.,6.67205676545825E-11,-1.09273919740669E-16));
#10944=DIRECTION('ref_axis',(4.71760447419186E-11,0.707106781186548,0.707106781186547));
#10945=DIRECTION('center_axis',(-0.642787609684068,0.766044443121051,0.));
#10946=DIRECTION('ref_axis',(0.766044443121051,0.642787609684068,0.));
#10947=DIRECTION('',(-0.766044443121051,-0.642787609684068,-8.3708678995395E-17));
#10948=DIRECTION('',(0.,0.,-1.));
#10949=DIRECTION('',(0.,0.,-1.));
#10950=DIRECTION('center_axis',(-2.66110479784304E-11,1.,0.));
#10951=DIRECTION('ref_axis',(1.,2.66110479784304E-11,0.));
#10952=DIRECTION('',(-1.,-2.66110479784304E-11,-1.09273919740669E-16));
#10953=DIRECTION('',(0.,0.,1.));
#10954=DIRECTION('center_axis',(0.642787609674281,0.766044443129264,0.));
#10955=DIRECTION('ref_axis',(0.766044443129264,-0.642787609674281,0.));
#10956=DIRECTION('',(-0.766044443129264,0.642787609674281,-8.37086789962924E-17));
#10957=DIRECTION('center_axis',(1.09273919740669E-16,0.,-1.));
#10958=DIRECTION('ref_axis',(-1.,0.,0.));
#10959=DIRECTION('center_axis',(0.766044443129264,-0.642787609674281,0.));
#10960=DIRECTION('ref_axis',(0.642787609674281,0.766044443129264,0.));
#10961=DIRECTION('center_axis',(-0.766044443129264,0.642787609674281,-8.37086789962924E-17));
#10962=DIRECTION('ref_axis',(0.454519477663376,0.541675220426975,0.707106781186548));
#10963=DIRECTION('center_axis',(0.939692620793194,-0.342020143305651,6.32864396639215E-16));
#10964=DIRECTION('ref_axis',(0.342020143305651,0.939692620793194,-1.41928507195812E-15));
#10965=DIRECTION('center_axis',(-0.766044443121051,-0.642787609684068,-8.3708678995395E-17));
#10966=DIRECTION('ref_axis',(-0.454519477670295,0.541675220421168,0.707106781186548));
#10967=DIRECTION('center_axis',(0.766044443121051,0.642787609684069,0.));
#10968=DIRECTION('ref_axis',(-0.642787609684069,0.766044443121051,0.));
#10969=DIRECTION('center_axis',(-0.939692620781909,-0.342020143336657,-3.16432198348295E-16));
#10970=DIRECTION('ref_axis',(0.342020143336657,-0.939692620781909,-5.49894752416748E-16));
#10971=DIRECTION('center_axis',(-1.,-2.66110479784304E-11,-1.09273919740669E-16));
#10972=DIRECTION('ref_axis',(-1.88097076550316E-11,0.707106781186547,0.707106781186548));
#10973=DIRECTION('center_axis',(0.,0.,1.));
#10974=DIRECTION('ref_axis',(1.,0.,0.));
#10975=DIRECTION('center_axis',(0.,0.,1.));
#10976=DIRECTION('ref_axis',(1.,-1.20980294963545E-15,0.));
#10977=DIRECTION('center_axis',(0.,0.,1.));
#10978=DIRECTION('ref_axis',(-1.,0.,0.));
#10979=DIRECTION('center_axis',(1.09273919740669E-16,0.,-1.));
#10980=DIRECTION('ref_axis',(1.,-1.45473230946492E-15,1.04083408558608E-16));
#10981=DIRECTION('center_axis',(1.09273919740669E-16,0.,-1.));
#10982=DIRECTION('ref_axis',(-1.,0.,0.));
#10983=DIRECTION('center_axis',(0.,0.,1.));
#10984=DIRECTION('ref_axis',(1.,0.,0.));
#10985=DIRECTION('center_axis',(0.,0.,1.));
#10986=DIRECTION('ref_axis',(1.,-3.21624529935327E-16,0.));
#10987=DIRECTION('center_axis',(0.,0.,1.));
#10988=DIRECTION('ref_axis',(-1.,0.,0.));
#10989=DIRECTION('center_axis',(1.09273919740669E-16,0.,-1.));
#10990=DIRECTION('ref_axis',(1.,-1.01064309961486E-15,1.04083408558608E-16));
#10991=DIRECTION('center_axis',(1.09273919740669E-16,0.,-1.));
#10992=DIRECTION('ref_axis',(-1.,0.,0.));
#10993=DIRECTION('center_axis',(0.,0.,1.));
#10994=DIRECTION('ref_axis',(1.,0.,0.));
#10995=DIRECTION('center_axis',(0.,0.,1.));
#10996=DIRECTION('ref_axis',(1.,1.01064309961486E-15,0.));
#10997=DIRECTION('center_axis',(0.,0.,1.));
#10998=DIRECTION('ref_axis',(-1.,0.,0.));
#10999=DIRECTION('',(0.,0.,1.));
#11000=DIRECTION('',(1.,0.,0.));
#11001=DIRECTION('',(0.,1.38777878078144E-17,-1.));
#11002=DIRECTION('',(0.999999999999999,0.,0.));
#11003=CARTESIAN_POINT('',(0.,0.,0.));
#11004=CARTESIAN_POINT('',(0.,0.,0.));
#11005=CARTESIAN_POINT('',(0.,0.,0.));
#11006=CARTESIAN_POINT('',(0.,0.,0.));
#11007=CARTESIAN_POINT('Origin',(4.44089209850063E-15,7.49999999998702,
0.));
#11008=CARTESIAN_POINT('',(-15.6218800784932,7.49999999998702,2.58541328101146));
#11009=CARTESIAN_POINT('',(-15.0000000000046,7.49999999998702,2.25259316327536));
#11010=CARTESIAN_POINT('Origin',(-15.4000000000046,7.49999999998702,2.25259316327536));
#11011=CARTESIAN_POINT('',(-17.2992301766104,7.49999999998702,1.46717988227718));
#11012=CARTESIAN_POINT('',(-11.6999999999705,7.49999999998702,5.20000000000207));
#11013=CARTESIAN_POINT('',(-17.5211102550933,7.49999999998702,1.40000000001328));
#11014=CARTESIAN_POINT('Origin',(-17.5211102550991,7.49999999998702,1.80000000001328));
#11015=CARTESIAN_POINT('',(-18.8000000000103,7.49999999998702,1.39999999999486));
#11016=CARTESIAN_POINT('',(-9.60000000001237,7.49999999998702,1.40000000012738));
#11017=CARTESIAN_POINT('',(-19.2000000000046,7.49999999998702,0.999999999994861));
#11018=CARTESIAN_POINT('Origin',(-18.8000000000046,7.49999999998702,0.999999999994861));
#11019=CARTESIAN_POINT('',(-19.2000000000046,7.49999999998702,-0.999999999994959));
#11020=CARTESIAN_POINT('',(-19.2000000000046,7.49999999998702,-0.699999999994607));
#11021=CARTESIAN_POINT('',(-18.8000000000103,7.49999999998702,-1.39999999999496));
#11022=CARTESIAN_POINT('Origin',(-18.8000000000046,7.49999999998702,-0.999999999994959));
#11023=CARTESIAN_POINT('',(-17.5211102550933,7.49999999998702,-1.40000000001332));
#11024=CARTESIAN_POINT('',(-8.70000000001234,7.49999999998702,-1.40000000013998));
#11025=CARTESIAN_POINT('',(-17.2992301766104,7.49999999998702,-1.46717988227722));
#11026=CARTESIAN_POINT('Origin',(-17.521110255099,7.49999999998702,-1.80000000001332));
#11027=CARTESIAN_POINT('',(-15.6218800784932,7.49999999998702,-2.58541328101147));
#11028=CARTESIAN_POINT('',(-10.4999999999704,7.49999999998702,-5.99999999999454));
#11029=CARTESIAN_POINT('',(-15.0000000000046,7.49999999998702,-2.25259316327537));
#11030=CARTESIAN_POINT('Origin',(-15.4000000000046,7.49999999998702,-2.25259316327537));
#11031=CARTESIAN_POINT('',(-15.0000000000046,7.49999999998702,1.5));
#11032=CARTESIAN_POINT('Origin',(-17.521110255099,7.49999999998702,-1.80000000001332));
#11033=CARTESIAN_POINT('',(-17.5211102550933,8.99999999998702,-1.40000000001332));
#11034=CARTESIAN_POINT('',(-17.5211102550933,7.49999999998702,-1.40000000001332));
#11035=CARTESIAN_POINT('',(-17.2992301766104,8.99999999998702,-1.46717988227722));
#11036=CARTESIAN_POINT('Origin',(-17.521110255099,8.99999999998702,-1.80000000001332));
#11037=CARTESIAN_POINT('',(-17.2992301766104,7.49999999998702,-1.46717988227722));
#11038=CARTESIAN_POINT('Origin',(-15.0000000000046,7.49999999998702,-3.));
#11039=CARTESIAN_POINT('',(-15.6218800784932,8.99999999998702,-2.58541328101147));
#11040=CARTESIAN_POINT('',(-15.0000000000046,8.99999999998702,-3.));
#11041=CARTESIAN_POINT('',(-15.6218800784932,7.49999999998702,-2.58541328101147));
#11042=CARTESIAN_POINT('Origin',(-18.8000000000046,7.49999999998702,-0.999999999994959));
#11043=CARTESIAN_POINT('',(-19.2000000000046,8.99999999998702,-0.999999999994959));
#11044=CARTESIAN_POINT('',(-18.8000000000103,8.99999999998702,-1.39999999999496));
#11045=CARTESIAN_POINT('Origin',(-18.8000000000046,8.99999999998702,-0.999999999994959));
#11046=CARTESIAN_POINT('',(-18.8000000000103,7.49999999998702,-1.39999999999496));
#11047=CARTESIAN_POINT('',(-19.2000000000046,7.49999999998702,-0.999999999994959));
#11048=CARTESIAN_POINT('Origin',(-17.4000000000046,7.49999999998702,-1.40000000001506));
#11049=CARTESIAN_POINT('',(-17.4000000000046,8.99999999998702,-1.40000000001506));
#11050=CARTESIAN_POINT('Origin',(-17.1000000000046,8.99999999998702,0.));
#11051=CARTESIAN_POINT('',(-19.2000000000046,8.99999999998702,0.999999999994861));
#11052=CARTESIAN_POINT('',(-19.2000000000046,8.99999999998702,-1.39999999998922));
#11053=CARTESIAN_POINT('',(-18.8000000000103,8.99999999998702,1.39999999999486));
#11054=CARTESIAN_POINT('Origin',(-18.8000000000046,8.99999999998702,0.999999999994861));
#11055=CARTESIAN_POINT('',(-17.5211102550933,8.99999999998702,1.40000000001328));
#11056=CARTESIAN_POINT('',(-19.2000000000046,8.99999999998702,1.3999999999891));
#11057=CARTESIAN_POINT('',(-17.2992301766104,8.99999999998702,1.46717988227718));
#11058=CARTESIAN_POINT('Origin',(-17.5211102550991,8.99999999998702,1.80000000001328));
#11059=CARTESIAN_POINT('',(-15.6218800784932,8.99999999998702,2.58541328101146));
#11060=CARTESIAN_POINT('',(-17.4000000000046,8.99999999998702,1.40000000001503));
#11061=CARTESIAN_POINT('',(-15.0000000000046,8.99999999998702,2.25259316327536));
#11062=CARTESIAN_POINT('Origin',(-15.4000000000046,8.99999999998702,2.25259316327536));
#11063=CARTESIAN_POINT('',(-15.0000000000046,8.99999999998702,-2.25259316327537));
#11064=CARTESIAN_POINT('',(-15.0000000000046,8.99999999998702,-3.));
#11065=CARTESIAN_POINT('Origin',(-15.4000000000046,8.99999999998702,-2.25259316327537));
#11066=CARTESIAN_POINT('Origin',(-15.4000000000046,7.49999999998702,2.25259316327536));
#11067=CARTESIAN_POINT('',(-15.6218800784932,7.49999999998702,2.58541328101146));
#11068=CARTESIAN_POINT('',(-15.0000000000046,7.49999999998702,2.25259316327536));
#11069=CARTESIAN_POINT('Origin',(-17.4000000000046,7.49999999998702,1.40000000001503));
#11070=CARTESIAN_POINT('',(-17.2992301766104,7.49999999998702,1.46717988227718));
#11071=CARTESIAN_POINT('Origin',(-17.5211102550991,7.49999999998702,1.80000000001328));
#11072=CARTESIAN_POINT('',(-17.5211102550933,7.49999999998702,1.40000000001328));
#11073=CARTESIAN_POINT('Origin',(-19.2000000000046,7.49999999998702,1.3999999999891));
#11074=CARTESIAN_POINT('',(-18.8000000000103,7.49999999998702,1.39999999999486));
#11075=CARTESIAN_POINT('Origin',(-18.8000000000046,7.49999999998702,0.999999999994861));
#11076=CARTESIAN_POINT('',(-19.2000000000046,7.49999999998702,0.999999999994861));
#11077=CARTESIAN_POINT('Origin',(-19.2000000000046,7.49999999998702,-1.39999999998922));
#11078=CARTESIAN_POINT('Origin',(-15.4000000000046,7.49999999998702,-2.25259316327537));
#11079=CARTESIAN_POINT('',(-15.0000000000046,7.49999999998702,-2.25259316327537));
#11080=CARTESIAN_POINT('Origin',(-15.0000000000046,7.49999999998702,3.));
#11081=CARTESIAN_POINT('Origin',(-13.7775273770519,8.99999999998702,-2.16132667318902E-12));
#11082=CARTESIAN_POINT('',(-13.774768851858,8.99999999998702,-1.69047304696671));
#11083=CARTESIAN_POINT('',(-14.1363536705547,8.99999999998702,-1.52183562439328));
#11084=CARTESIAN_POINT('Origin',(-13.9555665576882,8.99999999998702,-1.60616569215901));
#11085=CARTESIAN_POINT('',(-14.1363536705425,8.99999999998702,1.52183562440336));
#11086=CARTESIAN_POINT('Origin',(-17.4000000000046,8.99999999998702,-1.73077713321729E-14));
#11087=CARTESIAN_POINT('',(-13.7747688518594,8.99999999998702,1.6904730469639));
#11088=CARTESIAN_POINT('Origin',(-13.955566557683,8.99999999998702,1.60616569216343));
#11089=CARTESIAN_POINT('Origin',(-17.4000000000046,8.99999999998702,-1.73077713321729E-14));
#11090=CARTESIAN_POINT('Origin',(-13.9555665576882,7.49999999998702,-1.60616569215901));
#11091=CARTESIAN_POINT('',(-14.1363536705547,7.49999999998702,-1.52183562439328));
#11092=CARTESIAN_POINT('',(-13.774768851858,7.49999999998702,-1.69047304696671));
#11093=CARTESIAN_POINT('Origin',(-13.9555665576882,7.49999999998702,-1.60616569215901));
#11094=CARTESIAN_POINT('',(-14.1363536705547,7.49999999998702,-1.52183562439328));
#11095=CARTESIAN_POINT('',(-13.774768851858,7.49999999998702,-1.69047304696671));
#11096=CARTESIAN_POINT('Origin',(-17.4000000000046,7.49999999998702,-1.73077713321729E-14));
#11097=CARTESIAN_POINT('',(-14.1363536705425,7.49999999998702,1.52183562440336));
#11098=CARTESIAN_POINT('Origin',(-17.4000000000046,7.49999999998702,-1.73077713321729E-14));
#11099=CARTESIAN_POINT('',(-14.1363536705425,7.49999999998702,1.52183562440336));
#11100=CARTESIAN_POINT('Origin',(-13.955566557683,7.49999999998702,1.60616569216343));
#11101=CARTESIAN_POINT('',(-13.7747688518594,7.49999999998702,1.6904730469639));
#11102=CARTESIAN_POINT('Origin',(-13.955566557683,7.49999999998702,1.60616569216343));
#11103=CARTESIAN_POINT('',(-13.7747688518594,7.49999999998702,1.6904730469639));
#11104=CARTESIAN_POINT('Origin',(-17.4000000000046,7.49999999998702,-1.73077713321729E-14));
#11105=CARTESIAN_POINT('Origin',(-17.4000000000046,7.49999999998702,-1.73077713321729E-14));
#11106=CARTESIAN_POINT('Origin',(4.44089209850063E-15,7.49999999998702,
0.));
#11107=CARTESIAN_POINT('',(0.,0.,0.));
#11108=CARTESIAN_POINT('Origin',(4.44089209850063E-15,7.49999999998702,
0.));
#11109=CARTESIAN_POINT('',(-8.80000000000437,7.49999999998702,-1.4000000000007));
#11110=CARTESIAN_POINT('',(-9.20000000000458,7.49999999998702,-1.0000000000007));
#11111=CARTESIAN_POINT('Origin',(-8.80000000000458,7.49999999998702,-1.0000000000007));
#11112=CARTESIAN_POINT('',(-7.5211102550975,7.49999999998702,-1.40000000000002));
#11113=CARTESIAN_POINT('',(-3.70000000000191,7.49999999998702,-1.39999999999796));
#11114=CARTESIAN_POINT('',(-7.29923017660719,7.49999999998702,-1.46717988226488));
#11115=CARTESIAN_POINT('Origin',(-7.52111025509729,7.49999999998702,-1.80000000000002));
#11116=CARTESIAN_POINT('',(-5.62188007849468,7.49999999998702,-2.58541328100659));
#11117=CARTESIAN_POINT('',(-3.9615384615415,7.49999999998702,-3.69230769230875));
#11118=CARTESIAN_POINT('',(-5.00000000000458,7.49999999998702,-2.25259316327145));
#11119=CARTESIAN_POINT('Origin',(-5.40000000000458,7.49999999998702,-2.25259316327146));
#11120=CARTESIAN_POINT('',(-5.00000000000458,7.49999999998702,2.25259316327149));
#11121=CARTESIAN_POINT('',(-5.00000000000458,7.49999999998702,1.5));
#11122=CARTESIAN_POINT('',(-5.62188007849467,7.49999999998702,2.58541328100663));
#11123=CARTESIAN_POINT('Origin',(-5.40000000000458,7.49999999998702,2.25259316327149));
#11124=CARTESIAN_POINT('',(-7.29923017660719,7.49999999998702,1.467179882265));
#11125=CARTESIAN_POINT('',(-5.1615384615414,7.49999999998702,2.89230769230879));
#11126=CARTESIAN_POINT('',(-7.52111025509751,7.49999999998702,1.40000000000014));
#11127=CARTESIAN_POINT('Origin',(-7.52111025509727,7.49999999998702,1.80000000000014));
#11128=CARTESIAN_POINT('',(-8.80000000000435,7.49999999998702,1.40000000000089));
#11129=CARTESIAN_POINT('',(-4.60000000000188,7.49999999998702,1.39999999999843));
#11130=CARTESIAN_POINT('',(-9.20000000000458,7.49999999998702,1.00000000000089));
#11131=CARTESIAN_POINT('Origin',(-8.80000000000458,7.49999999998702,1.00000000000089));
#11132=CARTESIAN_POINT('',(-9.20000000000458,7.49999999998702,-0.700000000000459));
#11133=CARTESIAN_POINT('Origin',(-5.40000000000458,7.49999999998702,2.25259316327149));
#11134=CARTESIAN_POINT('',(-5.00000000000458,8.99999999998702,2.25259316327149));
#11135=CARTESIAN_POINT('',(-5.62188007849467,8.99999999998702,2.58541328100663));
#11136=CARTESIAN_POINT('Origin',(-5.40000000000458,8.99999999998702,2.25259316327149));
#11137=CARTESIAN_POINT('',(-5.62188007849467,7.49999999998702,2.58541328100663));
#11138=CARTESIAN_POINT('',(-5.00000000000458,7.49999999998702,2.25259316327149));
#11139=CARTESIAN_POINT('Origin',(-7.40000000000458,7.49999999998702,1.40000000000007));
#11140=CARTESIAN_POINT('',(-7.29923017660719,8.99999999998702,1.467179882265));
#11141=CARTESIAN_POINT('',(-7.40000000000458,8.99999999998702,1.40000000000007));
#11142=CARTESIAN_POINT('',(-7.29923017660719,7.49999999998702,1.467179882265));
#11143=CARTESIAN_POINT('Origin',(-7.10000000000458,8.99999999998702,0.));
#11144=CARTESIAN_POINT('',(-5.00000000000458,8.99999999998702,-2.25259316327146));
#11145=CARTESIAN_POINT('',(-5.00000000000458,8.99999999998702,-3.));
#11146=CARTESIAN_POINT('',(-5.62188007849468,8.99999999998702,-2.58541328100659));
#11147=CARTESIAN_POINT('Origin',(-5.40000000000458,8.99999999998702,-2.25259316327146));
#11148=CARTESIAN_POINT('',(-7.29923017660719,8.99999999998702,-1.46717988226488));
#11149=CARTESIAN_POINT('',(-5.00000000000458,8.99999999998702,-3.));
#11150=CARTESIAN_POINT('',(-7.5211102550975,8.99999999998702,-1.40000000000002));
#11151=CARTESIAN_POINT('Origin',(-7.52111025509729,8.99999999998702,-1.80000000000002));
#11152=CARTESIAN_POINT('',(-8.80000000000437,8.99999999998702,-1.4000000000007));
#11153=CARTESIAN_POINT('',(-7.40000000000458,8.99999999998702,-1.39999999999995));
#11154=CARTESIAN_POINT('',(-9.20000000000458,8.99999999998702,-1.0000000000007));
#11155=CARTESIAN_POINT('Origin',(-8.80000000000458,8.99999999998702,-1.0000000000007));
#11156=CARTESIAN_POINT('',(-9.20000000000458,8.99999999998702,1.00000000000089));
#11157=CARTESIAN_POINT('',(-9.20000000000458,8.99999999998702,-1.40000000000092));
#11158=CARTESIAN_POINT('',(-8.80000000000435,8.99999999998702,1.40000000000089));
#11159=CARTESIAN_POINT('Origin',(-8.80000000000458,8.99999999998702,1.00000000000089));
#11160=CARTESIAN_POINT('',(-7.52111025509751,8.99999999998702,1.40000000000014));
#11161=CARTESIAN_POINT('',(-9.20000000000458,8.99999999998702,1.40000000000112));
#11162=CARTESIAN_POINT('Origin',(-7.52111025509727,8.99999999998702,1.80000000000014));
#11163=CARTESIAN_POINT('Origin',(-5.40000000000458,7.49999999998702,-2.25259316327146));
#11164=CARTESIAN_POINT('',(-5.00000000000458,7.49999999998702,-2.25259316327146));
#11165=CARTESIAN_POINT('',(-5.62188007849468,7.49999999998702,-2.58541328100659));
#11166=CARTESIAN_POINT('Origin',(-5.00000000000458,7.49999999998702,-3.));
#11167=CARTESIAN_POINT('',(-7.29923017660719,7.49999999998702,-1.46717988226488));
#11168=CARTESIAN_POINT('Origin',(-7.52111025509727,7.49999999998702,1.80000000000014));
#11169=CARTESIAN_POINT('',(-7.52111025509751,7.49999999998702,1.40000000000014));
#11170=CARTESIAN_POINT('Origin',(-9.20000000000458,7.49999999998702,1.40000000000112));
#11171=CARTESIAN_POINT('',(-8.80000000000435,7.49999999998702,1.40000000000089));
#11172=CARTESIAN_POINT('Origin',(-7.52111025509729,7.49999999998702,-1.80000000000002));
#11173=CARTESIAN_POINT('',(-7.5211102550975,7.49999999998702,-1.40000000000002));
#11174=CARTESIAN_POINT('Origin',(-8.80000000000458,7.49999999998702,-1.0000000000007));
#11175=CARTESIAN_POINT('',(-8.80000000000437,7.49999999998702,-1.4000000000007));
#11176=CARTESIAN_POINT('',(-9.20000000000458,7.49999999998702,-1.0000000000007));
#11177=CARTESIAN_POINT('Origin',(-7.40000000000458,7.49999999998702,-1.39999999999995));
#11178=CARTESIAN_POINT('Origin',(-8.80000000000458,7.49999999998702,1.00000000000089));
#11179=CARTESIAN_POINT('',(-9.20000000000458,7.49999999998702,1.00000000000089));
#11180=CARTESIAN_POINT('Origin',(-9.20000000000458,7.49999999998702,-1.40000000000092));
#11181=CARTESIAN_POINT('Origin',(-5.00000000000458,7.49999999998702,3.));
#11182=CARTESIAN_POINT('Origin',(-1.490445860191,8.99999999998702,-7.7715611723761E-14));
#11183=CARTESIAN_POINT('',(-1.59963016296995,8.99999999998702,2.70475687514039));
#11184=CARTESIAN_POINT('',(-1.59963016297009,8.99999999998702,-2.70475687514056));
#11185=CARTESIAN_POINT('Origin',(-7.40000000000458,8.99999999998702,5.90127377095961E-14));
#11186=CARTESIAN_POINT('',(-1.96215327778474,8.99999999998702,-2.53570957044427));
#11187=CARTESIAN_POINT('Origin',(-1.78089172037741,8.99999999998702,-2.62023322279241));
#11188=CARTESIAN_POINT('',(-1.96215327778462,8.99999999998702,2.53570957044412));
#11189=CARTESIAN_POINT('Origin',(-7.40000000000458,8.99999999998702,5.90127377095961E-14));
#11190=CARTESIAN_POINT('Origin',(-1.78089172037728,8.99999999998702,2.62023322279226));
#11191=CARTESIAN_POINT('Origin',(-7.40000000000458,7.49999999998702,5.90127377095961E-14));
#11192=CARTESIAN_POINT('',(-1.59963016297009,7.49999999998702,-2.70475687514056));
#11193=CARTESIAN_POINT('',(-1.59963016296995,7.49999999998702,2.70475687514039));
#11194=CARTESIAN_POINT('Origin',(-7.40000000000458,7.49999999998702,5.90127377095961E-14));
#11195=CARTESIAN_POINT('',(-1.59963016297009,7.49999999998702,-2.70475687514056));
#11196=CARTESIAN_POINT('',(-1.59963016296995,7.49999999998702,2.70475687514039));
#11197=CARTESIAN_POINT('Origin',(-1.78089172037741,7.49999999998702,-2.62023322279241));
#11198=CARTESIAN_POINT('',(-1.96215327778474,7.49999999998702,-2.53570957044427));
#11199=CARTESIAN_POINT('Origin',(-1.78089172037741,7.49999999998702,-2.62023322279241));
#11200=CARTESIAN_POINT('',(-1.96215327778474,7.49999999998702,-2.53570957044427));
#11201=CARTESIAN_POINT('Origin',(-7.40000000000458,7.49999999998702,5.90127377095961E-14));
#11202=CARTESIAN_POINT('',(-1.96215327778462,7.49999999998702,2.53570957044412));
#11203=CARTESIAN_POINT('Origin',(-7.40000000000458,7.49999999998702,5.90127377095961E-14));
#11204=CARTESIAN_POINT('',(-1.96215327778462,7.49999999998702,2.53570957044412));
#11205=CARTESIAN_POINT('Origin',(-1.78089172037728,7.49999999998702,2.62023322279226));
#11206=CARTESIAN_POINT('Origin',(-1.78089172037728,7.49999999998702,2.62023322279226));
#11207=CARTESIAN_POINT('Origin',(4.44089209850063E-15,7.49999999998702,
0.));
#11208=CARTESIAN_POINT('Origin',(-2.63423053241298,8.99999999998702,-5.21804821573824E-14));
#11209=CARTESIAN_POINT('',(-2.68719950741395,8.99999999998702,2.19761496105158));
#11210=CARTESIAN_POINT('',(-2.68719950741405,8.99999999998702,-2.19761496105169));
#11211=CARTESIAN_POINT('Origin',(-7.40000000000458,8.99999999998702,5.90127377095961E-14));
#11212=CARTESIAN_POINT('',(-3.04972262222871,8.99999999998702,-2.0285676563554));
#11213=CARTESIAN_POINT('Origin',(-2.86846106482138,8.99999999998702,-2.11309130870355));
#11214=CARTESIAN_POINT('',(-3.04972262222861,8.99999999998702,2.02856765635531));
#11215=CARTESIAN_POINT('Origin',(-7.40000000000458,8.99999999998702,5.90127377095961E-14));
#11216=CARTESIAN_POINT('Origin',(-2.86846106482128,8.99999999998702,2.11309130870344));
#11217=CARTESIAN_POINT('Origin',(-7.40000000000458,7.49999999998702,5.90127377095961E-14));
#11218=CARTESIAN_POINT('',(-2.68719950741405,7.49999999998702,-2.19761496105169));
#11219=CARTESIAN_POINT('',(-2.68719950741395,7.49999999998702,2.19761496105158));
#11220=CARTESIAN_POINT('Origin',(-7.40000000000458,7.49999999998702,5.90127377095961E-14));
#11221=CARTESIAN_POINT('',(-2.68719950741405,7.49999999998702,-2.19761496105169));
#11222=CARTESIAN_POINT('',(-2.68719950741395,7.49999999998702,2.19761496105158));
#11223=CARTESIAN_POINT('Origin',(-2.86846106482138,7.49999999998702,-2.11309130870355));
#11224=CARTESIAN_POINT('',(-3.04972262222871,7.49999999998702,-2.0285676563554));
#11225=CARTESIAN_POINT('Origin',(-2.86846106482138,7.49999999998702,-2.11309130870355));
#11226=CARTESIAN_POINT('',(-3.04972262222871,7.49999999998702,-2.0285676563554));
#11227=CARTESIAN_POINT('Origin',(-7.40000000000458,7.49999999998702,5.90127377095961E-14));
#11228=CARTESIAN_POINT('',(-3.04972262222861,7.49999999998702,2.02856765635531));
#11229=CARTESIAN_POINT('Origin',(-7.40000000000458,7.49999999998702,5.90127377095961E-14));
#11230=CARTESIAN_POINT('',(-3.04972262222861,7.49999999998702,2.02856765635531));
#11231=CARTESIAN_POINT('Origin',(-2.86846106482128,7.49999999998702,2.11309130870344));
#11232=CARTESIAN_POINT('Origin',(-2.86846106482128,7.49999999998702,2.11309130870344));
#11233=CARTESIAN_POINT('Origin',(4.44089209850063E-15,7.49999999998702,
0.));
#11234=CARTESIAN_POINT('Origin',(4.44089209850063E-15,7.49999999998702,
0.));
#11235=CARTESIAN_POINT('',(-3.77476885185802,7.49999999998702,-1.69047304696282));
#11236=CARTESIAN_POINT('',(-3.77476885185794,7.49999999998702,1.69047304696277));
#11237=CARTESIAN_POINT('Origin',(-7.40000000000458,7.49999999998702,5.90127377095961E-14));
#11238=CARTESIAN_POINT('',(-4.1372919679321,7.49999999998702,1.5214257449675));
#11239=CARTESIAN_POINT('Origin',(-3.95603040926527,7.49999999998702,1.60594939461463));
#11240=CARTESIAN_POINT('',(-4.13729196667267,7.49999999998702,-1.52142574226654));
#11241=CARTESIAN_POINT('Origin',(-7.40000000000458,7.49999999998702,5.90127377095961E-14));
#11242=CARTESIAN_POINT('Origin',(-3.95603040926535,7.49999999998702,-1.60594939461468));
#11243=CARTESIAN_POINT('Origin',(-7.40000000000458,7.49999999998702,5.90127377095961E-14));
#11244=CARTESIAN_POINT('',(-3.77476885185802,8.99999999998702,-1.69047304696282));
#11245=CARTESIAN_POINT('',(-3.77476885185802,7.49999999998702,-1.69047304696282));
#11246=CARTESIAN_POINT('',(-3.77476885185794,8.99999999998702,1.69047304696277));
#11247=CARTESIAN_POINT('Origin',(-7.40000000000458,8.99999999998702,5.90127377095961E-14));
#11248=CARTESIAN_POINT('',(-3.77476885185794,7.49999999998702,1.69047304696277));
#11249=CARTESIAN_POINT('Origin',(-3.95603040926527,7.49999999998702,1.60594939461463));
#11250=CARTESIAN_POINT('',(-4.1372919679321,8.99999999998702,1.52142574496751));
#11251=CARTESIAN_POINT('Origin',(-3.95603040926527,8.99999999998702,1.60594939461463));
#11252=CARTESIAN_POINT('',(-4.1372919679321,7.49999999998702,1.5214257449675));
#11253=CARTESIAN_POINT('Origin',(-7.40000000000458,7.49999999998702,5.90127377095961E-14));
#11254=CARTESIAN_POINT('',(-4.13729196667267,8.99999999998702,-1.52142574226654));
#11255=CARTESIAN_POINT('Origin',(-7.40000000000458,8.99999999998702,5.90127377095961E-14));
#11256=CARTESIAN_POINT('',(-4.13729196667267,7.49999999998702,-1.52142574226654));
#11257=CARTESIAN_POINT('Origin',(-3.95603040926535,7.49999999998702,-1.60594939461468));
#11258=CARTESIAN_POINT('Origin',(-3.95603040926535,8.99999999998702,-1.60594939461468));
#11259=CARTESIAN_POINT('Origin',(-3.77801520463496,8.99999999998702,-2.47024622979097E-14));
#11260=CARTESIAN_POINT('',(0.,0.,0.));
#11261=CARTESIAN_POINT('Origin',(4.44089209850063E-15,7.49999999998702,
0.));
#11262=CARTESIAN_POINT('',(8.39487326625341,7.49999999998702,-3.1960935805175));
#11263=CARTESIAN_POINT('',(7.99487326625341,7.49999999998702,-3.5960935805175));
#11264=CARTESIAN_POINT('Origin',(7.99487326625341,7.49999999998702,-3.1960935805175));
#11265=CARTESIAN_POINT('',(8.39487326625343,7.49999999998701,1.91158779168634));
#11266=CARTESIAN_POINT('',(8.39487326625342,7.49999999998702,0.955793895843147));
#11267=CARTESIAN_POINT('',(6.98309507062803,7.49999999998702,1.16288609654451));
#11268=CARTESIAN_POINT('Origin',(6.89487326625344,7.49999999998702,1.91158779168632));
#11269=CARTESIAN_POINT('',(7.39487326625341,7.49999999998702,0.763059541513691));
#11270=CARTESIAN_POINT('Origin',(6.99487326625341,7.49999999998702,0.76305954151369));
#11271=CARTESIAN_POINT('',(7.39487326625342,7.49999999998702,-2.1960935805175));
#11272=CARTESIAN_POINT('',(7.39487326625342,7.49999999998702,-1.29804679025874));
#11273=CARTESIAN_POINT('',(6.99487326625342,7.49999999998702,-2.5960935805175));
#11274=CARTESIAN_POINT('Origin',(6.99487326625342,7.49999999998702,-2.1960935805175));
#11275=CARTESIAN_POINT('',(4.19487326625343,7.49999999998702,-2.5960935805175));
#11276=CARTESIAN_POINT('',(1.89743663312672,7.49999999998702,-2.5960935805175));
#11277=CARTESIAN_POINT('',(3.79487326625343,7.49999999998702,-2.1960935805175));
#11278=CARTESIAN_POINT('Origin',(4.19487326625343,7.49999999998702,-2.1960935805175));
#11279=CARTESIAN_POINT('',(3.79487326625345,7.49999999998701,2.91158779168632));
#11280=CARTESIAN_POINT('',(3.79487326625345,7.49999999998702,1.45579389584315));
#11281=CARTESIAN_POINT('',(2.38309507062805,7.49999999998702,2.1628860965445));
#11282=CARTESIAN_POINT('Origin',(2.29487326625346,7.49999999998702,2.91158779168631));
#11283=CARTESIAN_POINT('',(2.79487326625343,7.49999999998702,1.76305954151368));
#11284=CARTESIAN_POINT('Origin',(2.39487326625343,7.49999999998702,1.76305954151369));
#11285=CARTESIAN_POINT('',(2.79487326625342,7.49999999998702,-3.1960935805175));
#11286=CARTESIAN_POINT('',(2.79487326625342,7.49999999998702,-1.79804679025875));
#11287=CARTESIAN_POINT('',(3.19487326625342,7.49999999998702,-3.5960935805175));
#11288=CARTESIAN_POINT('Origin',(3.19487326625342,7.49999999998702,-3.1960935805175));
#11289=CARTESIAN_POINT('',(4.19743663312671,7.49999999998702,-3.5960935805175));
#11290=CARTESIAN_POINT('Origin',(4.19487326625343,7.49999999998702,-2.1960935805175));
#11291=CARTESIAN_POINT('',(4.19487326625343,8.99999999998702,-2.5960935805175));
#11292=CARTESIAN_POINT('',(4.19487326625343,7.49999999998702,-2.5960935805175));
#11293=CARTESIAN_POINT('',(3.79487326625343,8.99999999998702,-2.1960935805175));
#11294=CARTESIAN_POINT('Origin',(4.19487326625343,8.99999999998702,-2.1960935805175));
#11295=CARTESIAN_POINT('',(3.79487326625343,7.49999999998702,-2.1960935805175));
#11296=CARTESIAN_POINT('Origin',(3.79487326625343,7.49999999998702,-2.5960935805175));
#11297=CARTESIAN_POINT('',(6.99487326625342,8.99999999998702,-2.5960935805175));
#11298=CARTESIAN_POINT('',(6.99487326625342,7.49999999998702,-2.5960935805175));
#11299=CARTESIAN_POINT('',(7.39487326625342,8.99999999998702,-2.5960935805175));
#11300=CARTESIAN_POINT('Origin',(6.99487326625341,7.49999999998701,0.76305954151369));
#11301=CARTESIAN_POINT('',(6.98309507062803,8.99999999998701,1.16288609654451));
#11302=CARTESIAN_POINT('',(6.98309507062803,7.49999999998701,1.16288609654451));
#11303=CARTESIAN_POINT('',(7.39487326625341,8.99999999998702,0.763059541513691));
#11304=CARTESIAN_POINT('Origin',(6.99487326625341,8.99999999998702,0.76305954151369));
#11305=CARTESIAN_POINT('',(7.39487326625341,7.49999999998701,0.763059541513691));
#11306=CARTESIAN_POINT('Ctrl Pts',(6.98309507062803,7.49999999998701,1.16288609654451));
#11307=CARTESIAN_POINT('Ctrl Pts',(5.96655034807895,7.49999999998701,1.13294045523211));
#11308=CARTESIAN_POINT('Ctrl Pts',(5.53573071299677,7.49999999998701,1.59428213465867));
#11309=CARTESIAN_POINT('Ctrl Pts',(5.10491107791459,7.49999999998701,2.05562381408523));
#11310=CARTESIAN_POINT('Ctrl Pts',(5.8034675885694,7.49999999998701,2.42608600517179));
#11311=CARTESIAN_POINT('Ctrl Pts',(6.50202409922421,7.49999999998701,2.79654819625835));
#11312=CARTESIAN_POINT('Ctrl Pts',(7.44844868273882,7.49999999998701,2.60864486579558));
#11313=CARTESIAN_POINT('Ctrl Pts',(8.39487326625342,7.49999999998701,2.4207415353328));
#11314=CARTESIAN_POINT('Ctrl Pts',(8.39487326625343,7.49999999998701,1.91158779168634));
#11315=CARTESIAN_POINT('Ctrl Pts',(6.98309507062803,8.99999999998701,1.16288609654451));
#11316=CARTESIAN_POINT('Ctrl Pts',(5.96655034807895,8.99999999998701,1.13294045523211));
#11317=CARTESIAN_POINT('Ctrl Pts',(5.53573071299677,8.99999999998701,1.59428213465867));
#11318=CARTESIAN_POINT('Ctrl Pts',(5.10491107791459,8.99999999998701,2.05562381408523));
#11319=CARTESIAN_POINT('Ctrl Pts',(5.8034675885694,8.99999999998701,2.42608600517179));
#11320=CARTESIAN_POINT('Ctrl Pts',(6.50202409922421,8.99999999998701,2.79654819625835));
#11321=CARTESIAN_POINT('Ctrl Pts',(7.44844868273882,8.99999999998701,2.60864486579558));
#11322=CARTESIAN_POINT('Ctrl Pts',(8.39487326625342,8.99999999998701,2.4207415353328));
#11323=CARTESIAN_POINT('Ctrl Pts',(8.39487326625343,8.99999999998701,1.91158779168634));
#11324=CARTESIAN_POINT('',(8.39487326625343,8.99999999998701,1.91158779168634));
#11325=CARTESIAN_POINT('',(8.39487326625343,7.49999999998701,1.91158779168634));
#11326=CARTESIAN_POINT('Origin',(6.89487326625344,8.99999999998701,1.91158779168632));
#11327=CARTESIAN_POINT('Origin',(3.19487326625342,7.49999999998702,-3.1960935805175));
#11328=CARTESIAN_POINT('',(2.79487326625342,8.99999999998702,-3.1960935805175));
#11329=CARTESIAN_POINT('',(3.19487326625342,8.99999999998702,-3.5960935805175));
#11330=CARTESIAN_POINT('Origin',(3.19487326625342,8.99999999998702,-3.1960935805175));
#11331=CARTESIAN_POINT('',(3.19487326625342,7.49999999998702,-3.5960935805175));
#11332=CARTESIAN_POINT('',(2.79487326625342,7.49999999998702,-3.1960935805175));
#11333=CARTESIAN_POINT('Origin',(4.59487326625345,8.99999999998702,0.0327471055844036));
#11334=CARTESIAN_POINT('',(2.79487326625343,8.99999999998701,1.76305954151368));
#11335=CARTESIAN_POINT('',(2.79487326625343,8.99999999998701,2.20448101049976));
#11336=CARTESIAN_POINT('',(2.38309507062805,8.99999999998701,2.1628860965445));
#11337=CARTESIAN_POINT('Origin',(2.39487326625343,8.99999999998702,1.76305954151369));
#11338=CARTESIAN_POINT('',(3.79487326625345,8.99999999998701,2.91158779168632));
#11339=CARTESIAN_POINT('Origin',(2.29487326625346,8.99999999998701,2.91158779168631));
#11340=CARTESIAN_POINT('',(3.79487326625343,8.99999999998702,-2.5960935805175));
#11341=CARTESIAN_POINT('',(7.39487326625342,8.99999999998702,-2.1960935805175));
#11342=CARTESIAN_POINT('Origin',(6.99487326625342,8.99999999998702,-2.1960935805175));
#11343=CARTESIAN_POINT('',(7.39487326625341,8.99999999998702,1.20448101049859));
#11344=CARTESIAN_POINT('',(8.39487326625341,8.99999999998702,-3.1960935805175));
#11345=CARTESIAN_POINT('',(8.39487326625341,8.99999999998702,-3.5960935805175));
#11346=CARTESIAN_POINT('',(7.99487326625341,8.99999999998702,-3.5960935805175));
#11347=CARTESIAN_POINT('Origin',(7.99487326625341,8.99999999998702,-3.1960935805175));
#11348=CARTESIAN_POINT('',(2.79487326625342,8.99999999998702,-3.5960935805175));
#11349=CARTESIAN_POINT('Origin',(2.79487326625342,7.49999999998702,-3.5960935805175));
#11350=CARTESIAN_POINT('',(2.79487326625343,7.49999999998701,1.76305954151368));
#11351=CARTESIAN_POINT('Origin',(2.39487326625343,7.49999999998701,1.76305954151369));
#11352=CARTESIAN_POINT('',(2.38309507062805,7.49999999998701,2.1628860965445));
#11353=CARTESIAN_POINT('Origin',(7.99487326625341,7.49999999998702,-3.1960935805175));
#11354=CARTESIAN_POINT('',(8.39487326625341,7.49999999998702,-3.1960935805175));
#11355=CARTESIAN_POINT('',(7.99487326625341,7.49999999998702,-3.5960935805175));
#11356=CARTESIAN_POINT('Origin',(8.39487326625341,7.49999999998702,-3.5960935805175));
#11357=CARTESIAN_POINT('Origin',(6.99487326625342,7.49999999998702,-2.1960935805175));
#11358=CARTESIAN_POINT('',(7.39487326625342,7.49999999998702,-2.1960935805175));
#11359=CARTESIAN_POINT('Ctrl Pts',(2.38309507062805,7.49999999998701,2.1628860965445));
#11360=CARTESIAN_POINT('Ctrl Pts',(1.36655034807897,7.49999999998701,2.13294045523211));
#11361=CARTESIAN_POINT('Ctrl Pts',(0.935730712996789,7.49999999998701,2.59428213465868));
#11362=CARTESIAN_POINT('Ctrl Pts',(0.504911077914611,7.49999999998701,3.05562381408524));
#11363=CARTESIAN_POINT('Ctrl Pts',(1.20346758856943,7.49999999998701,3.4260860051718));
#11364=CARTESIAN_POINT('Ctrl Pts',(1.90202409922425,7.49999999998701,3.79654819625835));
#11365=CARTESIAN_POINT('Ctrl Pts',(2.84844868273886,7.49999999998701,3.60864486579557));
#11366=CARTESIAN_POINT('Ctrl Pts',(3.79487326625346,7.49999999998701,3.42074153533278));
#11367=CARTESIAN_POINT('Ctrl Pts',(3.79487326625345,7.49999999998701,2.91158779168632));
#11368=CARTESIAN_POINT('Ctrl Pts',(2.38309507062805,8.99999999998701,2.1628860965445));
#11369=CARTESIAN_POINT('Ctrl Pts',(1.36655034807897,8.99999999998701,2.13294045523211));
#11370=CARTESIAN_POINT('Ctrl Pts',(0.935730712996789,8.99999999998701,2.59428213465868));
#11371=CARTESIAN_POINT('Ctrl Pts',(0.504911077914611,8.99999999998701,3.05562381408524));
#11372=CARTESIAN_POINT('Ctrl Pts',(1.20346758856943,8.99999999998701,3.4260860051718));
#11373=CARTESIAN_POINT('Ctrl Pts',(1.90202409922425,8.99999999998701,3.79654819625835));
#11374=CARTESIAN_POINT('Ctrl Pts',(2.84844868273886,8.99999999998701,3.60864486579557));
#11375=CARTESIAN_POINT('Ctrl Pts',(3.79487326625346,8.99999999998701,3.42074153533278));
#11376=CARTESIAN_POINT('Ctrl Pts',(3.79487326625345,8.99999999998701,2.91158779168632));
#11377=CARTESIAN_POINT('',(3.79487326625345,7.49999999998701,2.91158779168632));
#11378=CARTESIAN_POINT('Origin',(8.39487326625342,7.49999999998701,1.91158779168631));
#11379=CARTESIAN_POINT('Origin',(7.39487326625342,7.49999999998702,-2.5960935805175));
#11380=CARTESIAN_POINT('Origin',(3.79487326625345,7.49999999998701,2.91158779168632));
#11381=CARTESIAN_POINT('',(0.,0.,0.));
#11382=CARTESIAN_POINT('Origin',(4.44089209850063E-15,7.49999999998702,
0.));
#11383=CARTESIAN_POINT('',(10.4999999999945,7.49999999998702,-2.77153710886673E-15));
#11384=CARTESIAN_POINT('Origin',(14.9999999999954,7.49999999998702,-2.22044604925031E-15));
#11385=CARTESIAN_POINT('',(15.4538907883806,7.49999999998702,-3.51785186833998));
#11386=CARTESIAN_POINT('',(15.1343703756859,7.49999999998702,-3.69755927635292));
#11387=CARTESIAN_POINT('Ctrl Pts',(15.4538907883806,7.49999999998702,-3.51785186833998));
#11388=CARTESIAN_POINT('Ctrl Pts',(15.3840667406395,7.49999999998702,-3.62385852244909));
#11389=CARTESIAN_POINT('Ctrl Pts',(15.2612228789299,7.49999999998702,-3.69294941962197));
#11390=CARTESIAN_POINT('Ctrl Pts',(15.1343703756859,7.49999999998702,-3.69755927635292));
#11391=CARTESIAN_POINT('',(17.9691913862463,7.49999999998702,-2.20769167046036));
#11392=CARTESIAN_POINT('Origin',(14.9999999999954,7.49999999998702,-2.22044604925031E-15));
#11393=CARTESIAN_POINT('',(17.2763822964416,7.49999999998702,-1.82153233942463));
#11394=CARTESIAN_POINT('Ctrl Pts',(17.9691913862463,7.49999999998702,-2.20769167046036));
#11395=CARTESIAN_POINT('Ctrl Pts',(17.9200957295361,7.49999999998702,-2.27372190600315));
#11396=CARTESIAN_POINT('Ctrl Pts',(17.8501062327905,7.49999999998702,-2.32392768775631));
#11397=CARTESIAN_POINT('Ctrl Pts',(17.7719017117365,7.49999999998702,-2.349417044764));
#11398=CARTESIAN_POINT('Ctrl Pts',(17.6936971906825,7.49999999998702,-2.3749064017717));
#11399=CARTESIAN_POINT('Ctrl Pts',(17.6072776453201,7.49999999998702,-2.37567933403391));
#11400=CARTESIAN_POINT('Ctrl Pts',(17.5289133068488,7.49999999998702,-2.35104750802554));
#11401=CARTESIAN_POINT('Ctrl Pts',(17.4244275222204,7.49999999998702,-2.31820507334772));
#11402=CARTESIAN_POINT('Ctrl Pts',(17.3342621053986,7.49999999998702,-2.24019862396665));
#11403=CARTESIAN_POINT('Ctrl Pts',(17.287137622285,7.49999999998702,-2.14152529493979));
#11404=CARTESIAN_POINT('Ctrl Pts',(17.2400131391715,7.49999999998702,-2.04285196591292));
#11405=CARTESIAN_POINT('Ctrl Pts',(17.2359295897663,7.49999999998702,-1.92351175724026));
#11406=CARTESIAN_POINT('Ctrl Pts',(17.2763822964416,7.49999999998702,-1.82153233942463));
#11407=CARTESIAN_POINT('',(15.0048073232754,7.49999999998702,-1.44648253847033));
#11408=CARTESIAN_POINT('Ctrl Pts',(17.2763822964416,7.49999999998702,-1.82153233942463));
#11409=CARTESIAN_POINT('Ctrl Pts',(17.5926492106863,7.49999999998702,-1.02423795692678));
#11410=CARTESIAN_POINT('Ctrl Pts',(17.7103441455137,7.49999999998702,-0.334775116522927));
#11411=CARTESIAN_POINT('Ctrl Pts',(17.6493043874038,7.49999999998702,0.257963164338371));
#11412=CARTESIAN_POINT('Ctrl Pts',(17.5543978800504,7.49999999998702,1.17957101065399));
#11413=CARTESIAN_POINT('Ctrl Pts',(16.9898885713558,7.49999999998702,1.8278299497659));
#11414=CARTESIAN_POINT('Ctrl Pts',(16.311940670895,7.49999999998702,2.13541179396282));
#11415=CARTESIAN_POINT('Ctrl Pts',(15.2485960729122,7.49999999998702,2.61784634718153));
#11416=CARTESIAN_POINT('Ctrl Pts',(13.9681636960465,7.49999999998702,2.39582047216839));
#11417=CARTESIAN_POINT('Ctrl Pts',(13.192545909062,7.49999999998702,1.79268931424551));
#11418=CARTESIAN_POINT('Ctrl Pts',(12.5930701400059,7.49999999998702,1.32652863458499));
#11419=CARTESIAN_POINT('Ctrl Pts',(12.3075099562388,7.49999999998702,0.588290201354377));
#11420=CARTESIAN_POINT('Ctrl Pts',(12.4813246669638,7.49999999998702,-0.0667321384375776));
#11421=CARTESIAN_POINT('Ctrl Pts',(12.6648446406834,7.49999999998702,-0.758328851298919));
#11422=CARTESIAN_POINT('Ctrl Pts',(13.3201978133403,7.49999999998702,-1.28893812560215));
#11423=CARTESIAN_POINT('Ctrl Pts',(14.1877313599606,7.49999999998702,-1.42075707500256));
#11424=CARTESIAN_POINT('Ctrl Pts',(14.4417710571865,7.49999999998702,-1.45935759497643));
#11425=CARTESIAN_POINT('Ctrl Pts',(14.714740135507,7.49999999998702,-1.46741522212372));
#11426=CARTESIAN_POINT('Ctrl Pts',(15.0048073232754,7.49999999998702,-1.44648253847033));
#11427=CARTESIAN_POINT('',(14.9472251075233,7.49999999998702,-0.648557549245729));
#11428=CARTESIAN_POINT('Origin',(14.9760160676089,7.49999999998702,-1.04752005452332));
#11429=CARTESIAN_POINT('Ctrl Pts',(14.947225107558,7.49999999998702,-0.648557549243229));
#11430=CARTESIAN_POINT('Ctrl Pts',(14.7607909152006,7.49999999998702,-0.662011563124686));
#11431=CARTESIAN_POINT('Ctrl Pts',(14.5905419761135,7.49999999998702,-0.660420916681232));
#11432=CARTESIAN_POINT('Ctrl Pts',(14.4363502627437,7.49999999998702,-0.645660737416018));
#11433=CARTESIAN_POINT('Ctrl Pts',(13.5794040114131,7.49999999998702,-0.563628571005356));
#11434=CARTESIAN_POINT('Ctrl Pts',(13.2237040434265,7.49999999998702,-0.105505172623992));
#11435=CARTESIAN_POINT('Ctrl Pts',(13.2277837807975,7.49999999998702,0.351376554442133));
#11436=CARTESIAN_POINT('Ctrl Pts',(13.2309821791583,7.49999999998702,0.709558867181864));
#11437=CARTESIAN_POINT('Ctrl Pts',(13.4930641843246,7.49999999998702,1.12429400115303));
#11438=CARTESIAN_POINT('Ctrl Pts',(14.0443167416752,7.49999999998702,1.37770229058725));
#11439=CARTESIAN_POINT('Ctrl Pts',(14.6126518100855,7.49999999998702,1.63896333253783));
#11440=CARTESIAN_POINT('Ctrl Pts',(15.4615036281136,7.49999999998702,1.67532705421089));
#11441=CARTESIAN_POINT('Ctrl Pts',(16.0567040392398,7.49999999998702,1.37057173033945));
#11442=CARTESIAN_POINT('Ctrl Pts',(16.5327131247527,7.49999999998702,1.12684491108746));
#11443=CARTESIAN_POINT('Ctrl Pts',(16.8596832799864,7.49999999998702,0.727450878601534));
#11444=CARTESIAN_POINT('Ctrl Pts',(16.8647474746696,7.49999999998702,-0.0346572126514));
#11445=CARTESIAN_POINT('Ctrl Pts',(16.8698662828398,7.49999999998702,-0.804984059890361));
#11446=CARTESIAN_POINT('Ctrl Pts',(16.469034435245,7.49999999998702,-1.97332716924907));
#11447=CARTESIAN_POINT('Ctrl Pts',(15.453699934699,7.49999999998702,-3.51796567167006));
#11448=CARTESIAN_POINT('Ctrl Pts',(17.2763822964416,7.49999999998702,-1.82153233942463));
#11449=CARTESIAN_POINT('Ctrl Pts',(17.2763822964416,7.99999999998702,-1.82153233942463));
#11450=CARTESIAN_POINT('Ctrl Pts',(17.2763822964416,8.49999999998702,-1.82153233942463));
#11451=CARTESIAN_POINT('Ctrl Pts',(17.2763822964416,8.99999999998702,-1.82153233942463));
#11452=CARTESIAN_POINT('Ctrl Pts',(17.2359295897663,7.49999999998702,-1.92351175724026));
#11453=CARTESIAN_POINT('Ctrl Pts',(17.2359295897663,7.99999999998702,-1.92351175724026));
#11454=CARTESIAN_POINT('Ctrl Pts',(17.2359295897663,8.49999999998701,-1.92351175724026));
#11455=CARTESIAN_POINT('Ctrl Pts',(17.2359295897663,8.99999999998702,-1.92351175724026));
#11456=CARTESIAN_POINT('Ctrl Pts',(17.2440966885767,7.49999999998702,-2.16219217458558));
#11457=CARTESIAN_POINT('Ctrl Pts',(17.2440966885767,7.99999999998701,-2.16219217458558));
#11458=CARTESIAN_POINT('Ctrl Pts',(17.2440966885767,8.49999999998702,-2.16219217458558));
#11459=CARTESIAN_POINT('Ctrl Pts',(17.2440966885767,8.99999999998702,-2.16219217458558));
#11460=CARTESIAN_POINT('Ctrl Pts',(17.4920515848368,7.49999999998702,-2.37670991038352));
#11461=CARTESIAN_POINT('Ctrl Pts',(17.4920515848368,7.99999999998702,-2.37670991038352));
#11462=CARTESIAN_POINT('Ctrl Pts',(17.4920515848368,8.49999999998702,-2.37670991038352));
#11463=CARTESIAN_POINT('Ctrl Pts',(17.4920515848368,8.99999999998703,-2.37670991038352));
#11464=CARTESIAN_POINT('Ctrl Pts',(17.780116736045,7.49999999998702,-2.37413346950948));
#11465=CARTESIAN_POINT('Ctrl Pts',(17.780116736045,7.99999999998702,-2.37413346950948));
#11466=CARTESIAN_POINT('Ctrl Pts',(17.780116736045,8.49999999998701,-2.37413346950948));
#11467=CARTESIAN_POINT('Ctrl Pts',(17.780116736045,8.99999999998702,-2.37413346950948));
#11468=CARTESIAN_POINT('Ctrl Pts',(17.9200957295361,7.49999999998702,-2.27372190600315));
#11469=CARTESIAN_POINT('Ctrl Pts',(17.9200957295361,7.99999999998702,-2.27372190600315));
#11470=CARTESIAN_POINT('Ctrl Pts',(17.9200957295361,8.49999999998701,-2.27372190600315));
#11471=CARTESIAN_POINT('Ctrl Pts',(17.9200957295361,8.99999999998702,-2.27372190600315));
#11472=CARTESIAN_POINT('Ctrl Pts',(17.9691913862463,7.49999999998702,-2.20769167046036));
#11473=CARTESIAN_POINT('Ctrl Pts',(17.9691913862463,7.99999999998702,-2.20769167046036));
#11474=CARTESIAN_POINT('Ctrl Pts',(17.9691913862463,8.49999999998702,-2.20769167046036));
#11475=CARTESIAN_POINT('Ctrl Pts',(17.9691913862463,8.99999999998702,-2.20769167046036));
#11476=CARTESIAN_POINT('',(17.9691913862463,8.99999999998702,-2.20769167046036));
#11477=CARTESIAN_POINT('Ctrl Pts',(17.9691913862463,7.49999999998702,-2.20769167046036));
#11478=CARTESIAN_POINT('Ctrl Pts',(17.9691913862463,7.99999999998702,-2.20769167046036));
#11479=CARTESIAN_POINT('Ctrl Pts',(17.9691913862463,8.49999999998702,-2.20769167046036));
#11480=CARTESIAN_POINT('Ctrl Pts',(17.9691913862463,8.99999999998702,-2.20769167046036));
#11481=CARTESIAN_POINT('',(17.2763822964416,8.99999999998702,-1.82153233942463));
#11482=CARTESIAN_POINT('Ctrl Pts',(17.9691913862463,8.99999999998702,-2.20769167046036));
#11483=CARTESIAN_POINT('Ctrl Pts',(17.9200957295361,8.99999999998702,-2.27372190600315));
#11484=CARTESIAN_POINT('Ctrl Pts',(17.8501062327905,8.99999999998701,-2.32392768775631));
#11485=CARTESIAN_POINT('Ctrl Pts',(17.7719017117365,8.99999999998702,-2.349417044764));
#11486=CARTESIAN_POINT('Ctrl Pts',(17.6936971906825,8.99999999998702,-2.3749064017717));
#11487=CARTESIAN_POINT('Ctrl Pts',(17.6072776453201,8.99999999998702,-2.37567933403391));
#11488=CARTESIAN_POINT('Ctrl Pts',(17.5289133068488,8.99999999998702,-2.35104750802554));
#11489=CARTESIAN_POINT('Ctrl Pts',(17.4244275222204,8.99999999998702,-2.31820507334772));
#11490=CARTESIAN_POINT('Ctrl Pts',(17.3342621053986,8.99999999998702,-2.24019862396665));
#11491=CARTESIAN_POINT('Ctrl Pts',(17.287137622285,8.99999999998702,-2.14152529493979));
#11492=CARTESIAN_POINT('Ctrl Pts',(17.2400131391715,8.99999999998702,-2.04285196591292));
#11493=CARTESIAN_POINT('Ctrl Pts',(17.2359295897663,8.99999999998702,-1.92351175724026));
#11494=CARTESIAN_POINT('Ctrl Pts',(17.2763822964416,8.99999999998702,-1.82153233942463));
#11495=CARTESIAN_POINT('Ctrl Pts',(17.2763822964416,8.99999999998702,-1.82153233942463));
#11496=CARTESIAN_POINT('Ctrl Pts',(17.2763822964416,8.49999999998702,-1.82153233942463));
#11497=CARTESIAN_POINT('Ctrl Pts',(17.2763822964416,7.99999999998702,-1.82153233942463));
#11498=CARTESIAN_POINT('Ctrl Pts',(17.2763822964416,7.49999999998702,-1.82153233942463));
#11499=CARTESIAN_POINT('Ctrl Pts',(15.0048073232754,7.49999999998702,-1.44648253847033));
#11500=CARTESIAN_POINT('Ctrl Pts',(15.0048073232754,8.99999999998702,-1.44648253847033));
#11501=CARTESIAN_POINT('Ctrl Pts',(14.714740135507,7.49999999998702,-1.46741522212372));
#11502=CARTESIAN_POINT('Ctrl Pts',(14.714740135507,8.99999999998702,-1.46741522212372));
#11503=CARTESIAN_POINT('Ctrl Pts',(14.4417710571865,7.49999999998702,-1.45935759497643));
#11504=CARTESIAN_POINT('Ctrl Pts',(14.4417710571865,8.99999999998702,-1.45935759497643));
#11505=CARTESIAN_POINT('Ctrl Pts',(14.1877313599606,7.49999999998702,-1.42075707500256));
#11506=CARTESIAN_POINT('Ctrl Pts',(14.1877313599606,8.99999999998702,-1.42075707500256));
#11507=CARTESIAN_POINT('Ctrl Pts',(13.3201978133403,7.49999999998702,-1.28893812560215));
#11508=CARTESIAN_POINT('Ctrl Pts',(13.3201978133403,8.99999999998702,-1.28893812560215));
#11509=CARTESIAN_POINT('Ctrl Pts',(12.6648446406834,7.49999999998702,-0.758328851298919));
#11510=CARTESIAN_POINT('Ctrl Pts',(12.6648446406834,8.99999999998702,-0.758328851298919));
#11511=CARTESIAN_POINT('Ctrl Pts',(12.4813246669638,7.49999999998702,-0.0667321384375776));
#11512=CARTESIAN_POINT('Ctrl Pts',(12.4813246669638,8.99999999998702,-0.0667321384375776));
#11513=CARTESIAN_POINT('Ctrl Pts',(12.3075099562388,7.49999999998702,0.588290201354377));
#11514=CARTESIAN_POINT('Ctrl Pts',(12.3075099562388,8.99999999998702,0.588290201354377));
#11515=CARTESIAN_POINT('Ctrl Pts',(12.5930701400059,7.49999999998702,1.32652863458499));
#11516=CARTESIAN_POINT('Ctrl Pts',(12.5930701400059,8.99999999998702,1.32652863458499));
#11517=CARTESIAN_POINT('Ctrl Pts',(13.192545909062,7.49999999998702,1.79268931424551));
#11518=CARTESIAN_POINT('Ctrl Pts',(13.192545909062,8.99999999998702,1.79268931424551));
#11519=CARTESIAN_POINT('Ctrl Pts',(13.9681636960465,7.49999999998702,2.39582047216839));
#11520=CARTESIAN_POINT('Ctrl Pts',(13.9681636960465,8.99999999998702,2.39582047216839));
#11521=CARTESIAN_POINT('Ctrl Pts',(15.2485960729122,7.49999999998702,2.61784634718153));
#11522=CARTESIAN_POINT('Ctrl Pts',(15.2485960729122,8.99999999998702,2.61784634718153));
#11523=CARTESIAN_POINT('Ctrl Pts',(16.311940670895,7.49999999998702,2.13541179396282));
#11524=CARTESIAN_POINT('Ctrl Pts',(16.311940670895,8.99999999998702,2.13541179396282));
#11525=CARTESIAN_POINT('Ctrl Pts',(16.9898885713558,7.49999999998702,1.8278299497659));
#11526=CARTESIAN_POINT('Ctrl Pts',(16.9898885713558,8.99999999998702,1.8278299497659));
#11527=CARTESIAN_POINT('Ctrl Pts',(17.5543978800504,7.49999999998702,1.17957101065399));
#11528=CARTESIAN_POINT('Ctrl Pts',(17.5543978800504,8.99999999998702,1.17957101065399));
#11529=CARTESIAN_POINT('Ctrl Pts',(17.6493043874038,7.49999999998702,0.257963164338371));
#11530=CARTESIAN_POINT('Ctrl Pts',(17.6493043874038,8.99999999998702,0.257963164338371));
#11531=CARTESIAN_POINT('Ctrl Pts',(17.7472915424498,7.49999999998702,-0.693559902379566));
#11532=CARTESIAN_POINT('Ctrl Pts',(17.7472915424498,8.99999999998702,-0.693559902379566));
#11533=CARTESIAN_POINT('Ctrl Pts',(17.3840808616632,7.49999999998702,-1.89205154814115));
#11534=CARTESIAN_POINT('Ctrl Pts',(17.3840808616632,8.99999999998702,-1.89205154814115));
#11535=CARTESIAN_POINT('Ctrl Pts',(16.4799512537203,7.49999999998702,-3.39112728846986));
#11536=CARTESIAN_POINT('Ctrl Pts',(16.4799512537203,8.99999999998702,-3.39112728846986));
#11537=CARTESIAN_POINT('',(15.0048073232754,8.99999999998702,-1.44648253847033));
#11538=CARTESIAN_POINT('Ctrl Pts',(15.0048073232754,8.99999999998702,-1.44648253847033));
#11539=CARTESIAN_POINT('Ctrl Pts',(14.714740135507,8.99999999998702,-1.46741522212372));
#11540=CARTESIAN_POINT('Ctrl Pts',(14.4417710571865,8.99999999998702,-1.45935759497643));
#11541=CARTESIAN_POINT('Ctrl Pts',(14.1877313599606,8.99999999998702,-1.42075707500256));
#11542=CARTESIAN_POINT('Ctrl Pts',(13.3201978133403,8.99999999998702,-1.28893812560215));
#11543=CARTESIAN_POINT('Ctrl Pts',(12.6648446406834,8.99999999998702,-0.758328851298919));
#11544=CARTESIAN_POINT('Ctrl Pts',(12.4813246669638,8.99999999998702,-0.0667321384375776));
#11545=CARTESIAN_POINT('Ctrl Pts',(12.3075099562388,8.99999999998702,0.588290201354377));
#11546=CARTESIAN_POINT('Ctrl Pts',(12.5930701400059,8.99999999998702,1.32652863458499));
#11547=CARTESIAN_POINT('Ctrl Pts',(13.192545909062,8.99999999998702,1.79268931424551));
#11548=CARTESIAN_POINT('Ctrl Pts',(13.9681636960465,8.99999999998702,2.39582047216839));
#11549=CARTESIAN_POINT('Ctrl Pts',(15.2485960729122,8.99999999998702,2.61784634718153));
#11550=CARTESIAN_POINT('Ctrl Pts',(16.311940670895,8.99999999998702,2.13541179396282));
#11551=CARTESIAN_POINT('Ctrl Pts',(16.9898885713558,8.99999999998702,1.8278299497659));
#11552=CARTESIAN_POINT('Ctrl Pts',(17.5543978800504,8.99999999998702,1.17957101065399));
#11553=CARTESIAN_POINT('Ctrl Pts',(17.6493043874038,8.99999999998702,0.257963164338371));
#11554=CARTESIAN_POINT('Ctrl Pts',(17.7103441455137,8.99999999998702,-0.334775116522927));
#11555=CARTESIAN_POINT('Ctrl Pts',(17.5926492106863,8.99999999998702,-1.02423795692678));
#11556=CARTESIAN_POINT('Ctrl Pts',(17.2763822964416,8.99999999998702,-1.82153233942463));
#11557=CARTESIAN_POINT('',(15.0048073232754,7.49999999998702,-1.44648253847033));
#11558=CARTESIAN_POINT('Ctrl Pts',(15.1343703756859,7.49999999998702,-3.69755927635292));
#11559=CARTESIAN_POINT('Ctrl Pts',(15.1343703756859,7.99999999998702,-3.69755927635292));
#11560=CARTESIAN_POINT('Ctrl Pts',(15.1343703756859,8.49999999998702,-3.69755927635292));
#11561=CARTESIAN_POINT('Ctrl Pts',(15.1343703756859,8.99999999998702,-3.69755927635292));
#11562=CARTESIAN_POINT('Ctrl Pts',(15.2612228789299,7.49999999998702,-3.69294941962197));
#11563=CARTESIAN_POINT('Ctrl Pts',(15.2612228789299,7.99999999998702,-3.69294941962197));
#11564=CARTESIAN_POINT('Ctrl Pts',(15.2612228789299,8.49999999998702,-3.69294941962197));
#11565=CARTESIAN_POINT('Ctrl Pts',(15.2612228789299,8.99999999998702,-3.69294941962197));
#11566=CARTESIAN_POINT('Ctrl Pts',(15.3840667406395,7.49999999998702,-3.62385852244909));
#11567=CARTESIAN_POINT('Ctrl Pts',(15.3840667406395,7.99999999998702,-3.62385852244909));
#11568=CARTESIAN_POINT('Ctrl Pts',(15.3840667406395,8.49999999998702,-3.62385852244909));
#11569=CARTESIAN_POINT('Ctrl Pts',(15.3840667406395,8.99999999998702,-3.62385852244909));
#11570=CARTESIAN_POINT('Ctrl Pts',(15.4538907883806,7.49999999998702,-3.51785186833998));
#11571=CARTESIAN_POINT('Ctrl Pts',(15.4538907883806,7.99999999998702,-3.51785186833998));
#11572=CARTESIAN_POINT('Ctrl Pts',(15.4538907883806,8.49999999998702,-3.51785186833998));
#11573=CARTESIAN_POINT('Ctrl Pts',(15.4538907883806,8.99999999998702,-3.51785186833998));
#11574=CARTESIAN_POINT('',(15.4538907883806,8.99999999998702,-3.51785186833998));
#11575=CARTESIAN_POINT('Ctrl Pts',(15.4538907883806,7.49999999998702,-3.51785186833998));
#11576=CARTESIAN_POINT('Ctrl Pts',(15.4538907883806,7.99999999998702,-3.51785186833998));
#11577=CARTESIAN_POINT('Ctrl Pts',(15.4538907883806,8.49999999998702,-3.51785186833998));
#11578=CARTESIAN_POINT('Ctrl Pts',(15.4538907883806,8.99999999998702,-3.51785186833998));
#11579=CARTESIAN_POINT('',(15.1343703756859,8.99999999998702,-3.69755927635292));
#11580=CARTESIAN_POINT('Ctrl Pts',(15.4538907883806,8.99999999998701,-3.51785186833998));
#11581=CARTESIAN_POINT('Ctrl Pts',(15.3840667406395,8.99999999998701,-3.62385852244909));
#11582=CARTESIAN_POINT('Ctrl Pts',(15.2612228789299,8.99999999998701,-3.69294941962197));
#11583=CARTESIAN_POINT('Ctrl Pts',(15.1343703756859,8.99999999998701,-3.69755927635292));
#11584=CARTESIAN_POINT('Ctrl Pts',(15.1343703756859,8.99999999998702,-3.69755927635292));
#11585=CARTESIAN_POINT('Ctrl Pts',(15.1343703756859,8.49999999998702,-3.69755927635292));
#11586=CARTESIAN_POINT('Ctrl Pts',(15.1343703756859,7.99999999998702,-3.69755927635292));
#11587=CARTESIAN_POINT('Ctrl Pts',(15.1343703756859,7.49999999998702,-3.69755927635292));
#11588=CARTESIAN_POINT('Origin',(14.9999999999954,7.49999999998702,-2.22044604925031E-15));
#11589=CARTESIAN_POINT('Origin',(14.9999999999954,8.99999999998702,-2.22044604925031E-15));
#11590=CARTESIAN_POINT('Origin',(14.9760160676089,7.49999999998702,-1.04752005452332));
#11591=CARTESIAN_POINT('',(14.9472251075233,8.99999999998702,-0.648557549245729));
#11592=CARTESIAN_POINT('Origin',(14.9760160676089,8.99999999998702,-1.04752005452332));
#11593=CARTESIAN_POINT('',(14.9472251075233,7.49999999998702,-0.648557549245729));
#11594=CARTESIAN_POINT('Ctrl Pts',(15.343123438328,7.49999999998702,-3.68405568715696));
#11595=CARTESIAN_POINT('Ctrl Pts',(15.343123438328,8.99999999998702,-3.68405568715696));
#11596=CARTESIAN_POINT('Ctrl Pts',(16.4400348275484,7.49999999998702,-2.0568635609872));
#11597=CARTESIAN_POINT('Ctrl Pts',(16.4400348275484,8.99999999998702,-2.0568635609872));
#11598=CARTESIAN_POINT('Ctrl Pts',(16.8700481789466,7.49999999998702,-0.832357512815398));
#11599=CARTESIAN_POINT('Ctrl Pts',(16.8700481789466,8.99999999998702,-0.832357512815398));
#11600=CARTESIAN_POINT('Ctrl Pts',(16.8647474746696,7.49999999998702,-0.0346572126514003));
#11601=CARTESIAN_POINT('Ctrl Pts',(16.8647474746696,8.99999999998702,-0.0346572126514003));
#11602=CARTESIAN_POINT('Ctrl Pts',(16.8596832799864,7.49999999998702,0.727450878601535));
#11603=CARTESIAN_POINT('Ctrl Pts',(16.8596832799864,8.99999999998702,0.727450878601535));
#11604=CARTESIAN_POINT('Ctrl Pts',(16.5327131247527,7.49999999998702,1.12684491108746));
#11605=CARTESIAN_POINT('Ctrl Pts',(16.5327131247527,8.99999999998702,1.12684491108746));
#11606=CARTESIAN_POINT('Ctrl Pts',(16.0567040392398,7.49999999998702,1.37057173033945));
#11607=CARTESIAN_POINT('Ctrl Pts',(16.0567040392398,8.99999999998702,1.37057173033945));
#11608=CARTESIAN_POINT('Ctrl Pts',(15.4615036281136,7.49999999998702,1.67532705421089));
#11609=CARTESIAN_POINT('Ctrl Pts',(15.4615036281136,8.99999999998702,1.67532705421089));
#11610=CARTESIAN_POINT('Ctrl Pts',(14.6126518100855,7.49999999998702,1.63896333253783));
#11611=CARTESIAN_POINT('Ctrl Pts',(14.6126518100855,8.99999999998702,1.63896333253783));
#11612=CARTESIAN_POINT('Ctrl Pts',(14.0443167416752,7.49999999998702,1.37770229058725));
#11613=CARTESIAN_POINT('Ctrl Pts',(14.0443167416752,8.99999999998702,1.37770229058725));
#11614=CARTESIAN_POINT('Ctrl Pts',(13.4930641843246,7.49999999998702,1.12429400115303));
#11615=CARTESIAN_POINT('Ctrl Pts',(13.4930641843246,8.99999999998702,1.12429400115303));
#11616=CARTESIAN_POINT('Ctrl Pts',(13.2309821791583,7.49999999998702,0.709558867181864));
#11617=CARTESIAN_POINT('Ctrl Pts',(13.2309821791583,8.99999999998702,0.709558867181864));
#11618=CARTESIAN_POINT('Ctrl Pts',(13.2277837807975,7.49999999998702,0.351376554442133));
#11619=CARTESIAN_POINT('Ctrl Pts',(13.2277837807975,8.99999999998702,0.351376554442133));
#11620=CARTESIAN_POINT('Ctrl Pts',(13.2237040434265,7.49999999998702,-0.105505172623992));
#11621=CARTESIAN_POINT('Ctrl Pts',(13.2237040434265,8.99999999998702,-0.105505172623992));
#11622=CARTESIAN_POINT('Ctrl Pts',(13.5794040114131,7.49999999998702,-0.563628571005356));
#11623=CARTESIAN_POINT('Ctrl Pts',(13.5794040114131,8.99999999998702,-0.563628571005356));
#11624=CARTESIAN_POINT('Ctrl Pts',(14.4363502627437,7.49999999998702,-0.645660737416018));
#11625=CARTESIAN_POINT('Ctrl Pts',(14.4363502627437,8.99999999998702,-0.645660737416018));
#11626=CARTESIAN_POINT('Ctrl Pts',(14.5905419761135,7.49999999998702,-0.660420916681232));
#11627=CARTESIAN_POINT('Ctrl Pts',(14.5905419761135,8.99999999998702,-0.660420916681232));
#11628=CARTESIAN_POINT('Ctrl Pts',(14.7607909152006,7.49999999998702,-0.662011563124686));
#11629=CARTESIAN_POINT('Ctrl Pts',(14.7607909152006,8.99999999998702,-0.662011563124686));
#11630=CARTESIAN_POINT('Ctrl Pts',(14.947225107558,7.49999999998702,-0.648557549243229));
#11631=CARTESIAN_POINT('Ctrl Pts',(14.947225107558,8.99999999998702,-0.648557549243229));
#11632=CARTESIAN_POINT('Ctrl Pts',(15.453699934699,8.99999999998702,-3.51796567167006));
#11633=CARTESIAN_POINT('Ctrl Pts',(16.469034435245,8.99999999998702,-1.97332716924907));
#11634=CARTESIAN_POINT('Ctrl Pts',(16.8698662828398,8.99999999998702,-0.804984059890361));
#11635=CARTESIAN_POINT('Ctrl Pts',(16.8647474746696,8.99999999998702,-0.0346572126514));
#11636=CARTESIAN_POINT('Ctrl Pts',(16.8596832799864,8.99999999998702,0.727450878601535));
#11637=CARTESIAN_POINT('Ctrl Pts',(16.5327131247527,8.99999999998702,1.12684491108746));
#11638=CARTESIAN_POINT('Ctrl Pts',(16.0567040392398,8.99999999998702,1.37057173033945));
#11639=CARTESIAN_POINT('Ctrl Pts',(15.4615036281136,8.99999999998702,1.67532705421089));
#11640=CARTESIAN_POINT('Ctrl Pts',(14.6126518100855,8.99999999998702,1.63896333253783));
#11641=CARTESIAN_POINT('Ctrl Pts',(14.0443167416752,8.99999999998702,1.37770229058725));
#11642=CARTESIAN_POINT('Ctrl Pts',(13.4930641843246,8.99999999998702,1.12429400115303));
#11643=CARTESIAN_POINT('Ctrl Pts',(13.2309821791583,8.99999999998702,0.709558867181864));
#11644=CARTESIAN_POINT('Ctrl Pts',(13.2277837807975,8.99999999998702,0.351376554442133));
#11645=CARTESIAN_POINT('Ctrl Pts',(13.2237040434265,8.99999999998702,-0.105505172623992));
#11646=CARTESIAN_POINT('Ctrl Pts',(13.5794040114131,8.99999999998702,-0.563628571005356));
#11647=CARTESIAN_POINT('Ctrl Pts',(14.4363502627437,8.99999999998702,-0.645660737416018));
#11648=CARTESIAN_POINT('Ctrl Pts',(14.5905419761135,8.99999999998702,-0.660420916681232));
#11649=CARTESIAN_POINT('Ctrl Pts',(14.7607909152006,8.99999999998702,-0.662011563124686));
#11650=CARTESIAN_POINT('Ctrl Pts',(14.947225107558,8.99999999998702,-0.648557549243229));
#11651=CARTESIAN_POINT('Origin',(14.9999999999954,7.49999999998702,-2.22044604925031E-15));
#11652=CARTESIAN_POINT('',(10.4999999999945,8.99999999998702,-2.77555756156289E-15));
#11653=CARTESIAN_POINT('Origin',(14.9999999999954,8.99999999998702,-2.22044604925031E-15));
#11654=CARTESIAN_POINT('',(10.4999999999945,7.49999999998702,-1.66935498963389E-15));
#11655=CARTESIAN_POINT('Origin',(14.9999999999954,8.99999999998702,-2.22044604925031E-15));
#11656=CARTESIAN_POINT('',(0.,0.,0.));
#11657=CARTESIAN_POINT('',(0.,0.,0.));
#11658=CARTESIAN_POINT('',(0.,0.,0.));
#11659=CARTESIAN_POINT('',(0.,0.,0.));
#11660=CARTESIAN_POINT('Origin',(21.5499999993149,6.40000000027444,0.));
#11661=CARTESIAN_POINT('',(18.8499999995236,6.40000000027444,-1.65327317935879E-16));
#11662=CARTESIAN_POINT('Origin',(20.1999999999399,6.40000000027444,0.));
#11663=CARTESIAN_POINT('Origin',(-18.8500000005761,6.39999999938268,0.));
#11664=CARTESIAN_POINT('',(-21.5499999997426,6.39999999954603,-1.65327317859361E-16));
#11665=CARTESIAN_POINT('Origin',(-20.1999999999511,6.39999999946436,0.));
#11666=CARTESIAN_POINT('Origin',(15.3704143907437,2.29999999999502,0.));
#11667=CARTESIAN_POINT('',(15.3704143907437,2.29999999999502,9.4));
#11668=CARTESIAN_POINT('',(16.2855752193603,1.53208888625209,9.4));
#11669=CARTESIAN_POINT('',(3.97414820999358,11.862602748847,9.4));
#11670=CARTESIAN_POINT('',(15.3704143907437,2.29999999999502,-9.4));
#11671=CARTESIAN_POINT('',(15.3704143907437,2.29999999999502,0.));
#11672=CARTESIAN_POINT('',(16.2855752193603,1.53208888625209,-9.4));
#11673=CARTESIAN_POINT('',(18.8794800674437,-0.644455715035004,-9.4));
#11674=CARTESIAN_POINT('',(16.2855752193603,1.53208888625209,0.));
#11675=CARTESIAN_POINT('Origin',(13.7144247806487,1.53208888625278,0.));
#11676=CARTESIAN_POINT('',(13.7144247806486,1.53208888625268,9.4));
#11677=CARTESIAN_POINT('',(14.6295856092653,2.29999999999502,9.4));
#11678=CARTESIAN_POINT('',(1.86057818558097,-8.41446941946913,9.4));
#11679=CARTESIAN_POINT('',(13.7144247806486,1.53208888625268,-9.4));
#11680=CARTESIAN_POINT('',(13.7144247806486,1.53208888625268,0.));
#11681=CARTESIAN_POINT('',(14.6295856092653,2.29999999999502,-9.4));
#11682=CARTESIAN_POINT('',(16.7659100430426,4.09258904441087,-9.4));
#11683=CARTESIAN_POINT('',(14.6295856092653,2.29999999999502,0.));
#11684=CARTESIAN_POINT('Origin',(14.6295856092653,2.29999999999502,0.));
#11685=CARTESIAN_POINT('',(-5.38520719605327,2.29999999999505,9.4));
#11686=CARTESIAN_POINT('',(20.0147928053186,2.29999999999501,-9.4));
#11687=CARTESIAN_POINT('Origin',(-14.6295856092406,2.2999999999791,0.));
#11688=CARTESIAN_POINT('',(-14.6295856092406,2.2999999999791,9.4));
#11689=CARTESIAN_POINT('',(-13.7144247806389,1.5320888862365,9.4));
#11690=CARTESIAN_POINT('',(-17.2234904572921,4.47654460127381,9.4));
#11691=CARTESIAN_POINT('',(-14.6295856092406,2.2999999999791,-9.4));
#11692=CARTESIAN_POINT('',(-14.6295856092406,2.2999999999791,0.));
#11693=CARTESIAN_POINT('',(-13.7144247806389,1.5320888862365,-9.4));
#11694=CARTESIAN_POINT('',(-2.31815860003639,-8.03051386264251,-9.4));
#11695=CARTESIAN_POINT('',(-13.7144247806389,1.5320888862365,0.));
#11696=CARTESIAN_POINT('Origin',(-16.2855752193682,1.53208888625354,0.));
#11697=CARTESIAN_POINT('',(-16.2855752193556,1.53208888626413,9.4));
#11698=CARTESIAN_POINT('',(-15.3704143907395,2.29999999999881,9.4));
#11699=CARTESIAN_POINT('',(-19.3370604817797,-1.02841127189564,9.4));
#11700=CARTESIAN_POINT('',(-16.2855752193556,1.53208888626413,-9.4));
#11701=CARTESIAN_POINT('',(-16.2855752193556,1.53208888626413,0.));
#11702=CARTESIAN_POINT('',(-15.3704143907395,2.29999999999881,-9.4));
#11703=CARTESIAN_POINT('',(-4.43172862420437,11.4786471919643,-9.4));
#11704=CARTESIAN_POINT('',(-15.3704143907395,2.29999999999881,0.));
#11705=CARTESIAN_POINT('Origin',(-15.3704143907395,2.29999999999881,0.));
#11706=CARTESIAN_POINT('',(-20.3852071960251,2.30000000013226,9.4));
#11707=CARTESIAN_POINT('',(5.01479280534677,2.29999999945634,-9.4));
#11708=CARTESIAN_POINT('Origin',(5.37041439074335,2.29999999999499,0.));
#11709=CARTESIAN_POINT('',(5.37041439074335,2.29999999999499,9.4));
#11710=CARTESIAN_POINT('',(6.28557521935998,1.53208888625237,9.4));
#11711=CARTESIAN_POINT('',(-3.09173134578855,9.40058336632562,9.4));
#11712=CARTESIAN_POINT('',(5.37041439074335,2.29999999999499,-9.4));
#11713=CARTESIAN_POINT('',(5.37041439074335,2.29999999999499,0.));
#11714=CARTESIAN_POINT('',(6.28557521935998,1.53208888625237,-9.4));
#11715=CARTESIAN_POINT('',(11.813600511667,-3.10647509755547,-9.4));
#11716=CARTESIAN_POINT('',(6.28557521935998,1.53208888625237,0.));
#11717=CARTESIAN_POINT('Origin',(3.71442478065488,1.53208888625799,0.));
#11718=CARTESIAN_POINT('',(3.71442478064828,1.53208888625245,9.4));
#11719=CARTESIAN_POINT('',(4.62958560926493,2.29999999999499,9.4));
#11720=CARTESIAN_POINT('',(-5.20530137018955,-5.95245003694656,9.4));
#11721=CARTESIAN_POINT('',(3.71442478064828,1.53208888625245,-9.4));
#11722=CARTESIAN_POINT('',(3.71442478064828,1.53208888625245,0.));
#11723=CARTESIAN_POINT('',(4.62958560926493,2.29999999999499,-9.4));
#11724=CARTESIAN_POINT('',(9.70003048726748,6.55460842693426,-9.4));
#11725=CARTESIAN_POINT('',(4.62958560926493,2.29999999999499,0.));
#11726=CARTESIAN_POINT('Origin',(4.62958560926493,2.29999999999499,0.));
#11727=CARTESIAN_POINT('',(-10.3852071960535,2.29999999999501,9.4));
#11728=CARTESIAN_POINT('',(15.0147928053184,2.29999999999498,-9.4));
#11729=CARTESIAN_POINT('Origin',(-4.62958560926319,2.30000000001971,0.));
#11730=CARTESIAN_POINT('',(-4.62958560926319,2.30000000001971,9.4));
#11731=CARTESIAN_POINT('',(-3.7144247806185,1.53208888622895,9.4));
#11732=CARTESIAN_POINT('',(-10.1576109014001,6.93856398383342,9.4));
#11733=CARTESIAN_POINT('',(-4.62958560926319,2.30000000001971,-9.4));
#11734=CARTESIAN_POINT('',(-4.62958560926319,2.30000000001971,0.));
#11735=CARTESIAN_POINT('',(-3.7144247806185,1.53208888622895,-9.4));
#11736=CARTESIAN_POINT('',(4.74772095566093,-5.56849448011723,-9.4));
#11737=CARTESIAN_POINT('',(-3.7144247806185,1.53208888622895,0.));
#11738=CARTESIAN_POINT('Origin',(-6.28557521932932,1.53208888627661,0.));
#11739=CARTESIAN_POINT('',(-6.2855752193302,1.53208888627587,9.4));
#11740=CARTESIAN_POINT('',(-5.37041439074161,2.29999999997028,9.4));
#11741=CARTESIAN_POINT('',(-12.2711809261065,-3.49043065437686,9.4));
#11742=CARTESIAN_POINT('',(-6.2855752193302,1.53208888627587,-9.4));
#11743=CARTESIAN_POINT('',(-6.2855752193302,1.53208888627587,0.));
#11744=CARTESIAN_POINT('',(-5.37041439074161,2.29999999997028,-9.4));
#11745=CARTESIAN_POINT('',(2.63415093174511,9.01662780943438,-9.4));
#11746=CARTESIAN_POINT('',(-5.37041439074161,2.29999999997028,0.));
#11747=CARTESIAN_POINT('Origin',(-5.37041439074161,2.29999999997028,0.));
#11748=CARTESIAN_POINT('',(-15.3852071961335,2.29999999930209,9.4));
#11749=CARTESIAN_POINT('',(10.0147928052384,2.30000000099679,-9.4));
#11750=CARTESIAN_POINT('Origin',(22.4000000013718,0.,7.));
#11751=CARTESIAN_POINT('',(25.4000000013718,0.2,7.));
#11752=CARTESIAN_POINT('',(22.4000000013718,0.2,10.));
#11753=CARTESIAN_POINT('Origin',(22.4000000013718,0.2,7.));
#11754=CARTESIAN_POINT('',(25.4000000013718,6.49999999998702,7.));
#11755=CARTESIAN_POINT('',(25.4000000013718,0.,7.));
#11756=CARTESIAN_POINT('',(22.4000000013718,6.49999999998702,10.));
#11757=CARTESIAN_POINT('Origin',(22.4000000013718,6.49999999998702,7.));
#11758=CARTESIAN_POINT('',(22.4000000013718,0.,10.));
#11759=CARTESIAN_POINT('Origin',(25.4000000013718,0.,10.));
#11760=CARTESIAN_POINT('',(25.4000000013718,0.2,-7.));
#11761=CARTESIAN_POINT('',(25.4000000013718,0.2,5.));
#11762=CARTESIAN_POINT('',(25.4000000013718,6.49999999998702,-7.));
#11763=CARTESIAN_POINT('',(25.4000000013718,0.,-7.));
#11764=CARTESIAN_POINT('',(25.4000000013718,6.49999999998702,5.));
#11765=CARTESIAN_POINT('Origin',(22.4000000013718,0.,-7.));
#11766=CARTESIAN_POINT('',(22.4000000013718,0.2,-10.));
#11767=CARTESIAN_POINT('Origin',(22.4000000013718,0.2,-7.));
#11768=CARTESIAN_POINT('',(22.4000000013718,6.49999999998702,-10.));
#11769=CARTESIAN_POINT('',(22.4000000013718,0.,-10.));
#11770=CARTESIAN_POINT('Origin',(22.4000000013718,6.49999999998702,-7.));
#11771=CARTESIAN_POINT('Origin',(22.4000000013718,6.99999999998702,7.));
#11772=CARTESIAN_POINT('',(22.4000000013718,7.49999999998702,9.));
#11773=CARTESIAN_POINT('',(22.4000000013718,6.49999999998702,10.));
#11774=CARTESIAN_POINT('',(24.4000000013718,7.49999999998702,7.));
#11775=CARTESIAN_POINT('',(24.4000000013718,7.49999999998702,7.));
#11776=CARTESIAN_POINT('Origin',(22.4000000013718,7.49999999998702,7.));
#11777=CARTESIAN_POINT('Origin',(24.9000000013718,6.99999999998702,5.));
#11778=CARTESIAN_POINT('',(24.4000000013719,7.49999999998702,-7.));
#11779=CARTESIAN_POINT('',(24.4000000013719,7.49999999998702,-7.));
#11780=CARTESIAN_POINT('',(24.4000000013718,7.49999999998702,5.));
#11781=CARTESIAN_POINT('Origin',(22.4000000013718,6.99999999998702,-7.));
#11782=CARTESIAN_POINT('',(22.4000000013718,7.49999999998702,-9.));
#11783=CARTESIAN_POINT('',(22.4000000013718,7.49999999998702,-9.));
#11784=CARTESIAN_POINT('Origin',(22.4000000013718,7.49999999998702,-7.));
#11785=CARTESIAN_POINT('Origin',(12.7000000006859,6.99999999998702,-9.5));
#11786=CARTESIAN_POINT('',(-22.4000000013718,6.49999999998702,-10.));
#11787=CARTESIAN_POINT('',(12.7000000006859,6.49999999998702,-10.));
#11788=CARTESIAN_POINT('',(-22.4000000013718,7.49999999998702,-9.));
#11789=CARTESIAN_POINT('',(-22.4000000013718,7.49999999998702,-9.));
#11790=CARTESIAN_POINT('',(12.7000000006859,7.49999999998702,-9.));
#11791=CARTESIAN_POINT('Origin',(-22.4000000013718,6.99999999998702,-7.));
#11792=CARTESIAN_POINT('',(-25.4000000013718,6.49999999998702,-7.));
#11793=CARTESIAN_POINT('Origin',(-22.4000000013718,6.49999999998702,-7.));
#11794=CARTESIAN_POINT('',(-24.4000000013718,7.49999999998702,-7.));
#11795=CARTESIAN_POINT('',(-24.4000000013718,7.49999999998702,-7.));
#11796=CARTESIAN_POINT('Origin',(-22.4000000013718,7.49999999998702,-7.));
#11797=CARTESIAN_POINT('Origin',(-24.9000000013718,6.99999999998702,-5.));
#11798=CARTESIAN_POINT('',(-25.4000000013718,6.49999999998702,7.));
#11799=CARTESIAN_POINT('',(-25.4000000013718,6.49999999998702,-5.));
#11800=CARTESIAN_POINT('',(-24.4000000013718,7.49999999998702,7.));
#11801=CARTESIAN_POINT('',(-24.4000000013718,7.49999999998702,7.));
#11802=CARTESIAN_POINT('',(-24.4000000013718,7.49999999998702,-5.));
#11803=CARTESIAN_POINT('Origin',(-22.4000000013718,6.99999999998702,7.));
#11804=CARTESIAN_POINT('',(-22.4000000013718,6.49999999998702,10.));
#11805=CARTESIAN_POINT('Origin',(-22.4000000013718,6.49999999998702,7.));
#11806=CARTESIAN_POINT('',(-22.4000000013718,7.49999999998702,9.));
#11807=CARTESIAN_POINT('',(-22.4000000013718,7.49999999998702,9.));
#11808=CARTESIAN_POINT('Origin',(-22.4000000013718,7.49999999998702,7.));
#11809=CARTESIAN_POINT('Origin',(-12.7000000006859,6.99999999998702,9.5));
#11810=CARTESIAN_POINT('',(-12.7000000006859,6.49999999998702,10.));
#11811=CARTESIAN_POINT('',(-12.7000000006859,7.49999999998702,9.));
#11812=CARTESIAN_POINT('Origin',(-22.4000000013718,0.,7.));
#11813=CARTESIAN_POINT('',(-22.4000000013718,0.2,10.));
#11814=CARTESIAN_POINT('',(-25.4000000013718,0.2,7.));
#11815=CARTESIAN_POINT('Origin',(-22.4000000013718,0.2,7.));
#11816=CARTESIAN_POINT('',(-22.4000000013718,0.,10.));
#11817=CARTESIAN_POINT('',(-25.4000000013718,0.,7.));
#11818=CARTESIAN_POINT('Origin',(-25.4000000013718,0.,-10.));
#11819=CARTESIAN_POINT('',(-25.4000000013718,0.2,-7.));
#11820=CARTESIAN_POINT('',(-25.4000000013718,0.2,-5.));
#11821=CARTESIAN_POINT('',(-25.4000000013718,0.,-7.));
#11822=CARTESIAN_POINT('Origin',(-22.4000000013718,0.,-7.));
#11823=CARTESIAN_POINT('',(-22.4000000013718,0.2,-10.));
#11824=CARTESIAN_POINT('Origin',(-22.4000000013718,0.2,-7.));
#11825=CARTESIAN_POINT('',(-22.4000000013718,0.,-10.));
#11826=CARTESIAN_POINT('Origin',(2.22044604925031E-15,7.49999999998702,
2.22044604925031E-15));
#11827=CARTESIAN_POINT('Origin',(-1.93248603422595,-7.57088719676988,-9.4));
#11828=CARTESIAN_POINT('',(-14.4112034686751,2.89999999997328,-10.));
#11829=CARTESIAN_POINT('',(-13.3287522148237,1.99171555211474,-10.));
#11830=CARTESIAN_POINT('',(-1.93248603422595,-7.57088719676988,-10.));
#11831=CARTESIAN_POINT('Origin',(-13.3287522148237,1.99171555211474,-9.4));
#11832=CARTESIAN_POINT('Origin',(-14.4112034686751,2.89999999997329,-9.4));
#11833=CARTESIAN_POINT('Origin',(-4.81740119000894,11.9382738578419,-9.4));
#11834=CARTESIAN_POINT('',(-16.6712477851554,1.99171555213609,-10.));
#11835=CARTESIAN_POINT('Origin',(-16.6712477851554,1.99171555213609,-9.4));
#11836=CARTESIAN_POINT('',(-15.5887965312869,2.90000000000462,-10.));
#11837=CARTESIAN_POINT('',(-4.81740119000894,11.9382738578419,-10.));
#11838=CARTESIAN_POINT('Origin',(-15.5887965312869,2.90000000000462,-9.4));
#11839=CARTESIAN_POINT('Origin',(5.01479280536274,2.89999999945634,-9.4));
#11840=CARTESIAN_POINT('',(5.01479280536274,2.89999999945634,-10.));
#11841=CARTESIAN_POINT('Origin',(5.13339352147495,-5.1088678142476,-9.4));
#11842=CARTESIAN_POINT('',(-4.41120346871928,2.90000000003428,-10.));
#11843=CARTESIAN_POINT('',(-3.32875221480185,1.99171555210173,-10.));
#11844=CARTESIAN_POINT('',(5.13339352147495,-5.1088678142476,-10.));
#11845=CARTESIAN_POINT('Origin',(-3.32875221480185,1.99171555210173,-9.4));
#11846=CARTESIAN_POINT('Origin',(-4.41120346871928,2.90000000003428,-9.4));
#11847=CARTESIAN_POINT('Origin',(2.24847836594561,9.4762544753162,-9.4));
#11848=CARTESIAN_POINT('',(-6.67124778512706,1.99171555215455,-10.));
#11849=CARTESIAN_POINT('Origin',(-6.67124778512706,1.99171555215455,-9.4));
#11850=CARTESIAN_POINT('',(-5.58879653130951,2.89999999995571,-10.));
#11851=CARTESIAN_POINT('',(2.24847836594561,9.4762544753162,-10.));
#11852=CARTESIAN_POINT('Origin',(-5.5887965313095,2.89999999995571,-9.4));
#11853=CARTESIAN_POINT('Origin',(10.0147928051984,2.90000000099679,-9.4));
#11854=CARTESIAN_POINT('',(10.0147928051984,2.90000000099679,-10.));
#11855=CARTESIAN_POINT('Origin',(12.1992730774737,-2.64684843167975,-9.4));
#11856=CARTESIAN_POINT('',(5.58879653129926,2.89999999999499,-10.));
#11857=CARTESIAN_POINT('',(6.67124778516676,1.99171555212808,-10.));
#11858=CARTESIAN_POINT('',(12.1992730774737,-2.64684843167975,-10.));
#11859=CARTESIAN_POINT('Origin',(6.67124778516676,1.99171555212808,-9.4));
#11860=CARTESIAN_POINT('Origin',(5.58879653129926,2.89999999999499,-9.4));
#11861=CARTESIAN_POINT('Origin',(9.31435792146074,7.01423509280999,-9.4));
#11862=CARTESIAN_POINT('',(3.32875221484153,1.99171555212818,-10.));
#11863=CARTESIAN_POINT('Origin',(3.32875221484153,1.99171555212818,-9.4));
#11864=CARTESIAN_POINT('',(4.41120346870904,2.89999999999499,-10.));
#11865=CARTESIAN_POINT('',(9.31435792146074,7.01423509280999,-10.));
#11866=CARTESIAN_POINT('Origin',(4.41120346870904,2.89999999999499,-9.4));
#11867=CARTESIAN_POINT('Origin',(15.0147928053184,2.89999999999498,-9.4));
#11868=CARTESIAN_POINT('',(15.0147928053184,2.89999999999498,-10.));
#11869=CARTESIAN_POINT('Origin',(19.2651526332505,-0.184829049159378,-9.4));
#11870=CARTESIAN_POINT('',(15.5887965312997,2.89999999999502,-10.));
#11871=CARTESIAN_POINT('',(16.6712477851672,1.99171555212771,-10.));
#11872=CARTESIAN_POINT('',(19.2651526332505,-0.184829049159378,-10.));
#11873=CARTESIAN_POINT('Origin',(16.6712477851672,1.99171555212771,-9.4));
#11874=CARTESIAN_POINT('Origin',(15.5887965312997,2.89999999999502,-9.4));
#11875=CARTESIAN_POINT('Origin',(16.380237477236,4.55221571028668,-9.4));
#11876=CARTESIAN_POINT('',(13.3287522148419,1.99171555212849,-10.));
#11877=CARTESIAN_POINT('Origin',(13.3287522148419,1.99171555212849,-9.4));
#11878=CARTESIAN_POINT('',(14.4112034687095,2.89999999999502,-10.));
#11879=CARTESIAN_POINT('',(16.380237477236,4.55221571028668,-10.));
#11880=CARTESIAN_POINT('Origin',(14.4112034687095,2.89999999999502,-9.4));
#11881=CARTESIAN_POINT('Origin',(15.0000000000041,-3.86337485418932E-15,
-9.4));
#11882=CARTESIAN_POINT('',(12.4077037200914,0.199999993879804,-10.));
#11883=CARTESIAN_POINT('',(13.0100000000041,0.199749843554378,-9.4));
#11884=CARTESIAN_POINT('Ctrl Pts',(12.4077037200914,0.199999993885739,-10.));
#11885=CARTESIAN_POINT('Ctrl Pts',(12.5635251534644,0.199999499219226,-10.0000000000201));
#11886=CARTESIAN_POINT('Ctrl Pts',(12.876619947376,0.19991388645628,-9.87320845898532));
#11887=CARTESIAN_POINT('Ctrl Pts',(13.0100000000041,0.199749843554378,-9.55839234571074));
#11888=CARTESIAN_POINT('Ctrl Pts',(13.0100000000041,0.199749843554378,-9.4));
#11889=CARTESIAN_POINT('Origin',(15.0000000000041,-3.86337485418932E-15,
-10.));
#11890=CARTESIAN_POINT('Origin',(15.0000000000041,-3.86337485418932E-15,
-9.4));
#11891=CARTESIAN_POINT('Origin',(20.0147928053186,2.89999999999501,-9.4));
#11892=CARTESIAN_POINT('',(20.0147928053186,2.89999999999501,-10.));
#11893=CARTESIAN_POINT('Origin',(1.47490561977431,-7.95484275359333,9.4));
#11894=CARTESIAN_POINT('',(14.4112034687095,2.89999999999502,10.));
#11895=CARTESIAN_POINT('',(13.3287522148419,1.99171555212849,10.));
#11896=CARTESIAN_POINT('',(1.47490561977431,-7.95484275359333,10.));
#11897=CARTESIAN_POINT('Origin',(13.3287522148419,1.99171555212849,9.4));
#11898=CARTESIAN_POINT('Origin',(14.4112034687095,2.89999999999502,9.4));
#11899=CARTESIAN_POINT('Origin',(4.35982077580045,12.3222294147227,9.4));
#11900=CARTESIAN_POINT('',(16.6712477851672,1.99171555212771,10.));
#11901=CARTESIAN_POINT('Origin',(16.6712477851672,1.99171555212771,9.4));
#11902=CARTESIAN_POINT('',(15.5887965312997,2.89999999999502,10.));
#11903=CARTESIAN_POINT('',(4.35982077580045,12.3222294147227,10.));
#11904=CARTESIAN_POINT('Origin',(15.5887965312997,2.89999999999502,9.4));
#11905=CARTESIAN_POINT('Origin',(-5.38520719605327,2.89999999999505,9.4));
#11906=CARTESIAN_POINT('',(-5.38520719605327,2.89999999999505,10.));
#11907=CARTESIAN_POINT('Origin',(-5.59097393599629,-5.49282337107083,9.4));
#11908=CARTESIAN_POINT('',(4.41120346870904,2.89999999999499,10.));
#11909=CARTESIAN_POINT('',(3.32875221484153,1.99171555212818,10.));
#11910=CARTESIAN_POINT('',(-5.59097393599629,-5.49282337107083,10.));
#11911=CARTESIAN_POINT('Origin',(3.32875221484153,1.99171555212818,9.4));
#11912=CARTESIAN_POINT('Origin',(4.41120346870903,2.89999999999499,9.4));
#11913=CARTESIAN_POINT('Origin',(-2.70605877998178,9.86021003220133,9.4));
#11914=CARTESIAN_POINT('',(6.67124778516676,1.99171555212808,10.));
#11915=CARTESIAN_POINT('Origin',(6.67124778516676,1.99171555212808,9.4));
#11916=CARTESIAN_POINT('',(5.58879653129926,2.89999999999499,10.));
#11917=CARTESIAN_POINT('',(-2.70605877998178,9.86021003220133,10.));
#11918=CARTESIAN_POINT('Origin',(5.58879653129926,2.89999999999499,9.4));
#11919=CARTESIAN_POINT('Origin',(-10.3852071960535,2.89999999999501,9.4));
#11920=CARTESIAN_POINT('',(-10.3852071960535,2.89999999999501,10.));
#11921=CARTESIAN_POINT('Origin',(-12.656853491906,-3.03080398849505,9.4));
#11922=CARTESIAN_POINT('',(-5.5887965313095,2.89999999995571,10.));
#11923=CARTESIAN_POINT('',(-6.67124778512706,1.99171555215455,10.));
#11924=CARTESIAN_POINT('',(-12.656853491906,-3.03080398849505,10.));
#11925=CARTESIAN_POINT('Origin',(-6.67124778512706,1.99171555215455,9.4));
#11926=CARTESIAN_POINT('Origin',(-5.5887965313095,2.89999999995571,9.4));
#11927=CARTESIAN_POINT('Origin',(-9.77193833558611,7.39819064970305,9.4));
#11928=CARTESIAN_POINT('',(-3.32875221480185,1.99171555210173,10.));
#11929=CARTESIAN_POINT('Origin',(-3.32875221480185,1.99171555210173,9.4));
#11930=CARTESIAN_POINT('',(-4.41120346871928,2.90000000003428,10.));
#11931=CARTESIAN_POINT('',(-9.77193833558611,7.39819064970305,10.));
#11932=CARTESIAN_POINT('Origin',(-4.41120346871928,2.90000000003428,9.4));
#11933=CARTESIAN_POINT('Origin',(-15.3852071961735,2.89999999930209,9.4));
#11934=CARTESIAN_POINT('',(-15.3852071961735,2.89999999930209,10.));
#11935=CARTESIAN_POINT('Origin',(-19.7227330475843,-0.568784606018082,9.4));
#11936=CARTESIAN_POINT('',(-15.5887965312869,2.90000000000462,10.));
#11937=CARTESIAN_POINT('',(-16.6712477851554,1.99171555213609,10.));
#11938=CARTESIAN_POINT('',(-19.7227330475843,-0.568784606018082,10.));
#11939=CARTESIAN_POINT('Origin',(-16.6712477851554,1.99171555213609,9.4));
#11940=CARTESIAN_POINT('Origin',(-15.5887965312869,2.90000000000462,9.4));
#11941=CARTESIAN_POINT('Origin',(-16.8378178914817,4.93617126714644,9.4));
#11942=CARTESIAN_POINT('',(-13.3287522148237,1.99171555211474,10.));
#11943=CARTESIAN_POINT('Origin',(-13.3287522148237,1.99171555211474,9.4));
#11944=CARTESIAN_POINT('',(-14.4112034686751,2.89999999997329,10.));
#11945=CARTESIAN_POINT('',(-16.8378178914817,4.93617126714644,10.));
#11946=CARTESIAN_POINT('Origin',(-14.4112034686751,2.89999999997329,9.4));
#11947=CARTESIAN_POINT('Origin',(-20.3852071960091,2.90000000013226,9.4));
#11948=CARTESIAN_POINT('',(-20.3852071960091,2.90000000013226,10.));
#11949=CARTESIAN_POINT('Origin',(-4.99999999999592,1.28779161805764E-15,
-9.4));
#11950=CARTESIAN_POINT('',(-7.59229627990864,0.199999993879809,-10.));
#11951=CARTESIAN_POINT('',(-6.98999999999593,0.199749843554382,-9.4));
#11952=CARTESIAN_POINT('Ctrl Pts',(-7.59229627990864,0.199999993885744,
-10.));
#11953=CARTESIAN_POINT('Ctrl Pts',(-7.43647484653563,0.199999499219231,
-10.0000000000201));
#11954=CARTESIAN_POINT('Ctrl Pts',(-7.12334400414549,0.199913893514684,
-9.87324906794971));
#11955=CARTESIAN_POINT('Ctrl Pts',(-6.98999999999593,0.199749843554384,
-9.55839234571074));
#11956=CARTESIAN_POINT('Ctrl Pts',(-6.98999999999593,0.199749843554384,
-9.4));
#11957=CARTESIAN_POINT('Origin',(-4.99999999999592,1.28779161805764E-15,
-10.));
#11958=CARTESIAN_POINT('Origin',(-4.99999999999592,1.28779161805764E-15,
-9.4));
#11959=CARTESIAN_POINT('Origin',(-4.99999999999592,1.28779161805764E-15,
0.));
#11960=CARTESIAN_POINT('',(-6.98999999999593,0.199749843554383,9.4));
#11961=CARTESIAN_POINT('',(-6.98999999999593,0.199749843554382,0.));
#11962=CARTESIAN_POINT('Origin',(-4.99999999999592,1.28779161805764E-15,
9.4));
#11963=CARTESIAN_POINT('Origin',(-4.99999999999592,1.28779161805764E-15,
9.4));
#11964=CARTESIAN_POINT('',(-7.59229627990864,0.199999993879809,10.));
#11965=CARTESIAN_POINT('Ctrl Pts',(-6.98999999999593,0.199749843554383,
9.4));
#11966=CARTESIAN_POINT('Ctrl Pts',(-6.98999999999593,0.199749843554383,
9.55839234571074));
#11967=CARTESIAN_POINT('Ctrl Pts',(-7.1233440041455,0.199913893514684,9.87324906794972));
#11968=CARTESIAN_POINT('Ctrl Pts',(-7.43647484653563,0.199999499219231,
10.0000000000201));
#11969=CARTESIAN_POINT('Ctrl Pts',(-7.59229627990864,0.199999993885744,
10.));
#11970=CARTESIAN_POINT('Origin',(-4.99999999999592,1.28779161805764E-15,
10.));
#11971=CARTESIAN_POINT('Origin',(5.00000000000408,-1.28779161806584E-15,
-9.4));
#11972=CARTESIAN_POINT('',(2.40770372009137,0.199999993879806,-10.));
#11973=CARTESIAN_POINT('',(3.01000000000408,0.199749843554382,-9.4));
#11974=CARTESIAN_POINT('Ctrl Pts',(2.40770372009137,0.199999993885741,-10.));
#11975=CARTESIAN_POINT('Ctrl Pts',(2.56352515346438,0.199999499219228,-10.0000000000201));
#11976=CARTESIAN_POINT('Ctrl Pts',(2.87669769403622,0.199913901679308,-9.87329604136021));
#11977=CARTESIAN_POINT('Ctrl Pts',(3.01000000000408,0.199749843554381,-9.55839234571074));
#11978=CARTESIAN_POINT('Ctrl Pts',(3.01000000000408,0.199749843554381,-9.4));
#11979=CARTESIAN_POINT('Origin',(5.00000000000408,-1.28779161806584E-15,
-10.));
#11980=CARTESIAN_POINT('Origin',(5.00000000000408,-1.28779161806584E-15,
-9.4));
#11981=CARTESIAN_POINT('Origin',(5.00000000000408,-1.28779161806584E-15,
0.));
#11982=CARTESIAN_POINT('',(3.01000000000408,0.199749843554381,9.4));
#11983=CARTESIAN_POINT('',(3.01000000000408,0.199749843554382,0.));
#11984=CARTESIAN_POINT('Origin',(5.00000000000408,-1.28779161806584E-15,
9.4));
#11985=CARTESIAN_POINT('Origin',(5.00000000000408,-1.28779161806584E-15,
9.4));
#11986=CARTESIAN_POINT('',(2.40770372009137,0.199999993879806,10.));
#11987=CARTESIAN_POINT('Ctrl Pts',(3.01000000000408,0.199749843554381,9.4));
#11988=CARTESIAN_POINT('Ctrl Pts',(3.01000000000408,0.199749843554381,9.55839234571074));
#11989=CARTESIAN_POINT('Ctrl Pts',(2.87669769403622,0.199913901679308,9.87329604136021));
#11990=CARTESIAN_POINT('Ctrl Pts',(2.56352515346438,0.199999499219228,10.0000000000201));
#11991=CARTESIAN_POINT('Ctrl Pts',(2.40770372009137,0.199999993885742,10.));
#11992=CARTESIAN_POINT('Origin',(5.00000000000408,-1.28779161806584E-15,
10.));
#11993=CARTESIAN_POINT('Origin',(15.0000000000041,-3.86337485418932E-15,
0.));
#11994=CARTESIAN_POINT('',(13.0100000000041,0.199749843554378,9.4));
#11995=CARTESIAN_POINT('',(13.0100000000041,0.199749843554382,0.));
#11996=CARTESIAN_POINT('Origin',(15.0000000000041,-3.86337485418932E-15,
9.4));
#11997=CARTESIAN_POINT('Origin',(15.0000000000041,-3.86337485418932E-15,
9.4));
#11998=CARTESIAN_POINT('',(12.4077037200914,0.199999993879804,10.));
#11999=CARTESIAN_POINT('Ctrl Pts',(13.0100000000041,0.199749843554378,9.4));
#12000=CARTESIAN_POINT('Ctrl Pts',(13.0100000000041,0.199749843554378,9.55839234571074));
#12001=CARTESIAN_POINT('Ctrl Pts',(12.876619947376,0.19991388645628,9.87320845898532));
#12002=CARTESIAN_POINT('Ctrl Pts',(12.5635251534644,0.199999499219226,10.0000000000201));
#12003=CARTESIAN_POINT('Ctrl Pts',(12.4077037200914,0.199999993885739,10.));
#12004=CARTESIAN_POINT('Origin',(15.0000000000041,-3.86337485418932E-15,
10.));
#12005=CARTESIAN_POINT('Origin',(-25.4000000013718,0.,10.));
#12006=CARTESIAN_POINT('',(14.9222373968853,5.59017705091386,10.));
#12007=CARTESIAN_POINT('',(14.6582537895931,5.59017705091386,10.));
#12008=CARTESIAN_POINT('',(-5.30487720406631,5.59017705091386,10.));
#12009=CARTESIAN_POINT('',(14.6582537895931,4.92100941308885,10.));
#12010=CARTESIAN_POINT('',(14.6582537895931,2.62779661600068,10.));
#12011=CARTESIAN_POINT('',(14.8854024714722,4.92100941308885,10.));
#12012=CARTESIAN_POINT('',(-5.31408593541959,4.92100941308885,10.));
#12013=CARTESIAN_POINT('',(15.2619372314705,5.01411991485505,10.));
#12014=CARTESIAN_POINT('Ctrl Pts',(14.8854024714722,4.92100941308885,10.));
#12015=CARTESIAN_POINT('Ctrl Pts',(14.9634670120189,4.92153821982401,10.));
#12016=CARTESIAN_POINT('Ctrl Pts',(15.0973431298534,4.92244509242317,10.));
#12017=CARTESIAN_POINT('Ctrl Pts',(15.2135089113436,4.98714654457817,10.));
#12018=CARTESIAN_POINT('Ctrl Pts',(15.2619372314705,5.01411991485505,10.));
#12019=CARTESIAN_POINT('',(15.3703956312432,5.25252389081865,10.));
#12020=CARTESIAN_POINT('Ctrl Pts',(15.2619372314705,5.01411991485505,10.));
#12021=CARTESIAN_POINT('Ctrl Pts',(15.2935707334955,5.04744361703151,10.));
#12022=CARTESIAN_POINT('Ctrl Pts',(15.3571358819266,5.11440509582838,10.));
#12023=CARTESIAN_POINT('Ctrl Pts',(15.3659619156684,5.20634055522942,10.));
#12024=CARTESIAN_POINT('Ctrl Pts',(15.3703956312432,5.25252389081865,10.));
#12025=CARTESIAN_POINT('',(15.2762620157494,5.49195068248659,10.));
#12026=CARTESIAN_POINT('Ctrl Pts',(15.3703956312432,5.25252389081865,10.));
#12027=CARTESIAN_POINT('Ctrl Pts',(15.3666386490388,5.29762643523167,10.));
#12028=CARTESIAN_POINT('Ctrl Pts',(15.3592018048339,5.38690569656548,10.));
#12029=CARTESIAN_POINT('Ctrl Pts',(15.3037168186872,5.45717859758132,10.));
#12030=CARTESIAN_POINT('Ctrl Pts',(15.2762620157494,5.49195068248659,10.));
#12031=CARTESIAN_POINT('Ctrl Pts',(15.2762620157494,5.49195068248659,10.));
#12032=CARTESIAN_POINT('Ctrl Pts',(15.2322915983187,5.52038636650139,10.));
#12033=CARTESIAN_POINT('Ctrl Pts',(15.1256759975485,5.58933471204144,10.));
#12034=CARTESIAN_POINT('Ctrl Pts',(14.9975321469594,5.58986529250287,10.));
#12035=CARTESIAN_POINT('Ctrl Pts',(14.9222373968853,5.59017705091386,10.));
#12036=CARTESIAN_POINT('Ctrl Pts',(3.97271474487169,3.44351952127725,9.2));
#12037=CARTESIAN_POINT('Ctrl Pts',(3.97271474487169,3.44351952127725,10.));
#12038=CARTESIAN_POINT('Ctrl Pts',(3.88500717213311,3.55018057920577,9.2));
#12039=CARTESIAN_POINT('Ctrl Pts',(3.88500717213311,3.55018057920577,10.));
#12040=CARTESIAN_POINT('Ctrl Pts',(3.70516073062137,3.76889158804302,9.2));
#12041=CARTESIAN_POINT('Ctrl Pts',(3.70516073062137,3.76889158804302,10.));
#12042=CARTESIAN_POINT('Ctrl Pts',(3.66151473934294,4.04899440490009,9.2));
#12043=CARTESIAN_POINT('Ctrl Pts',(3.66151473934294,4.04899440490009,10.));
#12044=CARTESIAN_POINT('Ctrl Pts',(3.63915403968675,4.19249658636362,9.2));
#12045=CARTESIAN_POINT('Ctrl Pts',(3.63915403968675,4.19249658636362,10.));
#12046=CARTESIAN_POINT('',(3.97271474487169,3.44351952127725,9.2));
#12047=CARTESIAN_POINT('',(3.63915403968675,4.19249658636362,9.2));
#12048=CARTESIAN_POINT('Ctrl Pts',(3.97271474487169,3.44351952127725,9.2));
#12049=CARTESIAN_POINT('Ctrl Pts',(3.88500717213311,3.55018057920577,9.2));
#12050=CARTESIAN_POINT('Ctrl Pts',(3.70516073062137,3.76889158804302,9.2));
#12051=CARTESIAN_POINT('Ctrl Pts',(3.66151473934294,4.04899440490009,9.2));
#12052=CARTESIAN_POINT('Ctrl Pts',(3.63915403968675,4.19249658636362,9.2));
#12053=CARTESIAN_POINT('',(3.63915403968675,4.19249658636362,10.));
#12054=CARTESIAN_POINT('',(3.63915403968675,4.19249658636362,10.));
#12055=CARTESIAN_POINT('',(3.97271474487169,3.44351952127725,10.));
#12056=CARTESIAN_POINT('Ctrl Pts',(3.97271474487169,3.44351952127725,10.));
#12057=CARTESIAN_POINT('Ctrl Pts',(3.88500717213311,3.55018057920577,10.));
#12058=CARTESIAN_POINT('Ctrl Pts',(3.70516073062137,3.76889158804302,10.));
#12059=CARTESIAN_POINT('Ctrl Pts',(3.66151473934294,4.04899440490009,10.));
#12060=CARTESIAN_POINT('Ctrl Pts',(3.63915403968675,4.19249658636362,10.));
#12061=CARTESIAN_POINT('',(3.97271474487169,3.44351952127725,10.));
#12062=CARTESIAN_POINT('Origin',(4.08014995641096,4.22012274317056,10.));
#12063=CARTESIAN_POINT('',(4.52114587313516,4.24774889997751,9.2));
#12064=CARTESIAN_POINT('',(3.63915403968675,4.19249658636362,9.2));
#12065=CARTESIAN_POINT('',(4.52114587313516,4.24774889997751,10.));
#12066=CARTESIAN_POINT('',(4.52114587313516,4.24774889997751,10.));
#12067=CARTESIAN_POINT('',(-10.7339733119758,3.29209307929088,10.));
#12068=CARTESIAN_POINT('Ctrl Pts',(4.52114587313516,4.24774889997751,9.2));
#12069=CARTESIAN_POINT('Ctrl Pts',(4.52114587313516,4.24774889997751,10.));
#12070=CARTESIAN_POINT('Ctrl Pts',(4.5312623343011,4.18302169973953,9.2));
#12071=CARTESIAN_POINT('Ctrl Pts',(4.5312623343011,4.18302169973953,10.));
#12072=CARTESIAN_POINT('Ctrl Pts',(4.54952048270628,4.06620230920251,9.2));
#12073=CARTESIAN_POINT('Ctrl Pts',(4.54952048270628,4.06620230920251,10.));
#12074=CARTESIAN_POINT('Ctrl Pts',(4.61056760167124,3.96531515065699,9.2));
#12075=CARTESIAN_POINT('Ctrl Pts',(4.61056760167124,3.96531515065699,10.));
#12076=CARTESIAN_POINT('Ctrl Pts',(4.63778977877481,3.92032747320444,9.2));
#12077=CARTESIAN_POINT('Ctrl Pts',(4.63778977877481,3.92032747320444,10.));
#12078=CARTESIAN_POINT('',(4.63778977877481,3.92032747320444,9.2));
#12079=CARTESIAN_POINT('Ctrl Pts',(4.52114587313516,4.24774889997751,9.2));
#12080=CARTESIAN_POINT('Ctrl Pts',(4.5312623343011,4.18302169973953,9.2));
#12081=CARTESIAN_POINT('Ctrl Pts',(4.54952048270628,4.06620230920251,9.2));
#12082=CARTESIAN_POINT('Ctrl Pts',(4.61056760167124,3.96531515065699,9.2));
#12083=CARTESIAN_POINT('Ctrl Pts',(4.63778977877481,3.92032747320444,9.2));
#12084=CARTESIAN_POINT('',(4.63778977877481,3.92032747320444,10.));
#12085=CARTESIAN_POINT('',(4.63778977877481,3.92032747320444,10.));
#12086=CARTESIAN_POINT('Ctrl Pts',(4.52114587313516,4.24774889997751,10.));
#12087=CARTESIAN_POINT('Ctrl Pts',(4.5312623343011,4.18302169973953,10.));
#12088=CARTESIAN_POINT('Ctrl Pts',(4.54952048270628,4.06620230920251,10.));
#12089=CARTESIAN_POINT('Ctrl Pts',(4.61056760167124,3.96531515065699,10.));
#12090=CARTESIAN_POINT('Ctrl Pts',(4.63778977877481,3.92032747320444,10.));
#12091=CARTESIAN_POINT('Ctrl Pts',(4.63778977877481,3.92032747320444,9.2));
#12092=CARTESIAN_POINT('Ctrl Pts',(4.63778977877481,3.92032747320444,10.));
#12093=CARTESIAN_POINT('Ctrl Pts',(4.69231570111272,3.86723028940051,9.2));
#12094=CARTESIAN_POINT('Ctrl Pts',(4.69231570111272,3.86723028940051,10.));
#12095=CARTESIAN_POINT('Ctrl Pts',(4.80593637307142,3.75658681113837,9.2));
#12096=CARTESIAN_POINT('Ctrl Pts',(4.80593637307142,3.75658681113837,10.));
#12097=CARTESIAN_POINT('Ctrl Pts',(4.96456373131913,3.74449055392118,9.2));
#12098=CARTESIAN_POINT('Ctrl Pts',(4.96456373131913,3.74449055392118,10.));
#12099=CARTESIAN_POINT('Ctrl Pts',(5.04706671125276,3.73819922260553,9.2));
#12100=CARTESIAN_POINT('Ctrl Pts',(5.04706671125276,3.73819922260553,10.));
#12101=CARTESIAN_POINT('',(5.04706671125276,3.73819922260553,9.2));
#12102=CARTESIAN_POINT('Ctrl Pts',(4.63778977877481,3.92032747320444,9.2));
#12103=CARTESIAN_POINT('Ctrl Pts',(4.69231570111272,3.86723028940051,9.2));
#12104=CARTESIAN_POINT('Ctrl Pts',(4.80593637307142,3.75658681113837,9.2));
#12105=CARTESIAN_POINT('Ctrl Pts',(4.96456373131913,3.74449055392118,9.2));
#12106=CARTESIAN_POINT('Ctrl Pts',(5.04706671125276,3.73819922260553,9.2));
#12107=CARTESIAN_POINT('',(5.04706671125276,3.73819922260553,10.));
#12108=CARTESIAN_POINT('',(5.04706671125276,3.73819922260553,10.));
#12109=CARTESIAN_POINT('Ctrl Pts',(4.63778977877481,3.92032747320444,10.));
#12110=CARTESIAN_POINT('Ctrl Pts',(4.69231570111272,3.86723028940051,10.));
#12111=CARTESIAN_POINT('Ctrl Pts',(4.80593637307142,3.75658681113837,10.));
#12112=CARTESIAN_POINT('Ctrl Pts',(4.96456373131913,3.74449055392118,10.));
#12113=CARTESIAN_POINT('Ctrl Pts',(5.04706671125276,3.73819922260553,10.));
#12114=CARTESIAN_POINT('Ctrl Pts',(5.04706671125276,3.73819922260553,9.2));
#12115=CARTESIAN_POINT('Ctrl Pts',(5.04706671125276,3.73819922260553,10.));
#12116=CARTESIAN_POINT('Ctrl Pts',(5.10741857044979,3.74045803343669,9.2));
#12117=CARTESIAN_POINT('Ctrl Pts',(5.10741857044979,3.74045803343669,10.));
#12118=CARTESIAN_POINT('Ctrl Pts',(5.2180713349653,3.74459947441815,9.2));
#12119=CARTESIAN_POINT('Ctrl Pts',(5.2180713349653,3.74459947441815,10.));
#12120=CARTESIAN_POINT('Ctrl Pts',(5.31083324089451,3.80421121784153,9.2));
#12121=CARTESIAN_POINT('Ctrl Pts',(5.31083324089451,3.80421121784153,10.));
#12122=CARTESIAN_POINT('Ctrl Pts',(5.35300125963075,3.83130972437174,9.2));
#12123=CARTESIAN_POINT('Ctrl Pts',(5.35300125963075,3.83130972437174,10.));
#12124=CARTESIAN_POINT('',(5.35300125963075,3.83130972437174,9.2));
#12125=CARTESIAN_POINT('Ctrl Pts',(5.04706671125276,3.73819922260553,9.2));
#12126=CARTESIAN_POINT('Ctrl Pts',(5.10741857044979,3.74045803343669,9.2));
#12127=CARTESIAN_POINT('Ctrl Pts',(5.2180713349653,3.74459947441815,9.2));
#12128=CARTESIAN_POINT('Ctrl Pts',(5.31083324089451,3.80421121784153,9.2));
#12129=CARTESIAN_POINT('Ctrl Pts',(5.35300125963075,3.83130972437174,9.2));
#12130=CARTESIAN_POINT('',(5.35300125963075,3.83130972437174,10.));
#12131=CARTESIAN_POINT('',(5.35300125963075,3.83130972437174,10.));
#12132=CARTESIAN_POINT('Ctrl Pts',(5.04706671125276,3.73819922260553,10.));
#12133=CARTESIAN_POINT('Ctrl Pts',(5.10741857044979,3.74045803343669,10.));
#12134=CARTESIAN_POINT('Ctrl Pts',(5.2180713349653,3.74459947441815,10.));
#12135=CARTESIAN_POINT('Ctrl Pts',(5.31083324089451,3.80421121784153,10.));
#12136=CARTESIAN_POINT('Ctrl Pts',(5.35300125963075,3.83130972437174,10.));
#12137=CARTESIAN_POINT('Ctrl Pts',(5.35300125963075,3.83130972437174,9.2));
#12138=CARTESIAN_POINT('Ctrl Pts',(5.35300125963075,3.83130972437174,10.));
#12139=CARTESIAN_POINT('Ctrl Pts',(5.38432003012829,3.86265269196875,9.2));
#12140=CARTESIAN_POINT('Ctrl Pts',(5.38432003012829,3.86265269196875,10.));
#12141=CARTESIAN_POINT('Ctrl Pts',(5.44443300948726,3.92281211503283,9.2));
#12142=CARTESIAN_POINT('Ctrl Pts',(5.44443300948726,3.92281211503283,10.));
#12143=CARTESIAN_POINT('Ctrl Pts',(5.45525350960463,4.00691682684292,9.2));
#12144=CARTESIAN_POINT('Ctrl Pts',(5.45525350960463,4.00691682684292,10.));
#12145=CARTESIAN_POINT('Ctrl Pts',(5.46043654567583,4.04720311216623,9.2));
#12146=CARTESIAN_POINT('Ctrl Pts',(5.46043654567583,4.04720311216623,10.));
#12147=CARTESIAN_POINT('',(5.46043654567583,4.04720311216623,9.2));
#12148=CARTESIAN_POINT('Ctrl Pts',(5.35300125963075,3.83130972437174,9.2));
#12149=CARTESIAN_POINT('Ctrl Pts',(5.38432003012829,3.86265269196875,9.2));
#12150=CARTESIAN_POINT('Ctrl Pts',(5.44443300948726,3.92281211503283,9.2));
#12151=CARTESIAN_POINT('Ctrl Pts',(5.45525350960463,4.00691682684292,9.2));
#12152=CARTESIAN_POINT('Ctrl Pts',(5.46043654567583,4.04720311216623,9.2));
#12153=CARTESIAN_POINT('',(5.46043654567583,4.04720311216623,10.));
#12154=CARTESIAN_POINT('',(5.46043654567583,4.04720311216623,10.));
#12155=CARTESIAN_POINT('Ctrl Pts',(5.35300125963075,3.83130972437174,10.));
#12156=CARTESIAN_POINT('Ctrl Pts',(5.38432003012829,3.86265269196875,10.));
#12157=CARTESIAN_POINT('Ctrl Pts',(5.44443300948726,3.92281211503283,10.));
#12158=CARTESIAN_POINT('Ctrl Pts',(5.45525350960463,4.00691682684292,10.));
#12159=CARTESIAN_POINT('Ctrl Pts',(5.46043654567583,4.04720311216623,10.));
#12160=CARTESIAN_POINT('Ctrl Pts',(5.46043654567583,4.04720311216623,9.2));
#12161=CARTESIAN_POINT('Ctrl Pts',(5.46043654567583,4.04720311216623,10.));
#12162=CARTESIAN_POINT('Ctrl Pts',(5.45542367483529,4.08571515440414,9.2));
#12163=CARTESIAN_POINT('Ctrl Pts',(5.45542367483529,4.08571515440414,10.));
#12164=CARTESIAN_POINT('Ctrl Pts',(5.44490195224787,4.16654967769281,9.2));
#12165=CARTESIAN_POINT('Ctrl Pts',(5.44490195224787,4.16654967769281,10.));
#12166=CARTESIAN_POINT('Ctrl Pts',(5.38794053111562,4.22521765137554,9.2));
#12167=CARTESIAN_POINT('Ctrl Pts',(5.38794053111562,4.22521765137554,10.));
#12168=CARTESIAN_POINT('Ctrl Pts',(5.35811727530344,4.25593440584451,9.2));
#12169=CARTESIAN_POINT('Ctrl Pts',(5.35811727530344,4.25593440584451,10.));
#12170=CARTESIAN_POINT('',(5.35811727530344,4.25593440584451,9.2));
#12171=CARTESIAN_POINT('Ctrl Pts',(5.46043654567583,4.04720311216623,9.2));
#12172=CARTESIAN_POINT('Ctrl Pts',(5.45542367483529,4.08571515440414,9.2));
#12173=CARTESIAN_POINT('Ctrl Pts',(5.44490195224787,4.16654967769281,9.2));
#12174=CARTESIAN_POINT('Ctrl Pts',(5.38794053111562,4.22521765137554,9.2));
#12175=CARTESIAN_POINT('Ctrl Pts',(5.35811727530344,4.25593440584451,9.2));
#12176=CARTESIAN_POINT('',(5.35811727530344,4.25593440584451,10.));
#12177=CARTESIAN_POINT('',(5.35811727530344,4.25593440584451,10.));
#12178=CARTESIAN_POINT('Ctrl Pts',(5.46043654567583,4.04720311216623,10.));
#12179=CARTESIAN_POINT('Ctrl Pts',(5.45542367483529,4.08571515440414,10.));
#12180=CARTESIAN_POINT('Ctrl Pts',(5.44490195224787,4.16654967769281,10.));
#12181=CARTESIAN_POINT('Ctrl Pts',(5.38794053111562,4.22521765137554,10.));
#12182=CARTESIAN_POINT('Ctrl Pts',(5.35811727530344,4.25593440584451,10.));
#12183=CARTESIAN_POINT('Ctrl Pts',(5.35811727530344,4.25593440584451,9.2));
#12184=CARTESIAN_POINT('Ctrl Pts',(5.35811727530344,4.25593440584451,10.));
#12185=CARTESIAN_POINT('Ctrl Pts',(5.3024568159045,4.28818833762196,9.2));
#12186=CARTESIAN_POINT('Ctrl Pts',(5.3024568159045,4.28818833762196,10.));
#12187=CARTESIAN_POINT('Ctrl Pts',(5.15507885415605,4.37359041254309,9.2));
#12188=CARTESIAN_POINT('Ctrl Pts',(5.15507885415605,4.37359041254309,10.));
#12189=CARTESIAN_POINT('Ctrl Pts',(4.98758943367899,4.40828544432095,9.2));
#12190=CARTESIAN_POINT('Ctrl Pts',(4.98758943367899,4.40828544432095,10.));
#12191=CARTESIAN_POINT('Ctrl Pts',(4.88335599786623,4.42987715057642,9.2));
#12192=CARTESIAN_POINT('Ctrl Pts',(4.88335599786623,4.42987715057642,10.));
#12193=CARTESIAN_POINT('',(4.88335599786623,4.42987715057642,9.2));
#12194=CARTESIAN_POINT('Ctrl Pts',(5.35811727530344,4.25593440584451,9.2));
#12195=CARTESIAN_POINT('Ctrl Pts',(5.3024568159045,4.28818833762196,9.2));
#12196=CARTESIAN_POINT('Ctrl Pts',(5.15507885415605,4.37359041254309,9.2));
#12197=CARTESIAN_POINT('Ctrl Pts',(4.98758943367899,4.40828544432095,9.2));
#12198=CARTESIAN_POINT('Ctrl Pts',(4.88335599786623,4.42987715057642,9.2));
#12199=CARTESIAN_POINT('',(4.88335599786623,4.42987715057642,10.));
#12200=CARTESIAN_POINT('',(4.88335599786623,4.42987715057642,10.));
#12201=CARTESIAN_POINT('Ctrl Pts',(5.35811727530344,4.25593440584451,10.));
#12202=CARTESIAN_POINT('Ctrl Pts',(5.3024568159045,4.28818833762196,10.));
#12203=CARTESIAN_POINT('Ctrl Pts',(5.15507885415605,4.37359041254309,10.));
#12204=CARTESIAN_POINT('Ctrl Pts',(4.98758943367899,4.40828544432095,10.));
#12205=CARTESIAN_POINT('Ctrl Pts',(4.88335599786623,4.42987715057642,10.));
#12206=CARTESIAN_POINT('Ctrl Pts',(4.88335599786623,4.42987715057642,9.2));
#12207=CARTESIAN_POINT('Ctrl Pts',(4.88335599786623,4.42987715057642,10.));
#12208=CARTESIAN_POINT('Ctrl Pts',(4.70428123146498,4.47180588899491,9.2));
#12209=CARTESIAN_POINT('Ctrl Pts',(4.70428123146498,4.47180588899491,10.));
#12210=CARTESIAN_POINT('Ctrl Pts',(4.39302119101901,4.54468461489393,9.2));
#12211=CARTESIAN_POINT('Ctrl Pts',(4.39302119101901,4.54468461489393,10.));
#12212=CARTESIAN_POINT('Ctrl Pts',(4.12673029392022,4.71977635120073,9.2));
#12213=CARTESIAN_POINT('Ctrl Pts',(4.12673029392022,4.71977635120073,10.));
#12214=CARTESIAN_POINT('Ctrl Pts',(4.01364242321832,4.79413394979746,9.2));
#12215=CARTESIAN_POINT('Ctrl Pts',(4.01364242321832,4.79413394979746,10.));
#12216=CARTESIAN_POINT('',(4.01364242321832,4.79413394979746,9.2));
#12217=CARTESIAN_POINT('Ctrl Pts',(4.88335599786623,4.42987715057642,9.2));
#12218=CARTESIAN_POINT('Ctrl Pts',(4.70428123146498,4.47180588899491,9.2));
#12219=CARTESIAN_POINT('Ctrl Pts',(4.39302119101901,4.54468461489393,9.2));
#12220=CARTESIAN_POINT('Ctrl Pts',(4.12673029392022,4.71977635120073,9.2));
#12221=CARTESIAN_POINT('Ctrl Pts',(4.01364242321832,4.79413394979746,9.2));
#12222=CARTESIAN_POINT('',(4.01364242321832,4.79413394979746,10.));
#12223=CARTESIAN_POINT('',(4.01364242321832,4.79413394979746,10.));
#12224=CARTESIAN_POINT('Ctrl Pts',(4.88335599786623,4.42987715057642,10.));
#12225=CARTESIAN_POINT('Ctrl Pts',(4.70428123146498,4.47180588899491,10.));
#12226=CARTESIAN_POINT('Ctrl Pts',(4.39302119101901,4.54468461489393,10.));
#12227=CARTESIAN_POINT('Ctrl Pts',(4.12673029392022,4.71977635120073,10.));
#12228=CARTESIAN_POINT('Ctrl Pts',(4.01364242321832,4.79413394979746,10.));
#12229=CARTESIAN_POINT('Ctrl Pts',(4.01364242321832,4.79413394979746,9.2));
#12230=CARTESIAN_POINT('Ctrl Pts',(4.01364242321832,4.79413394979746,10.));
#12231=CARTESIAN_POINT('Ctrl Pts',(3.93724449031994,4.87530342689256,9.2));
#12232=CARTESIAN_POINT('Ctrl Pts',(3.93724449031994,4.87530342689256,10.));
#12233=CARTESIAN_POINT('Ctrl Pts',(3.78378411579585,5.03834839267072,9.2));
#12234=CARTESIAN_POINT('Ctrl Pts',(3.78378411579585,5.03834839267072,10.));
#12235=CARTESIAN_POINT('Ctrl Pts',(3.76242899059841,5.261301473064,9.2));
#12236=CARTESIAN_POINT('Ctrl Pts',(3.76242899059841,5.261301473064,10.));
#12237=CARTESIAN_POINT('Ctrl Pts',(3.7517051923929,5.3732607250622,9.2));
#12238=CARTESIAN_POINT('Ctrl Pts',(3.7517051923929,5.3732607250622,10.));
#12239=CARTESIAN_POINT('',(3.7517051923929,5.3732607250622,9.2));
#12240=CARTESIAN_POINT('Ctrl Pts',(4.01364242321832,4.79413394979746,9.2));
#12241=CARTESIAN_POINT('Ctrl Pts',(3.93724449031994,4.87530342689256,9.2));
#12242=CARTESIAN_POINT('Ctrl Pts',(3.78378411579585,5.03834839267072,9.2));
#12243=CARTESIAN_POINT('Ctrl Pts',(3.76242899059841,5.261301473064,9.2));
#12244=CARTESIAN_POINT('Ctrl Pts',(3.7517051923929,5.3732607250622,9.2));
#12245=CARTESIAN_POINT('',(3.7517051923929,5.3732607250622,10.));
#12246=CARTESIAN_POINT('',(3.7517051923929,5.3732607250622,10.));
#12247=CARTESIAN_POINT('Ctrl Pts',(4.01364242321832,4.79413394979746,10.));
#12248=CARTESIAN_POINT('Ctrl Pts',(3.93724449031994,4.87530342689256,10.));
#12249=CARTESIAN_POINT('Ctrl Pts',(3.78378411579585,5.03834839267072,10.));
#12250=CARTESIAN_POINT('Ctrl Pts',(3.76242899059841,5.261301473064,10.));
#12251=CARTESIAN_POINT('Ctrl Pts',(3.7517051923929,5.3732607250622,10.));
#12252=CARTESIAN_POINT('Ctrl Pts',(3.7517051923929,5.3732607250622,9.2));
#12253=CARTESIAN_POINT('Ctrl Pts',(3.7517051923929,5.3732607250622,10.));
#12254=CARTESIAN_POINT('Ctrl Pts',(3.75763713537217,5.44980291998921,9.2));
#12255=CARTESIAN_POINT('Ctrl Pts',(3.75763713537217,5.44980291998921,10.));
#12256=CARTESIAN_POINT('Ctrl Pts',(3.76969278434999,5.60536170355396,9.2));
#12257=CARTESIAN_POINT('Ctrl Pts',(3.76969278434999,5.60536170355396,10.));
#12258=CARTESIAN_POINT('Ctrl Pts',(3.84665179396801,5.74117623407044,9.2));
#12259=CARTESIAN_POINT('Ctrl Pts',(3.84665179396801,5.74117623407044,10.));
#12260=CARTESIAN_POINT('Ctrl Pts',(3.88574337250574,5.81016366533548,9.2));
#12261=CARTESIAN_POINT('Ctrl Pts',(3.88574337250574,5.81016366533548,10.));
#12262=CARTESIAN_POINT('',(3.88574337250574,5.81016366533548,9.2));
#12263=CARTESIAN_POINT('Ctrl Pts',(3.7517051923929,5.3732607250622,9.2));
#12264=CARTESIAN_POINT('Ctrl Pts',(3.75763713537217,5.44980291998921,9.2));
#12265=CARTESIAN_POINT('Ctrl Pts',(3.76969278434999,5.60536170355396,9.2));
#12266=CARTESIAN_POINT('Ctrl Pts',(3.84665179396801,5.74117623407044,9.2));
#12267=CARTESIAN_POINT('Ctrl Pts',(3.88574337250574,5.81016366533548,9.2));
#12268=CARTESIAN_POINT('',(3.88574337250574,5.81016366533548,10.));
#12269=CARTESIAN_POINT('',(3.88574337250574,5.81016366533548,10.));
#12270=CARTESIAN_POINT('Ctrl Pts',(3.7517051923929,5.3732607250622,10.));
#12271=CARTESIAN_POINT('Ctrl Pts',(3.75763713537217,5.44980291998921,10.));
#12272=CARTESIAN_POINT('Ctrl Pts',(3.76969278434999,5.60536170355396,10.));
#12273=CARTESIAN_POINT('Ctrl Pts',(3.84665179396801,5.74117623407044,10.));
#12274=CARTESIAN_POINT('Ctrl Pts',(3.88574337250574,5.81016366533548,10.));
#12275=CARTESIAN_POINT('Ctrl Pts',(3.88574337250574,5.81016366533548,9.2));
#12276=CARTESIAN_POINT('Ctrl Pts',(3.88574337250574,5.81016366533548,10.));
#12277=CARTESIAN_POINT('Ctrl Pts',(3.93801645737684,5.87588430539136,9.2));
#12278=CARTESIAN_POINT('Ctrl Pts',(3.93801645737684,5.87588430539136,10.));
#12279=CARTESIAN_POINT('Ctrl Pts',(4.04779058655013,6.0138984679118,9.2));
#12280=CARTESIAN_POINT('Ctrl Pts',(4.04779058655013,6.0138984679118,10.));
#12281=CARTESIAN_POINT('Ctrl Pts',(4.2060059924178,6.09238199606997,9.2));
#12282=CARTESIAN_POINT('Ctrl Pts',(4.2060059924178,6.09238199606997,10.));
#12283=CARTESIAN_POINT('Ctrl Pts',(4.28888117558343,6.13349263719827,9.2));
#12284=CARTESIAN_POINT('Ctrl Pts',(4.28888117558343,6.13349263719827,10.));
#12285=CARTESIAN_POINT('',(4.28888117558343,6.13349263719827,9.2));
#12286=CARTESIAN_POINT('Ctrl Pts',(3.88574337250574,5.81016366533548,9.2));
#12287=CARTESIAN_POINT('Ctrl Pts',(3.93801645737684,5.87588430539136,9.2));
#12288=CARTESIAN_POINT('Ctrl Pts',(4.04779058655013,6.0138984679118,9.2));
#12289=CARTESIAN_POINT('Ctrl Pts',(4.2060059924178,6.09238199606997,9.2));
#12290=CARTESIAN_POINT('Ctrl Pts',(4.28888117558343,6.13349263719827,9.2));
#12291=CARTESIAN_POINT('',(4.28888117558343,6.13349263719827,10.));
#12292=CARTESIAN_POINT('',(4.28888117558343,6.13349263719827,10.));
#12293=CARTESIAN_POINT('Ctrl Pts',(3.88574337250574,5.81016366533548,10.));
#12294=CARTESIAN_POINT('Ctrl Pts',(3.93801645737684,5.87588430539136,10.));
#12295=CARTESIAN_POINT('Ctrl Pts',(4.04779058655013,6.0138984679118,10.));
#12296=CARTESIAN_POINT('Ctrl Pts',(4.2060059924178,6.09238199606997,10.));
#12297=CARTESIAN_POINT('Ctrl Pts',(4.28888117558343,6.13349263719827,10.));
#12298=CARTESIAN_POINT('Ctrl Pts',(4.28888117558343,6.13349263719827,9.2));
#12299=CARTESIAN_POINT('Ctrl Pts',(4.28888117558343,6.13349263719827,10.));
#12300=CARTESIAN_POINT('Ctrl Pts',(4.39438726169874,6.16768951193379,9.2));
#12301=CARTESIAN_POINT('Ctrl Pts',(4.39438726169874,6.16768951193379,10.));
#12302=CARTESIAN_POINT('Ctrl Pts',(4.63371092009853,6.24525964526808,9.2));
#12303=CARTESIAN_POINT('Ctrl Pts',(4.63371092009853,6.24525964526808,10.));
#12304=CARTESIAN_POINT('Ctrl Pts',(4.88570225582543,6.24904376820112,9.2));
#12305=CARTESIAN_POINT('Ctrl Pts',(4.88570225582543,6.24904376820112,10.));
#12306=CARTESIAN_POINT('Ctrl Pts',(5.02660294658525,6.25115965656549,9.2));
#12307=CARTESIAN_POINT('Ctrl Pts',(5.02660294658525,6.25115965656549,10.));
#12308=CARTESIAN_POINT('',(5.02660294658525,6.25115965656549,9.2));
#12309=CARTESIAN_POINT('Ctrl Pts',(4.28888117558343,6.13349263719827,9.2));
#12310=CARTESIAN_POINT('Ctrl Pts',(4.39438726169874,6.16768951193379,9.2));
#12311=CARTESIAN_POINT('Ctrl Pts',(4.63371092009853,6.24525964526808,9.2));
#12312=CARTESIAN_POINT('Ctrl Pts',(4.88570225582543,6.24904376820112,9.2));
#12313=CARTESIAN_POINT('Ctrl Pts',(5.02660294658525,6.25115965656549,9.2));
#12314=CARTESIAN_POINT('',(5.02660294658525,6.25115965656549,10.));
#12315=CARTESIAN_POINT('',(5.02660294658525,6.25115965656549,10.));
#12316=CARTESIAN_POINT('Ctrl Pts',(4.28888117558343,6.13349263719827,10.));
#12317=CARTESIAN_POINT('Ctrl Pts',(4.39438726169874,6.16768951193379,10.));
#12318=CARTESIAN_POINT('Ctrl Pts',(4.63371092009853,6.24525964526808,10.));
#12319=CARTESIAN_POINT('Ctrl Pts',(4.88570225582543,6.24904376820112,10.));
#12320=CARTESIAN_POINT('Ctrl Pts',(5.02660294658525,6.25115965656549,10.));
#12321=CARTESIAN_POINT('Ctrl Pts',(5.02660294658525,6.25115965656549,9.2));
#12322=CARTESIAN_POINT('Ctrl Pts',(5.02660294658525,6.25115965656549,10.));
#12323=CARTESIAN_POINT('Ctrl Pts',(5.19916081956068,6.24721152420831,9.2));
#12324=CARTESIAN_POINT('Ctrl Pts',(5.19916081956068,6.24721152420831,10.));
#12325=CARTESIAN_POINT('Ctrl Pts',(5.50832765224783,6.24013777234262,9.2));
#12326=CARTESIAN_POINT('Ctrl Pts',(5.50832765224783,6.24013777234262,10.));
#12327=CARTESIAN_POINT('Ctrl Pts',(5.78238395121564,6.09946874258579,9.2));
#12328=CARTESIAN_POINT('Ctrl Pts',(5.78238395121564,6.09946874258579,10.));
#12329=CARTESIAN_POINT('Ctrl Pts',(5.90347891337259,6.03731249622614,9.2));
#12330=CARTESIAN_POINT('Ctrl Pts',(5.90347891337259,6.03731249622614,10.));
#12331=CARTESIAN_POINT('',(5.90347891337259,6.03731249622614,9.2));
#12332=CARTESIAN_POINT('Ctrl Pts',(5.02660294658525,6.25115965656549,9.2));
#12333=CARTESIAN_POINT('Ctrl Pts',(5.19916081956068,6.24721152420831,9.2));
#12334=CARTESIAN_POINT('Ctrl Pts',(5.50832765224783,6.24013777234262,9.2));
#12335=CARTESIAN_POINT('Ctrl Pts',(5.78238395121564,6.09946874258579,9.2));
#12336=CARTESIAN_POINT('Ctrl Pts',(5.90347891337259,6.03731249622614,9.2));
#12337=CARTESIAN_POINT('',(5.90347891337259,6.03731249622614,10.));
#12338=CARTESIAN_POINT('',(5.90347891337259,6.03731249622614,10.));
#12339=CARTESIAN_POINT('Ctrl Pts',(5.02660294658525,6.25115965656549,10.));
#12340=CARTESIAN_POINT('Ctrl Pts',(5.19916081956068,6.24721152420831,10.));
#12341=CARTESIAN_POINT('Ctrl Pts',(5.50832765224783,6.24013777234262,10.));
#12342=CARTESIAN_POINT('Ctrl Pts',(5.78238395121564,6.09946874258579,10.));
#12343=CARTESIAN_POINT('Ctrl Pts',(5.90347891337259,6.03731249622614,10.));
#12344=CARTESIAN_POINT('Ctrl Pts',(5.90347891337259,6.03731249622614,9.2));
#12345=CARTESIAN_POINT('Ctrl Pts',(5.90347891337259,6.03731249622614,10.));
#12346=CARTESIAN_POINT('Ctrl Pts',(5.99438126269187,5.95080314529961,9.2));
#12347=CARTESIAN_POINT('Ctrl Pts',(5.99438126269187,5.95080314529961,10.));
#12348=CARTESIAN_POINT('Ctrl Pts',(6.18941925099655,5.7651906732282,9.2));
#12349=CARTESIAN_POINT('Ctrl Pts',(6.18941925099655,5.7651906732282,10.));
#12350=CARTESIAN_POINT('Ctrl Pts',(6.23713996975322,5.4990099383521,9.2));
#12351=CARTESIAN_POINT('Ctrl Pts',(6.23713996975322,5.4990099383521,10.));
#12352=CARTESIAN_POINT('Ctrl Pts',(6.26261924988611,5.35688941530496,9.2));
#12353=CARTESIAN_POINT('Ctrl Pts',(6.26261924988611,5.35688941530496,10.));
#12354=CARTESIAN_POINT('',(6.26261924988611,5.35688941530496,9.2));
#12355=CARTESIAN_POINT('Ctrl Pts',(5.90347891337259,6.03731249622614,9.2));
#12356=CARTESIAN_POINT('Ctrl Pts',(5.99438126269187,5.95080314529961,9.2));
#12357=CARTESIAN_POINT('Ctrl Pts',(6.18941925099655,5.7651906732282,9.2));
#12358=CARTESIAN_POINT('Ctrl Pts',(6.23713996975322,5.4990099383521,9.2));
#12359=CARTESIAN_POINT('Ctrl Pts',(6.26261924988611,5.35688941530496,9.2));
#12360=CARTESIAN_POINT('',(6.26261924988611,5.35688941530496,10.));
#12361=CARTESIAN_POINT('',(6.26261924988611,5.35688941530496,10.));
#12362=CARTESIAN_POINT('Ctrl Pts',(5.90347891337259,6.03731249622614,10.));
#12363=CARTESIAN_POINT('Ctrl Pts',(5.99438126269187,5.95080314529961,10.));
#12364=CARTESIAN_POINT('Ctrl Pts',(6.18941925099655,5.7651906732282,10.));
#12365=CARTESIAN_POINT('Ctrl Pts',(6.23713996975322,5.4990099383521,10.));
#12366=CARTESIAN_POINT('Ctrl Pts',(6.26261924988611,5.35688941530496,10.));
#12367=CARTESIAN_POINT('Origin',(5.82571616060121,5.33130978397638,10.));
#12368=CARTESIAN_POINT('',(5.38881307131631,5.3057301526478,9.2));
#12369=CARTESIAN_POINT('',(6.26261924988611,5.35688941530496,9.2));
#12370=CARTESIAN_POINT('',(5.38881307131631,5.3057301526478,10.));
#12371=CARTESIAN_POINT('',(5.38881307131631,5.3057301526478,10.));
#12372=CARTESIAN_POINT('',(-9.88934121332989,4.41123074633296,10.));
#12373=CARTESIAN_POINT('Ctrl Pts',(5.38881307131631,5.3057301526478,9.2));
#12374=CARTESIAN_POINT('Ctrl Pts',(5.38881307131631,5.3057301526478,10.));
#12375=CARTESIAN_POINT('Ctrl Pts',(5.37610384181645,5.36678937932197,9.2));
#12376=CARTESIAN_POINT('Ctrl Pts',(5.37610384181645,5.36678937932197,10.));
#12377=CARTESIAN_POINT('Ctrl Pts',(5.35290035422867,5.47826639752111,9.2));
#12378=CARTESIAN_POINT('Ctrl Pts',(5.35290035422867,5.47826639752111,10.));
#12379=CARTESIAN_POINT('Ctrl Pts',(5.27687880455971,5.56237134886946,9.2));
#12380=CARTESIAN_POINT('Ctrl Pts',(5.27687880455971,5.56237134886946,10.));
#12381=CARTESIAN_POINT('Ctrl Pts',(5.24249648339136,5.60040955595285,9.2));
#12382=CARTESIAN_POINT('Ctrl Pts',(5.24249648339136,5.60040955595285,10.));
#12383=CARTESIAN_POINT('',(5.24249648339136,5.60040955595285,9.2));
#12384=CARTESIAN_POINT('Ctrl Pts',(5.38881307131631,5.3057301526478,9.2));
#12385=CARTESIAN_POINT('Ctrl Pts',(5.37610384181645,5.36678937932197,9.2));
#12386=CARTESIAN_POINT('Ctrl Pts',(5.35290035422867,5.47826639752111,9.2));
#12387=CARTESIAN_POINT('Ctrl Pts',(5.27687880455971,5.56237134886946,9.2));
#12388=CARTESIAN_POINT('Ctrl Pts',(5.24249648339136,5.60040955595285,9.2));
#12389=CARTESIAN_POINT('',(5.24249648339136,5.60040955595285,10.));
#12390=CARTESIAN_POINT('',(5.24249648339136,5.60040955595285,10.));
#12391=CARTESIAN_POINT('Ctrl Pts',(5.38881307131631,5.3057301526478,10.));
#12392=CARTESIAN_POINT('Ctrl Pts',(5.37610384181645,5.36678937932197,10.));
#12393=CARTESIAN_POINT('Ctrl Pts',(5.35290035422867,5.47826639752111,10.));
#12394=CARTESIAN_POINT('Ctrl Pts',(5.27687880455971,5.56237134886946,10.));
#12395=CARTESIAN_POINT('Ctrl Pts',(5.24249648339136,5.60040955595285,10.));
#12396=CARTESIAN_POINT('Ctrl Pts',(5.24249648339136,5.60040955595285,9.2));
#12397=CARTESIAN_POINT('Ctrl Pts',(5.24249648339136,5.60040955595285,10.));
#12398=CARTESIAN_POINT('Ctrl Pts',(5.1994367298189,5.62721955139174,9.2));
#12399=CARTESIAN_POINT('Ctrl Pts',(5.1994367298189,5.62721955139174,10.));
#12400=CARTESIAN_POINT('Ctrl Pts',(5.1055259126422,5.68569059154606,9.2));
#12401=CARTESIAN_POINT('Ctrl Pts',(5.1055259126422,5.68569059154606,10.));
#12402=CARTESIAN_POINT('Ctrl Pts',(4.99458702450289,5.69010585700883,9.2));
#12403=CARTESIAN_POINT('Ctrl Pts',(4.99458702450289,5.69010585700883,10.));
#12404=CARTESIAN_POINT('Ctrl Pts',(4.93451555854661,5.69249664596826,9.2));
#12405=CARTESIAN_POINT('Ctrl Pts',(4.93451555854661,5.69249664596826,10.));
#12406=CARTESIAN_POINT('',(4.93451555854661,5.69249664596826,9.2));
#12407=CARTESIAN_POINT('Ctrl Pts',(5.24249648339136,5.60040955595285,9.2));
#12408=CARTESIAN_POINT('Ctrl Pts',(5.1994367298189,5.62721955139174,9.2));
#12409=CARTESIAN_POINT('Ctrl Pts',(5.1055259126422,5.68569059154606,9.2));
#12410=CARTESIAN_POINT('Ctrl Pts',(4.99458702450289,5.69010585700883,9.2));
#12411=CARTESIAN_POINT('Ctrl Pts',(4.93451555854661,5.69249664596826,9.2));
#12412=CARTESIAN_POINT('',(4.93451555854661,5.69249664596826,10.));
#12413=CARTESIAN_POINT('',(4.93451555854661,5.69249664596826,10.));
#12414=CARTESIAN_POINT('Ctrl Pts',(5.24249648339136,5.60040955595285,10.));
#12415=CARTESIAN_POINT('Ctrl Pts',(5.1994367298189,5.62721955139174,10.));
#12416=CARTESIAN_POINT('Ctrl Pts',(5.1055259126422,5.68569059154606,10.));
#12417=CARTESIAN_POINT('Ctrl Pts',(4.99458702450289,5.69010585700883,10.));
#12418=CARTESIAN_POINT('Ctrl Pts',(4.93451555854661,5.69249664596826,10.));
#12419=CARTESIAN_POINT('Ctrl Pts',(4.93451555854661,5.69249664596826,9.2));
#12420=CARTESIAN_POINT('Ctrl Pts',(4.93451555854661,5.69249664596826,10.));
#12421=CARTESIAN_POINT('Ctrl Pts',(4.88595387677479,5.69115762580264,9.2));
#12422=CARTESIAN_POINT('Ctrl Pts',(4.88595387677479,5.69115762580264,10.));
#12423=CARTESIAN_POINT('Ctrl Pts',(4.79859104193928,5.68874871834099,9.2));
#12424=CARTESIAN_POINT('Ctrl Pts',(4.79859104193928,5.68874871834099,10.));
#12425=CARTESIAN_POINT('Ctrl Pts',(4.72408626577956,5.64387346583878,9.2));
#12426=CARTESIAN_POINT('Ctrl Pts',(4.72408626577956,5.64387346583878,10.));
#12427=CARTESIAN_POINT('Ctrl Pts',(4.69099586493356,5.62394266180307,9.2));
#12428=CARTESIAN_POINT('Ctrl Pts',(4.69099586493356,5.62394266180307,10.));
#12429=CARTESIAN_POINT('',(4.69099586493356,5.62394266180307,9.2));
#12430=CARTESIAN_POINT('Ctrl Pts',(4.93451555854661,5.69249664596826,9.2));
#12431=CARTESIAN_POINT('Ctrl Pts',(4.88595387677479,5.69115762580264,9.2));
#12432=CARTESIAN_POINT('Ctrl Pts',(4.79859104193928,5.68874871834099,9.2));
#12433=CARTESIAN_POINT('Ctrl Pts',(4.72408626577956,5.64387346583878,9.2));
#12434=CARTESIAN_POINT('Ctrl Pts',(4.69099586493356,5.62394266180307,9.2));
#12435=CARTESIAN_POINT('',(4.69099586493356,5.62394266180307,10.));
#12436=CARTESIAN_POINT('',(4.69099586493356,5.62394266180307,10.));
#12437=CARTESIAN_POINT('Ctrl Pts',(4.93451555854661,5.69249664596826,10.));
#12438=CARTESIAN_POINT('Ctrl Pts',(4.88595387677479,5.69115762580264,10.));
#12439=CARTESIAN_POINT('Ctrl Pts',(4.79859104193928,5.68874871834099,10.));
#12440=CARTESIAN_POINT('Ctrl Pts',(4.72408626577956,5.64387346583878,10.));
#12441=CARTESIAN_POINT('Ctrl Pts',(4.69099586493356,5.62394266180307,10.));
#12442=CARTESIAN_POINT('Ctrl Pts',(4.69099586493356,5.62394266180307,9.2));
#12443=CARTESIAN_POINT('Ctrl Pts',(4.69099586493356,5.62394266180307,10.));
#12444=CARTESIAN_POINT('Ctrl Pts',(4.66712539626559,5.60026693988891,9.2));
#12445=CARTESIAN_POINT('Ctrl Pts',(4.66712539626559,5.60026693988891,10.));
#12446=CARTESIAN_POINT('Ctrl Pts',(4.62050640715704,5.55402829089523,9.2));
#12447=CARTESIAN_POINT('Ctrl Pts',(4.62050640715704,5.55402829089523,10.));
#12448=CARTESIAN_POINT('Ctrl Pts',(4.61286786396509,5.4889287338476,9.2));
#12449=CARTESIAN_POINT('Ctrl Pts',(4.61286786396509,5.4889287338476,10.));
#12450=CARTESIAN_POINT('Ctrl Pts',(4.60914050824029,5.4571623092106,9.2));
#12451=CARTESIAN_POINT('Ctrl Pts',(4.60914050824029,5.4571623092106,10.));
#12452=CARTESIAN_POINT('',(4.60914050824029,5.4571623092106,9.2));
#12453=CARTESIAN_POINT('Ctrl Pts',(4.69099586493356,5.62394266180307,9.2));
#12454=CARTESIAN_POINT('Ctrl Pts',(4.66712539626559,5.60026693988891,9.2));
#12455=CARTESIAN_POINT('Ctrl Pts',(4.62050640715704,5.55402829089523,9.2));
#12456=CARTESIAN_POINT('Ctrl Pts',(4.61286786396509,5.4889287338476,9.2));
#12457=CARTESIAN_POINT('Ctrl Pts',(4.60914050824029,5.4571623092106,9.2));
#12458=CARTESIAN_POINT('',(4.60914050824029,5.4571623092106,10.));
#12459=CARTESIAN_POINT('',(4.60914050824029,5.4571623092106,10.));
#12460=CARTESIAN_POINT('Ctrl Pts',(4.69099586493356,5.62394266180307,10.));
#12461=CARTESIAN_POINT('Ctrl Pts',(4.66712539626559,5.60026693988891,10.));
#12462=CARTESIAN_POINT('Ctrl Pts',(4.62050640715704,5.55402829089523,10.));
#12463=CARTESIAN_POINT('Ctrl Pts',(4.61286786396509,5.4889287338476,10.));
#12464=CARTESIAN_POINT('Ctrl Pts',(4.60914050824029,5.4571623092106,10.));
#12465=CARTESIAN_POINT('Ctrl Pts',(4.60914050824029,5.4571623092106,9.2));
#12466=CARTESIAN_POINT('Ctrl Pts',(4.60914050824029,5.4571623092106,10.));
#12467=CARTESIAN_POINT('Ctrl Pts',(4.61258044746515,5.43337426761515,9.2));
#12468=CARTESIAN_POINT('Ctrl Pts',(4.61258044746515,5.43337426761515,10.));
#12469=CARTESIAN_POINT('Ctrl Pts',(4.61990624369994,5.38271455121838,9.2));
#12470=CARTESIAN_POINT('Ctrl Pts',(4.61990624369994,5.38271455121838,10.));
#12471=CARTESIAN_POINT('Ctrl Pts',(4.65699690461804,5.34712047843199,9.2));
#12472=CARTESIAN_POINT('Ctrl Pts',(4.65699690461804,5.34712047843199,10.));
#12473=CARTESIAN_POINT('Ctrl Pts',(4.67667108065469,5.32824014477045,9.2));
#12474=CARTESIAN_POINT('Ctrl Pts',(4.67667108065469,5.32824014477045,10.));
#12475=CARTESIAN_POINT('',(4.67667108065469,5.32824014477045,9.2));
#12476=CARTESIAN_POINT('Ctrl Pts',(4.60914050824029,5.4571623092106,9.2));
#12477=CARTESIAN_POINT('Ctrl Pts',(4.61258044746515,5.43337426761515,9.2));
#12478=CARTESIAN_POINT('Ctrl Pts',(4.61990624369994,5.38271455121838,9.2));
#12479=CARTESIAN_POINT('Ctrl Pts',(4.65699690461804,5.34712047843199,9.2));
#12480=CARTESIAN_POINT('Ctrl Pts',(4.67667108065469,5.32824014477045,9.2));
#12481=CARTESIAN_POINT('',(4.67667108065469,5.32824014477045,10.));
#12482=CARTESIAN_POINT('',(4.67667108065469,5.32824014477045,10.));
#12483=CARTESIAN_POINT('Ctrl Pts',(4.60914050824029,5.4571623092106,10.));
#12484=CARTESIAN_POINT('Ctrl Pts',(4.61258044746515,5.43337426761515,10.));
#12485=CARTESIAN_POINT('Ctrl Pts',(4.61990624369994,5.38271455121838,10.));
#12486=CARTESIAN_POINT('Ctrl Pts',(4.65699690461804,5.34712047843199,10.));
#12487=CARTESIAN_POINT('Ctrl Pts',(4.67667108065469,5.32824014477045,10.));
#12488=CARTESIAN_POINT('Ctrl Pts',(4.67667108065469,5.32824014477045,9.2));
#12489=CARTESIAN_POINT('Ctrl Pts',(4.67667108065469,5.32824014477045,10.));
#12490=CARTESIAN_POINT('Ctrl Pts',(4.71289294377323,5.30755447377836,9.2));
#12491=CARTESIAN_POINT('Ctrl Pts',(4.71289294377323,5.30755447377836,10.));
#12492=CARTESIAN_POINT('Ctrl Pts',(4.80949111953984,5.25238894913914,9.2));
#12493=CARTESIAN_POINT('Ctrl Pts',(4.80949111953984,5.25238894913914,10.));
#12494=CARTESIAN_POINT('Ctrl Pts',(4.91916972891637,5.23106391028359,9.2));
#12495=CARTESIAN_POINT('Ctrl Pts',(4.91916972891637,5.23106391028359,10.));
#12496=CARTESIAN_POINT('Ctrl Pts',(4.98772164470537,5.21773521951944,9.2));
#12497=CARTESIAN_POINT('Ctrl Pts',(4.98772164470537,5.21773521951944,10.));
#12498=CARTESIAN_POINT('',(4.98772164470537,5.21773521951944,9.2));
#12499=CARTESIAN_POINT('Ctrl Pts',(4.67667108065469,5.32824014477045,9.2));
#12500=CARTESIAN_POINT('Ctrl Pts',(4.71289294377323,5.30755447377836,9.2));
#12501=CARTESIAN_POINT('Ctrl Pts',(4.80949111953984,5.25238894913914,9.2));
#12502=CARTESIAN_POINT('Ctrl Pts',(4.91916972891637,5.23106391028359,9.2));
#12503=CARTESIAN_POINT('Ctrl Pts',(4.98772164470537,5.21773521951944,9.2));
#12504=CARTESIAN_POINT('',(4.98772164470537,5.21773521951944,10.));
#12505=CARTESIAN_POINT('',(4.98772164470537,5.21773521951944,10.));
#12506=CARTESIAN_POINT('Ctrl Pts',(4.67667108065469,5.32824014477045,10.));
#12507=CARTESIAN_POINT('Ctrl Pts',(4.71289294377323,5.30755447377836,10.));
#12508=CARTESIAN_POINT('Ctrl Pts',(4.80949111953984,5.25238894913914,10.));
#12509=CARTESIAN_POINT('Ctrl Pts',(4.91916972891637,5.23106391028359,10.));
#12510=CARTESIAN_POINT('Ctrl Pts',(4.98772164470537,5.21773521951944,10.));
#12511=CARTESIAN_POINT('Ctrl Pts',(4.98772164470537,5.21773521951944,9.2));
#12512=CARTESIAN_POINT('Ctrl Pts',(4.98772164470537,5.21773521951944,10.));
#12513=CARTESIAN_POINT('Ctrl Pts',(5.16344616761683,5.17973312706862,9.2));
#12514=CARTESIAN_POINT('Ctrl Pts',(5.16344616761683,5.17973312706862,10.));
#12515=CARTESIAN_POINT('Ctrl Pts',(5.46125263348682,5.1153296581564,9.2));
#12516=CARTESIAN_POINT('Ctrl Pts',(5.46125263348682,5.1153296581564,10.));
#12517=CARTESIAN_POINT('Ctrl Pts',(5.74297135477646,5.00000476008269,9.2));
#12518=CARTESIAN_POINT('Ctrl Pts',(5.74297135477646,5.00000476008269,10.));
#12519=CARTESIAN_POINT('Ctrl Pts',(5.85845833308084,4.95272879652292,9.2));
#12520=CARTESIAN_POINT('Ctrl Pts',(5.85845833308084,4.95272879652292,10.));
#12521=CARTESIAN_POINT('',(5.85845833308084,4.95272879652292,9.2));
#12522=CARTESIAN_POINT('Ctrl Pts',(4.98772164470537,5.21773521951944,9.2));
#12523=CARTESIAN_POINT('Ctrl Pts',(5.16344616761683,5.17973312706862,9.2));
#12524=CARTESIAN_POINT('Ctrl Pts',(5.46125263348682,5.1153296581564,9.2));
#12525=CARTESIAN_POINT('Ctrl Pts',(5.74297135477646,5.00000476008269,9.2));
#12526=CARTESIAN_POINT('Ctrl Pts',(5.85845833308084,4.95272879652292,9.2));
#12527=CARTESIAN_POINT('',(5.85845833308084,4.95272879652292,10.));
#12528=CARTESIAN_POINT('',(5.85845833308084,4.95272879652292,10.));
#12529=CARTESIAN_POINT('Ctrl Pts',(4.98772164470537,5.21773521951944,10.));
#12530=CARTESIAN_POINT('Ctrl Pts',(5.16344616761683,5.17973312706862,10.));
#12531=CARTESIAN_POINT('Ctrl Pts',(5.46125263348682,5.1153296581564,10.));
#12532=CARTESIAN_POINT('Ctrl Pts',(5.74297135477646,5.00000476008269,10.));
#12533=CARTESIAN_POINT('Ctrl Pts',(5.85845833308084,4.95272879652292,10.));
#12534=CARTESIAN_POINT('Ctrl Pts',(5.85845833308084,4.95272879652292,9.2));
#12535=CARTESIAN_POINT('Ctrl Pts',(5.85845833308084,4.95272879652292,10.));
#12536=CARTESIAN_POINT('Ctrl Pts',(5.93864822084114,4.90773322982859,9.2));
#12537=CARTESIAN_POINT('Ctrl Pts',(5.93864822084114,4.90773322982859,10.));
#12538=CARTESIAN_POINT('Ctrl Pts',(6.08942739008574,4.82312911881972,9.2));
#12539=CARTESIAN_POINT('Ctrl Pts',(6.08942739008574,4.82312911881972,10.));
#12540=CARTESIAN_POINT('Ctrl Pts',(6.19275695694834,4.68490321138338,9.2));
#12541=CARTESIAN_POINT('Ctrl Pts',(6.19275695694834,4.68490321138338,10.));
#12542=CARTESIAN_POINT('Ctrl Pts',(6.2411320734678,4.62019090704233,9.2));
#12543=CARTESIAN_POINT('Ctrl Pts',(6.2411320734678,4.62019090704233,10.));
#12544=CARTESIAN_POINT('',(6.2411320734678,4.62019090704233,9.2));
#12545=CARTESIAN_POINT('Ctrl Pts',(5.85845833308084,4.95272879652292,9.2));
#12546=CARTESIAN_POINT('Ctrl Pts',(5.93864822084114,4.90773322982859,9.2));
#12547=CARTESIAN_POINT('Ctrl Pts',(6.08942739008574,4.82312911881972,9.2));
#12548=CARTESIAN_POINT('Ctrl Pts',(6.19275695694834,4.68490321138338,9.2));
#12549=CARTESIAN_POINT('Ctrl Pts',(6.2411320734678,4.62019090704233,9.2));
#12550=CARTESIAN_POINT('',(6.2411320734678,4.62019090704233,10.));
#12551=CARTESIAN_POINT('',(6.2411320734678,4.62019090704233,10.));
#12552=CARTESIAN_POINT('Ctrl Pts',(5.85845833308084,4.95272879652292,10.));
#12553=CARTESIAN_POINT('Ctrl Pts',(5.93864822084114,4.90773322982859,10.));
#12554=CARTESIAN_POINT('Ctrl Pts',(6.08942739008574,4.82312911881972,10.));
#12555=CARTESIAN_POINT('Ctrl Pts',(6.19275695694834,4.68490321138338,10.));
#12556=CARTESIAN_POINT('Ctrl Pts',(6.2411320734678,4.62019090704233,10.));
#12557=CARTESIAN_POINT('Ctrl Pts',(6.2411320734678,4.62019090704233,9.2));
#12558=CARTESIAN_POINT('Ctrl Pts',(6.2411320734678,4.62019090704233,10.));
#12559=CARTESIAN_POINT('Ctrl Pts',(6.27604624366686,4.55145762936829,9.2));
#12560=CARTESIAN_POINT('Ctrl Pts',(6.27604624366686,4.55145762936829,10.));
#12561=CARTESIAN_POINT('Ctrl Pts',(6.34695478422369,4.41186455355508,9.2));
#12562=CARTESIAN_POINT('Ctrl Pts',(6.34695478422369,4.41186455355508,10.));
#12563=CARTESIAN_POINT('Ctrl Pts',(6.35616855365233,4.25549924221836,9.2));
#12564=CARTESIAN_POINT('Ctrl Pts',(6.35616855365233,4.25549924221836,10.));
#12565=CARTESIAN_POINT('Ctrl Pts',(6.36084561831338,4.17612557462961,9.2));
#12566=CARTESIAN_POINT('Ctrl Pts',(6.36084561831338,4.17612557462961,10.));
#12567=CARTESIAN_POINT('',(6.36084561831338,4.17612557462961,9.2));
#12568=CARTESIAN_POINT('Ctrl Pts',(6.2411320734678,4.62019090704233,9.2));
#12569=CARTESIAN_POINT('Ctrl Pts',(6.27604624366686,4.55145762936829,9.2));
#12570=CARTESIAN_POINT('Ctrl Pts',(6.34695478422369,4.41186455355508,9.2));
#12571=CARTESIAN_POINT('Ctrl Pts',(6.35616855365233,4.25549924221836,9.2));
#12572=CARTESIAN_POINT('Ctrl Pts',(6.36084561831338,4.17612557462961,9.2));
#12573=CARTESIAN_POINT('',(6.36084561831338,4.17612557462961,10.));
#12574=CARTESIAN_POINT('',(6.36084561831338,4.17612557462961,10.));
#12575=CARTESIAN_POINT('Ctrl Pts',(6.2411320734678,4.62019090704233,10.));
#12576=CARTESIAN_POINT('Ctrl Pts',(6.27604624366686,4.55145762936829,10.));
#12577=CARTESIAN_POINT('Ctrl Pts',(6.34695478422369,4.41186455355508,10.));
#12578=CARTESIAN_POINT('Ctrl Pts',(6.35616855365233,4.25549924221836,10.));
#12579=CARTESIAN_POINT('Ctrl Pts',(6.36084561831338,4.17612557462961,10.));
#12580=CARTESIAN_POINT('Ctrl Pts',(6.36084561831338,4.17612557462961,9.2));
#12581=CARTESIAN_POINT('Ctrl Pts',(6.36084561831338,4.17612557462961,10.));
#12582=CARTESIAN_POINT('Ctrl Pts',(6.35413083715459,4.08172383221152,9.2));
#12583=CARTESIAN_POINT('Ctrl Pts',(6.35413083715459,4.08172383221152,10.));
#12584=CARTESIAN_POINT('Ctrl Pts',(6.34066873534657,3.89246288129855,9.2));
#12585=CARTESIAN_POINT('Ctrl Pts',(6.34066873534657,3.89246288129855,10.));
#12586=CARTESIAN_POINT('Ctrl Pts',(6.24778285573714,3.72699781602856,9.2));
#12587=CARTESIAN_POINT('Ctrl Pts',(6.24778285573714,3.72699781602856,10.));
#12588=CARTESIAN_POINT('Ctrl Pts',(6.20122765786035,3.64406530908853,9.2));
#12589=CARTESIAN_POINT('Ctrl Pts',(6.20122765786035,3.64406530908853,10.));
#12590=CARTESIAN_POINT('',(6.20122765786035,3.64406530908853,9.2));
#12591=CARTESIAN_POINT('Ctrl Pts',(6.36084561831338,4.17612557462961,9.2));
#12592=CARTESIAN_POINT('Ctrl Pts',(6.35413083715459,4.08172383221152,9.2));
#12593=CARTESIAN_POINT('Ctrl Pts',(6.34066873534657,3.89246288129855,9.2));
#12594=CARTESIAN_POINT('Ctrl Pts',(6.24778285573714,3.72699781602856,9.2));
#12595=CARTESIAN_POINT('Ctrl Pts',(6.20122765786035,3.64406530908853,9.2));
#12596=CARTESIAN_POINT('',(6.20122765786035,3.64406530908853,10.));
#12597=CARTESIAN_POINT('',(6.20122765786035,3.64406530908853,10.));
#12598=CARTESIAN_POINT('Ctrl Pts',(6.36084561831338,4.17612557462961,10.));
#12599=CARTESIAN_POINT('Ctrl Pts',(6.35413083715459,4.08172383221152,10.));
#12600=CARTESIAN_POINT('Ctrl Pts',(6.34066873534657,3.89246288129855,10.));
#12601=CARTESIAN_POINT('Ctrl Pts',(6.24778285573714,3.72699781602856,10.));
#12602=CARTESIAN_POINT('Ctrl Pts',(6.20122765786035,3.64406530908853,10.));
#12603=CARTESIAN_POINT('Ctrl Pts',(6.20122765786035,3.64406530908853,9.2));
#12604=CARTESIAN_POINT('Ctrl Pts',(6.20122765786035,3.64406530908853,10.));
#12605=CARTESIAN_POINT('Ctrl Pts',(6.14185082515546,3.56741161559481,9.2));
#12606=CARTESIAN_POINT('Ctrl Pts',(6.14185082515546,3.56741161559481,10.));
#12607=CARTESIAN_POINT('Ctrl Pts',(6.02077710178135,3.41110910401107,9.2));
#12608=CARTESIAN_POINT('Ctrl Pts',(6.02077710178135,3.41110910401107,10.));
#12609=CARTESIAN_POINT('Ctrl Pts',(5.84479365315554,3.3207422097332,9.2));
#12610=CARTESIAN_POINT('Ctrl Pts',(5.84479365315554,3.3207422097332,10.));
#12611=CARTESIAN_POINT('Ctrl Pts',(5.75511579996927,3.27469294122965,9.2));
#12612=CARTESIAN_POINT('Ctrl Pts',(5.75511579996927,3.27469294122965,10.));
#12613=CARTESIAN_POINT('',(5.75511579996927,3.27469294122965,9.2));
#12614=CARTESIAN_POINT('Ctrl Pts',(6.20122765786035,3.64406530908853,9.2));
#12615=CARTESIAN_POINT('Ctrl Pts',(6.14185082515546,3.56741161559481,9.2));
#12616=CARTESIAN_POINT('Ctrl Pts',(6.02077710178135,3.41110910401107,9.2));
#12617=CARTESIAN_POINT('Ctrl Pts',(5.84479365315554,3.3207422097332,9.2));
#12618=CARTESIAN_POINT('Ctrl Pts',(5.75511579996927,3.27469294122965,9.2));
#12619=CARTESIAN_POINT('',(5.75511579996927,3.27469294122965,10.));
#12620=CARTESIAN_POINT('',(5.75511579996927,3.27469294122965,10.));
#12621=CARTESIAN_POINT('Ctrl Pts',(6.20122765786035,3.64406530908853,10.));
#12622=CARTESIAN_POINT('Ctrl Pts',(6.14185082515546,3.56741161559481,10.));
#12623=CARTESIAN_POINT('Ctrl Pts',(6.02077710178135,3.41110910401107,10.));
#12624=CARTESIAN_POINT('Ctrl Pts',(5.84479365315554,3.3207422097332,10.));
#12625=CARTESIAN_POINT('Ctrl Pts',(5.75511579996927,3.27469294122965,10.));
#12626=CARTESIAN_POINT('Ctrl Pts',(5.75511579996927,3.27469294122965,9.2));
#12627=CARTESIAN_POINT('Ctrl Pts',(5.75511579996927,3.27469294122965,10.));
#12628=CARTESIAN_POINT('Ctrl Pts',(5.6481170135458,3.23805514671488,9.2));
#12629=CARTESIAN_POINT('Ctrl Pts',(5.6481170135458,3.23805514671488,10.));
#12630=CARTESIAN_POINT('Ctrl Pts',(5.41430754695271,3.15799570418307,9.2));
#12631=CARTESIAN_POINT('Ctrl Pts',(5.41430754695271,3.15799570418307,10.));
#12632=CARTESIAN_POINT('Ctrl Pts',(5.16691809842063,3.1520596444606,9.2));
#12633=CARTESIAN_POINT('Ctrl Pts',(5.16691809842063,3.1520596444606,10.));
#12634=CARTESIAN_POINT('Ctrl Pts',(5.0327420759855,3.1488401179722,9.2));
#12635=CARTESIAN_POINT('Ctrl Pts',(5.0327420759855,3.1488401179722,10.));
#12636=CARTESIAN_POINT('',(5.0327420759855,3.1488401179722,9.2));
#12637=CARTESIAN_POINT('Ctrl Pts',(5.75511579996927,3.27469294122965,9.2));
#12638=CARTESIAN_POINT('Ctrl Pts',(5.6481170135458,3.23805514671488,9.2));
#12639=CARTESIAN_POINT('Ctrl Pts',(5.41430754695271,3.15799570418307,9.2));
#12640=CARTESIAN_POINT('Ctrl Pts',(5.16691809842063,3.1520596444606,9.2));
#12641=CARTESIAN_POINT('Ctrl Pts',(5.0327420759855,3.1488401179722,9.2));
#12642=CARTESIAN_POINT('',(5.0327420759855,3.1488401179722,10.));
#12643=CARTESIAN_POINT('',(5.0327420759855,3.1488401179722,10.));
#12644=CARTESIAN_POINT('Ctrl Pts',(5.75511579996927,3.27469294122965,10.));
#12645=CARTESIAN_POINT('Ctrl Pts',(5.6481170135458,3.23805514671488,10.));
#12646=CARTESIAN_POINT('Ctrl Pts',(5.41430754695271,3.15799570418307,10.));
#12647=CARTESIAN_POINT('Ctrl Pts',(5.16691809842063,3.1520596444606,10.));
#12648=CARTESIAN_POINT('Ctrl Pts',(5.0327420759855,3.1488401179722,10.));
#12649=CARTESIAN_POINT('Ctrl Pts',(5.0327420759855,3.1488401179722,9.2));
#12650=CARTESIAN_POINT('Ctrl Pts',(5.0327420759855,3.1488401179722,10.));
#12651=CARTESIAN_POINT('Ctrl Pts',(4.80975130275559,3.15066600391217,9.2));
#12652=CARTESIAN_POINT('Ctrl Pts',(4.80975130275559,3.15066600391217,10.));
#12653=CARTESIAN_POINT('Ctrl Pts',(4.4267191186265,3.15380233583041,9.2));
#12654=CARTESIAN_POINT('Ctrl Pts',(4.4267191186265,3.15380233583041,10.));
#12655=CARTESIAN_POINT('Ctrl Pts',(4.10650784620326,3.35814113509695,9.2));
#12656=CARTESIAN_POINT('Ctrl Pts',(4.10650784620326,3.35814113509695,10.));
#12657=CARTESIAN_POINT('Ctrl Pts',(3.97271474487169,3.44351952127725,9.2));
#12658=CARTESIAN_POINT('Ctrl Pts',(3.97271474487169,3.44351952127725,10.));
#12659=CARTESIAN_POINT('Ctrl Pts',(5.0327420759855,3.1488401179722,9.2));
#12660=CARTESIAN_POINT('Ctrl Pts',(4.80975130275559,3.15066600391217,9.2));
#12661=CARTESIAN_POINT('Ctrl Pts',(4.4267191186265,3.15380233583041,9.2));
#12662=CARTESIAN_POINT('Ctrl Pts',(4.10650784620326,3.35814113509695,9.2));
#12663=CARTESIAN_POINT('Ctrl Pts',(3.97271474487169,3.44351952127725,9.2));
#12664=CARTESIAN_POINT('Ctrl Pts',(5.0327420759855,3.1488401179722,10.));
#12665=CARTESIAN_POINT('Ctrl Pts',(4.80975130275559,3.15066600391217,10.));
#12666=CARTESIAN_POINT('Ctrl Pts',(4.4267191186265,3.15380233583041,10.));
#12667=CARTESIAN_POINT('Ctrl Pts',(4.10650784620326,3.35814113509695,10.));
#12668=CARTESIAN_POINT('Ctrl Pts',(3.97271474487169,3.44351952127725,10.));
#12669=CARTESIAN_POINT('Origin',(-25.4000000013718,0.,9.2));
#12670=CARTESIAN_POINT('Origin',(-4.36255102076671,4.69693041825657,10.));
#12671=CARTESIAN_POINT('',(-4.36255102076671,4.36643935227757,9.2));
#12672=CARTESIAN_POINT('',(-4.36255102076671,5.02742148423557,9.2));
#12673=CARTESIAN_POINT('',(-4.36255102076671,4.36643935227757,9.2));
#12674=CARTESIAN_POINT('',(-4.36255102076671,5.02742148423557,10.));
#12675=CARTESIAN_POINT('',(-4.36255102076671,5.02742148423557,10.));
#12676=CARTESIAN_POINT('',(-4.36255102076671,4.36643935227757,10.));
#12677=CARTESIAN_POINT('',(-4.36255102076671,2.34846520912829,10.));
#12678=CARTESIAN_POINT('',(-4.36255102076671,4.36643935227757,10.));
#12679=CARTESIAN_POINT('Origin',(-3.97066836276195,5.02742148423557,10.));
#12680=CARTESIAN_POINT('',(-3.57878570475719,5.02742148423557,9.2));
#12681=CARTESIAN_POINT('',(-4.36255102076671,5.02742148423557,9.2));
#12682=CARTESIAN_POINT('',(-3.57878570475719,5.02742148423557,10.));
#12683=CARTESIAN_POINT('',(-3.57878570475719,5.02742148423557,10.));
#12684=CARTESIAN_POINT('',(-14.6853341820669,5.02742148423557,10.));
#12685=CARTESIAN_POINT('Origin',(-3.57878570475719,5.4213506677187,10.));
#12686=CARTESIAN_POINT('',(-3.57878570475719,5.81527985120182,9.2));
#12687=CARTESIAN_POINT('',(-3.57878570475719,5.02742148423557,9.2));
#12688=CARTESIAN_POINT('',(-3.57878570475719,5.81527985120182,10.));
#12689=CARTESIAN_POINT('',(-3.57878570475719,5.81527985120182,10.));
#12690=CARTESIAN_POINT('',(-3.57878570475719,2.71067533385936,10.));
#12691=CARTESIAN_POINT('Origin',(-3.24829463877819,5.81527985120182,10.));
#12692=CARTESIAN_POINT('',(-2.91780357279918,5.81527985120182,9.2));
#12693=CARTESIAN_POINT('',(-3.57878570475719,5.81527985120182,9.2));
#12694=CARTESIAN_POINT('',(-2.91780357279918,5.81527985120182,10.));
#12695=CARTESIAN_POINT('',(-2.91780357279918,5.81527985120182,10.));
#12696=CARTESIAN_POINT('',(-14.324147320075,5.81527985120182,10.));
#12697=CARTESIAN_POINT('Origin',(-2.91780357279918,5.4213506677187,10.));
#12698=CARTESIAN_POINT('',(-2.91780357279918,5.02742148423557,9.2));
#12699=CARTESIAN_POINT('',(-2.91780357279918,5.81527985120182,9.2));
#12700=CARTESIAN_POINT('',(-2.91780357279918,5.02742148423557,10.));
#12701=CARTESIAN_POINT('',(-2.91780357279918,5.02742148423557,10.));
#12702=CARTESIAN_POINT('',(-2.91780357279918,2.71067533385936,10.));
#12703=CARTESIAN_POINT('Origin',(-2.52387438931606,5.02742148423557,10.));
#12704=CARTESIAN_POINT('',(-2.12994520583294,5.02742148423557,9.2));
#12705=CARTESIAN_POINT('',(-2.91780357279918,5.02742148423557,9.2));
#12706=CARTESIAN_POINT('',(-2.12994520583294,5.02742148423557,10.));
#12707=CARTESIAN_POINT('',(-2.12994520583294,5.02742148423557,10.));
#12708=CARTESIAN_POINT('',(-13.9619371953439,5.02742148423557,10.));
#12709=CARTESIAN_POINT('Origin',(-2.12994520583294,4.69693041825657,10.));
#12710=CARTESIAN_POINT('',(-2.12994520583294,4.36643935227757,9.2));
#12711=CARTESIAN_POINT('',(-2.12994520583294,5.02742148423557,9.2));
#12712=CARTESIAN_POINT('',(-2.12994520583294,4.36643935227757,10.));
#12713=CARTESIAN_POINT('',(-2.12994520583294,4.36643935227757,10.));
#12714=CARTESIAN_POINT('',(-2.12994520583293,2.34846520912829,10.));
#12715=CARTESIAN_POINT('Origin',(-2.52387438931606,4.36643935227757,10.));
#12716=CARTESIAN_POINT('',(-2.91780357279918,4.36643935227757,9.2));
#12717=CARTESIAN_POINT('',(-2.12994520583294,4.36643935227757,9.2));
#12718=CARTESIAN_POINT('',(-2.91780357279918,4.36643935227757,10.));
#12719=CARTESIAN_POINT('',(-2.91780357279918,4.36643935227757,10.));
#12720=CARTESIAN_POINT('',(-13.9619371953439,4.36643935227757,10.));
#12721=CARTESIAN_POINT('Origin',(-2.91780357279918,3.97455654526119,10.));
#12722=CARTESIAN_POINT('',(-2.91780357279918,3.58267373824482,9.2));
#12723=CARTESIAN_POINT('',(-2.91780357279918,4.36643935227757,9.2));
#12724=CARTESIAN_POINT('',(-2.91780357279918,3.58267373824482,10.));
#12725=CARTESIAN_POINT('',(-2.91780357279918,3.58267373824482,10.));
#12726=CARTESIAN_POINT('',(-2.91780357279918,1.9872782726306,10.));
#12727=CARTESIAN_POINT('Origin',(-3.24829463877819,3.58267373824482,10.));
#12728=CARTESIAN_POINT('',(-3.57878570475719,3.58267373824482,9.2));
#12729=CARTESIAN_POINT('',(-2.91780357279918,3.58267373824482,9.2));
#12730=CARTESIAN_POINT('',(-3.57878570475719,3.58267373824482,10.));
#12731=CARTESIAN_POINT('',(-3.57878570475719,3.58267373824482,10.));
#12732=CARTESIAN_POINT('',(-14.324147320075,3.58267373824482,10.));
#12733=CARTESIAN_POINT('Origin',(-3.57878570475719,3.97455654526119,10.));
#12734=CARTESIAN_POINT('',(-3.57878570475719,4.36643935227757,9.2));
#12735=CARTESIAN_POINT('',(-3.57878570475719,3.58267373824482,9.2));
#12736=CARTESIAN_POINT('',(-3.57878570475719,4.36643935227757,10.));
#12737=CARTESIAN_POINT('',(-3.57878570475719,4.36643935227757,10.));
#12738=CARTESIAN_POINT('',(-3.57878570475719,1.9872782726306,10.));
#12739=CARTESIAN_POINT('Origin',(-3.97066836276195,4.36643935227757,10.));
#12740=CARTESIAN_POINT('',(-3.57878570475719,4.36643935227757,9.2));
#12741=CARTESIAN_POINT('',(-14.6853341820669,4.36643935227757,10.));
#12742=CARTESIAN_POINT('Origin',(-25.4000000013718,0.,9.2));
#12743=CARTESIAN_POINT('Origin',(-14.0259208225555,4.29379257837817,10.));
#12744=CARTESIAN_POINT('',(-14.0259208225555,3.97148701826617,9.2));
#12745=CARTESIAN_POINT('',(-14.0259208225555,4.61609813849017,9.2));
#12746=CARTESIAN_POINT('',(-14.0259208225555,3.97148701826617,9.2));
#12747=CARTESIAN_POINT('',(-14.0259208225555,4.61609813849017,10.));
#12748=CARTESIAN_POINT('',(-14.0259208225555,4.61609813849017,10.));
#12749=CARTESIAN_POINT('',(-14.0259208225555,3.97148701826617,10.));
#12750=CARTESIAN_POINT('',(-14.0259208225555,2.14689628918908,10.));
#12751=CARTESIAN_POINT('',(-14.0259208225555,3.97148701826617,10.));
#12752=CARTESIAN_POINT('Origin',(-13.4201909297056,4.61609813849017,10.));
#12753=CARTESIAN_POINT('',(-12.8144610368556,4.61609813849017,9.2));
#12754=CARTESIAN_POINT('',(-14.0259208225555,4.61609813849017,9.2));
#12755=CARTESIAN_POINT('',(-12.8144610368556,4.61609813849017,10.));
#12756=CARTESIAN_POINT('',(-12.8144610368556,4.61609813849017,10.));
#12757=CARTESIAN_POINT('',(-19.4100954655387,4.61609813849017,10.));
#12758=CARTESIAN_POINT('Origin',(-12.8144610368556,4.29379257837817,10.));
#12759=CARTESIAN_POINT('',(-12.8144610368556,3.97148701826617,9.2));
#12760=CARTESIAN_POINT('',(-12.8144610368556,4.61609813849017,9.2));
#12761=CARTESIAN_POINT('',(-12.8144610368556,3.97148701826617,10.));
#12762=CARTESIAN_POINT('',(-12.8144610368556,3.97148701826617,10.));
#12763=CARTESIAN_POINT('',(-12.8144610368556,2.14689628918908,10.));
#12764=CARTESIAN_POINT('Origin',(-13.4201909297056,3.97148701826617,10.));
#12765=CARTESIAN_POINT('',(-12.8144610368556,3.97148701826617,9.2));
#12766=CARTESIAN_POINT('',(-19.4100954655387,3.97148701826617,10.));
#12767=CARTESIAN_POINT('Origin',(-25.4000000013718,0.,9.2));
#12768=CARTESIAN_POINT('Origin',(14.6582537895931,5.25559323200136,10.));
#12769=CARTESIAN_POINT('',(14.6582537895931,5.59017705091386,9.2));
#12770=CARTESIAN_POINT('',(14.6582537895931,4.92100941308885,9.2));
#12771=CARTESIAN_POINT('',(14.6582537895931,5.59017705091386,9.2));
#12772=CARTESIAN_POINT('',(14.6582537895931,4.92100941308885,10.));
#12773=CARTESIAN_POINT('',(14.6582537895931,5.59017705091386,10.));
#12774=CARTESIAN_POINT('Origin',(14.7718281305327,4.92100941308885,10.));
#12775=CARTESIAN_POINT('',(14.8854024714722,4.92100941308885,9.2));
#12776=CARTESIAN_POINT('',(14.6582537895931,4.92100941308885,9.2));
#12777=CARTESIAN_POINT('',(14.8854024714722,4.92100941308885,10.));
#12778=CARTESIAN_POINT('Ctrl Pts',(14.8854024714722,4.92100941308885,9.2));
#12779=CARTESIAN_POINT('Ctrl Pts',(14.8854024714722,4.92100941308885,10.));
#12780=CARTESIAN_POINT('Ctrl Pts',(14.9634670120189,4.92153821982401,9.2));
#12781=CARTESIAN_POINT('Ctrl Pts',(14.9634670120189,4.92153821982401,10.));
#12782=CARTESIAN_POINT('Ctrl Pts',(15.0973431298534,4.92244509242317,9.2));
#12783=CARTESIAN_POINT('Ctrl Pts',(15.0973431298534,4.92244509242317,10.));
#12784=CARTESIAN_POINT('Ctrl Pts',(15.2135089113436,4.98714654457817,9.2));
#12785=CARTESIAN_POINT('Ctrl Pts',(15.2135089113436,4.98714654457817,10.));
#12786=CARTESIAN_POINT('Ctrl Pts',(15.2619372314705,5.01411991485505,9.2));
#12787=CARTESIAN_POINT('Ctrl Pts',(15.2619372314705,5.01411991485505,10.));
#12788=CARTESIAN_POINT('',(15.2619372314705,5.01411991485505,9.2));
#12789=CARTESIAN_POINT('Ctrl Pts',(14.8854024714722,4.92100941308885,9.2));
#12790=CARTESIAN_POINT('Ctrl Pts',(14.9634670120189,4.92153821982401,9.2));
#12791=CARTESIAN_POINT('Ctrl Pts',(15.0973431298534,4.92244509242317,9.2));
#12792=CARTESIAN_POINT('Ctrl Pts',(15.2135089113436,4.98714654457817,9.2));
#12793=CARTESIAN_POINT('Ctrl Pts',(15.2619372314705,5.01411991485505,9.2));
#12794=CARTESIAN_POINT('',(15.2619372314705,5.01411991485505,10.));
#12795=CARTESIAN_POINT('Ctrl Pts',(15.2619372314705,5.01411991485505,9.2));
#12796=CARTESIAN_POINT('Ctrl Pts',(15.2619372314705,5.01411991485505,10.));
#12797=CARTESIAN_POINT('Ctrl Pts',(15.2935707334955,5.04744361703151,9.2));
#12798=CARTESIAN_POINT('Ctrl Pts',(15.2935707334955,5.04744361703151,10.));
#12799=CARTESIAN_POINT('Ctrl Pts',(15.3571358819266,5.11440509582838,9.2));
#12800=CARTESIAN_POINT('Ctrl Pts',(15.3571358819266,5.11440509582838,10.));
#12801=CARTESIAN_POINT('Ctrl Pts',(15.3659619156684,5.20634055522942,9.2));
#12802=CARTESIAN_POINT('Ctrl Pts',(15.3659619156684,5.20634055522942,10.));
#12803=CARTESIAN_POINT('Ctrl Pts',(15.3703956312432,5.25252389081865,9.2));
#12804=CARTESIAN_POINT('Ctrl Pts',(15.3703956312432,5.25252389081865,10.));
#12805=CARTESIAN_POINT('',(15.3703956312432,5.25252389081865,9.2));
#12806=CARTESIAN_POINT('Ctrl Pts',(15.2619372314705,5.01411991485505,9.2));
#12807=CARTESIAN_POINT('Ctrl Pts',(15.2935707334955,5.04744361703151,9.2));
#12808=CARTESIAN_POINT('Ctrl Pts',(15.3571358819266,5.11440509582838,9.2));
#12809=CARTESIAN_POINT('Ctrl Pts',(15.3659619156684,5.20634055522942,9.2));
#12810=CARTESIAN_POINT('Ctrl Pts',(15.3703956312432,5.25252389081865,9.2));
#12811=CARTESIAN_POINT('',(15.3703956312432,5.25252389081865,10.));
#12812=CARTESIAN_POINT('Ctrl Pts',(15.3703956312432,5.25252389081865,9.2));
#12813=CARTESIAN_POINT('Ctrl Pts',(15.3703956312432,5.25252389081865,10.));
#12814=CARTESIAN_POINT('Ctrl Pts',(15.3666386490388,5.29762643523167,9.2));
#12815=CARTESIAN_POINT('Ctrl Pts',(15.3666386490388,5.29762643523167,10.));
#12816=CARTESIAN_POINT('Ctrl Pts',(15.3592018048339,5.38690569656548,9.2));
#12817=CARTESIAN_POINT('Ctrl Pts',(15.3592018048339,5.38690569656548,10.));
#12818=CARTESIAN_POINT('Ctrl Pts',(15.3037168186872,5.45717859758132,9.2));
#12819=CARTESIAN_POINT('Ctrl Pts',(15.3037168186872,5.45717859758132,10.));
#12820=CARTESIAN_POINT('Ctrl Pts',(15.2762620157494,5.49195068248659,9.2));
#12821=CARTESIAN_POINT('Ctrl Pts',(15.2762620157494,5.49195068248659,10.));
#12822=CARTESIAN_POINT('',(15.2762620157494,5.49195068248659,9.2));
#12823=CARTESIAN_POINT('Ctrl Pts',(15.3703956312432,5.25252389081865,9.2));
#12824=CARTESIAN_POINT('Ctrl Pts',(15.3666386490388,5.29762643523167,9.2));
#12825=CARTESIAN_POINT('Ctrl Pts',(15.3592018048339,5.38690569656548,9.2));
#12826=CARTESIAN_POINT('Ctrl Pts',(15.3037168186872,5.45717859758132,9.2));
#12827=CARTESIAN_POINT('Ctrl Pts',(15.2762620157494,5.49195068248659,9.2));
#12828=CARTESIAN_POINT('',(15.2762620157494,5.49195068248659,10.));
#12829=CARTESIAN_POINT('Ctrl Pts',(15.2762620157494,5.49195068248659,9.2));
#12830=CARTESIAN_POINT('Ctrl Pts',(15.2762620157494,5.49195068248659,10.));
#12831=CARTESIAN_POINT('Ctrl Pts',(15.2322915983187,5.52038636650139,9.2));
#12832=CARTESIAN_POINT('Ctrl Pts',(15.2322915983187,5.52038636650139,10.));
#12833=CARTESIAN_POINT('Ctrl Pts',(15.1256759975485,5.58933471204144,9.2));
#12834=CARTESIAN_POINT('Ctrl Pts',(15.1256759975485,5.58933471204144,10.));
#12835=CARTESIAN_POINT('Ctrl Pts',(14.9975321469594,5.58986529250287,9.2));
#12836=CARTESIAN_POINT('Ctrl Pts',(14.9975321469594,5.58986529250287,10.));
#12837=CARTESIAN_POINT('Ctrl Pts',(14.9222373968853,5.59017705091386,9.2));
#12838=CARTESIAN_POINT('Ctrl Pts',(14.9222373968853,5.59017705091386,10.));
#12839=CARTESIAN_POINT('',(14.9222373968853,5.59017705091386,9.2));
#12840=CARTESIAN_POINT('Ctrl Pts',(15.2762620157494,5.49195068248659,9.2));
#12841=CARTESIAN_POINT('Ctrl Pts',(15.2322915983187,5.52038636650139,9.2));
#12842=CARTESIAN_POINT('Ctrl Pts',(15.1256759975485,5.58933471204144,9.2));
#12843=CARTESIAN_POINT('Ctrl Pts',(14.9975321469594,5.58986529250287,9.2));
#12844=CARTESIAN_POINT('Ctrl Pts',(14.9222373968853,5.59017705091386,9.2));
#12845=CARTESIAN_POINT('',(14.9222373968853,5.59017705091386,10.));
#12846=CARTESIAN_POINT('Origin',(14.7902455932392,5.59017705091386,10.));
#12847=CARTESIAN_POINT('',(14.9222373968853,5.59017705091386,9.2));
#12848=CARTESIAN_POINT('Origin',(13.7271486229195,4.69999986061006,10.));
#12849=CARTESIAN_POINT('',(13.7271486229195,3.19999980100542,9.2));
#12850=CARTESIAN_POINT('',(13.7271486229195,6.1999999202147,9.2));
#12851=CARTESIAN_POINT('',(13.7271486229195,3.19999980100542,9.2));
#12852=CARTESIAN_POINT('',(13.7271486229195,6.1999999202147,10.));
#12853=CARTESIAN_POINT('',(13.7271486229195,6.1999999202147,10.));
#12854=CARTESIAN_POINT('',(13.7271486229195,3.19999980100542,10.));
#12855=CARTESIAN_POINT('',(13.7271486229195,2.349999930305,10.));
#12856=CARTESIAN_POINT('',(13.7271486229195,3.19999980100542,10.));
#12857=CARTESIAN_POINT('Origin',(14.4976125664009,6.1999999202147,10.));
#12858=CARTESIAN_POINT('',(15.2680765098824,6.1999999202147,9.2));
#12859=CARTESIAN_POINT('',(13.7271486229195,6.1999999202147,9.2));
#12860=CARTESIAN_POINT('',(15.2680765098824,6.1999999202147,10.));
#12861=CARTESIAN_POINT('',(15.2680765098824,6.1999999202147,10.));
#12862=CARTESIAN_POINT('',(-5.45119371748546,6.1999999202147,10.));
#12863=CARTESIAN_POINT('Ctrl Pts',(15.2680765098824,6.1999999202147,9.2));
#12864=CARTESIAN_POINT('Ctrl Pts',(15.2680765098824,6.1999999202147,10.));
#12865=CARTESIAN_POINT('Ctrl Pts',(15.4198363724483,6.19481968159895,9.2));
#12866=CARTESIAN_POINT('Ctrl Pts',(15.4198363724483,6.19481968159895,10.));
#12867=CARTESIAN_POINT('Ctrl Pts',(15.6951148095068,6.18542320504959,9.2));
#12868=CARTESIAN_POINT('Ctrl Pts',(15.6951148095068,6.18542320504959,10.));
#12869=CARTESIAN_POINT('Ctrl Pts',(15.9208714861012,6.03021527249562,9.2));
#12870=CARTESIAN_POINT('Ctrl Pts',(15.9208714861012,6.03021527249562,10.));
#12871=CARTESIAN_POINT('Ctrl Pts',(16.0221694416298,5.96057283052354,9.2));
#12872=CARTESIAN_POINT('Ctrl Pts',(16.0221694416298,5.96057283052354,10.));
#12873=CARTESIAN_POINT('',(16.0221694416298,5.96057283052354,9.2));
#12874=CARTESIAN_POINT('Ctrl Pts',(15.2680765098824,6.1999999202147,9.2));
#12875=CARTESIAN_POINT('Ctrl Pts',(15.4198363724483,6.19481968159895,9.2));
#12876=CARTESIAN_POINT('Ctrl Pts',(15.6951148095068,6.18542320504959,9.2));
#12877=CARTESIAN_POINT('Ctrl Pts',(15.9208714861012,6.03021527249562,9.2));
#12878=CARTESIAN_POINT('Ctrl Pts',(16.0221694416298,5.96057283052354,9.2));
#12879=CARTESIAN_POINT('',(16.0221694416298,5.96057283052354,10.));
#12880=CARTESIAN_POINT('',(16.0221694416298,5.96057283052354,10.));
#12881=CARTESIAN_POINT('Ctrl Pts',(15.2680765098824,6.1999999202147,10.));
#12882=CARTESIAN_POINT('Ctrl Pts',(15.4198363724483,6.19481968159895,10.));
#12883=CARTESIAN_POINT('Ctrl Pts',(15.6951148095068,6.18542320504959,10.));
#12884=CARTESIAN_POINT('Ctrl Pts',(15.9208714861012,6.03021527249562,10.));
#12885=CARTESIAN_POINT('Ctrl Pts',(16.0221694416298,5.96057283052354,10.));
#12886=CARTESIAN_POINT('Ctrl Pts',(16.0221694416298,5.96057283052354,9.2));
#12887=CARTESIAN_POINT('Ctrl Pts',(16.0221694416298,5.96057283052354,10.));
#12888=CARTESIAN_POINT('Ctrl Pts',(16.0951938205349,5.86786051013375,9.2));
#12889=CARTESIAN_POINT('Ctrl Pts',(16.0951938205349,5.86786051013375,10.));
#12890=CARTESIAN_POINT('Ctrl Pts',(16.251949062122,5.66884283413711,9.2));
#12891=CARTESIAN_POINT('Ctrl Pts',(16.251949062122,5.66884283413711,10.));
#12892=CARTESIAN_POINT('Ctrl Pts',(16.2655737480191,5.4148154465893,9.2));
#12893=CARTESIAN_POINT('Ctrl Pts',(16.2655737480191,5.4148154465893,10.));
#12894=CARTESIAN_POINT('Ctrl Pts',(16.2728513783707,5.2791266358748,9.2));
#12895=CARTESIAN_POINT('Ctrl Pts',(16.2728513783707,5.2791266358748,10.));
#12896=CARTESIAN_POINT('',(16.2728513783707,5.2791266358748,9.2));
#12897=CARTESIAN_POINT('Ctrl Pts',(16.0221694416298,5.96057283052354,9.2));
#12898=CARTESIAN_POINT('Ctrl Pts',(16.0951938205349,5.86786051013375,9.2));
#12899=CARTESIAN_POINT('Ctrl Pts',(16.251949062122,5.66884283413711,9.2));
#12900=CARTESIAN_POINT('Ctrl Pts',(16.2655737480191,5.4148154465893,9.2));
#12901=CARTESIAN_POINT('Ctrl Pts',(16.2728513783707,5.2791266358748,9.2));
#12902=CARTESIAN_POINT('',(16.2728513783707,5.2791266358748,10.));
#12903=CARTESIAN_POINT('',(16.2728513783707,5.2791266358748,10.));
#12904=CARTESIAN_POINT('Ctrl Pts',(16.0221694416298,5.96057283052354,10.));
#12905=CARTESIAN_POINT('Ctrl Pts',(16.0951938205349,5.86786051013375,10.));
#12906=CARTESIAN_POINT('Ctrl Pts',(16.251949062122,5.66884283413711,10.));
#12907=CARTESIAN_POINT('Ctrl Pts',(16.2655737480191,5.4148154465893,10.));
#12908=CARTESIAN_POINT('Ctrl Pts',(16.2728513783707,5.2791266358748,10.));
#12909=CARTESIAN_POINT('Ctrl Pts',(16.2728513783707,5.2791266358748,9.2));
#12910=CARTESIAN_POINT('Ctrl Pts',(16.2728513783707,5.2791266358748,10.));
#12911=CARTESIAN_POINT('Ctrl Pts',(16.2641781953412,5.13862244112901,9.2));
#12912=CARTESIAN_POINT('Ctrl Pts',(16.2641781953412,5.13862244112901,10.));
#12913=CARTESIAN_POINT('Ctrl Pts',(16.2477323838212,4.87220289288206,9.2));
#12914=CARTESIAN_POINT('Ctrl Pts',(16.2477323838212,4.87220289288206,10.));
#12915=CARTESIAN_POINT('Ctrl Pts',(16.0792753890522,4.6663306319454,9.2));
#12916=CARTESIAN_POINT('Ctrl Pts',(16.0792753890522,4.6663306319454,10.));
#12917=CARTESIAN_POINT('Ctrl Pts',(15.9996591514839,4.56903117069154,9.2));
#12918=CARTESIAN_POINT('Ctrl Pts',(15.9996591514839,4.56903117069154,10.));
#12919=CARTESIAN_POINT('',(15.9996591514839,4.56903117069154,9.2));
#12920=CARTESIAN_POINT('Ctrl Pts',(16.2728513783707,5.2791266358748,9.2));
#12921=CARTESIAN_POINT('Ctrl Pts',(16.2641781953412,5.13862244112901,9.2));
#12922=CARTESIAN_POINT('Ctrl Pts',(16.2477323838212,4.87220289288206,9.2));
#12923=CARTESIAN_POINT('Ctrl Pts',(16.0792753890522,4.6663306319454,9.2));
#12924=CARTESIAN_POINT('Ctrl Pts',(15.9996591514839,4.56903117069154,9.2));
#12925=CARTESIAN_POINT('',(15.9996591514839,4.56903117069154,10.));
#12926=CARTESIAN_POINT('',(15.9996591514839,4.56903117069154,10.));
#12927=CARTESIAN_POINT('Ctrl Pts',(16.2728513783707,5.2791266358748,10.));
#12928=CARTESIAN_POINT('Ctrl Pts',(16.2641781953412,5.13862244112901,10.));
#12929=CARTESIAN_POINT('Ctrl Pts',(16.2477323838212,4.87220289288206,10.));
#12930=CARTESIAN_POINT('Ctrl Pts',(16.0792753890522,4.6663306319454,10.));
#12931=CARTESIAN_POINT('Ctrl Pts',(15.9996591514839,4.56903117069154,10.));
#12932=CARTESIAN_POINT('Ctrl Pts',(15.9996591514839,4.56903117069154,9.2));
#12933=CARTESIAN_POINT('Ctrl Pts',(15.9996591514839,4.56903117069154,10.));
#12934=CARTESIAN_POINT('Ctrl Pts',(15.88807497006,4.49465811280193,9.2));
#12935=CARTESIAN_POINT('Ctrl Pts',(15.88807497006,4.49465811280193,10.));
#12936=CARTESIAN_POINT('Ctrl Pts',(15.637159204371,4.32741780571834,9.2));
#12937=CARTESIAN_POINT('Ctrl Pts',(15.637159204371,4.32741780571834,10.));
#12938=CARTESIAN_POINT('Ctrl Pts',(15.3340637830329,4.31829750289409,9.2));
#12939=CARTESIAN_POINT('Ctrl Pts',(15.3340637830329,4.31829750289409,10.));
#12940=CARTESIAN_POINT('Ctrl Pts',(15.16575723951,4.31323306926637,9.2));
#12941=CARTESIAN_POINT('Ctrl Pts',(15.16575723951,4.31323306926637,10.));
#12942=CARTESIAN_POINT('',(15.16575723951,4.31323306926637,9.2));
#12943=CARTESIAN_POINT('Ctrl Pts',(15.9996591514839,4.56903117069154,9.2));
#12944=CARTESIAN_POINT('Ctrl Pts',(15.88807497006,4.49465811280193,9.2));
#12945=CARTESIAN_POINT('Ctrl Pts',(15.637159204371,4.32741780571834,9.2));
#12946=CARTESIAN_POINT('Ctrl Pts',(15.3340637830329,4.31829750289409,9.2));
#12947=CARTESIAN_POINT('Ctrl Pts',(15.16575723951,4.31323306926637,9.2));
#12948=CARTESIAN_POINT('',(15.16575723951,4.31323306926637,10.));
#12949=CARTESIAN_POINT('',(15.16575723951,4.31323306926637,10.));
#12950=CARTESIAN_POINT('Ctrl Pts',(15.9996591514839,4.56903117069154,10.));
#12951=CARTESIAN_POINT('Ctrl Pts',(15.88807497006,4.49465811280193,10.));
#12952=CARTESIAN_POINT('Ctrl Pts',(15.637159204371,4.32741780571834,10.));
#12953=CARTESIAN_POINT('Ctrl Pts',(15.3340637830329,4.31829750289409,10.));
#12954=CARTESIAN_POINT('Ctrl Pts',(15.16575723951,4.31323306926637,10.));
#12955=CARTESIAN_POINT('Origin',(14.9120055145516,4.31323306926637,10.));
#12956=CARTESIAN_POINT('',(14.6582537895931,4.31323306926637,9.2));
#12957=CARTESIAN_POINT('',(15.16575723951,4.31323306926637,9.2));
#12958=CARTESIAN_POINT('',(14.6582537895931,4.31323306926637,10.));
#12959=CARTESIAN_POINT('',(14.6582537895931,4.31323306926637,10.));
#12960=CARTESIAN_POINT('',(-5.24399724341014,4.31323306926637,10.));
#12961=CARTESIAN_POINT('Origin',(14.6582537895931,3.75661643513589,10.));
#12962=CARTESIAN_POINT('',(14.6582537895931,3.19999980100542,9.2));
#12963=CARTESIAN_POINT('',(14.6582537895931,4.31323306926637,9.2));
#12964=CARTESIAN_POINT('',(14.6582537895931,3.19999980100542,10.));
#12965=CARTESIAN_POINT('',(14.6582537895931,3.19999980100542,10.));
#12966=CARTESIAN_POINT('',(14.6582537895931,1.87830821756791,10.));
#12967=CARTESIAN_POINT('Origin',(14.1927012062563,3.19999980100542,10.));
#12968=CARTESIAN_POINT('',(14.6582537895931,3.19999980100542,9.2));
#12969=CARTESIAN_POINT('',(-5.60364939755777,3.19999980100542,10.));
#12970=CARTESIAN_POINT('Origin',(-25.4000000013718,0.,9.2));
#12971=CARTESIAN_POINT('Origin',(-16.6190419786519,4.7000000206618,10.));
#12972=CARTESIAN_POINT('',(-16.0525451295919,3.19999996105716,9.2));
#12973=CARTESIAN_POINT('',(-17.185538827712,6.20000008026645,9.2));
#12974=CARTESIAN_POINT('',(-16.0525451295919,3.19999996105716,9.2));
#12975=CARTESIAN_POINT('',(-17.185538827712,6.20000008026645,10.));
#12976=CARTESIAN_POINT('',(-17.185538827712,6.20000008026645,10.));
#12977=CARTESIAN_POINT('',(-16.0525451295919,3.19999996105716,10.));
#12978=CARTESIAN_POINT('',(-16.3903631348295,4.09449218785891,10.));
#12979=CARTESIAN_POINT('',(-16.0525451295919,3.19999996105716,10.));
#12980=CARTESIAN_POINT('Origin',(-16.7010092803187,6.20000008026645,10.));
#12981=CARTESIAN_POINT('',(-16.2164797329254,6.20000008026644,9.2));
#12982=CARTESIAN_POINT('',(-17.185538827712,6.20000008026645,9.2));
#12983=CARTESIAN_POINT('',(-16.2164797329254,6.20000008026644,10.));
#12984=CARTESIAN_POINT('',(-16.2164797329254,6.20000008026644,10.));
#12985=CARTESIAN_POINT('',(-21.0505046408453,6.20000008026645,10.));
#12986=CARTESIAN_POINT('Origin',(-15.878874256546,5.12053209821269,10.));
#12987=CARTESIAN_POINT('',(-15.5412687801666,4.04106411615893,9.2));
#12988=CARTESIAN_POINT('',(-16.2164797329254,6.20000008026645,9.2));
#12989=CARTESIAN_POINT('',(-15.5412687801666,4.04106411615893,10.));
#12990=CARTESIAN_POINT('',(-15.5412687801666,4.04106411615893,10.));
#12991=CARTESIAN_POINT('',(-15.5736497458294,4.14459980531865,10.));
#12992=CARTESIAN_POINT('Origin',(-15.2079958164043,5.12053209821269,10.));
#12993=CARTESIAN_POINT('',(-14.874722852642,6.20000008026644,9.2));
#12994=CARTESIAN_POINT('',(-15.5412687801666,4.04106411615893,9.2));
#12995=CARTESIAN_POINT('',(-14.874722852642,6.20000008026644,10.));
#12996=CARTESIAN_POINT('',(-14.874722852642,6.20000008026644,10.));
#12997=CARTESIAN_POINT('',(-16.373134616139,1.34665852994083,10.));
#12998=CARTESIAN_POINT('Origin',(-14.4042781435794,6.20000008026644,10.));
#12999=CARTESIAN_POINT('',(-13.9338334345169,6.20000008026644,9.2));
#13000=CARTESIAN_POINT('',(-14.874722852642,6.20000008026644,9.2));
#13001=CARTESIAN_POINT('',(-13.9338334345169,6.20000008026644,10.));
#13002=CARTESIAN_POINT('',(-13.9338334345169,6.20000008026644,10.));
#13003=CARTESIAN_POINT('',(-19.9021390724756,6.20000008026645,10.));
#13004=CARTESIAN_POINT('Origin',(-14.4908018850631,4.7000000206618,10.));
#13005=CARTESIAN_POINT('',(-15.0477703356094,3.19999996105716,9.2));
#13006=CARTESIAN_POINT('',(-13.9338334345169,6.20000008026644,9.2));
#13007=CARTESIAN_POINT('',(-15.0477703356094,3.19999996105716,10.));
#13008=CARTESIAN_POINT('',(-15.0477703356094,3.19999996105716,10.));
#13009=CARTESIAN_POINT('',(-15.9185755115902,0.854790255562715,10.));
#13010=CARTESIAN_POINT('Origin',(-15.5501577326006,3.19999996105716,10.));
#13011=CARTESIAN_POINT('',(-15.0477703356094,3.19999996105716,9.2));
#13012=CARTESIAN_POINT('',(-20.4750788669862,3.19999996105716,10.));
#13013=CARTESIAN_POINT('Origin',(-25.4000000013718,0.,9.2));
#13014=CARTESIAN_POINT('Origin',(-7.30355766632698,4.7000000574625,10.));
#13015=CARTESIAN_POINT('',(-6.73706081726692,3.19999999785786,9.2));
#13016=CARTESIAN_POINT('',(-7.87005451538704,6.20000011706715,9.2));
#13017=CARTESIAN_POINT('',(-6.73706081726692,3.19999999785786,9.2));
#13018=CARTESIAN_POINT('',(-7.87005451538704,6.20000011706715,10.));
#13019=CARTESIAN_POINT('',(-7.87005451538704,6.20000011706715,10.));
#13020=CARTESIAN_POINT('',(-6.73706081726692,3.19999999785786,10.));
#13021=CARTESIAN_POINT('',(-7.65628824495883,5.63397857799628,10.));
#13022=CARTESIAN_POINT('',(-6.73706081726692,3.19999999785786,10.));
#13023=CARTESIAN_POINT('Origin',(-7.38552496799371,6.20000011706715,10.));
#13024=CARTESIAN_POINT('',(-6.90099542060039,6.20000011706715,9.2));
#13025=CARTESIAN_POINT('',(-7.87005451538704,6.20000011706715,9.2));
#13026=CARTESIAN_POINT('',(-6.90099542060039,6.20000011706715,10.));
#13027=CARTESIAN_POINT('',(-6.90099542060039,6.20000011706715,10.));
#13028=CARTESIAN_POINT('',(-16.3927624846828,6.20000011706715,10.));
#13029=CARTESIAN_POINT('Origin',(-6.563389944221,5.12053213501339,10.));
#13030=CARTESIAN_POINT('',(-6.2257844678416,4.04106415295963,9.2));
#13031=CARTESIAN_POINT('',(-6.90099542060039,6.20000011706715,9.2));
#13032=CARTESIAN_POINT('',(-6.2257844678416,4.04106415295963,10.));
#13033=CARTESIAN_POINT('',(-6.2257844678416,4.04106415295963,10.));
#13034=CARTESIAN_POINT('',(-6.67316366781168,5.47152531544925,10.));
#13035=CARTESIAN_POINT('Origin',(-5.89251150407932,5.12053213501339,10.));
#13036=CARTESIAN_POINT('',(-5.55923854031704,6.20000011706715,9.2));
#13037=CARTESIAN_POINT('',(-6.2257844678416,4.04106415295963,9.2));
#13038=CARTESIAN_POINT('',(-5.55923854031704,6.20000011706715,10.));
#13039=CARTESIAN_POINT('',(-5.55923854031704,6.20000011706715,10.));
#13040=CARTESIAN_POINT('',(-7.46298647724713,0.0337785291595716,10.));
#13041=CARTESIAN_POINT('Origin',(-5.08879383125446,6.20000011706715,10.));
#13042=CARTESIAN_POINT('',(-4.61834912219188,6.20000011706715,9.2));
#13043=CARTESIAN_POINT('',(-5.55923854031704,6.20000011706715,9.2));
#13044=CARTESIAN_POINT('',(-4.61834912219188,6.20000011706715,10.));
#13045=CARTESIAN_POINT('',(-4.61834912219188,6.20000011706715,10.));
#13046=CARTESIAN_POINT('',(-15.2443969163131,6.20000011706715,10.));
#13047=CARTESIAN_POINT('Origin',(-5.17531757273815,4.7000000574625,10.));
#13048=CARTESIAN_POINT('',(-5.73228602328441,3.19999999785786,9.2));
#13049=CARTESIAN_POINT('',(-4.61834912219188,6.20000011706715,9.2));
#13050=CARTESIAN_POINT('',(-5.73228602328441,3.19999999785786,10.));
#13051=CARTESIAN_POINT('',(-5.73228602328441,3.19999999785786,10.));
#13052=CARTESIAN_POINT('',(-7.16745657878237,-0.665130812834183,10.));
#13053=CARTESIAN_POINT('Origin',(-6.23467342027566,3.19999999785786,10.));
#13054=CARTESIAN_POINT('',(-5.73228602328441,3.19999999785786,9.2));
#13055=CARTESIAN_POINT('',(-15.8173367108238,3.19999999785786,10.));
#13056=CARTESIAN_POINT('Origin',(-25.4000000013718,0.,9.2));
#13057=CARTESIAN_POINT('Origin',(-20.2000000001447,3.19999999978056,0.));
#13058=CARTESIAN_POINT('',(-21.5500000001177,0.200000001494281,-1.65327317859361E-16));
#13059=CARTESIAN_POINT('',(-21.5499999999362,3.19999999986223,-1.65327317859361E-16));
#13060=CARTESIAN_POINT('',(-18.8500000005346,0.200000001330934,-1.65327317859361E-16));
#13061=CARTESIAN_POINT('Origin',(-20.2000000003262,0.200000001412607,0.));
#13062=CARTESIAN_POINT('Origin',(-20.2000000003262,0.200000001412607,0.));
#13063=CARTESIAN_POINT('Origin',(-20.2000000003262,0.100000000706304,0.));
#13064=CARTESIAN_POINT('',(-18.650000000106,0.,1.89820253894806E-16));
#13065=CARTESIAN_POINT('',(-18.7500000003203,0.100000000665467,-1.77573785877084E-16));
#13066=CARTESIAN_POINT('Origin',(-20.2000000003262,0.,0.));
#13067=CARTESIAN_POINT('Origin',(4.44089209850063E-15,0.,-2.22044604925031E-15));
#13068=CARTESIAN_POINT('',(-17.6000000000023,0.,-9.8));
#13069=CARTESIAN_POINT('',(-22.4000000013718,0.,-9.8));
#13070=CARTESIAN_POINT('',(12.7000000006859,0.,-9.8));
#13071=CARTESIAN_POINT('',(-17.5948646098872,0.,-9.79996703335196));
#13072=CARTESIAN_POINT('Ctrl Pts',(-17.5948646098872,0.,-9.79996703335196));
#13073=CARTESIAN_POINT('Ctrl Pts',(-17.5965763125362,0.,-9.79998901081542));
#13074=CARTESIAN_POINT('Ctrl Pts',(-17.5982881562689,0.,-9.8));
#13075=CARTESIAN_POINT('Ctrl Pts',(-17.6000000000023,0.,-9.8));
#13076=CARTESIAN_POINT('',(-17.2000000000023,0.,-9.4));
#13077=CARTESIAN_POINT('Ctrl Pts',(-17.2000000000023,0.,-9.4));
#13078=CARTESIAN_POINT('Ctrl Pts',(-17.2000000000023,0.,-9.50386383325294));
#13079=CARTESIAN_POINT('Ctrl Pts',(-17.2850968164956,0.,-9.71088592893469));
#13080=CARTESIAN_POINT('Ctrl Pts',(-17.4910093367403,0.,-9.79863358009544));
#13081=CARTESIAN_POINT('Ctrl Pts',(-17.5948646098872,0.,-9.79996703335196));
#13082=CARTESIAN_POINT('',(-17.2000000000023,0.,9.4));
#13083=CARTESIAN_POINT('',(-17.2000000000023,0.,0.));
#13084=CARTESIAN_POINT('',(-17.5948646098872,0.,9.79996703335196));
#13085=CARTESIAN_POINT('Ctrl Pts',(-17.5948646098872,0.,9.79996703335196));
#13086=CARTESIAN_POINT('Ctrl Pts',(-17.4910093367403,0.,9.79863358009544));
#13087=CARTESIAN_POINT('Ctrl Pts',(-17.2850968164956,0.,9.71088592893469));
#13088=CARTESIAN_POINT('Ctrl Pts',(-17.2000000000023,0.,9.50386383325294));
#13089=CARTESIAN_POINT('Ctrl Pts',(-17.2000000000023,0.,9.4));
#13090=CARTESIAN_POINT('',(-17.6000000000023,0.,9.8));
#13091=CARTESIAN_POINT('Ctrl Pts',(-17.6000000000023,0.,9.8));
#13092=CARTESIAN_POINT('Ctrl Pts',(-17.5982881562689,0.,9.8));
#13093=CARTESIAN_POINT('Ctrl Pts',(-17.5965763125362,0.,9.79998901081542));
#13094=CARTESIAN_POINT('Ctrl Pts',(-17.5948646098872,0.,9.79996703335196));
#13095=CARTESIAN_POINT('',(-22.4000000013718,0.,9.8));
#13096=CARTESIAN_POINT('',(-12.7000000006859,0.,9.8));
#13097=CARTESIAN_POINT('',(-25.2000000013718,0.,7.));
#13098=CARTESIAN_POINT('Origin',(-22.4000000013718,0.,7.));
#13099=CARTESIAN_POINT('',(-25.2000000013718,0.,-7.));
#13100=CARTESIAN_POINT('',(-25.2000000013718,0.,-5.));
#13101=CARTESIAN_POINT('Origin',(-22.4000000013718,0.,-7.));
#13102=CARTESIAN_POINT('Origin',(25.4000000013718,0.,-10.));
#13103=CARTESIAN_POINT('',(17.5922962799168,0.199999993879804,-10.));
#13104=CARTESIAN_POINT('',(17.6000000000041,0.2,-10.));
#13105=CARTESIAN_POINT('Ctrl Pts',(17.5922962799168,0.199999993885739,-10.));
#13106=CARTESIAN_POINT('Ctrl Pts',(17.5948644688224,0.200000002038642,-10.));
#13107=CARTESIAN_POINT('Ctrl Pts',(17.5974322344039,0.199999999999996,-10.));
#13108=CARTESIAN_POINT('Ctrl Pts',(17.6000000000041,0.199999999999996,-10.));
#13109=CARTESIAN_POINT('Origin',(15.0000000000041,-3.86337485418932E-15,
-10.));
#13110=CARTESIAN_POINT('',(12.4000000000041,0.2,-10.));
#13111=CARTESIAN_POINT('Ctrl Pts',(12.4000000000041,0.199999999999996,-10.));
#13112=CARTESIAN_POINT('Ctrl Pts',(12.4025677656042,0.199999999999996,-10.));
#13113=CARTESIAN_POINT('Ctrl Pts',(12.4051355311858,0.200000002038642,-10.));
#13114=CARTESIAN_POINT('Ctrl Pts',(12.4077037200914,0.199999993885739,-10.));
#13115=CARTESIAN_POINT('',(7.60000000000408,0.2,-10.));
#13116=CARTESIAN_POINT('',(12.7000000006859,0.2,-10.));
#13117=CARTESIAN_POINT('',(7.5922962799168,0.199999993879806,-10.));
#13118=CARTESIAN_POINT('Ctrl Pts',(7.5922962799168,0.199999993885742,-10.));
#13119=CARTESIAN_POINT('Ctrl Pts',(7.5948644688224,0.200000002038645,-10.));
#13120=CARTESIAN_POINT('Ctrl Pts',(7.59743223440394,0.199999999999999,-10.));
#13121=CARTESIAN_POINT('Ctrl Pts',(7.60000000000408,0.199999999999999,-10.));
#13122=CARTESIAN_POINT('Origin',(5.00000000000408,-1.28779161806584E-15,
-10.));
#13123=CARTESIAN_POINT('',(2.40000000000409,0.2,-10.));
#13124=CARTESIAN_POINT('Ctrl Pts',(2.40000000000409,0.199999999999999,-10.));
#13125=CARTESIAN_POINT('Ctrl Pts',(2.40256776560423,0.199999999999999,-10.));
#13126=CARTESIAN_POINT('Ctrl Pts',(2.40513553118577,0.200000002038645,-10.));
#13127=CARTESIAN_POINT('Ctrl Pts',(2.40770372009137,0.199999993885742,-10.));
#13128=CARTESIAN_POINT('',(-2.39999999999592,0.2,-10.));
#13129=CARTESIAN_POINT('',(12.7000000006859,0.2,-10.));
#13130=CARTESIAN_POINT('',(-2.40770372008321,0.199999993879809,-10.));
#13131=CARTESIAN_POINT('Ctrl Pts',(-2.40770372008321,0.199999993885744,
-10.));
#13132=CARTESIAN_POINT('Ctrl Pts',(-2.40513553117761,0.200000002038647,
-10.));
#13133=CARTESIAN_POINT('Ctrl Pts',(-2.40256776559607,0.200000000000001,
-10.));
#13134=CARTESIAN_POINT('Ctrl Pts',(-2.39999999999592,0.200000000000001,
-10.));
#13135=CARTESIAN_POINT('Origin',(-4.99999999999592,1.28779161805764E-15,
-10.));
#13136=CARTESIAN_POINT('',(-7.59999999999592,0.2,-10.));
#13137=CARTESIAN_POINT('Ctrl Pts',(-7.59999999999592,0.200000000000001,
-10.));
#13138=CARTESIAN_POINT('Ctrl Pts',(-7.59743223439578,0.200000000000001,
-10.));
#13139=CARTESIAN_POINT('Ctrl Pts',(-7.59486446881424,0.200000002038647,
-10.));
#13140=CARTESIAN_POINT('Ctrl Pts',(-7.59229627990864,0.199999993885744,
-10.));
#13141=CARTESIAN_POINT('',(-12.4000000000023,0.2,-10.));
#13142=CARTESIAN_POINT('',(12.7000000006859,0.2,-10.));
#13143=CARTESIAN_POINT('',(-12.4077037200896,0.199999993879812,-10.));
#13144=CARTESIAN_POINT('Ctrl Pts',(-12.4077037200896,0.199999993885747,
-10.));
#13145=CARTESIAN_POINT('Ctrl Pts',(-12.405135531184,0.20000000203865,-10.));
#13146=CARTESIAN_POINT('Ctrl Pts',(-12.4025677656024,0.200000000000004,
-10.));
#13147=CARTESIAN_POINT('Ctrl Pts',(-12.4000000000023,0.200000000000004,
-10.));
#13148=CARTESIAN_POINT('Origin',(-15.0000000000023,3.86337485418112E-15,
-10.));
#13149=CARTESIAN_POINT('',(-17.592296279915,0.199999993879811,-10.));
#13150=CARTESIAN_POINT('Origin',(-15.0000000000023,3.86337485418112E-15,
-10.));
#13151=CARTESIAN_POINT('',(-17.6000000000023,0.2,-10.));
#13152=CARTESIAN_POINT('Ctrl Pts',(-17.6000000000023,0.200000000000004,
-10.));
#13153=CARTESIAN_POINT('Ctrl Pts',(-17.5974322344022,0.200000000000004,
-10.));
#13154=CARTESIAN_POINT('Ctrl Pts',(-17.5948644688206,0.20000000203865,-10.));
#13155=CARTESIAN_POINT('Ctrl Pts',(-17.592296279915,0.199999993885747,-10.));
#13156=CARTESIAN_POINT('',(12.7000000006859,0.2,-10.));
#13157=CARTESIAN_POINT('',(12.7000000006859,0.2,-10.));
#13158=CARTESIAN_POINT('Origin',(-15.0000000000023,3.86337485418112E-15,
-9.4));
#13159=CARTESIAN_POINT('',(-16.9900000000023,0.199749843554382,-9.4));
#13160=CARTESIAN_POINT('Ctrl Pts',(-17.592296279915,0.199999993885747,-10.));
#13161=CARTESIAN_POINT('Ctrl Pts',(-17.436474846542,0.199999499219233,-10.0000000000201));
#13162=CARTESIAN_POINT('Ctrl Pts',(-17.123410030565,0.19991388058652,-9.87317468854803));
#13163=CARTESIAN_POINT('Ctrl Pts',(-16.9900000000023,0.199749843554386,
-9.55839234571074));
#13164=CARTESIAN_POINT('Ctrl Pts',(-16.9900000000023,0.199749843554386,
-9.4));
#13165=CARTESIAN_POINT('Origin',(-15.0000000000023,3.86337485418112E-15,
-9.4));
#13166=CARTESIAN_POINT('Origin',(-15.0000000000023,3.86337485418112E-15,
0.));
#13167=CARTESIAN_POINT('',(-16.9900000000023,0.199749843554386,9.4));
#13168=CARTESIAN_POINT('',(-16.9900000000023,0.199749843554382,0.));
#13169=CARTESIAN_POINT('Origin',(-15.0000000000023,3.86337485418112E-15,
9.4));
#13170=CARTESIAN_POINT('Origin',(-15.0000000000023,3.86337485418112E-15,
9.4));
#13171=CARTESIAN_POINT('',(-17.592296279915,0.199999993879811,10.));
#13172=CARTESIAN_POINT('Ctrl Pts',(-16.9900000000023,0.199749843554386,
9.4));
#13173=CARTESIAN_POINT('Ctrl Pts',(-16.9900000000023,0.199749843554386,
9.55839234571074));
#13174=CARTESIAN_POINT('Ctrl Pts',(-17.123410030565,0.19991388058652,9.87317468854802));
#13175=CARTESIAN_POINT('Ctrl Pts',(-17.436474846542,0.199999499219233,10.0000000000201));
#13176=CARTESIAN_POINT('Ctrl Pts',(-17.592296279915,0.199999993885747,10.));
#13177=CARTESIAN_POINT('Origin',(-15.0000000000023,3.86337485418112E-15,
10.));
#13178=CARTESIAN_POINT('Ctrl Pts',(-17.6000000000023,0.200000000000004,
10.));
#13179=CARTESIAN_POINT('Ctrl Pts',(-17.5974322344022,0.200000000000004,
10.));
#13180=CARTESIAN_POINT('Ctrl Pts',(-17.5948644688206,0.20000000203865,10.));
#13181=CARTESIAN_POINT('Ctrl Pts',(-17.592296279915,0.199999993885747,10.));
#13182=CARTESIAN_POINT('Ctrl Pts',(-17.6000000000023,0.133333333333336,
9.93333333333333));
#13183=CARTESIAN_POINT('Ctrl Pts',(-17.5977175416911,0.133333333333336,
9.93333333333333));
#13184=CARTESIAN_POINT('Ctrl Pts',(-17.5954350833925,0.133333334692433,
9.93332967027181));
#13185=CARTESIAN_POINT('Ctrl Pts',(-17.5931523899057,0.133333329257164,
9.93332234445065));
#13186=CARTESIAN_POINT('Ctrl Pts',(-17.6000000000023,0.066666666666668,
9.86666666666667));
#13187=CARTESIAN_POINT('Ctrl Pts',(-17.59800284898,0.066666666666668,9.86666666666667));
#13188=CARTESIAN_POINT('Ctrl Pts',(-17.5960056979644,0.0666666673462166,
9.86665934054362));
#13189=CARTESIAN_POINT('Ctrl Pts',(-17.5940084998965,0.0666666646285822,
9.8666446889013));
#13190=CARTESIAN_POINT('Ctrl Pts',(-17.6000000000023,0.,9.8));
#13191=CARTESIAN_POINT('Ctrl Pts',(-17.5982881562689,0.,9.8));
#13192=CARTESIAN_POINT('Ctrl Pts',(-17.5965763125362,0.,9.79998901081542));
#13193=CARTESIAN_POINT('Ctrl Pts',(-17.5948646098872,0.,9.79996703335196));
#13194=CARTESIAN_POINT('',(-17.592296279915,0.199999993879811,10.));
#13195=CARTESIAN_POINT('',(-17.6000000000023,0.2,10.));
#13196=CARTESIAN_POINT('Ctrl Pts',(-17.592296279915,0.199999993885747,10.));
#13197=CARTESIAN_POINT('Ctrl Pts',(-17.5948644688206,0.20000000203865,10.));
#13198=CARTESIAN_POINT('Ctrl Pts',(-17.5974322344022,0.200000000000004,
10.));
#13199=CARTESIAN_POINT('Ctrl Pts',(-17.6000000000023,0.200000000000004,
10.));
#13200=CARTESIAN_POINT('',(-17.6000000000023,0.,9.8));
#13201=CARTESIAN_POINT('Ctrl Pts',(-17.592296279915,0.199999993885747,-10.));
#13202=CARTESIAN_POINT('Ctrl Pts',(-17.5948644688206,0.20000000203865,-10.));
#13203=CARTESIAN_POINT('Ctrl Pts',(-17.5974322344022,0.200000000000004,
-10.));
#13204=CARTESIAN_POINT('Ctrl Pts',(-17.6000000000023,0.200000000000004,
-10.));
#13205=CARTESIAN_POINT('Ctrl Pts',(-17.5931523899057,0.133333329257164,
-9.93332234445065));
#13206=CARTESIAN_POINT('Ctrl Pts',(-17.5954350833925,0.133333334692433,
-9.93332967027181));
#13207=CARTESIAN_POINT('Ctrl Pts',(-17.5977175416911,0.133333333333336,
-9.93333333333333));
#13208=CARTESIAN_POINT('Ctrl Pts',(-17.6000000000023,0.133333333333336,
-9.93333333333333));
#13209=CARTESIAN_POINT('Ctrl Pts',(-17.5940084998965,0.0666666646285822,
-9.8666446889013));
#13210=CARTESIAN_POINT('Ctrl Pts',(-17.5960056979644,0.0666666673462166,
-9.86665934054362));
#13211=CARTESIAN_POINT('Ctrl Pts',(-17.59800284898,0.066666666666668,-9.86666666666667));
#13212=CARTESIAN_POINT('Ctrl Pts',(-17.6000000000023,0.066666666666668,
-9.86666666666667));
#13213=CARTESIAN_POINT('Ctrl Pts',(-17.5948646098872,0.,-9.79996703335196));
#13214=CARTESIAN_POINT('Ctrl Pts',(-17.5965763125362,0.,-9.79998901081542));
#13215=CARTESIAN_POINT('Ctrl Pts',(-17.5982881562689,0.,-9.8));
#13216=CARTESIAN_POINT('Ctrl Pts',(-17.6000000000023,0.,-9.8));
#13217=CARTESIAN_POINT('',(-17.6000000000023,0.2,-10.));
#13218=CARTESIAN_POINT('',(-17.5948646098872,0.,-9.79996703335196));
#13219=CARTESIAN_POINT('Origin',(-12.7000000006859,0.1,9.9));
#13220=CARTESIAN_POINT('',(-12.7000000006859,0.2,10.));
#13221=CARTESIAN_POINT('',(-22.4000000013718,0.,9.8));
#13222=CARTESIAN_POINT('Origin',(-22.4000000013718,0.1,7.));
#13223=CARTESIAN_POINT('',(-25.2000000013718,0.,7.));
#13224=CARTESIAN_POINT('Origin',(-25.3000000013718,0.1,-5.));
#13225=CARTESIAN_POINT('',(-25.2000000013718,0.,-7.));
#13226=CARTESIAN_POINT('Origin',(-22.4000000013718,0.1,-7.));
#13227=CARTESIAN_POINT('',(-22.4000000013718,0.,-9.8));
#13228=CARTESIAN_POINT('Origin',(12.7000000006859,0.1,-9.9));
#13229=CARTESIAN_POINT('Ctrl Pts',(-16.9900000000023,0.199749843554386,
-9.4));
#13230=CARTESIAN_POINT('Ctrl Pts',(-16.9900000000023,0.199749843554386,
-9.55839234571074));
#13231=CARTESIAN_POINT('Ctrl Pts',(-17.123410030565,0.19991388058652,-9.87317468854803));
#13232=CARTESIAN_POINT('Ctrl Pts',(-17.436474846542,0.199999499219233,-10.0000000000201));
#13233=CARTESIAN_POINT('Ctrl Pts',(-17.592296279915,0.199999993885747,-10.));
#13234=CARTESIAN_POINT('Ctrl Pts',(-17.0600000000023,0.133166562369591,
-9.4));
#13235=CARTESIAN_POINT('Ctrl Pts',(-17.0600000000023,0.133166562369591,
-9.54021617489147));
#13236=CARTESIAN_POINT('Ctrl Pts',(-17.1773056258752,0.133275920391013,
-9.81907843534358));
#13237=CARTESIAN_POINT('Ctrl Pts',(-17.4546530099414,0.133332999479489,
-9.93287786004521));
#13238=CARTESIAN_POINT('Ctrl Pts',(-17.5931523899057,0.133333329257164,
-9.93332234445065));
#13239=CARTESIAN_POINT('Ctrl Pts',(-17.1300000000023,0.0665832811847953,
-9.4));
#13240=CARTESIAN_POINT('Ctrl Pts',(-17.1300000000023,0.0665832811847953,
-9.52204000407221));
#13241=CARTESIAN_POINT('Ctrl Pts',(-17.2312012211854,0.0666379601955066,
-9.76498218213914));
#13242=CARTESIAN_POINT('Ctrl Pts',(-17.4728311733409,0.0666664997397444,
-9.86575572007033));
#13243=CARTESIAN_POINT('Ctrl Pts',(-17.5940084998965,0.0666666646285822,
-9.8666446889013));
#13244=CARTESIAN_POINT('Ctrl Pts',(-17.2000000000023,0.,-9.4));
#13245=CARTESIAN_POINT('Ctrl Pts',(-17.2000000000023,0.,-9.50386383325294));
#13246=CARTESIAN_POINT('Ctrl Pts',(-17.2850968164956,0.,-9.71088592893469));
#13247=CARTESIAN_POINT('Ctrl Pts',(-17.4910093367403,0.,-9.79863358009544));
#13248=CARTESIAN_POINT('Ctrl Pts',(-17.5948646098872,0.,-9.79996703335196));
#13249=CARTESIAN_POINT('',(-17.2000000000023,0.,-9.4));
#13250=CARTESIAN_POINT('Origin',(-17.0950000000023,0.0998749217771909,0.));
#13251=CARTESIAN_POINT('',(-17.2000000000023,0.,9.4));
#13252=CARTESIAN_POINT('Ctrl Pts',(-17.592296279915,0.199999993885747,10.));
#13253=CARTESIAN_POINT('Ctrl Pts',(-17.436474846542,0.199999499219233,10.0000000000201));
#13254=CARTESIAN_POINT('Ctrl Pts',(-17.123410030565,0.19991388058652,9.87317468854802));
#13255=CARTESIAN_POINT('Ctrl Pts',(-16.9900000000023,0.199749843554386,
9.55839234571074));
#13256=CARTESIAN_POINT('Ctrl Pts',(-16.9900000000023,0.199749843554386,
9.4));
#13257=CARTESIAN_POINT('Ctrl Pts',(-17.5931523899057,0.133333329257164,
9.93332234445065));
#13258=CARTESIAN_POINT('Ctrl Pts',(-17.4546530099414,0.133332999479489,
9.93287786004521));
#13259=CARTESIAN_POINT('Ctrl Pts',(-17.1773056258752,0.133275920391013,
9.81907843534358));
#13260=CARTESIAN_POINT('Ctrl Pts',(-17.0600000000023,0.13316656236959,9.54021617489147));
#13261=CARTESIAN_POINT('Ctrl Pts',(-17.0600000000023,0.13316656236959,9.4));
#13262=CARTESIAN_POINT('Ctrl Pts',(-17.5940084998965,0.0666666646285822,
9.8666446889013));
#13263=CARTESIAN_POINT('Ctrl Pts',(-17.4728311733409,0.0666664997397444,
9.86575572007033));
#13264=CARTESIAN_POINT('Ctrl Pts',(-17.2312012211854,0.0666379601955067,
9.76498218213914));
#13265=CARTESIAN_POINT('Ctrl Pts',(-17.1300000000023,0.0665832811847952,
9.52204000407221));
#13266=CARTESIAN_POINT('Ctrl Pts',(-17.1300000000023,0.0665832811847952,
9.4));
#13267=CARTESIAN_POINT('Ctrl Pts',(-17.5948646098872,0.,9.79996703335196));
#13268=CARTESIAN_POINT('Ctrl Pts',(-17.4910093367403,0.,9.79863358009544));
#13269=CARTESIAN_POINT('Ctrl Pts',(-17.2850968164956,0.,9.71088592893469));
#13270=CARTESIAN_POINT('Ctrl Pts',(-17.2000000000023,0.,9.50386383325294));
#13271=CARTESIAN_POINT('Ctrl Pts',(-17.2000000000023,0.,9.4));
#13272=CARTESIAN_POINT('Origin',(4.44089209850063E-15,0.,-2.22044604925031E-15));
#13273=CARTESIAN_POINT('',(-12.4000000000023,0.,9.8));
#13274=CARTESIAN_POINT('',(-7.59999999999593,0.,9.8));
#13275=CARTESIAN_POINT('',(-12.7000000006859,0.,9.8));
#13276=CARTESIAN_POINT('',(-12.4051353901174,0.,9.79996703335196));
#13277=CARTESIAN_POINT('Ctrl Pts',(-12.4051353901174,0.,9.79996703335196));
#13278=CARTESIAN_POINT('Ctrl Pts',(-12.4034236874684,0.,9.79998901081542));
#13279=CARTESIAN_POINT('Ctrl Pts',(-12.4017118437357,0.,9.8));
#13280=CARTESIAN_POINT('Ctrl Pts',(-12.4000000000023,0.,9.8));
#13281=CARTESIAN_POINT('',(-12.8000000000023,0.,9.4));
#13282=CARTESIAN_POINT('Ctrl Pts',(-12.8000000000023,0.,9.4));
#13283=CARTESIAN_POINT('Ctrl Pts',(-12.8000000000023,0.,9.50386383325294));
#13284=CARTESIAN_POINT('Ctrl Pts',(-12.7149233405215,0.,9.71090582880193));
#13285=CARTESIAN_POINT('Ctrl Pts',(-12.5089906632643,0.,9.79863358009544));
#13286=CARTESIAN_POINT('Ctrl Pts',(-12.4051353901174,0.,9.79996703335196));
#13287=CARTESIAN_POINT('',(-12.8000000000023,0.,-9.4));
#13288=CARTESIAN_POINT('',(-12.8000000000023,0.,0.));
#13289=CARTESIAN_POINT('',(-12.4051353901174,0.,-9.79996703335196));
#13290=CARTESIAN_POINT('Ctrl Pts',(-12.4051353901174,0.,-9.79996703335196));
#13291=CARTESIAN_POINT('Ctrl Pts',(-12.5089906632643,0.,-9.79863358009544));
#13292=CARTESIAN_POINT('Ctrl Pts',(-12.7149233405215,0.,-9.71090582880193));
#13293=CARTESIAN_POINT('Ctrl Pts',(-12.8000000000023,0.,-9.50386383325294));
#13294=CARTESIAN_POINT('Ctrl Pts',(-12.8000000000023,0.,-9.4));
#13295=CARTESIAN_POINT('',(-12.4000000000023,0.,-9.8));
#13296=CARTESIAN_POINT('Ctrl Pts',(-12.4000000000023,0.,-9.8));
#13297=CARTESIAN_POINT('Ctrl Pts',(-12.4017118437357,0.,-9.8));
#13298=CARTESIAN_POINT('Ctrl Pts',(-12.4034236874684,0.,-9.79998901081542));
#13299=CARTESIAN_POINT('Ctrl Pts',(-12.4051353901174,0.,-9.79996703335196));
#13300=CARTESIAN_POINT('',(-7.59999999999592,0.,-9.8));
#13301=CARTESIAN_POINT('',(12.7000000006859,0.,-9.8));
#13302=CARTESIAN_POINT('',(-7.59486460988078,0.,-9.79996703335196));
#13303=CARTESIAN_POINT('Ctrl Pts',(-7.59486460988078,0.,-9.79996703335196));
#13304=CARTESIAN_POINT('Ctrl Pts',(-7.59657631252984,0.,-9.79998901081542));
#13305=CARTESIAN_POINT('Ctrl Pts',(-7.59828815626249,0.,-9.8));
#13306=CARTESIAN_POINT('Ctrl Pts',(-7.59999999999592,0.,-9.8));
#13307=CARTESIAN_POINT('',(-7.19999999999593,0.,-9.4));
#13308=CARTESIAN_POINT('Ctrl Pts',(-7.19999999999593,0.,-9.4));
#13309=CARTESIAN_POINT('Ctrl Pts',(-7.19999999999593,0.,-9.50386383325294));
#13310=CARTESIAN_POINT('Ctrl Pts',(-7.28505242066116,0.,-9.71092975840028));
#13311=CARTESIAN_POINT('Ctrl Pts',(-7.49100933673393,0.,-9.79863358009544));
#13312=CARTESIAN_POINT('Ctrl Pts',(-7.59486460988078,0.,-9.79996703335196));
#13313=CARTESIAN_POINT('',(-7.19999999999593,0.,9.4));
#13314=CARTESIAN_POINT('',(-7.19999999999593,0.,0.));
#13315=CARTESIAN_POINT('',(-7.59486460988078,0.,9.79996703335196));
#13316=CARTESIAN_POINT('Ctrl Pts',(-7.59486460988078,0.,9.79996703335196));
#13317=CARTESIAN_POINT('Ctrl Pts',(-7.49100933673393,0.,9.79863358009544));
#13318=CARTESIAN_POINT('Ctrl Pts',(-7.28505242066116,0.,9.71092975840029));
#13319=CARTESIAN_POINT('Ctrl Pts',(-7.19999999999593,0.,9.50386383325294));
#13320=CARTESIAN_POINT('Ctrl Pts',(-7.19999999999593,0.,9.4));
#13321=CARTESIAN_POINT('Ctrl Pts',(-7.59999999999593,0.,9.8));
#13322=CARTESIAN_POINT('Ctrl Pts',(-7.59828815626249,0.,9.8));
#13323=CARTESIAN_POINT('Ctrl Pts',(-7.59657631252984,0.,9.79998901081542));
#13324=CARTESIAN_POINT('Ctrl Pts',(-7.59486460988078,0.,9.79996703335196));
#13325=CARTESIAN_POINT('Origin',(-15.0000000000023,3.86337485418112E-15,
9.4));
#13326=CARTESIAN_POINT('',(-12.4077037200896,0.199999993879811,10.));
#13327=CARTESIAN_POINT('',(-13.0100000000023,0.199749843554382,9.4));
#13328=CARTESIAN_POINT('Ctrl Pts',(-12.4077037200896,0.199999993885747,
10.));
#13329=CARTESIAN_POINT('Ctrl Pts',(-12.5635251534626,0.199999499219233,
10.0000000000201));
#13330=CARTESIAN_POINT('Ctrl Pts',(-12.8766199473743,0.199913886456288,
9.87320845898531));
#13331=CARTESIAN_POINT('Ctrl Pts',(-13.0100000000023,0.199749843554386,
9.55839234571074));
#13332=CARTESIAN_POINT('Ctrl Pts',(-13.0100000000023,0.199749843554386,
9.4));
#13333=CARTESIAN_POINT('Origin',(-15.0000000000023,3.86337485418112E-15,
10.));
#13334=CARTESIAN_POINT('Origin',(-15.0000000000023,3.86337485418112E-15,
9.4));
#13335=CARTESIAN_POINT('Origin',(-15.0000000000023,3.86337485418112E-15,
0.));
#13336=CARTESIAN_POINT('',(-13.0100000000023,0.199749843554386,-9.4));
#13337=CARTESIAN_POINT('',(-13.0100000000023,0.199749843554382,0.));
#13338=CARTESIAN_POINT('Origin',(-15.0000000000023,3.86337485418112E-15,
-9.4));
#13339=CARTESIAN_POINT('Origin',(-15.0000000000023,3.86337485418112E-15,
-9.4));
#13340=CARTESIAN_POINT('Ctrl Pts',(-13.0100000000023,0.199749843554386,
-9.4));
#13341=CARTESIAN_POINT('Ctrl Pts',(-13.0100000000023,0.199749843554386,
-9.55839234571074));
#13342=CARTESIAN_POINT('Ctrl Pts',(-12.8766199473743,0.199913886456288,
-9.87320845898531));
#13343=CARTESIAN_POINT('Ctrl Pts',(-12.5635251534626,0.199999499219233,
-10.0000000000201));
#13344=CARTESIAN_POINT('Ctrl Pts',(-12.4077037200896,0.199999993885747,
-10.));
#13345=CARTESIAN_POINT('Ctrl Pts',(-7.59999999999593,0.200000000000001,
10.));
#13346=CARTESIAN_POINT('Ctrl Pts',(-7.59743223439578,0.200000000000001,
10.));
#13347=CARTESIAN_POINT('Ctrl Pts',(-7.59486446881424,0.200000002038647,
10.));
#13348=CARTESIAN_POINT('Ctrl Pts',(-7.59229627990864,0.199999993885744,
10.));
#13349=CARTESIAN_POINT('Ctrl Pts',(-7.59999999999593,0.133333333333334,
9.93333333333333));
#13350=CARTESIAN_POINT('Ctrl Pts',(-7.59771754168468,0.133333333333334,
9.93333333333333));
#13351=CARTESIAN_POINT('Ctrl Pts',(-7.59543508338611,0.133333334692431,
9.93332967027181));
#13352=CARTESIAN_POINT('Ctrl Pts',(-7.59315238989936,0.133333329257163,
9.93332234445065));
#13353=CARTESIAN_POINT('Ctrl Pts',(-7.59999999999593,0.0666666666666671,
9.86666666666667));
#13354=CARTESIAN_POINT('Ctrl Pts',(-7.59800284897359,0.0666666666666671,
9.86666666666667));
#13355=CARTESIAN_POINT('Ctrl Pts',(-7.59600569795797,0.0666666673462157,
9.86665934054362));
#13356=CARTESIAN_POINT('Ctrl Pts',(-7.59400849989007,0.0666666646285814,
9.8666446889013));
#13357=CARTESIAN_POINT('Ctrl Pts',(-7.59999999999593,0.,9.8));
#13358=CARTESIAN_POINT('Ctrl Pts',(-7.59828815626249,0.,9.8));
#13359=CARTESIAN_POINT('Ctrl Pts',(-7.59657631252984,0.,9.79998901081542));
#13360=CARTESIAN_POINT('Ctrl Pts',(-7.59486460988078,0.,9.79996703335196));
#13361=CARTESIAN_POINT('',(-7.59229627990864,0.199999993879809,10.));
#13362=CARTESIAN_POINT('',(-7.59999999999593,0.2,10.));
#13363=CARTESIAN_POINT('Ctrl Pts',(-7.59229627990864,0.199999993885744,
10.));
#13364=CARTESIAN_POINT('Ctrl Pts',(-7.59486446881424,0.200000002038647,
10.));
#13365=CARTESIAN_POINT('Ctrl Pts',(-7.59743223439578,0.200000000000001,
10.));
#13366=CARTESIAN_POINT('Ctrl Pts',(-7.59999999999593,0.200000000000001,
10.));
#13367=CARTESIAN_POINT('',(-7.59999999999593,0.,9.8));
#13368=CARTESIAN_POINT('Ctrl Pts',(-12.4077037200896,0.199999993885747,
10.));
#13369=CARTESIAN_POINT('Ctrl Pts',(-12.405135531184,0.20000000203865,10.));
#13370=CARTESIAN_POINT('Ctrl Pts',(-12.4025677656025,0.200000000000004,
10.));
#13371=CARTESIAN_POINT('Ctrl Pts',(-12.4000000000023,0.200000000000004,
10.));
#13372=CARTESIAN_POINT('Ctrl Pts',(-12.4068476100989,0.133333329257164,
9.93332234445065));
#13373=CARTESIAN_POINT('Ctrl Pts',(-12.4045649166121,0.133333334692433,
9.93332967027181));
#13374=CARTESIAN_POINT('Ctrl Pts',(-12.4022824583135,0.133333333333336,
9.93333333333333));
#13375=CARTESIAN_POINT('Ctrl Pts',(-12.4000000000023,0.133333333333336,
9.93333333333333));
#13376=CARTESIAN_POINT('Ctrl Pts',(-12.4059915001082,0.0666666646285822,
9.8666446889013));
#13377=CARTESIAN_POINT('Ctrl Pts',(-12.4039943020403,0.0666666673462166,
9.86665934054362));
#13378=CARTESIAN_POINT('Ctrl Pts',(-12.4019971510246,0.066666666666668,
9.86666666666667));
#13379=CARTESIAN_POINT('Ctrl Pts',(-12.4000000000023,0.066666666666668,
9.86666666666667));
#13380=CARTESIAN_POINT('Ctrl Pts',(-12.4051353901174,0.,9.79996703335196));
#13381=CARTESIAN_POINT('Ctrl Pts',(-12.4034236874684,0.,9.79998901081542));
#13382=CARTESIAN_POINT('Ctrl Pts',(-12.4017118437357,0.,9.8));
#13383=CARTESIAN_POINT('Ctrl Pts',(-12.4000000000023,0.,9.8));
#13384=CARTESIAN_POINT('',(-12.4000000000023,0.2,10.));
#13385=CARTESIAN_POINT('',(-12.4000000000023,0.2,10.));
#13386=CARTESIAN_POINT('Ctrl Pts',(-12.4000000000023,0.200000000000004,
10.));
#13387=CARTESIAN_POINT('Ctrl Pts',(-12.4025677656025,0.200000000000004,
10.));
#13388=CARTESIAN_POINT('Ctrl Pts',(-12.405135531184,0.20000000203865,10.));
#13389=CARTESIAN_POINT('Ctrl Pts',(-12.4077037200896,0.199999993885747,
10.));
#13390=CARTESIAN_POINT('',(-12.4051353901174,0.,9.79996703335196));
#13391=CARTESIAN_POINT('Origin',(-12.7000000006859,0.1,9.9));
#13392=CARTESIAN_POINT('',(-12.7000000006859,0.2,10.));
#13393=CARTESIAN_POINT('Ctrl Pts',(-12.4000000000023,0.200000000000004,
-10.));
#13394=CARTESIAN_POINT('Ctrl Pts',(-12.4025677656024,0.200000000000004,
-10.));
#13395=CARTESIAN_POINT('Ctrl Pts',(-12.405135531184,0.20000000203865,-10.));
#13396=CARTESIAN_POINT('Ctrl Pts',(-12.4077037200896,0.199999993885747,
-10.));
#13397=CARTESIAN_POINT('Ctrl Pts',(-12.4000000000023,0.133333333333336,
-9.93333333333333));
#13398=CARTESIAN_POINT('Ctrl Pts',(-12.4022824583135,0.133333333333336,
-9.93333333333333));
#13399=CARTESIAN_POINT('Ctrl Pts',(-12.4045649166121,0.133333334692433,
-9.93332967027181));
#13400=CARTESIAN_POINT('Ctrl Pts',(-12.4068476100989,0.133333329257164,
-9.93332234445065));
#13401=CARTESIAN_POINT('Ctrl Pts',(-12.4000000000023,0.066666666666668,
-9.86666666666667));
#13402=CARTESIAN_POINT('Ctrl Pts',(-12.4019971510246,0.066666666666668,
-9.86666666666667));
#13403=CARTESIAN_POINT('Ctrl Pts',(-12.4039943020403,0.0666666673462166,
-9.86665934054362));
#13404=CARTESIAN_POINT('Ctrl Pts',(-12.4059915001082,0.0666666646285822,
-9.8666446889013));
#13405=CARTESIAN_POINT('Ctrl Pts',(-12.4000000000023,0.,-9.8));
#13406=CARTESIAN_POINT('Ctrl Pts',(-12.4017118437357,0.,-9.8));
#13407=CARTESIAN_POINT('Ctrl Pts',(-12.4034236874684,0.,-9.79998901081542));
#13408=CARTESIAN_POINT('Ctrl Pts',(-12.4051353901174,0.,-9.79996703335196));
#13409=CARTESIAN_POINT('',(-12.4077037200896,0.199999993879812,-10.));
#13410=CARTESIAN_POINT('',(-12.4000000000023,0.,-9.8));
#13411=CARTESIAN_POINT('Ctrl Pts',(-13.0100000000023,0.199749843554386,
9.4));
#13412=CARTESIAN_POINT('Ctrl Pts',(-13.0100000000023,0.199749843554386,
9.55839234571074));
#13413=CARTESIAN_POINT('Ctrl Pts',(-12.8766199473743,0.199913886456288,
9.87320845898531));
#13414=CARTESIAN_POINT('Ctrl Pts',(-12.5635251534626,0.199999499219233,
10.0000000000201));
#13415=CARTESIAN_POINT('Ctrl Pts',(-12.4077037200896,0.199999993885747,
10.));
#13416=CARTESIAN_POINT('Ctrl Pts',(-12.9400000000023,0.133166562369591,
9.4));
#13417=CARTESIAN_POINT('Ctrl Pts',(-12.9400000000023,0.133166562369591,
9.54021617489147));
#13418=CARTESIAN_POINT('Ctrl Pts',(-12.8227210784233,0.133275924304192,
9.81910758225752));
#13419=CARTESIAN_POINT('Ctrl Pts',(-12.5453469900632,0.133332999479489,
9.93287786004521));
#13420=CARTESIAN_POINT('Ctrl Pts',(-12.4068476100989,0.133333329257164,
9.93332234445065));
#13421=CARTESIAN_POINT('Ctrl Pts',(-12.8700000000023,0.0665832811847953,
9.4));
#13422=CARTESIAN_POINT('Ctrl Pts',(-12.8700000000023,0.0665832811847953,
9.52204000407221));
#13423=CARTESIAN_POINT('Ctrl Pts',(-12.7688222094724,0.066637962152096,
9.76500670552973));
#13424=CARTESIAN_POINT('Ctrl Pts',(-12.5271688266637,0.0666664997397444,
9.86575572007033));
#13425=CARTESIAN_POINT('Ctrl Pts',(-12.4059915001082,0.0666666646285822,
9.8666446889013));
#13426=CARTESIAN_POINT('Ctrl Pts',(-12.8000000000023,0.,9.4));
#13427=CARTESIAN_POINT('Ctrl Pts',(-12.8000000000023,0.,9.50386383325294));
#13428=CARTESIAN_POINT('Ctrl Pts',(-12.7149233405215,0.,9.71090582880193));
#13429=CARTESIAN_POINT('Ctrl Pts',(-12.5089906632643,0.,9.79863358009544));
#13430=CARTESIAN_POINT('Ctrl Pts',(-12.4051353901174,0.,9.79996703335196));
#13431=CARTESIAN_POINT('',(-12.8000000000023,0.,9.4));
#13432=CARTESIAN_POINT('Origin',(-12.9050000000023,0.0998749217771909,0.));
#13433=CARTESIAN_POINT('',(-12.8000000000023,0.,-9.4));
#13434=CARTESIAN_POINT('Ctrl Pts',(-12.4077037200896,0.199999993885747,
-10.));
#13435=CARTESIAN_POINT('Ctrl Pts',(-12.5635251534626,0.199999499219233,
-10.0000000000201));
#13436=CARTESIAN_POINT('Ctrl Pts',(-12.8766199473743,0.199913886456288,
-9.87320845898531));
#13437=CARTESIAN_POINT('Ctrl Pts',(-13.0100000000023,0.199749843554386,
-9.55839234571074));
#13438=CARTESIAN_POINT('Ctrl Pts',(-13.0100000000023,0.199749843554386,
-9.4));
#13439=CARTESIAN_POINT('Ctrl Pts',(-12.4068476100989,0.133333329257164,
-9.93332234445065));
#13440=CARTESIAN_POINT('Ctrl Pts',(-12.5453469900632,0.133332999479489,
-9.93287786004521));
#13441=CARTESIAN_POINT('Ctrl Pts',(-12.8227210784233,0.133275924304192,
-9.81910758225752));
#13442=CARTESIAN_POINT('Ctrl Pts',(-12.9400000000023,0.13316656236959,-9.54021617489147));
#13443=CARTESIAN_POINT('Ctrl Pts',(-12.9400000000023,0.13316656236959,-9.4));
#13444=CARTESIAN_POINT('Ctrl Pts',(-12.4059915001082,0.0666666646285822,
-9.8666446889013));
#13445=CARTESIAN_POINT('Ctrl Pts',(-12.5271688266637,0.0666664997397444,
-9.86575572007032));
#13446=CARTESIAN_POINT('Ctrl Pts',(-12.7688222094724,0.066637962152096,
-9.76500670552972));
#13447=CARTESIAN_POINT('Ctrl Pts',(-12.8700000000023,0.0665832811847952,
-9.52204000407221));
#13448=CARTESIAN_POINT('Ctrl Pts',(-12.8700000000023,0.0665832811847952,
-9.4));
#13449=CARTESIAN_POINT('Ctrl Pts',(-12.4051353901174,0.,-9.79996703335196));
#13450=CARTESIAN_POINT('Ctrl Pts',(-12.5089906632643,0.,-9.79863358009544));
#13451=CARTESIAN_POINT('Ctrl Pts',(-12.7149233405215,0.,-9.71090582880193));
#13452=CARTESIAN_POINT('Ctrl Pts',(-12.8000000000023,0.,-9.50386383325294));
#13453=CARTESIAN_POINT('Ctrl Pts',(-12.8000000000023,0.,-9.4));
#13454=CARTESIAN_POINT('Ctrl Pts',(-7.59229627990864,0.199999993885744,
-10.));
#13455=CARTESIAN_POINT('Ctrl Pts',(-7.59486446881424,0.200000002038647,
-10.));
#13456=CARTESIAN_POINT('Ctrl Pts',(-7.59743223439578,0.200000000000001,
-10.));
#13457=CARTESIAN_POINT('Ctrl Pts',(-7.59999999999592,0.200000000000001,
-10.));
#13458=CARTESIAN_POINT('Ctrl Pts',(-7.59315238989935,0.133333329257163,
-9.93332234445065));
#13459=CARTESIAN_POINT('Ctrl Pts',(-7.59543508338611,0.133333334692431,
-9.93332967027181));
#13460=CARTESIAN_POINT('Ctrl Pts',(-7.59771754168468,0.133333333333334,
-9.93333333333333));
#13461=CARTESIAN_POINT('Ctrl Pts',(-7.59999999999592,0.133333333333334,
-9.93333333333333));
#13462=CARTESIAN_POINT('Ctrl Pts',(-7.59400849989007,0.0666666646285814,
-9.8666446889013));
#13463=CARTESIAN_POINT('Ctrl Pts',(-7.59600569795797,0.0666666673462157,
-9.86665934054362));
#13464=CARTESIAN_POINT('Ctrl Pts',(-7.59800284897359,0.0666666666666671,
-9.86666666666667));
#13465=CARTESIAN_POINT('Ctrl Pts',(-7.59999999999592,0.0666666666666671,
-9.86666666666667));
#13466=CARTESIAN_POINT('Ctrl Pts',(-7.59486460988078,0.,-9.79996703335196));
#13467=CARTESIAN_POINT('Ctrl Pts',(-7.59657631252984,0.,-9.79998901081542));
#13468=CARTESIAN_POINT('Ctrl Pts',(-7.59828815626249,0.,-9.8));
#13469=CARTESIAN_POINT('Ctrl Pts',(-7.59999999999592,0.,-9.8));
#13470=CARTESIAN_POINT('',(-7.59999999999592,0.2,-10.));
#13471=CARTESIAN_POINT('',(-7.59486460988078,0.,-9.79996703335196));
#13472=CARTESIAN_POINT('Origin',(12.7000000006859,0.1,-9.9));
#13473=CARTESIAN_POINT('Ctrl Pts',(-6.98999999999593,0.199749843554384,
-9.4));
#13474=CARTESIAN_POINT('Ctrl Pts',(-6.98999999999593,0.199749843554384,
-9.55839234571074));
#13475=CARTESIAN_POINT('Ctrl Pts',(-7.12334400414549,0.199913893514684,
-9.87324906794971));
#13476=CARTESIAN_POINT('Ctrl Pts',(-7.43647484653563,0.199999499219231,
-10.0000000000201));
#13477=CARTESIAN_POINT('Ctrl Pts',(-7.59229627990864,0.199999993885744,
-10.));
#13478=CARTESIAN_POINT('Ctrl Pts',(-7.05999999999593,0.133166562369589,
-9.4));
#13479=CARTESIAN_POINT('Ctrl Pts',(-7.05999999999593,0.133166562369589,
-9.54021617489147));
#13480=CARTESIAN_POINT('Ctrl Pts',(-7.17724680965071,0.133275929009789,
-9.81914263143324));
#13481=CARTESIAN_POINT('Ctrl Pts',(-7.45465300993506,0.133332999479487,
-9.93287786004521));
#13482=CARTESIAN_POINT('Ctrl Pts',(-7.59315238989936,0.133333329257163,
-9.93332234445065));
#13483=CARTESIAN_POINT('Ctrl Pts',(-7.12999999999592,0.0665832811847945,
-9.4));
#13484=CARTESIAN_POINT('Ctrl Pts',(-7.12999999999592,0.0665832811847945,
-9.52204000407221));
#13485=CARTESIAN_POINT('Ctrl Pts',(-7.23114961515593,0.0666379645048946,
-9.76503619491676));
#13486=CARTESIAN_POINT('Ctrl Pts',(-7.47283117333449,0.0666664997397436,
-9.86575572007032));
#13487=CARTESIAN_POINT('Ctrl Pts',(-7.59400849989007,0.0666666646285814,
-9.8666446889013));
#13488=CARTESIAN_POINT('Ctrl Pts',(-7.19999999999593,0.,-9.4));
#13489=CARTESIAN_POINT('Ctrl Pts',(-7.19999999999593,0.,-9.50386383325294));
#13490=CARTESIAN_POINT('Ctrl Pts',(-7.28505242066116,0.,-9.71092975840028));
#13491=CARTESIAN_POINT('Ctrl Pts',(-7.49100933673393,0.,-9.79863358009544));
#13492=CARTESIAN_POINT('Ctrl Pts',(-7.59486460988078,0.,-9.79996703335196));
#13493=CARTESIAN_POINT('',(-7.19999999999593,0.,-9.4));
#13494=CARTESIAN_POINT('Origin',(-7.09499999999593,0.0998749217771909,0.));
#13495=CARTESIAN_POINT('',(-7.19999999999593,0.,9.4));
#13496=CARTESIAN_POINT('Ctrl Pts',(-7.59229627990864,0.199999993885744,
10.));
#13497=CARTESIAN_POINT('Ctrl Pts',(-7.43647484653563,0.199999499219231,
10.0000000000201));
#13498=CARTESIAN_POINT('Ctrl Pts',(-7.1233440041455,0.199913893514684,9.87324906794972));
#13499=CARTESIAN_POINT('Ctrl Pts',(-6.98999999999593,0.199749843554383,
9.55839234571074));
#13500=CARTESIAN_POINT('Ctrl Pts',(-6.98999999999593,0.199749843554383,
9.4));
#13501=CARTESIAN_POINT('Ctrl Pts',(-7.59315238989936,0.133333329257163,
9.93332234445065));
#13502=CARTESIAN_POINT('Ctrl Pts',(-7.45465300993506,0.133332999479487,
9.93287786004521));
#13503=CARTESIAN_POINT('Ctrl Pts',(-7.17724680965072,0.133275929009789,
9.81914263143324));
#13504=CARTESIAN_POINT('Ctrl Pts',(-7.05999999999593,0.133166562369589,
9.54021617489147));
#13505=CARTESIAN_POINT('Ctrl Pts',(-7.05999999999593,0.133166562369589,
9.4));
#13506=CARTESIAN_POINT('Ctrl Pts',(-7.59400849989007,0.0666666646285814,
9.8666446889013));
#13507=CARTESIAN_POINT('Ctrl Pts',(-7.47283117333449,0.0666664997397436,
9.86575572007032));
#13508=CARTESIAN_POINT('Ctrl Pts',(-7.23114961515594,0.0666379645048947,
9.76503619491676));
#13509=CARTESIAN_POINT('Ctrl Pts',(-7.12999999999592,0.0665832811847944,
9.52204000407221));
#13510=CARTESIAN_POINT('Ctrl Pts',(-7.12999999999592,0.0665832811847944,
9.4));
#13511=CARTESIAN_POINT('Ctrl Pts',(-7.59486460988078,0.,9.79996703335196));
#13512=CARTESIAN_POINT('Ctrl Pts',(-7.49100933673393,0.,9.79863358009544));
#13513=CARTESIAN_POINT('Ctrl Pts',(-7.28505242066116,0.,9.71092975840029));
#13514=CARTESIAN_POINT('Ctrl Pts',(-7.19999999999593,0.,9.50386383325294));
#13515=CARTESIAN_POINT('Ctrl Pts',(-7.19999999999593,0.,9.4));
#13516=CARTESIAN_POINT('Origin',(4.44089209850063E-15,0.,-2.22044604925031E-15));
#13517=CARTESIAN_POINT('',(-2.39999999999592,0.,9.8));
#13518=CARTESIAN_POINT('',(2.40000000000408,0.,9.8));
#13519=CARTESIAN_POINT('',(-12.7000000006859,0.,9.8));
#13520=CARTESIAN_POINT('',(-2.40513539011106,0.,9.79996703335196));
#13521=CARTESIAN_POINT('Ctrl Pts',(-2.40513539011106,0.,9.79996703335196));
#13522=CARTESIAN_POINT('Ctrl Pts',(-2.40342368746201,0.,9.79998901081542));
#13523=CARTESIAN_POINT('Ctrl Pts',(-2.40171184372935,0.,9.8));
#13524=CARTESIAN_POINT('Ctrl Pts',(-2.39999999999592,0.,9.8));
#13525=CARTESIAN_POINT('',(-2.79999999999592,0.,9.4));
#13526=CARTESIAN_POINT('Ctrl Pts',(-2.79999999999592,0.,9.4));
#13527=CARTESIAN_POINT('Ctrl Pts',(-2.79999999999592,0.,9.50386383325294));
#13528=CARTESIAN_POINT('Ctrl Pts',(-2.71497561697833,0.,9.71095743836856));
#13529=CARTESIAN_POINT('Ctrl Pts',(-2.50899066325792,0.,9.79863358009544));
#13530=CARTESIAN_POINT('Ctrl Pts',(-2.40513539011106,0.,9.79996703335196));
#13531=CARTESIAN_POINT('',(-2.79999999999592,0.,-9.4));
#13532=CARTESIAN_POINT('',(-2.79999999999592,0.,0.));
#13533=CARTESIAN_POINT('',(-2.40513539011106,0.,-9.79996703335196));
#13534=CARTESIAN_POINT('Ctrl Pts',(-2.40513539011106,0.,-9.79996703335196));
#13535=CARTESIAN_POINT('Ctrl Pts',(-2.50899066325792,0.,-9.79863358009544));
#13536=CARTESIAN_POINT('Ctrl Pts',(-2.71497561697833,0.,-9.71095743836856));
#13537=CARTESIAN_POINT('Ctrl Pts',(-2.79999999999592,0.,-9.50386383325294));
#13538=CARTESIAN_POINT('Ctrl Pts',(-2.79999999999592,0.,-9.4));
#13539=CARTESIAN_POINT('',(-2.39999999999592,0.,-9.8));
#13540=CARTESIAN_POINT('Ctrl Pts',(-2.39999999999592,0.,-9.8));
#13541=CARTESIAN_POINT('Ctrl Pts',(-2.40171184372935,0.,-9.8));
#13542=CARTESIAN_POINT('Ctrl Pts',(-2.40342368746201,0.,-9.79998901081542));
#13543=CARTESIAN_POINT('Ctrl Pts',(-2.40513539011106,0.,-9.79996703335196));
#13544=CARTESIAN_POINT('',(2.40000000000409,0.,-9.8));
#13545=CARTESIAN_POINT('',(12.7000000006859,0.,-9.8));
#13546=CARTESIAN_POINT('',(2.40513539011922,0.,-9.79996703335196));
#13547=CARTESIAN_POINT('Ctrl Pts',(2.40513539011922,0.,-9.79996703335196));
#13548=CARTESIAN_POINT('Ctrl Pts',(2.40342368747017,0.,-9.79998901081542));
#13549=CARTESIAN_POINT('Ctrl Pts',(2.40171184373752,0.,-9.8));
#13550=CARTESIAN_POINT('Ctrl Pts',(2.40000000000409,0.,-9.8));
#13551=CARTESIAN_POINT('',(2.80000000000408,0.,-9.4));
#13552=CARTESIAN_POINT('Ctrl Pts',(2.80000000000408,0.,-9.4));
#13553=CARTESIAN_POINT('Ctrl Pts',(2.80000000000408,0.,-9.50386383325294));
#13554=CARTESIAN_POINT('Ctrl Pts',(2.71497561698649,0.,-9.71095743836857));
#13555=CARTESIAN_POINT('Ctrl Pts',(2.50899066326608,0.,-9.79863358009544));
#13556=CARTESIAN_POINT('Ctrl Pts',(2.40513539011922,0.,-9.79996703335196));
#13557=CARTESIAN_POINT('',(2.80000000000408,0.,9.4));
#13558=CARTESIAN_POINT('',(2.80000000000408,0.,0.));
#13559=CARTESIAN_POINT('',(2.40513539011922,0.,9.79996703335196));
#13560=CARTESIAN_POINT('Ctrl Pts',(2.40513539011922,0.,9.79996703335196));
#13561=CARTESIAN_POINT('Ctrl Pts',(2.50899066326608,0.,9.79863358009544));
#13562=CARTESIAN_POINT('Ctrl Pts',(2.71497561698649,0.,9.71095743836856));
#13563=CARTESIAN_POINT('Ctrl Pts',(2.80000000000408,0.,9.50386383325294));
#13564=CARTESIAN_POINT('Ctrl Pts',(2.80000000000408,0.,9.4));
#13565=CARTESIAN_POINT('Ctrl Pts',(2.40000000000408,0.,9.8));
#13566=CARTESIAN_POINT('Ctrl Pts',(2.40171184373751,0.,9.8));
#13567=CARTESIAN_POINT('Ctrl Pts',(2.40342368747017,0.,9.79998901081542));
#13568=CARTESIAN_POINT('Ctrl Pts',(2.40513539011922,0.,9.79996703335196));
#13569=CARTESIAN_POINT('Origin',(-4.99999999999592,1.28779161805764E-15,
9.4));
#13570=CARTESIAN_POINT('',(-2.40770372008321,0.199999993879809,10.));
#13571=CARTESIAN_POINT('',(-3.00999999999592,0.199749843554382,9.4));
#13572=CARTESIAN_POINT('Ctrl Pts',(-2.40770372008321,0.199999993885744,
10.));
#13573=CARTESIAN_POINT('Ctrl Pts',(-2.56352515345622,0.199999499219231,
10.0000000000201));
#13574=CARTESIAN_POINT('Ctrl Pts',(-2.87669769402806,0.199913901679311,
9.87329604136022));
#13575=CARTESIAN_POINT('Ctrl Pts',(-3.00999999999592,0.199749843554383,
9.55839234571074));
#13576=CARTESIAN_POINT('Ctrl Pts',(-3.00999999999592,0.199749843554383,
9.4));
#13577=CARTESIAN_POINT('Origin',(-4.99999999999592,1.28779161805764E-15,
10.));
#13578=CARTESIAN_POINT('Origin',(-4.99999999999592,1.28779161805764E-15,
9.4));
#13579=CARTESIAN_POINT('Origin',(-4.99999999999592,1.28779161805764E-15,
0.));
#13580=CARTESIAN_POINT('',(-3.00999999999592,0.199749843554383,-9.4));
#13581=CARTESIAN_POINT('',(-3.00999999999592,0.199749843554382,0.));
#13582=CARTESIAN_POINT('Origin',(-4.99999999999592,1.28779161805764E-15,
-9.4));
#13583=CARTESIAN_POINT('Origin',(-4.99999999999592,1.28779161805764E-15,
-9.4));
#13584=CARTESIAN_POINT('Ctrl Pts',(-3.00999999999592,0.199749843554383,
-9.4));
#13585=CARTESIAN_POINT('Ctrl Pts',(-3.00999999999592,0.199749843554383,
-9.55839234571074));
#13586=CARTESIAN_POINT('Ctrl Pts',(-2.87669769402806,0.199913901679311,
-9.87329604136021));
#13587=CARTESIAN_POINT('Ctrl Pts',(-2.56352515345622,0.199999499219231,
-10.0000000000201));
#13588=CARTESIAN_POINT('Ctrl Pts',(-2.40770372008321,0.199999993885744,
-10.));
#13589=CARTESIAN_POINT('Ctrl Pts',(2.40000000000408,0.199999999999999,10.));
#13590=CARTESIAN_POINT('Ctrl Pts',(2.40256776560423,0.199999999999999,10.));
#13591=CARTESIAN_POINT('Ctrl Pts',(2.40513553118577,0.200000002038645,10.));
#13592=CARTESIAN_POINT('Ctrl Pts',(2.40770372009137,0.199999993885742,10.));
#13593=CARTESIAN_POINT('Ctrl Pts',(2.40000000000408,0.133333333333332,9.93333333333334));
#13594=CARTESIAN_POINT('Ctrl Pts',(2.40228245831532,0.133333333333332,9.93333333333334));
#13595=CARTESIAN_POINT('Ctrl Pts',(2.4045649166139,0.13333333469243,9.93332967027181));
#13596=CARTESIAN_POINT('Ctrl Pts',(2.40684761010065,0.133333329257161,9.93332234445065));
#13597=CARTESIAN_POINT('Ctrl Pts',(2.40000000000408,0.0666666666666662,
9.86666666666667));
#13598=CARTESIAN_POINT('Ctrl Pts',(2.40199715102642,0.0666666666666662,
9.86666666666667));
#13599=CARTESIAN_POINT('Ctrl Pts',(2.40399430204203,0.0666666673462148,
9.86665934054362));
#13600=CARTESIAN_POINT('Ctrl Pts',(2.40599150010994,0.0666666646285805,
9.8666446889013));
#13601=CARTESIAN_POINT('Ctrl Pts',(2.40000000000408,0.,9.8));
#13602=CARTESIAN_POINT('Ctrl Pts',(2.40171184373751,0.,9.8));
#13603=CARTESIAN_POINT('Ctrl Pts',(2.40342368747017,0.,9.79998901081542));
#13604=CARTESIAN_POINT('Ctrl Pts',(2.40513539011922,0.,9.79996703335196));
#13605=CARTESIAN_POINT('',(2.40770372009137,0.199999993879806,10.));
#13606=CARTESIAN_POINT('',(2.40000000000408,0.2,10.));
#13607=CARTESIAN_POINT('Ctrl Pts',(2.40770372009137,0.199999993885742,10.));
#13608=CARTESIAN_POINT('Ctrl Pts',(2.40513553118577,0.200000002038645,10.));
#13609=CARTESIAN_POINT('Ctrl Pts',(2.40256776560423,0.199999999999999,10.));
#13610=CARTESIAN_POINT('Ctrl Pts',(2.40000000000408,0.199999999999999,10.));
#13611=CARTESIAN_POINT('',(2.40000000000408,0.,9.8));
#13612=CARTESIAN_POINT('Ctrl Pts',(-2.40770372008321,0.199999993885744,
10.));
#13613=CARTESIAN_POINT('Ctrl Pts',(-2.40513553117761,0.200000002038647,
10.));
#13614=CARTESIAN_POINT('Ctrl Pts',(-2.40256776559607,0.200000000000001,
10.));
#13615=CARTESIAN_POINT('Ctrl Pts',(-2.39999999999592,0.200000000000001,
10.));
#13616=CARTESIAN_POINT('Ctrl Pts',(-2.40684761009249,0.133333329257163,
9.93332234445065));
#13617=CARTESIAN_POINT('Ctrl Pts',(-2.40456491660574,0.133333334692431,
9.93332967027181));
#13618=CARTESIAN_POINT('Ctrl Pts',(-2.40228245830716,0.133333333333334,
9.93333333333334));
#13619=CARTESIAN_POINT('Ctrl Pts',(-2.39999999999592,0.133333333333334,
9.93333333333334));
#13620=CARTESIAN_POINT('Ctrl Pts',(-2.40599150010178,0.0666666646285814,
9.8666446889013));
#13621=CARTESIAN_POINT('Ctrl Pts',(-2.40399430203387,0.0666666673462157,
9.86665934054362));
#13622=CARTESIAN_POINT('Ctrl Pts',(-2.40199715101826,0.0666666666666671,
9.86666666666667));
#13623=CARTESIAN_POINT('Ctrl Pts',(-2.39999999999592,0.0666666666666671,
9.86666666666667));
#13624=CARTESIAN_POINT('Ctrl Pts',(-2.40513539011106,0.,9.79996703335196));
#13625=CARTESIAN_POINT('Ctrl Pts',(-2.40342368746201,0.,9.79998901081542));
#13626=CARTESIAN_POINT('Ctrl Pts',(-2.40171184372935,0.,9.8));
#13627=CARTESIAN_POINT('Ctrl Pts',(-2.39999999999592,0.,9.8));
#13628=CARTESIAN_POINT('',(-2.39999999999592,0.2,10.));
#13629=CARTESIAN_POINT('',(-2.39999999999592,0.2,10.));
#13630=CARTESIAN_POINT('Ctrl Pts',(-2.39999999999592,0.200000000000001,
10.));
#13631=CARTESIAN_POINT('Ctrl Pts',(-2.40256776559607,0.200000000000001,
10.));
#13632=CARTESIAN_POINT('Ctrl Pts',(-2.40513553117761,0.200000002038647,
10.));
#13633=CARTESIAN_POINT('Ctrl Pts',(-2.40770372008321,0.199999993885744,
10.));
#13634=CARTESIAN_POINT('',(-2.40513539011106,0.,9.79996703335196));
#13635=CARTESIAN_POINT('Origin',(-12.7000000006859,0.1,9.9));
#13636=CARTESIAN_POINT('',(-12.7000000006859,0.2,10.));
#13637=CARTESIAN_POINT('Ctrl Pts',(-2.39999999999592,0.200000000000001,
-10.));
#13638=CARTESIAN_POINT('Ctrl Pts',(-2.40256776559607,0.200000000000001,
-10.));
#13639=CARTESIAN_POINT('Ctrl Pts',(-2.40513553117761,0.200000002038647,
-10.));
#13640=CARTESIAN_POINT('Ctrl Pts',(-2.40770372008321,0.199999993885744,
-10.));
#13641=CARTESIAN_POINT('Ctrl Pts',(-2.39999999999592,0.133333333333334,
-9.93333333333333));
#13642=CARTESIAN_POINT('Ctrl Pts',(-2.40228245830716,0.133333333333334,
-9.93333333333333));
#13643=CARTESIAN_POINT('Ctrl Pts',(-2.40456491660574,0.133333334692431,
-9.93332967027181));
#13644=CARTESIAN_POINT('Ctrl Pts',(-2.40684761009249,0.133333329257163,
-9.93332234445065));
#13645=CARTESIAN_POINT('Ctrl Pts',(-2.39999999999592,0.0666666666666671,
-9.86666666666667));
#13646=CARTESIAN_POINT('Ctrl Pts',(-2.40199715101826,0.0666666666666671,
-9.86666666666667));
#13647=CARTESIAN_POINT('Ctrl Pts',(-2.40399430203387,0.0666666673462157,
-9.86665934054362));
#13648=CARTESIAN_POINT('Ctrl Pts',(-2.40599150010178,0.0666666646285814,
-9.8666446889013));
#13649=CARTESIAN_POINT('Ctrl Pts',(-2.39999999999592,0.,-9.8));
#13650=CARTESIAN_POINT('Ctrl Pts',(-2.40171184372935,0.,-9.8));
#13651=CARTESIAN_POINT('Ctrl Pts',(-2.40342368746201,0.,-9.79998901081542));
#13652=CARTESIAN_POINT('Ctrl Pts',(-2.40513539011106,0.,-9.79996703335196));
#13653=CARTESIAN_POINT('',(-2.40770372008321,0.199999993879809,-10.));
#13654=CARTESIAN_POINT('',(-2.39999999999592,0.,-9.8));
#13655=CARTESIAN_POINT('Ctrl Pts',(-3.00999999999592,0.199749843554383,
9.4));
#13656=CARTESIAN_POINT('Ctrl Pts',(-3.00999999999592,0.199749843554383,
9.55839234571074));
#13657=CARTESIAN_POINT('Ctrl Pts',(-2.87669769402806,0.199913901679311,
9.87329604136022));
#13658=CARTESIAN_POINT('Ctrl Pts',(-2.56352515345622,0.199999499219231,
10.0000000000201));
#13659=CARTESIAN_POINT('Ctrl Pts',(-2.40770372008321,0.199999993885744,
10.));
#13660=CARTESIAN_POINT('Ctrl Pts',(-2.93999999999592,0.133166562369588,
9.4));
#13661=CARTESIAN_POINT('Ctrl Pts',(-2.93999999999592,0.133166562369588,
9.54021617489147));
#13662=CARTESIAN_POINT('Ctrl Pts',(-2.82279033501148,0.133275934452874,
9.81918317369633));
#13663=CARTESIAN_POINT('Ctrl Pts',(-2.54534699005679,0.133332999479487,
9.93287786004521));
#13664=CARTESIAN_POINT('Ctrl Pts',(-2.40684761009249,0.133333329257163,
9.93332234445065));
#13665=CARTESIAN_POINT('Ctrl Pts',(-2.86999999999592,0.0665832811847942,
9.4));
#13666=CARTESIAN_POINT('Ctrl Pts',(-2.86999999999592,0.0665832811847942,
9.52204000407221));
#13667=CARTESIAN_POINT('Ctrl Pts',(-2.76888297599491,0.066637967226437,
9.76507030603244));
#13668=CARTESIAN_POINT('Ctrl Pts',(-2.52716882665735,0.0666664997397436,
9.86575572007033));
#13669=CARTESIAN_POINT('Ctrl Pts',(-2.40599150010178,0.0666666646285814,
9.8666446889013));
#13670=CARTESIAN_POINT('Ctrl Pts',(-2.79999999999592,0.,9.4));
#13671=CARTESIAN_POINT('Ctrl Pts',(-2.79999999999592,0.,9.50386383325294));
#13672=CARTESIAN_POINT('Ctrl Pts',(-2.71497561697833,0.,9.71095743836856));
#13673=CARTESIAN_POINT('Ctrl Pts',(-2.50899066325792,0.,9.79863358009544));
#13674=CARTESIAN_POINT('Ctrl Pts',(-2.40513539011106,0.,9.79996703335196));
#13675=CARTESIAN_POINT('',(-2.79999999999592,0.,9.4));
#13676=CARTESIAN_POINT('Origin',(-2.90499999999592,0.0998749217771909,0.));
#13677=CARTESIAN_POINT('',(-2.79999999999592,0.,-9.4));
#13678=CARTESIAN_POINT('Ctrl Pts',(-2.40770372008321,0.199999993885744,
-10.));
#13679=CARTESIAN_POINT('Ctrl Pts',(-2.56352515345622,0.199999499219231,
-10.0000000000201));
#13680=CARTESIAN_POINT('Ctrl Pts',(-2.87669769402806,0.199913901679311,
-9.87329604136021));
#13681=CARTESIAN_POINT('Ctrl Pts',(-3.00999999999592,0.199749843554383,
-9.55839234571074));
#13682=CARTESIAN_POINT('Ctrl Pts',(-3.00999999999592,0.199749843554383,
-9.4));
#13683=CARTESIAN_POINT('Ctrl Pts',(-2.40684761009249,0.133333329257163,
-9.93332234445065));
#13684=CARTESIAN_POINT('Ctrl Pts',(-2.54534699005679,0.133332999479487,
-9.93287786004521));
#13685=CARTESIAN_POINT('Ctrl Pts',(-2.82279033501148,0.133275934452874,
-9.81918317369633));
#13686=CARTESIAN_POINT('Ctrl Pts',(-2.93999999999592,0.133166562369589,
-9.54021617489147));
#13687=CARTESIAN_POINT('Ctrl Pts',(-2.93999999999592,0.133166562369589,
-9.4));
#13688=CARTESIAN_POINT('Ctrl Pts',(-2.40599150010178,0.0666666646285814,
-9.8666446889013));
#13689=CARTESIAN_POINT('Ctrl Pts',(-2.52716882665735,0.0666664997397436,
-9.86575572007033));
#13690=CARTESIAN_POINT('Ctrl Pts',(-2.76888297599491,0.0666379672264369,
-9.76507030603245));
#13691=CARTESIAN_POINT('Ctrl Pts',(-2.86999999999592,0.0665832811847944,
-9.52204000407221));
#13692=CARTESIAN_POINT('Ctrl Pts',(-2.86999999999592,0.0665832811847944,
-9.4));
#13693=CARTESIAN_POINT('Ctrl Pts',(-2.40513539011106,0.,-9.79996703335196));
#13694=CARTESIAN_POINT('Ctrl Pts',(-2.50899066325792,0.,-9.79863358009544));
#13695=CARTESIAN_POINT('Ctrl Pts',(-2.71497561697833,0.,-9.71095743836856));
#13696=CARTESIAN_POINT('Ctrl Pts',(-2.79999999999592,0.,-9.50386383325294));
#13697=CARTESIAN_POINT('Ctrl Pts',(-2.79999999999592,0.,-9.4));
#13698=CARTESIAN_POINT('Ctrl Pts',(2.40770372009137,0.199999993885742,-10.));
#13699=CARTESIAN_POINT('Ctrl Pts',(2.40513553118577,0.200000002038645,-10.));
#13700=CARTESIAN_POINT('Ctrl Pts',(2.40256776560423,0.199999999999999,-10.));
#13701=CARTESIAN_POINT('Ctrl Pts',(2.40000000000409,0.199999999999999,-10.));
#13702=CARTESIAN_POINT('Ctrl Pts',(2.40684761010065,0.133333329257161,-9.93332234445065));
#13703=CARTESIAN_POINT('Ctrl Pts',(2.4045649166139,0.13333333469243,-9.93332967027181));
#13704=CARTESIAN_POINT('Ctrl Pts',(2.40228245831533,0.133333333333332,-9.93333333333333));
#13705=CARTESIAN_POINT('Ctrl Pts',(2.40000000000409,0.133333333333332,-9.93333333333333));
#13706=CARTESIAN_POINT('Ctrl Pts',(2.40599150010994,0.0666666646285805,
-9.8666446889013));
#13707=CARTESIAN_POINT('Ctrl Pts',(2.40399430204204,0.0666666673462148,
-9.86665934054362));
#13708=CARTESIAN_POINT('Ctrl Pts',(2.40199715102642,0.0666666666666662,
-9.86666666666667));
#13709=CARTESIAN_POINT('Ctrl Pts',(2.40000000000409,0.0666666666666662,
-9.86666666666667));
#13710=CARTESIAN_POINT('Ctrl Pts',(2.40513539011922,0.,-9.79996703335196));
#13711=CARTESIAN_POINT('Ctrl Pts',(2.40342368747017,0.,-9.79998901081542));
#13712=CARTESIAN_POINT('Ctrl Pts',(2.40171184373752,0.,-9.8));
#13713=CARTESIAN_POINT('Ctrl Pts',(2.40000000000409,0.,-9.8));
#13714=CARTESIAN_POINT('',(2.40000000000409,0.2,-10.));
#13715=CARTESIAN_POINT('',(2.40513539011922,0.,-9.79996703335196));
#13716=CARTESIAN_POINT('Origin',(12.7000000006859,0.1,-9.9));
#13717=CARTESIAN_POINT('Ctrl Pts',(3.01000000000408,0.199749843554381,-9.4));
#13718=CARTESIAN_POINT('Ctrl Pts',(3.01000000000408,0.199749843554381,-9.55839234571074));
#13719=CARTESIAN_POINT('Ctrl Pts',(2.87669769403622,0.199913901679308,-9.87329604136021));
#13720=CARTESIAN_POINT('Ctrl Pts',(2.56352515346438,0.199999499219228,-10.0000000000201));
#13721=CARTESIAN_POINT('Ctrl Pts',(2.40770372009137,0.199999993885741,-10.));
#13722=CARTESIAN_POINT('Ctrl Pts',(2.94000000000408,0.133166562369587,-9.4));
#13723=CARTESIAN_POINT('Ctrl Pts',(2.94000000000408,0.133166562369587,-9.54021617489147));
#13724=CARTESIAN_POINT('Ctrl Pts',(2.82279033501964,0.133275934452872,-9.81918317369633));
#13725=CARTESIAN_POINT('Ctrl Pts',(2.54534699006495,0.133332999479485,-9.93287786004521));
#13726=CARTESIAN_POINT('Ctrl Pts',(2.40684761010065,0.133333329257161,-9.93332234445065));
#13727=CARTESIAN_POINT('Ctrl Pts',(2.87000000000408,0.0665832811847936,
-9.4));
#13728=CARTESIAN_POINT('Ctrl Pts',(2.87000000000408,0.0665832811847936,
-9.52204000407221));
#13729=CARTESIAN_POINT('Ctrl Pts',(2.76888297600307,0.0666379672264361,
-9.76507030603245));
#13730=CARTESIAN_POINT('Ctrl Pts',(2.52716882666552,0.0666664997397427,
-9.86575572007033));
#13731=CARTESIAN_POINT('Ctrl Pts',(2.40599150010994,0.0666666646285805,
-9.8666446889013));
#13732=CARTESIAN_POINT('Ctrl Pts',(2.80000000000408,0.,-9.4));
#13733=CARTESIAN_POINT('Ctrl Pts',(2.80000000000408,0.,-9.50386383325294));
#13734=CARTESIAN_POINT('Ctrl Pts',(2.71497561698649,0.,-9.71095743836857));
#13735=CARTESIAN_POINT('Ctrl Pts',(2.50899066326608,0.,-9.79863358009544));
#13736=CARTESIAN_POINT('Ctrl Pts',(2.40513539011922,0.,-9.79996703335196));
#13737=CARTESIAN_POINT('',(2.80000000000408,0.,-9.4));
#13738=CARTESIAN_POINT('Origin',(2.90500000000408,0.0998749217771909,0.));
#13739=CARTESIAN_POINT('',(2.80000000000408,0.,9.4));
#13740=CARTESIAN_POINT('Ctrl Pts',(2.40770372009137,0.199999993885742,10.));
#13741=CARTESIAN_POINT('Ctrl Pts',(2.56352515346438,0.199999499219228,10.0000000000201));
#13742=CARTESIAN_POINT('Ctrl Pts',(2.87669769403622,0.199913901679308,9.87329604136021));
#13743=CARTESIAN_POINT('Ctrl Pts',(3.01000000000408,0.199749843554381,9.55839234571074));
#13744=CARTESIAN_POINT('Ctrl Pts',(3.01000000000408,0.199749843554381,9.4));
#13745=CARTESIAN_POINT('Ctrl Pts',(2.40684761010065,0.133333329257161,9.93332234445065));
#13746=CARTESIAN_POINT('Ctrl Pts',(2.54534699006495,0.133332999479485,9.93287786004521));
#13747=CARTESIAN_POINT('Ctrl Pts',(2.82279033501964,0.133275934452872,9.81918317369633));
#13748=CARTESIAN_POINT('Ctrl Pts',(2.94000000000408,0.133166562369587,9.54021617489147));
#13749=CARTESIAN_POINT('Ctrl Pts',(2.94000000000408,0.133166562369587,9.4));
#13750=CARTESIAN_POINT('Ctrl Pts',(2.40599150010994,0.0666666646285805,
9.8666446889013));
#13751=CARTESIAN_POINT('Ctrl Pts',(2.52716882666552,0.0666664997397427,
9.86575572007033));
#13752=CARTESIAN_POINT('Ctrl Pts',(2.76888297600307,0.0666379672264361,
9.76507030603244));
#13753=CARTESIAN_POINT('Ctrl Pts',(2.87000000000408,0.0665832811847935,
9.52204000407221));
#13754=CARTESIAN_POINT('Ctrl Pts',(2.87000000000408,0.0665832811847935,
9.4));
#13755=CARTESIAN_POINT('Ctrl Pts',(2.40513539011922,0.,9.79996703335196));
#13756=CARTESIAN_POINT('Ctrl Pts',(2.50899066326608,0.,9.79863358009544));
#13757=CARTESIAN_POINT('Ctrl Pts',(2.71497561698649,0.,9.71095743836856));
#13758=CARTESIAN_POINT('Ctrl Pts',(2.80000000000408,0.,9.50386383325294));
#13759=CARTESIAN_POINT('Ctrl Pts',(2.80000000000408,0.,9.4));
#13760=CARTESIAN_POINT('Origin',(4.44089209850063E-15,0.,-2.22044604925031E-15));
#13761=CARTESIAN_POINT('',(7.60000000000408,0.,9.8));
#13762=CARTESIAN_POINT('',(12.4000000000041,0.,9.8));
#13763=CARTESIAN_POINT('',(-12.7000000006859,0.,9.8));
#13764=CARTESIAN_POINT('',(7.59486460988894,0.,9.79996703335196));
#13765=CARTESIAN_POINT('Ctrl Pts',(7.59486460988894,0.,9.79996703335196));
#13766=CARTESIAN_POINT('Ctrl Pts',(7.596576312538,0.,9.79998901081542));
#13767=CARTESIAN_POINT('Ctrl Pts',(7.59828815627065,0.,9.8));
#13768=CARTESIAN_POINT('Ctrl Pts',(7.60000000000408,0.,9.8));
#13769=CARTESIAN_POINT('',(7.20000000000408,0.,9.4));
#13770=CARTESIAN_POINT('Ctrl Pts',(7.20000000000408,0.,9.4));
#13771=CARTESIAN_POINT('Ctrl Pts',(7.20000000000408,0.,9.50386383325294));
#13772=CARTESIAN_POINT('Ctrl Pts',(7.28505242066931,0.,9.71092975840028));
#13773=CARTESIAN_POINT('Ctrl Pts',(7.49100933674209,0.,9.79863358009544));
#13774=CARTESIAN_POINT('Ctrl Pts',(7.59486460988894,0.,9.79996703335196));
#13775=CARTESIAN_POINT('',(7.20000000000408,0.,-9.4));
#13776=CARTESIAN_POINT('',(7.20000000000408,0.,0.));
#13777=CARTESIAN_POINT('',(7.59486460988894,0.,-9.79996703335196));
#13778=CARTESIAN_POINT('Ctrl Pts',(7.59486460988894,0.,-9.79996703335196));
#13779=CARTESIAN_POINT('Ctrl Pts',(7.49100933674209,0.,-9.79863358009544));
#13780=CARTESIAN_POINT('Ctrl Pts',(7.28505242066931,0.,-9.71092975840029));
#13781=CARTESIAN_POINT('Ctrl Pts',(7.20000000000408,0.,-9.50386383325294));
#13782=CARTESIAN_POINT('Ctrl Pts',(7.20000000000408,0.,-9.4));
#13783=CARTESIAN_POINT('',(7.60000000000408,0.,-9.8));
#13784=CARTESIAN_POINT('Ctrl Pts',(7.60000000000408,0.,-9.8));
#13785=CARTESIAN_POINT('Ctrl Pts',(7.59828815627066,0.,-9.8));
#13786=CARTESIAN_POINT('Ctrl Pts',(7.596576312538,0.,-9.79998901081542));
#13787=CARTESIAN_POINT('Ctrl Pts',(7.59486460988894,0.,-9.79996703335196));
#13788=CARTESIAN_POINT('',(12.4000000000041,0.,-9.8));
#13789=CARTESIAN_POINT('',(12.7000000006859,0.,-9.8));
#13790=CARTESIAN_POINT('',(12.4051353901192,0.,-9.79996703335196));
#13791=CARTESIAN_POINT('Ctrl Pts',(12.4051353901192,0.,-9.79996703335196));
#13792=CARTESIAN_POINT('Ctrl Pts',(12.4034236874702,0.,-9.79998901081542));
#13793=CARTESIAN_POINT('Ctrl Pts',(12.4017118437375,0.,-9.8));
#13794=CARTESIAN_POINT('Ctrl Pts',(12.4000000000041,0.,-9.8));
#13795=CARTESIAN_POINT('',(12.8000000000041,0.,-9.4));
#13796=CARTESIAN_POINT('Ctrl Pts',(12.8000000000041,0.,-9.4));
#13797=CARTESIAN_POINT('Ctrl Pts',(12.8000000000041,0.,-9.50386383325294));
#13798=CARTESIAN_POINT('Ctrl Pts',(12.7149233405233,0.,-9.71090582880194));
#13799=CARTESIAN_POINT('Ctrl Pts',(12.5089906632661,0.,-9.79863358009544));
#13800=CARTESIAN_POINT('Ctrl Pts',(12.4051353901192,0.,-9.79996703335196));
#13801=CARTESIAN_POINT('',(12.8000000000041,0.,9.4));
#13802=CARTESIAN_POINT('',(12.8000000000041,0.,0.));
#13803=CARTESIAN_POINT('',(12.4051353901192,0.,9.79996703335196));
#13804=CARTESIAN_POINT('Ctrl Pts',(12.4051353901192,0.,9.79996703335196));
#13805=CARTESIAN_POINT('Ctrl Pts',(12.5089906632661,0.,9.79863358009544));
#13806=CARTESIAN_POINT('Ctrl Pts',(12.7149233405233,0.,9.71090582880193));
#13807=CARTESIAN_POINT('Ctrl Pts',(12.8000000000041,0.,9.50386383325294));
#13808=CARTESIAN_POINT('Ctrl Pts',(12.8000000000041,0.,9.4));
#13809=CARTESIAN_POINT('Ctrl Pts',(12.4000000000041,0.,9.8));
#13810=CARTESIAN_POINT('Ctrl Pts',(12.4017118437375,0.,9.8));
#13811=CARTESIAN_POINT('Ctrl Pts',(12.4034236874702,0.,9.79998901081542));
#13812=CARTESIAN_POINT('Ctrl Pts',(12.4051353901192,0.,9.79996703335196));
#13813=CARTESIAN_POINT('Origin',(5.00000000000408,-1.28779161806584E-15,
9.4));
#13814=CARTESIAN_POINT('',(7.5922962799168,0.199999993879806,10.));
#13815=CARTESIAN_POINT('',(6.99000000000408,0.199749843554382,9.4));
#13816=CARTESIAN_POINT('Ctrl Pts',(7.5922962799168,0.199999993885742,10.));
#13817=CARTESIAN_POINT('Ctrl Pts',(7.43647484654379,0.199999499219228,10.0000000000201));
#13818=CARTESIAN_POINT('Ctrl Pts',(7.12334400415365,0.199913893514681,9.87324906794971));
#13819=CARTESIAN_POINT('Ctrl Pts',(6.99000000000408,0.199749843554381,9.55839234571074));
#13820=CARTESIAN_POINT('Ctrl Pts',(6.99000000000408,0.199749843554381,9.4));
#13821=CARTESIAN_POINT('Origin',(5.00000000000408,-1.28779161806584E-15,
10.));
#13822=CARTESIAN_POINT('Origin',(5.00000000000408,-1.28779161806584E-15,
9.4));
#13823=CARTESIAN_POINT('Origin',(5.00000000000408,-1.28779161806584E-15,
0.));
#13824=CARTESIAN_POINT('',(6.99000000000408,0.199749843554381,-9.4));
#13825=CARTESIAN_POINT('',(6.99000000000408,0.199749843554382,0.));
#13826=CARTESIAN_POINT('Origin',(5.00000000000408,-1.28779161806584E-15,
-9.4));
#13827=CARTESIAN_POINT('Origin',(5.00000000000408,-1.28779161806584E-15,
-9.4));
#13828=CARTESIAN_POINT('Ctrl Pts',(6.99000000000408,0.199749843554381,-9.4));
#13829=CARTESIAN_POINT('Ctrl Pts',(6.99000000000408,0.199749843554381,-9.55839234571074));
#13830=CARTESIAN_POINT('Ctrl Pts',(7.12334400415366,0.199913893514681,-9.87324906794971));
#13831=CARTESIAN_POINT('Ctrl Pts',(7.43647484654379,0.199999499219228,-10.0000000000201));
#13832=CARTESIAN_POINT('Ctrl Pts',(7.5922962799168,0.199999993885742,-10.));
#13833=CARTESIAN_POINT('Ctrl Pts',(12.4000000000041,0.199999999999996,10.));
#13834=CARTESIAN_POINT('Ctrl Pts',(12.4025677656042,0.199999999999996,10.));
#13835=CARTESIAN_POINT('Ctrl Pts',(12.4051355311858,0.200000002038642,10.));
#13836=CARTESIAN_POINT('Ctrl Pts',(12.4077037200914,0.199999993885739,10.));
#13837=CARTESIAN_POINT('Ctrl Pts',(12.4000000000041,0.133333333333331,9.93333333333334));
#13838=CARTESIAN_POINT('Ctrl Pts',(12.4022824583153,0.133333333333331,9.93333333333334));
#13839=CARTESIAN_POINT('Ctrl Pts',(12.4045649166139,0.133333334692428,9.93332967027181));
#13840=CARTESIAN_POINT('Ctrl Pts',(12.4068476101007,0.133333329257159,9.93332234445065));
#13841=CARTESIAN_POINT('Ctrl Pts',(12.4000000000041,0.0666666666666654,
9.86666666666667));
#13842=CARTESIAN_POINT('Ctrl Pts',(12.4019971510264,0.0666666666666654,
9.86666666666667));
#13843=CARTESIAN_POINT('Ctrl Pts',(12.403994302042,0.066666667346214,9.86665934054362));
#13844=CARTESIAN_POINT('Ctrl Pts',(12.4059915001099,0.0666666646285796,
9.8666446889013));
#13845=CARTESIAN_POINT('Ctrl Pts',(12.4000000000041,0.,9.8));
#13846=CARTESIAN_POINT('Ctrl Pts',(12.4017118437375,0.,9.8));
#13847=CARTESIAN_POINT('Ctrl Pts',(12.4034236874702,0.,9.79998901081542));
#13848=CARTESIAN_POINT('Ctrl Pts',(12.4051353901192,0.,9.79996703335196));
#13849=CARTESIAN_POINT('',(12.4077037200914,0.199999993879804,10.));
#13850=CARTESIAN_POINT('',(12.4000000000041,0.2,10.));
#13851=CARTESIAN_POINT('Ctrl Pts',(12.4077037200914,0.199999993885739,10.));
#13852=CARTESIAN_POINT('Ctrl Pts',(12.4051355311858,0.200000002038642,10.));
#13853=CARTESIAN_POINT('Ctrl Pts',(12.4025677656042,0.199999999999996,10.));
#13854=CARTESIAN_POINT('Ctrl Pts',(12.4000000000041,0.199999999999996,10.));
#13855=CARTESIAN_POINT('',(12.4000000000041,0.,9.8));
#13856=CARTESIAN_POINT('Ctrl Pts',(7.5922962799168,0.199999993885742,10.));
#13857=CARTESIAN_POINT('Ctrl Pts',(7.5948644688224,0.200000002038645,10.));
#13858=CARTESIAN_POINT('Ctrl Pts',(7.59743223440394,0.199999999999999,10.));
#13859=CARTESIAN_POINT('Ctrl Pts',(7.60000000000408,0.199999999999999,10.));
#13860=CARTESIAN_POINT('Ctrl Pts',(7.59315238990751,0.133333329257161,9.93332234445065));
#13861=CARTESIAN_POINT('Ctrl Pts',(7.59543508339426,0.13333333469243,9.93332967027181));
#13862=CARTESIAN_POINT('Ctrl Pts',(7.59771754169284,0.133333333333332,9.93333333333334));
#13863=CARTESIAN_POINT('Ctrl Pts',(7.60000000000408,0.133333333333332,9.93333333333334));
#13864=CARTESIAN_POINT('Ctrl Pts',(7.59400849989823,0.0666666646285805,
9.8666446889013));
#13865=CARTESIAN_POINT('Ctrl Pts',(7.59600569796613,0.0666666673462148,
9.86665934054362));
#13866=CARTESIAN_POINT('Ctrl Pts',(7.59800284898175,0.0666666666666662,
9.86666666666667));
#13867=CARTESIAN_POINT('Ctrl Pts',(7.60000000000408,0.0666666666666662,
9.86666666666667));
#13868=CARTESIAN_POINT('Ctrl Pts',(7.59486460988894,0.,9.79996703335196));
#13869=CARTESIAN_POINT('Ctrl Pts',(7.596576312538,0.,9.79998901081542));
#13870=CARTESIAN_POINT('Ctrl Pts',(7.59828815627065,0.,9.8));
#13871=CARTESIAN_POINT('Ctrl Pts',(7.60000000000408,0.,9.8));
#13872=CARTESIAN_POINT('',(7.60000000000408,0.2,10.));
#13873=CARTESIAN_POINT('',(7.60000000000408,0.2,10.));
#13874=CARTESIAN_POINT('Ctrl Pts',(7.60000000000408,0.199999999999999,10.));
#13875=CARTESIAN_POINT('Ctrl Pts',(7.59743223440394,0.199999999999999,10.));
#13876=CARTESIAN_POINT('Ctrl Pts',(7.5948644688224,0.200000002038645,10.));
#13877=CARTESIAN_POINT('Ctrl Pts',(7.5922962799168,0.199999993885742,10.));
#13878=CARTESIAN_POINT('',(7.59486460988894,0.,9.79996703335196));
#13879=CARTESIAN_POINT('Origin',(-12.7000000006859,0.1,9.9));
#13880=CARTESIAN_POINT('',(-12.7000000006859,0.2,10.));
#13881=CARTESIAN_POINT('Ctrl Pts',(7.60000000000408,0.199999999999999,-10.));
#13882=CARTESIAN_POINT('Ctrl Pts',(7.59743223440394,0.199999999999999,-10.));
#13883=CARTESIAN_POINT('Ctrl Pts',(7.5948644688224,0.200000002038645,-10.));
#13884=CARTESIAN_POINT('Ctrl Pts',(7.5922962799168,0.199999993885742,-10.));
#13885=CARTESIAN_POINT('Ctrl Pts',(7.60000000000408,0.133333333333332,-9.93333333333333));
#13886=CARTESIAN_POINT('Ctrl Pts',(7.59771754169284,0.133333333333332,-9.93333333333333));
#13887=CARTESIAN_POINT('Ctrl Pts',(7.59543508339427,0.13333333469243,-9.93332967027181));
#13888=CARTESIAN_POINT('Ctrl Pts',(7.59315238990752,0.133333329257161,-9.93332234445065));
#13889=CARTESIAN_POINT('Ctrl Pts',(7.60000000000408,0.0666666666666662,
-9.86666666666667));
#13890=CARTESIAN_POINT('Ctrl Pts',(7.59800284898175,0.0666666666666662,
-9.86666666666667));
#13891=CARTESIAN_POINT('Ctrl Pts',(7.59600569796613,0.0666666673462148,
-9.86665934054362));
#13892=CARTESIAN_POINT('Ctrl Pts',(7.59400849989823,0.0666666646285805,
-9.8666446889013));
#13893=CARTESIAN_POINT('Ctrl Pts',(7.60000000000408,0.,-9.8));
#13894=CARTESIAN_POINT('Ctrl Pts',(7.59828815627066,0.,-9.8));
#13895=CARTESIAN_POINT('Ctrl Pts',(7.596576312538,0.,-9.79998901081542));
#13896=CARTESIAN_POINT('Ctrl Pts',(7.59486460988894,0.,-9.79996703335196));
#13897=CARTESIAN_POINT('',(7.5922962799168,0.199999993879806,-10.));
#13898=CARTESIAN_POINT('',(7.60000000000408,0.,-9.8));
#13899=CARTESIAN_POINT('Ctrl Pts',(6.99000000000408,0.199749843554381,9.4));
#13900=CARTESIAN_POINT('Ctrl Pts',(6.99000000000408,0.199749843554381,9.55839234571074));
#13901=CARTESIAN_POINT('Ctrl Pts',(7.12334400415365,0.199913893514681,9.87324906794971));
#13902=CARTESIAN_POINT('Ctrl Pts',(7.43647484654379,0.199999499219228,10.0000000000201));
#13903=CARTESIAN_POINT('Ctrl Pts',(7.5922962799168,0.199999993885742,10.));
#13904=CARTESIAN_POINT('Ctrl Pts',(7.06000000000409,0.133166562369587,9.4));
#13905=CARTESIAN_POINT('Ctrl Pts',(7.06000000000409,0.133166562369587,9.54021617489147));
#13906=CARTESIAN_POINT('Ctrl Pts',(7.17724680965887,0.133275929009787,9.81914263143323));
#13907=CARTESIAN_POINT('Ctrl Pts',(7.45465300994322,0.133332999479485,9.93287786004521));
#13908=CARTESIAN_POINT('Ctrl Pts',(7.59315238990752,0.133333329257161,9.93332234445065));
#13909=CARTESIAN_POINT('Ctrl Pts',(7.13000000000409,0.0665832811847936,
9.4));
#13910=CARTESIAN_POINT('Ctrl Pts',(7.13000000000409,0.0665832811847936,
9.52204000407221));
#13911=CARTESIAN_POINT('Ctrl Pts',(7.23114961516409,0.0666379645048937,
9.76503619491676));
#13912=CARTESIAN_POINT('Ctrl Pts',(7.47283117334265,0.0666664997397427,
9.86575572007032));
#13913=CARTESIAN_POINT('Ctrl Pts',(7.59400849989823,0.0666666646285805,
9.8666446889013));
#13914=CARTESIAN_POINT('Ctrl Pts',(7.20000000000408,0.,9.4));
#13915=CARTESIAN_POINT('Ctrl Pts',(7.20000000000408,0.,9.50386383325294));
#13916=CARTESIAN_POINT('Ctrl Pts',(7.28505242066931,0.,9.71092975840028));
#13917=CARTESIAN_POINT('Ctrl Pts',(7.49100933674209,0.,9.79863358009544));
#13918=CARTESIAN_POINT('Ctrl Pts',(7.59486460988894,0.,9.79996703335196));
#13919=CARTESIAN_POINT('',(7.20000000000408,0.,9.4));
#13920=CARTESIAN_POINT('Origin',(7.09500000000408,0.0998749217771909,0.));
#13921=CARTESIAN_POINT('',(7.20000000000408,0.,-9.4));
#13922=CARTESIAN_POINT('Ctrl Pts',(7.5922962799168,0.199999993885742,-10.));
#13923=CARTESIAN_POINT('Ctrl Pts',(7.43647484654379,0.199999499219228,-10.0000000000201));
#13924=CARTESIAN_POINT('Ctrl Pts',(7.12334400415366,0.199913893514681,-9.87324906794971));
#13925=CARTESIAN_POINT('Ctrl Pts',(6.99000000000408,0.199749843554381,-9.55839234571074));
#13926=CARTESIAN_POINT('Ctrl Pts',(6.99000000000408,0.199749843554381,-9.4));
#13927=CARTESIAN_POINT('Ctrl Pts',(7.59315238990752,0.133333329257161,-9.93332234445065));
#13928=CARTESIAN_POINT('Ctrl Pts',(7.45465300994322,0.133332999479485,-9.93287786004521));
#13929=CARTESIAN_POINT('Ctrl Pts',(7.17724680965888,0.133275929009788,-9.81914263143324));
#13930=CARTESIAN_POINT('Ctrl Pts',(7.06000000000409,0.133166562369587,-9.54021617489147));
#13931=CARTESIAN_POINT('Ctrl Pts',(7.06000000000409,0.133166562369587,-9.4));
#13932=CARTESIAN_POINT('Ctrl Pts',(7.59400849989823,0.0666666646285805,
-9.8666446889013));
#13933=CARTESIAN_POINT('Ctrl Pts',(7.47283117334265,0.0666664997397427,
-9.86575572007033));
#13934=CARTESIAN_POINT('Ctrl Pts',(7.2311496151641,0.0666379645048938,-9.76503619491677));
#13935=CARTESIAN_POINT('Ctrl Pts',(7.13000000000409,0.0665832811847935,
-9.52204000407221));
#13936=CARTESIAN_POINT('Ctrl Pts',(7.13000000000409,0.0665832811847935,
-9.4));
#13937=CARTESIAN_POINT('Ctrl Pts',(7.59486460988894,0.,-9.79996703335196));
#13938=CARTESIAN_POINT('Ctrl Pts',(7.49100933674209,0.,-9.79863358009544));
#13939=CARTESIAN_POINT('Ctrl Pts',(7.28505242066931,0.,-9.71092975840029));
#13940=CARTESIAN_POINT('Ctrl Pts',(7.20000000000408,0.,-9.50386383325294));
#13941=CARTESIAN_POINT('Ctrl Pts',(7.20000000000408,0.,-9.4));
#13942=CARTESIAN_POINT('Ctrl Pts',(12.4077037200914,0.199999993885739,-10.));
#13943=CARTESIAN_POINT('Ctrl Pts',(12.4051355311858,0.200000002038642,-10.));
#13944=CARTESIAN_POINT('Ctrl Pts',(12.4025677656042,0.199999999999996,-10.));
#13945=CARTESIAN_POINT('Ctrl Pts',(12.4000000000041,0.199999999999996,-10.));
#13946=CARTESIAN_POINT('Ctrl Pts',(12.4068476101007,0.133333329257159,-9.93332234445065));
#13947=CARTESIAN_POINT('Ctrl Pts',(12.4045649166139,0.133333334692428,-9.93332967027181));
#13948=CARTESIAN_POINT('Ctrl Pts',(12.4022824583153,0.133333333333331,-9.93333333333333));
#13949=CARTESIAN_POINT('Ctrl Pts',(12.4000000000041,0.133333333333331,-9.93333333333333));
#13950=CARTESIAN_POINT('Ctrl Pts',(12.4059915001099,0.0666666646285796,
-9.8666446889013));
#13951=CARTESIAN_POINT('Ctrl Pts',(12.403994302042,0.066666667346214,-9.86665934054362));
#13952=CARTESIAN_POINT('Ctrl Pts',(12.4019971510264,0.0666666666666654,
-9.86666666666667));
#13953=CARTESIAN_POINT('Ctrl Pts',(12.4000000000041,0.0666666666666654,
-9.86666666666667));
#13954=CARTESIAN_POINT('Ctrl Pts',(12.4051353901192,0.,-9.79996703335196));
#13955=CARTESIAN_POINT('Ctrl Pts',(12.4034236874702,0.,-9.79998901081542));
#13956=CARTESIAN_POINT('Ctrl Pts',(12.4017118437375,0.,-9.8));
#13957=CARTESIAN_POINT('Ctrl Pts',(12.4000000000041,0.,-9.8));
#13958=CARTESIAN_POINT('',(12.4000000000041,0.2,-10.));
#13959=CARTESIAN_POINT('',(12.4051353901192,0.,-9.79996703335196));
#13960=CARTESIAN_POINT('Origin',(12.7000000006859,0.1,-9.9));
#13961=CARTESIAN_POINT('Origin',(12.9050000000041,0.099874921777191,0.));
#13962=CARTESIAN_POINT('',(13.0100000000041,0.199749843554378,-9.4));
#13963=CARTESIAN_POINT('',(12.8000000000041,0.,9.4));
#13964=CARTESIAN_POINT('Ctrl Pts',(13.0100000000041,0.199749843554378,-9.4));
#13965=CARTESIAN_POINT('Ctrl Pts',(13.0100000000041,0.199749843554378,-9.55839234571074));
#13966=CARTESIAN_POINT('Ctrl Pts',(12.876619947376,0.19991388645628,-9.87320845898532));
#13967=CARTESIAN_POINT('Ctrl Pts',(12.5635251534644,0.199999499219226,-10.0000000000201));
#13968=CARTESIAN_POINT('Ctrl Pts',(12.4077037200914,0.199999993885739,-10.));
#13969=CARTESIAN_POINT('Ctrl Pts',(12.9400000000041,0.133166562369586,-9.4));
#13970=CARTESIAN_POINT('Ctrl Pts',(12.9400000000041,0.133166562369586,-9.54021617489147));
#13971=CARTESIAN_POINT('Ctrl Pts',(12.8227210784251,0.133275924304187,-9.81910758225752));
#13972=CARTESIAN_POINT('Ctrl Pts',(12.5453469900649,0.133332999479484,-9.93287786004521));
#13973=CARTESIAN_POINT('Ctrl Pts',(12.4068476101007,0.133333329257159,-9.93332234445065));
#13974=CARTESIAN_POINT('Ctrl Pts',(12.8700000000041,0.0665832811847928,
-9.4));
#13975=CARTESIAN_POINT('Ctrl Pts',(12.8700000000041,0.0665832811847928,
-9.52204000407221));
#13976=CARTESIAN_POINT('Ctrl Pts',(12.7688222094742,0.0666379621520935,
-9.76500670552973));
#13977=CARTESIAN_POINT('Ctrl Pts',(12.5271688266655,0.0666664997397418,
-9.86575572007033));
#13978=CARTESIAN_POINT('Ctrl Pts',(12.4059915001099,0.0666666646285796,
-9.8666446889013));
#13979=CARTESIAN_POINT('Ctrl Pts',(12.8000000000041,0.,-9.4));
#13980=CARTESIAN_POINT('Ctrl Pts',(12.8000000000041,0.,-9.50386383325294));
#13981=CARTESIAN_POINT('Ctrl Pts',(12.7149233405233,0.,-9.71090582880194));
#13982=CARTESIAN_POINT('Ctrl Pts',(12.5089906632661,0.,-9.79863358009544));
#13983=CARTESIAN_POINT('Ctrl Pts',(12.4051353901192,0.,-9.79996703335196));
#13984=CARTESIAN_POINT('Ctrl Pts',(12.4077037200914,0.199999993885739,10.));
#13985=CARTESIAN_POINT('Ctrl Pts',(12.5635251534644,0.199999499219226,10.0000000000201));
#13986=CARTESIAN_POINT('Ctrl Pts',(12.876619947376,0.19991388645628,9.87320845898532));
#13987=CARTESIAN_POINT('Ctrl Pts',(13.0100000000041,0.199749843554378,9.55839234571074));
#13988=CARTESIAN_POINT('Ctrl Pts',(13.0100000000041,0.199749843554378,9.4));
#13989=CARTESIAN_POINT('Ctrl Pts',(12.4068476101007,0.133333329257159,9.93332234445065));
#13990=CARTESIAN_POINT('Ctrl Pts',(12.5453469900649,0.133332999479484,9.93287786004521));
#13991=CARTESIAN_POINT('Ctrl Pts',(12.8227210784251,0.133275924304187,9.81910758225752));
#13992=CARTESIAN_POINT('Ctrl Pts',(12.9400000000041,0.133166562369585,9.54021617489147));
#13993=CARTESIAN_POINT('Ctrl Pts',(12.9400000000041,0.133166562369585,9.4));
#13994=CARTESIAN_POINT('Ctrl Pts',(12.4059915001099,0.0666666646285796,
9.8666446889013));
#13995=CARTESIAN_POINT('Ctrl Pts',(12.5271688266655,0.0666664997397419,
9.86575572007032));
#13996=CARTESIAN_POINT('Ctrl Pts',(12.7688222094742,0.0666379621520934,
9.76500670552973));
#13997=CARTESIAN_POINT('Ctrl Pts',(12.8700000000041,0.0665832811847927,
9.52204000407221));
#13998=CARTESIAN_POINT('Ctrl Pts',(12.8700000000041,0.0665832811847927,
9.4));
#13999=CARTESIAN_POINT('Ctrl Pts',(12.4051353901192,0.,9.79996703335196));
#14000=CARTESIAN_POINT('Ctrl Pts',(12.5089906632661,0.,9.79863358009544));
#14001=CARTESIAN_POINT('Ctrl Pts',(12.7149233405233,0.,9.71090582880193));
#14002=CARTESIAN_POINT('Ctrl Pts',(12.8000000000041,0.,9.50386383325294));
#14003=CARTESIAN_POINT('Ctrl Pts',(12.8000000000041,0.,9.4));
#14004=CARTESIAN_POINT('Origin',(20.1999999999399,3.20000000034639,0.));
#14005=CARTESIAN_POINT('',(18.8499999995236,0.200000000418342,-1.65327317935879E-16));
#14006=CARTESIAN_POINT('',(18.8499999995236,3.20000000034639,-1.65327317935879E-16));
#14007=CARTESIAN_POINT('',(21.5500000003563,0.200000000418343,-1.65327317935879E-16));
#14008=CARTESIAN_POINT('Origin',(20.1999999999399,0.200000000418342,0.));
#14009=CARTESIAN_POINT('Origin',(20.1999999999399,0.200000000418342,0.));
#14010=CARTESIAN_POINT('Origin',(20.1999999999399,0.100000000209171,0.));
#14011=CARTESIAN_POINT('',(21.7500000013976,0.,1.89820254046359E-16));
#14012=CARTESIAN_POINT('',(21.650000000877,0.100000000209171,-1.77573785991119E-16));
#14013=CARTESIAN_POINT('Origin',(20.1999999999399,0.,0.));
#14014=CARTESIAN_POINT('Origin',(4.44089209850063E-15,0.,-2.22044604925031E-15));
#14015=CARTESIAN_POINT('',(17.6000000000041,0.,9.8));
#14016=CARTESIAN_POINT('',(22.4000000013718,0.,9.8));
#14017=CARTESIAN_POINT('',(-12.7000000006859,0.,9.8));
#14018=CARTESIAN_POINT('',(17.5948646098889,0.,9.79996703335196));
#14019=CARTESIAN_POINT('Ctrl Pts',(17.5948646098889,0.,9.79996703335196));
#14020=CARTESIAN_POINT('Ctrl Pts',(17.596576312538,0.,9.79998901081542));
#14021=CARTESIAN_POINT('Ctrl Pts',(17.5982881562707,0.,9.8));
#14022=CARTESIAN_POINT('Ctrl Pts',(17.6000000000041,0.,9.8));
#14023=CARTESIAN_POINT('',(17.2000000000041,0.,9.4));
#14024=CARTESIAN_POINT('Ctrl Pts',(17.2000000000041,0.,9.4));
#14025=CARTESIAN_POINT('Ctrl Pts',(17.2000000000041,0.,9.50386383325294));
#14026=CARTESIAN_POINT('Ctrl Pts',(17.2850968164974,0.,9.71088592893469));
#14027=CARTESIAN_POINT('Ctrl Pts',(17.4910093367421,0.,9.79863358009544));
#14028=CARTESIAN_POINT('Ctrl Pts',(17.5948646098889,0.,9.79996703335196));
#14029=CARTESIAN_POINT('',(17.2000000000041,0.,-9.4));
#14030=CARTESIAN_POINT('',(17.2000000000041,0.,0.));
#14031=CARTESIAN_POINT('',(17.5948646098889,0.,-9.79996703335196));
#14032=CARTESIAN_POINT('Ctrl Pts',(17.5948646098889,0.,-9.79996703335196));
#14033=CARTESIAN_POINT('Ctrl Pts',(17.4910093367421,0.,-9.79863358009544));
#14034=CARTESIAN_POINT('Ctrl Pts',(17.2850968164974,0.,-9.71088592893469));
#14035=CARTESIAN_POINT('Ctrl Pts',(17.2000000000041,0.,-9.50386383325294));
#14036=CARTESIAN_POINT('Ctrl Pts',(17.2000000000041,0.,-9.4));
#14037=CARTESIAN_POINT('',(17.6000000000041,0.,-9.8));
#14038=CARTESIAN_POINT('Ctrl Pts',(17.6000000000041,0.,-9.8));
#14039=CARTESIAN_POINT('Ctrl Pts',(17.5982881562707,0.,-9.8));
#14040=CARTESIAN_POINT('Ctrl Pts',(17.596576312538,0.,-9.79998901081542));
#14041=CARTESIAN_POINT('Ctrl Pts',(17.5948646098889,0.,-9.79996703335196));
#14042=CARTESIAN_POINT('',(22.4000000013718,0.,-9.8));
#14043=CARTESIAN_POINT('',(12.7000000006859,0.,-9.8));
#14044=CARTESIAN_POINT('',(25.2000000013718,0.,-7.));
#14045=CARTESIAN_POINT('Origin',(22.4000000013718,0.,-7.));
#14046=CARTESIAN_POINT('',(25.2000000013718,0.,7.));
#14047=CARTESIAN_POINT('',(25.2000000013718,0.,5.));
#14048=CARTESIAN_POINT('Origin',(22.4000000013718,0.,7.));
#14049=CARTESIAN_POINT('Origin',(-25.4000000013718,0.,10.));
#14050=CARTESIAN_POINT('',(17.6000000000041,0.2,10.));
#14051=CARTESIAN_POINT('',(17.5922962799168,0.199999993879804,10.));
#14052=CARTESIAN_POINT('Ctrl Pts',(17.6000000000041,0.199999999999996,10.));
#14053=CARTESIAN_POINT('Ctrl Pts',(17.5974322344039,0.199999999999996,10.));
#14054=CARTESIAN_POINT('Ctrl Pts',(17.5948644688224,0.200000002038642,10.));
#14055=CARTESIAN_POINT('Ctrl Pts',(17.5922962799168,0.199999993885739,10.));
#14056=CARTESIAN_POINT('',(-12.7000000006859,0.2,10.));
#14057=CARTESIAN_POINT('Origin',(15.0000000000041,-3.86337485418932E-15,
10.));
#14058=CARTESIAN_POINT('Origin',(15.0000000000041,-3.86337485418932E-15,
9.4));
#14059=CARTESIAN_POINT('',(16.9900000000041,0.199749843554382,9.4));
#14060=CARTESIAN_POINT('Ctrl Pts',(17.5922962799168,0.199999993885739,10.));
#14061=CARTESIAN_POINT('Ctrl Pts',(17.4364748465438,0.199999499219226,10.0000000000201));
#14062=CARTESIAN_POINT('Ctrl Pts',(17.1234100305668,0.199913880586512,9.87317468854803));
#14063=CARTESIAN_POINT('Ctrl Pts',(16.9900000000041,0.199749843554378,9.55839234571074));
#14064=CARTESIAN_POINT('Ctrl Pts',(16.9900000000041,0.199749843554378,9.4));
#14065=CARTESIAN_POINT('Origin',(15.0000000000041,-3.86337485418932E-15,
9.4));
#14066=CARTESIAN_POINT('Origin',(15.0000000000041,-3.86337485418932E-15,
0.));
#14067=CARTESIAN_POINT('',(16.9900000000041,0.199749843554378,-9.4));
#14068=CARTESIAN_POINT('',(16.9900000000041,0.199749843554382,0.));
#14069=CARTESIAN_POINT('Origin',(15.0000000000041,-3.86337485418932E-15,
-9.4));
#14070=CARTESIAN_POINT('Origin',(15.0000000000041,-3.86337485418932E-15,
-9.4));
#14071=CARTESIAN_POINT('Ctrl Pts',(16.9900000000041,0.199749843554378,-9.4));
#14072=CARTESIAN_POINT('Ctrl Pts',(16.9900000000041,0.199749843554378,-9.55839234571074));
#14073=CARTESIAN_POINT('Ctrl Pts',(17.1234100305668,0.199913880586512,-9.87317468854803));
#14074=CARTESIAN_POINT('Ctrl Pts',(17.4364748465438,0.199999499219226,-10.0000000000201));
#14075=CARTESIAN_POINT('Ctrl Pts',(17.5922962799168,0.199999993885739,-10.));
#14076=CARTESIAN_POINT('Ctrl Pts',(17.6000000000041,0.199999999999996,-10.));
#14077=CARTESIAN_POINT('Ctrl Pts',(17.5974322344039,0.199999999999996,-10.));
#14078=CARTESIAN_POINT('Ctrl Pts',(17.5948644688224,0.200000002038642,-10.));
#14079=CARTESIAN_POINT('Ctrl Pts',(17.5922962799168,0.199999993885739,-10.));
#14080=CARTESIAN_POINT('Ctrl Pts',(17.6000000000041,0.133333333333331,-9.93333333333333));
#14081=CARTESIAN_POINT('Ctrl Pts',(17.5977175416928,0.133333333333331,-9.93333333333333));
#14082=CARTESIAN_POINT('Ctrl Pts',(17.5954350833943,0.133333334692428,-9.93332967027181));
#14083=CARTESIAN_POINT('Ctrl Pts',(17.5931523899075,0.133333329257159,-9.93332234445065));
#14084=CARTESIAN_POINT('Ctrl Pts',(17.6000000000041,0.0666666666666654,
-9.86666666666667));
#14085=CARTESIAN_POINT('Ctrl Pts',(17.5980028489817,0.0666666666666654,
-9.86666666666667));
#14086=CARTESIAN_POINT('Ctrl Pts',(17.5960056979661,0.066666667346214,-9.86665934054362));
#14087=CARTESIAN_POINT('Ctrl Pts',(17.5940084998982,0.0666666646285796,
-9.8666446889013));
#14088=CARTESIAN_POINT('Ctrl Pts',(17.6000000000041,0.,-9.8));
#14089=CARTESIAN_POINT('Ctrl Pts',(17.5982881562707,0.,-9.8));
#14090=CARTESIAN_POINT('Ctrl Pts',(17.596576312538,0.,-9.79998901081542));
#14091=CARTESIAN_POINT('Ctrl Pts',(17.5948646098889,0.,-9.79996703335196));
#14092=CARTESIAN_POINT('',(17.5922962799168,0.199999993879804,-10.));
#14093=CARTESIAN_POINT('',(17.6000000000041,0.,-9.8));
#14094=CARTESIAN_POINT('Ctrl Pts',(17.5922962799168,0.199999993885739,10.));
#14095=CARTESIAN_POINT('Ctrl Pts',(17.5948644688224,0.200000002038642,10.));
#14096=CARTESIAN_POINT('Ctrl Pts',(17.5974322344039,0.199999999999996,10.));
#14097=CARTESIAN_POINT('Ctrl Pts',(17.6000000000041,0.199999999999996,10.));
#14098=CARTESIAN_POINT('Ctrl Pts',(17.5931523899075,0.133333329257159,9.93332234445066));
#14099=CARTESIAN_POINT('Ctrl Pts',(17.5954350833943,0.133333334692428,9.93332967027181));
#14100=CARTESIAN_POINT('Ctrl Pts',(17.5977175416928,0.133333333333331,9.93333333333334));
#14101=CARTESIAN_POINT('Ctrl Pts',(17.6000000000041,0.133333333333331,9.93333333333334));
#14102=CARTESIAN_POINT('Ctrl Pts',(17.5940084998982,0.0666666646285796,
9.86664468890131));
#14103=CARTESIAN_POINT('Ctrl Pts',(17.5960056979661,0.066666667346214,9.86665934054362));
#14104=CARTESIAN_POINT('Ctrl Pts',(17.5980028489817,0.0666666666666654,
9.86666666666667));
#14105=CARTESIAN_POINT('Ctrl Pts',(17.6000000000041,0.0666666666666654,
9.86666666666667));
#14106=CARTESIAN_POINT('Ctrl Pts',(17.5948646098889,0.,9.79996703335196));
#14107=CARTESIAN_POINT('Ctrl Pts',(17.596576312538,0.,9.79998901081542));
#14108=CARTESIAN_POINT('Ctrl Pts',(17.5982881562707,0.,9.8));
#14109=CARTESIAN_POINT('Ctrl Pts',(17.6000000000041,0.,9.8));
#14110=CARTESIAN_POINT('',(17.6000000000041,0.2,10.));
#14111=CARTESIAN_POINT('',(17.5948646098889,0.,9.79996703335196));
#14112=CARTESIAN_POINT('Origin',(12.7000000006859,0.1,-9.9));
#14113=CARTESIAN_POINT('',(22.4000000013718,0.,-9.8));
#14114=CARTESIAN_POINT('Origin',(22.4000000013718,0.1,-7.));
#14115=CARTESIAN_POINT('',(25.2000000013718,0.,-7.));
#14116=CARTESIAN_POINT('Origin',(25.3000000013718,0.1,5.));
#14117=CARTESIAN_POINT('',(25.2000000013718,0.,7.));
#14118=CARTESIAN_POINT('Origin',(22.4000000013718,0.1,7.));
#14119=CARTESIAN_POINT('',(22.4000000013718,0.,9.8));
#14120=CARTESIAN_POINT('Origin',(-12.7000000006859,0.1,9.9));
#14121=CARTESIAN_POINT('Ctrl Pts',(16.9900000000041,0.199749843554378,9.4));
#14122=CARTESIAN_POINT('Ctrl Pts',(16.9900000000041,0.199749843554378,9.55839234571074));
#14123=CARTESIAN_POINT('Ctrl Pts',(17.1234100305668,0.199913880586512,9.87317468854803));
#14124=CARTESIAN_POINT('Ctrl Pts',(17.4364748465438,0.199999499219226,10.0000000000201));
#14125=CARTESIAN_POINT('Ctrl Pts',(17.5922962799168,0.199999993885739,10.));
#14126=CARTESIAN_POINT('Ctrl Pts',(17.0600000000041,0.133166562369586,9.4));
#14127=CARTESIAN_POINT('Ctrl Pts',(17.0600000000041,0.133166562369586,9.54021617489147));
#14128=CARTESIAN_POINT('Ctrl Pts',(17.177305625877,0.133275920391008,9.81907843534358));
#14129=CARTESIAN_POINT('Ctrl Pts',(17.4546530099432,0.133332999479484,9.93287786004521));
#14130=CARTESIAN_POINT('Ctrl Pts',(17.5931523899075,0.133333329257159,9.93332234445065));
#14131=CARTESIAN_POINT('Ctrl Pts',(17.1300000000041,0.0665832811847928,
9.4));
#14132=CARTESIAN_POINT('Ctrl Pts',(17.1300000000041,0.0665832811847928,
9.52204000407221));
#14133=CARTESIAN_POINT('Ctrl Pts',(17.2312012211872,0.0666379601955041,
9.76498218213914));
#14134=CARTESIAN_POINT('Ctrl Pts',(17.4728311733427,0.0666664997397418,
9.86575572007033));
#14135=CARTESIAN_POINT('Ctrl Pts',(17.5940084998982,0.0666666646285796,
9.8666446889013));
#14136=CARTESIAN_POINT('Ctrl Pts',(17.2000000000041,0.,9.4));
#14137=CARTESIAN_POINT('Ctrl Pts',(17.2000000000041,0.,9.50386383325294));
#14138=CARTESIAN_POINT('Ctrl Pts',(17.2850968164974,0.,9.71088592893469));
#14139=CARTESIAN_POINT('Ctrl Pts',(17.4910093367421,0.,9.79863358009544));
#14140=CARTESIAN_POINT('Ctrl Pts',(17.5948646098889,0.,9.79996703335196));
#14141=CARTESIAN_POINT('',(17.2000000000041,0.,9.4));
#14142=CARTESIAN_POINT('Origin',(17.0950000000041,0.099874921777191,0.));
#14143=CARTESIAN_POINT('',(17.2000000000041,0.,-9.4));
#14144=CARTESIAN_POINT('Ctrl Pts',(17.5922962799168,0.199999993885739,-10.));
#14145=CARTESIAN_POINT('Ctrl Pts',(17.4364748465438,0.199999499219226,-10.0000000000201));
#14146=CARTESIAN_POINT('Ctrl Pts',(17.1234100305668,0.199913880586512,-9.87317468854803));
#14147=CARTESIAN_POINT('Ctrl Pts',(16.9900000000041,0.199749843554378,-9.55839234571074));
#14148=CARTESIAN_POINT('Ctrl Pts',(16.9900000000041,0.199749843554378,-9.4));
#14149=CARTESIAN_POINT('Ctrl Pts',(17.5931523899075,0.133333329257159,-9.93332234445065));
#14150=CARTESIAN_POINT('Ctrl Pts',(17.4546530099432,0.133332999479484,-9.93287786004521));
#14151=CARTESIAN_POINT('Ctrl Pts',(17.177305625877,0.133275920391008,-9.81907843534358));
#14152=CARTESIAN_POINT('Ctrl Pts',(17.0600000000041,0.133166562369585,-9.54021617489147));
#14153=CARTESIAN_POINT('Ctrl Pts',(17.0600000000041,0.133166562369585,-9.4));
#14154=CARTESIAN_POINT('Ctrl Pts',(17.5940084998982,0.0666666646285796,
-9.8666446889013));
#14155=CARTESIAN_POINT('Ctrl Pts',(17.4728311733427,0.0666664997397419,
-9.86575572007032));
#14156=CARTESIAN_POINT('Ctrl Pts',(17.2312012211872,0.0666379601955041,
-9.76498218213914));
#14157=CARTESIAN_POINT('Ctrl Pts',(17.1300000000041,0.0665832811847927,
-9.52204000407221));
#14158=CARTESIAN_POINT('Ctrl Pts',(17.1300000000041,0.0665832811847927,
-9.4));
#14159=CARTESIAN_POINT('Ctrl Pts',(17.5948646098889,0.,-9.79996703335196));
#14160=CARTESIAN_POINT('Ctrl Pts',(17.4910093367421,0.,-9.79863358009544));
#14161=CARTESIAN_POINT('Ctrl Pts',(17.2850968164974,0.,-9.71088592893469));
#14162=CARTESIAN_POINT('Ctrl Pts',(17.2000000000041,0.,-9.50386383325294));
#14163=CARTESIAN_POINT('Ctrl Pts',(17.2000000000041,0.,-9.4));
#14164=CARTESIAN_POINT('',(0.,0.,0.));
#14165=CARTESIAN_POINT('',(0.,0.,0.));
#14166=CARTESIAN_POINT('Origin',(20.1999999999399,-5.90000000001298,0.));
#14167=CARTESIAN_POINT('',(23.4000000014776,-6.00000000001298,3.91886975915462E-16));
#14168=CARTESIAN_POINT('Origin',(20.1999999999399,-6.00000000001298,0.));
#14169=CARTESIAN_POINT('',(23.2000000014776,-5.80000000001297,-3.67394039932515E-16));
#14170=CARTESIAN_POINT('',(23.3000000014776,-5.90000000001298,3.79640507923988E-16));
#14171=CARTESIAN_POINT('',(17.1999999984023,-5.80000000001297,-3.67394039932515E-16));
#14172=CARTESIAN_POINT('Origin',(20.1999999999399,-5.80000000001297,0.));
#14173=CARTESIAN_POINT('Origin',(20.1999999999399,-5.80000000001297,0.));
#14174=CARTESIAN_POINT('Origin',(2.22044604925031E-15,-6.00000000001298,
2.22044604925031E-15));
#14175=CARTESIAN_POINT('',(-22.4000000013718,-6.00000000001298,9.));
#14176=CARTESIAN_POINT('',(22.4000000013718,-6.00000000001298,9.));
#14177=CARTESIAN_POINT('',(-12.7000000006859,-6.00000000001298,9.));
#14178=CARTESIAN_POINT('',(-24.4000000013718,-6.00000000001298,7.));
#14179=CARTESIAN_POINT('Origin',(-22.4000000013718,-6.00000000001298,7.));
#14180=CARTESIAN_POINT('',(-24.4000000013718,-6.00000000001298,-7.));
#14181=CARTESIAN_POINT('',(-24.4000000013718,-6.00000000001298,-5.));
#14182=CARTESIAN_POINT('',(-22.4000000013718,-6.00000000001298,-9.));
#14183=CARTESIAN_POINT('Origin',(-22.4000000013718,-6.00000000001298,-7.));
#14184=CARTESIAN_POINT('',(22.4000000013718,-6.00000000001298,-9.));
#14185=CARTESIAN_POINT('',(12.7000000006859,-6.00000000001298,-9.));
#14186=CARTESIAN_POINT('',(24.4000000013718,-6.00000000001298,-7.));
#14187=CARTESIAN_POINT('Origin',(22.4000000013718,-6.00000000001298,-7.));
#14188=CARTESIAN_POINT('',(24.4000000013719,-6.00000000001298,7.));
#14189=CARTESIAN_POINT('',(24.4000000013718,-6.00000000001298,5.));
#14190=CARTESIAN_POINT('Origin',(22.4000000013718,-6.00000000001298,7.));
#14191=CARTESIAN_POINT('',(-17.0000000000062,-6.00000000001298,3.91886975810796E-16));
#14192=CARTESIAN_POINT('Origin',(-20.2000000006892,-6.00000000001298,0.));
#14193=CARTESIAN_POINT('Origin',(20.1999999999399,-4.80000000010493,0.));
#14194=CARTESIAN_POINT('',(17.1999999984023,-3.60000000019688,-3.67394039932515E-16));
#14195=CARTESIAN_POINT('Origin',(20.1999999999399,-3.60000000019688,0.));
#14196=CARTESIAN_POINT('',(17.1999999984023,-4.80000000010493,-3.67394039932515E-16));
#14197=CARTESIAN_POINT('Origin',(-20.2000000006892,-5.89999999869411,0.));
#14198=CARTESIAN_POINT('',(-17.2000000000183,-5.79999999755673,-3.67394039826366E-16));
#14199=CARTESIAN_POINT('',(-17.1000000000122,-5.89999999878486,3.79640507818581E-16));
#14200=CARTESIAN_POINT('',(-23.2000000013601,-5.79999999719373,-3.67394039826366E-16));
#14201=CARTESIAN_POINT('Origin',(-20.2000000006892,-5.79999999737523,0.));
#14202=CARTESIAN_POINT('Origin',(-20.2000000006892,-5.79999999737523,0.));
#14203=CARTESIAN_POINT('Origin',(-20.2000000006287,-4.80000000035732,0.));
#14204=CARTESIAN_POINT('',(-23.200000001227,-3.59999999978546,-3.67394039826366E-16));
#14205=CARTESIAN_POINT('Origin',(-20.2000000005561,-3.59999999996696,0.));
#14206=CARTESIAN_POINT('',(-23.2000000012996,-4.80000000017583,-3.67394039826366E-16));
#14207=CARTESIAN_POINT('Origin',(20.1999999999399,-0.0999999997933948,0.));
#14208=CARTESIAN_POINT('',(22.0000000015191,0.,-2.20436424039921E-16));
#14209=CARTESIAN_POINT('Origin',(20.1999999999399,0.,0.));
#14210=CARTESIAN_POINT('',(21.8000000014788,-0.199999999586789,1.95943488052031E-16));
#14211=CARTESIAN_POINT('',(21.900000001499,-0.0999999997933945,-2.08189956045976E-16));
#14212=CARTESIAN_POINT('',(18.5999999984011,-0.19999999958679,-1.95943488052031E-16));
#14213=CARTESIAN_POINT('Origin',(20.1999999999399,-0.19999999958679,0.));
#14214=CARTESIAN_POINT('Origin',(20.1999999999399,-0.19999999958679,0.));
#14215=CARTESIAN_POINT('Origin',(4.44089209850063E-15,0.,-2.22044604925031E-15));
#14216=CARTESIAN_POINT('',(22.4000000013718,0.,9.8));
#14217=CARTESIAN_POINT('',(17.6000000000041,0.,9.8));
#14218=CARTESIAN_POINT('',(-12.7000000006859,0.,9.8));
#14219=CARTESIAN_POINT('',(25.2000000013718,0.,7.));
#14220=CARTESIAN_POINT('Origin',(22.4000000013718,0.,7.));
#14221=CARTESIAN_POINT('',(25.2000000013718,0.,-7.));
#14222=CARTESIAN_POINT('',(25.2000000013718,0.,5.));
#14223=CARTESIAN_POINT('',(22.4000000013718,0.,-9.8));
#14224=CARTESIAN_POINT('Origin',(22.4000000013718,0.,-7.));
#14225=CARTESIAN_POINT('',(17.6000000000041,0.,-9.8));
#14226=CARTESIAN_POINT('',(12.7000000006859,0.,-9.8));
#14227=CARTESIAN_POINT('',(17.5948646098889,0.,-9.79996703335196));
#14228=CARTESIAN_POINT('Ctrl Pts',(17.5948646098889,0.,-9.79996703335196));
#14229=CARTESIAN_POINT('Ctrl Pts',(17.596576312538,0.,-9.79998901081542));
#14230=CARTESIAN_POINT('Ctrl Pts',(17.5982881562707,0.,-9.8));
#14231=CARTESIAN_POINT('Ctrl Pts',(17.6000000000041,0.,-9.8));
#14232=CARTESIAN_POINT('',(17.2000000000041,0.,-9.4));
#14233=CARTESIAN_POINT('Ctrl Pts',(17.2000000000041,0.,-9.4));
#14234=CARTESIAN_POINT('Ctrl Pts',(17.2000000000041,0.,-9.50386383325294));
#14235=CARTESIAN_POINT('Ctrl Pts',(17.2850968164974,0.,-9.71088592893469));
#14236=CARTESIAN_POINT('Ctrl Pts',(17.4910093367421,0.,-9.79863358009544));
#14237=CARTESIAN_POINT('Ctrl Pts',(17.5948646098889,0.,-9.79996703335196));
#14238=CARTESIAN_POINT('',(17.2000000000041,0.,9.4));
#14239=CARTESIAN_POINT('',(17.2000000000041,0.,0.));
#14240=CARTESIAN_POINT('',(17.5948646098889,0.,9.79996703335196));
#14241=CARTESIAN_POINT('Ctrl Pts',(17.5948646098889,0.,9.79996703335196));
#14242=CARTESIAN_POINT('Ctrl Pts',(17.4910093367421,0.,9.79863358009544));
#14243=CARTESIAN_POINT('Ctrl Pts',(17.2850968164974,0.,9.71088592893469));
#14244=CARTESIAN_POINT('Ctrl Pts',(17.2000000000041,0.,9.50386383325294));
#14245=CARTESIAN_POINT('Ctrl Pts',(17.2000000000041,0.,9.4));
#14246=CARTESIAN_POINT('Ctrl Pts',(17.6000000000041,0.,9.8));
#14247=CARTESIAN_POINT('Ctrl Pts',(17.5982881562707,0.,9.8));
#14248=CARTESIAN_POINT('Ctrl Pts',(17.596576312538,0.,9.79998901081542));
#14249=CARTESIAN_POINT('Ctrl Pts',(17.5948646098889,0.,9.79996703335196));
#14250=CARTESIAN_POINT('Origin',(20.1999999999399,-1.79999999989184,0.));
#14251=CARTESIAN_POINT('',(18.5999999984011,-3.60000000019688,-1.95943488052031E-16));
#14252=CARTESIAN_POINT('',(18.5999999984011,-1.79999999989184,-1.95943488052031E-16));
#14253=CARTESIAN_POINT('Origin',(20.1999999999399,-3.60000000019688,0.));
#14254=CARTESIAN_POINT('Ctrl Pts',(17.5948646098889,0.,-9.79996703335196));
#14255=CARTESIAN_POINT('Ctrl Pts',(17.4910093367421,0.,-9.79863358009544));
#14256=CARTESIAN_POINT('Ctrl Pts',(17.2850968164974,0.,-9.71088592893469));
#14257=CARTESIAN_POINT('Ctrl Pts',(17.2000000000041,0.,-9.50386383325294));
#14258=CARTESIAN_POINT('Ctrl Pts',(17.2000000000041,0.,-9.4));
#14259=CARTESIAN_POINT('Ctrl Pts',(17.5940084998982,-0.0666666646285822,
-9.8666446889013));
#14260=CARTESIAN_POINT('Ctrl Pts',(17.4728311733427,-0.0666664997397444,
-9.86575572007032));
#14261=CARTESIAN_POINT('Ctrl Pts',(17.2312012211872,-0.0666379601955067,
-9.76498218213914));
#14262=CARTESIAN_POINT('Ctrl Pts',(17.1300000000041,-0.0665832811847952,
-9.52204000407221));
#14263=CARTESIAN_POINT('Ctrl Pts',(17.1300000000041,-0.0665832811847952,
-9.4));
#14264=CARTESIAN_POINT('Ctrl Pts',(17.5931523899075,-0.133333329257164,
-9.93332234445065));
#14265=CARTESIAN_POINT('Ctrl Pts',(17.4546530099432,-0.133332999479489,
-9.93287786004521));
#14266=CARTESIAN_POINT('Ctrl Pts',(17.177305625877,-0.133275920391013,-9.81907843534358));
#14267=CARTESIAN_POINT('Ctrl Pts',(17.0600000000041,-0.13316656236959,-9.54021617489147));
#14268=CARTESIAN_POINT('Ctrl Pts',(17.0600000000041,-0.13316656236959,-9.4));
#14269=CARTESIAN_POINT('Ctrl Pts',(17.5922962799168,-0.199999993885747,
-10.));
#14270=CARTESIAN_POINT('Ctrl Pts',(17.4364748465438,-0.199999499219233,
-10.0000000000201));
#14271=CARTESIAN_POINT('Ctrl Pts',(17.1234100305668,-0.19991388058652,-9.87317468854803));
#14272=CARTESIAN_POINT('Ctrl Pts',(16.9900000000041,-0.199749843554386,
-9.55839234571074));
#14273=CARTESIAN_POINT('Ctrl Pts',(16.9900000000041,-0.199749843554386,
-9.4));
#14274=CARTESIAN_POINT('',(17.5922962799168,-0.199999993879812,-10.));
#14275=CARTESIAN_POINT('',(17.5948646098889,0.,-9.79996703335196));
#14276=CARTESIAN_POINT('',(16.9900000000041,-0.199749843554386,-9.4));
#14277=CARTESIAN_POINT('Ctrl Pts',(17.5922962799168,-0.199999993885747,
-10.));
#14278=CARTESIAN_POINT('Ctrl Pts',(17.4364748465438,-0.199999499219233,
-10.0000000000201));
#14279=CARTESIAN_POINT('Ctrl Pts',(17.1234100305668,-0.19991388058652,-9.87317468854803));
#14280=CARTESIAN_POINT('Ctrl Pts',(16.9900000000041,-0.199749843554386,
-9.55839234571074));
#14281=CARTESIAN_POINT('Ctrl Pts',(16.9900000000041,-0.199749843554386,
-9.4));
#14282=CARTESIAN_POINT('',(16.9900000000041,-0.199749843554386,-9.4));
#14283=CARTESIAN_POINT('Origin',(17.0950000000041,-0.0998749217771909,0.));
#14284=CARTESIAN_POINT('',(16.9900000000041,-0.199749843554382,9.4));
#14285=CARTESIAN_POINT('',(16.9900000000041,-0.199749843554382,9.4));
#14286=CARTESIAN_POINT('',(16.9900000000041,-0.199749843554382,0.));
#14287=CARTESIAN_POINT('Ctrl Pts',(17.2000000000041,0.,9.4));
#14288=CARTESIAN_POINT('Ctrl Pts',(17.2000000000041,0.,9.50386383325294));
#14289=CARTESIAN_POINT('Ctrl Pts',(17.2850968164974,0.,9.71088592893469));
#14290=CARTESIAN_POINT('Ctrl Pts',(17.4910093367421,0.,9.79863358009544));
#14291=CARTESIAN_POINT('Ctrl Pts',(17.5948646098889,0.,9.79996703335196));
#14292=CARTESIAN_POINT('Ctrl Pts',(17.1300000000041,-0.0665832811847953,
9.4));
#14293=CARTESIAN_POINT('Ctrl Pts',(17.1300000000041,-0.0665832811847953,
9.52204000407221));
#14294=CARTESIAN_POINT('Ctrl Pts',(17.2312012211872,-0.0666379601955066,
9.76498218213914));
#14295=CARTESIAN_POINT('Ctrl Pts',(17.4728311733427,-0.0666664997397444,
9.86575572007033));
#14296=CARTESIAN_POINT('Ctrl Pts',(17.5940084998982,-0.0666666646285822,
9.8666446889013));
#14297=CARTESIAN_POINT('Ctrl Pts',(17.0600000000041,-0.133166562369591,
9.4));
#14298=CARTESIAN_POINT('Ctrl Pts',(17.0600000000041,-0.133166562369591,
9.54021617489147));
#14299=CARTESIAN_POINT('Ctrl Pts',(17.177305625877,-0.133275920391013,9.81907843534358));
#14300=CARTESIAN_POINT('Ctrl Pts',(17.4546530099432,-0.133332999479489,
9.93287786004521));
#14301=CARTESIAN_POINT('Ctrl Pts',(17.5931523899075,-0.133333329257164,
9.93332234445065));
#14302=CARTESIAN_POINT('Ctrl Pts',(16.9900000000041,-0.199749843554386,
9.4));
#14303=CARTESIAN_POINT('Ctrl Pts',(16.9900000000041,-0.199749843554386,
9.55839234571074));
#14304=CARTESIAN_POINT('Ctrl Pts',(17.1234100305668,-0.19991388058652,9.87317468854802));
#14305=CARTESIAN_POINT('Ctrl Pts',(17.4364748465438,-0.199999499219233,
10.0000000000201));
#14306=CARTESIAN_POINT('Ctrl Pts',(17.5922962799168,-0.199999993885747,
10.));
#14307=CARTESIAN_POINT('',(17.5922962799168,-0.199999993879811,10.));
#14308=CARTESIAN_POINT('',(17.5922962799168,-0.199999993879811,10.));
#14309=CARTESIAN_POINT('Ctrl Pts',(16.9900000000041,-0.199749843554386,
9.4));
#14310=CARTESIAN_POINT('Ctrl Pts',(16.9900000000041,-0.199749843554386,
9.55839234571074));
#14311=CARTESIAN_POINT('Ctrl Pts',(17.1234100305668,-0.19991388058652,9.87317468854802));
#14312=CARTESIAN_POINT('Ctrl Pts',(17.4364748465438,-0.199999499219233,
10.0000000000201));
#14313=CARTESIAN_POINT('Ctrl Pts',(17.5922962799168,-0.199999993885747,
10.));
#14314=CARTESIAN_POINT('Origin',(-12.7000000006859,-0.1,9.9));
#14315=CARTESIAN_POINT('',(22.4000000013718,-0.2,10.));
#14316=CARTESIAN_POINT('',(22.4000000013718,-0.2,10.));
#14317=CARTESIAN_POINT('',(17.6000000000041,-0.2,10.));
#14318=CARTESIAN_POINT('',(17.6000000000041,0.,9.8));
#14319=CARTESIAN_POINT('',(-12.7000000006859,-0.2,10.));
#14320=CARTESIAN_POINT('Origin',(22.4000000013718,-0.1,7.));
#14321=CARTESIAN_POINT('',(25.4000000013718,-0.2,7.));
#14322=CARTESIAN_POINT('',(25.4000000013718,-0.2,7.));
#14323=CARTESIAN_POINT('Origin',(22.4000000013718,-0.2,7.));
#14324=CARTESIAN_POINT('Origin',(25.3000000013718,-0.1,5.));
#14325=CARTESIAN_POINT('',(25.4000000013718,-0.2,-7.));
#14326=CARTESIAN_POINT('',(25.4000000013718,-0.2,-7.));
#14327=CARTESIAN_POINT('',(25.4000000013718,-0.2,5.));
#14328=CARTESIAN_POINT('Origin',(22.4000000013718,-0.1,-7.));
#14329=CARTESIAN_POINT('',(22.4000000013718,-0.2,-10.));
#14330=CARTESIAN_POINT('',(22.4000000013718,-0.2,-10.));
#14331=CARTESIAN_POINT('Origin',(22.4000000013718,-0.2,-7.));
#14332=CARTESIAN_POINT('Origin',(12.7000000006859,-0.1,-9.9));
#14333=CARTESIAN_POINT('',(17.6000000000041,-0.2,-10.));
#14334=CARTESIAN_POINT('',(17.6000000000041,-0.2,-10.));
#14335=CARTESIAN_POINT('',(12.7000000006859,-0.2,-10.));
#14336=CARTESIAN_POINT('Ctrl Pts',(17.5948646098889,0.,9.79996703335196));
#14337=CARTESIAN_POINT('Ctrl Pts',(17.596576312538,0.,9.79998901081542));
#14338=CARTESIAN_POINT('Ctrl Pts',(17.5982881562707,0.,9.8));
#14339=CARTESIAN_POINT('Ctrl Pts',(17.6000000000041,0.,9.8));
#14340=CARTESIAN_POINT('Ctrl Pts',(17.5940084998982,-0.0666666646285822,
9.86664468890131));
#14341=CARTESIAN_POINT('Ctrl Pts',(17.5960056979661,-0.0666666673462166,
9.86665934054362));
#14342=CARTESIAN_POINT('Ctrl Pts',(17.5980028489817,-0.066666666666668,
9.86666666666667));
#14343=CARTESIAN_POINT('Ctrl Pts',(17.6000000000041,-0.066666666666668,
9.86666666666667));
#14344=CARTESIAN_POINT('Ctrl Pts',(17.5931523899075,-0.133333329257164,
9.93332234445066));
#14345=CARTESIAN_POINT('Ctrl Pts',(17.5954350833943,-0.133333334692433,
9.93332967027181));
#14346=CARTESIAN_POINT('Ctrl Pts',(17.5977175416928,-0.133333333333336,
9.93333333333334));
#14347=CARTESIAN_POINT('Ctrl Pts',(17.6000000000041,-0.133333333333336,
9.93333333333334));
#14348=CARTESIAN_POINT('Ctrl Pts',(17.5922962799168,-0.199999993885747,
10.));
#14349=CARTESIAN_POINT('Ctrl Pts',(17.5948644688224,-0.20000000203865,10.));
#14350=CARTESIAN_POINT('Ctrl Pts',(17.5974322344039,-0.200000000000004,
10.));
#14351=CARTESIAN_POINT('Ctrl Pts',(17.6000000000041,-0.200000000000004,
10.));
#14352=CARTESIAN_POINT('Ctrl Pts',(17.5922962799168,-0.199999993885747,
10.));
#14353=CARTESIAN_POINT('Ctrl Pts',(17.5948644688224,-0.20000000203865,10.));
#14354=CARTESIAN_POINT('Ctrl Pts',(17.5974322344039,-0.200000000000004,
10.));
#14355=CARTESIAN_POINT('Ctrl Pts',(17.6000000000041,-0.200000000000004,
10.));
#14356=CARTESIAN_POINT('Ctrl Pts',(17.6000000000041,0.,-9.8));
#14357=CARTESIAN_POINT('Ctrl Pts',(17.5982881562707,0.,-9.8));
#14358=CARTESIAN_POINT('Ctrl Pts',(17.596576312538,0.,-9.79998901081542));
#14359=CARTESIAN_POINT('Ctrl Pts',(17.5948646098889,0.,-9.79996703335196));
#14360=CARTESIAN_POINT('Ctrl Pts',(17.6000000000041,-0.066666666666668,
-9.86666666666667));
#14361=CARTESIAN_POINT('Ctrl Pts',(17.5980028489817,-0.066666666666668,
-9.86666666666667));
#14362=CARTESIAN_POINT('Ctrl Pts',(17.5960056979661,-0.0666666673462166,
-9.86665934054362));
#14363=CARTESIAN_POINT('Ctrl Pts',(17.5940084998982,-0.0666666646285822,
-9.8666446889013));
#14364=CARTESIAN_POINT('Ctrl Pts',(17.6000000000041,-0.133333333333336,
-9.93333333333333));
#14365=CARTESIAN_POINT('Ctrl Pts',(17.5977175416928,-0.133333333333336,
-9.93333333333333));
#14366=CARTESIAN_POINT('Ctrl Pts',(17.5954350833943,-0.133333334692433,
-9.93332967027181));
#14367=CARTESIAN_POINT('Ctrl Pts',(17.5931523899075,-0.133333329257164,
-9.93332234445065));
#14368=CARTESIAN_POINT('Ctrl Pts',(17.6000000000041,-0.200000000000004,
-10.));
#14369=CARTESIAN_POINT('Ctrl Pts',(17.5974322344039,-0.200000000000004,
-10.));
#14370=CARTESIAN_POINT('Ctrl Pts',(17.5948644688224,-0.20000000203865,-10.));
#14371=CARTESIAN_POINT('Ctrl Pts',(17.5922962799168,-0.199999993885747,
-10.));
#14372=CARTESIAN_POINT('Ctrl Pts',(17.6000000000041,-0.200000000000004,
-10.));
#14373=CARTESIAN_POINT('Ctrl Pts',(17.5974322344039,-0.200000000000004,
-10.));
#14374=CARTESIAN_POINT('Ctrl Pts',(17.5948644688224,-0.20000000203865,-10.));
#14375=CARTESIAN_POINT('Ctrl Pts',(17.5922962799168,-0.199999993885747,
-10.));
#14376=CARTESIAN_POINT('Origin',(25.4000000013718,0.,-10.));
#14377=CARTESIAN_POINT('',(22.4000000013718,-5.00000000001298,-10.));
#14378=CARTESIAN_POINT('',(22.4000000013718,0.,-10.));
#14379=CARTESIAN_POINT('',(-22.4000000013718,-5.00000000001298,-10.));
#14380=CARTESIAN_POINT('',(12.7000000006859,-5.00000000001298,-10.));
#14381=CARTESIAN_POINT('',(-22.4000000013718,-0.2,-10.));
#14382=CARTESIAN_POINT('',(-22.4000000013718,0.,-10.));
#14383=CARTESIAN_POINT('',(-17.6000000000023,-0.2,-10.));
#14384=CARTESIAN_POINT('',(12.7000000006859,-0.2,-10.));
#14385=CARTESIAN_POINT('',(-17.592296279915,-0.199999993879804,-10.));
#14386=CARTESIAN_POINT('Ctrl Pts',(-17.592296279915,-0.199999993885739,
-10.));
#14387=CARTESIAN_POINT('Ctrl Pts',(-17.5948644688206,-0.200000002038642,
-10.));
#14388=CARTESIAN_POINT('Ctrl Pts',(-17.5974322344022,-0.199999999999996,
-10.));
#14389=CARTESIAN_POINT('Ctrl Pts',(-17.6000000000023,-0.199999999999996,
-10.));
#14390=CARTESIAN_POINT('',(-16.6712477851554,-1.99171555213608,-10.));
#14391=CARTESIAN_POINT('Origin',(-15.0000000000023,3.86337485418112E-15,
-10.));
#14392=CARTESIAN_POINT('',(-15.5887965312869,-2.90000000000462,-10.));
#14393=CARTESIAN_POINT('',(-4.81740119000894,-11.9382738578419,-10.));
#14394=CARTESIAN_POINT('',(-14.4112034686751,-2.89999999997329,-10.));
#14395=CARTESIAN_POINT('',(5.01479280536274,-2.89999999945634,-10.));
#14396=CARTESIAN_POINT('',(-13.3287522148284,-1.99171555210913,-10.));
#14397=CARTESIAN_POINT('',(-1.93248603422595,7.57088719676988,-10.));
#14398=CARTESIAN_POINT('',(-12.4077037200896,-0.199999993879804,-10.));
#14399=CARTESIAN_POINT('Origin',(-15.0000000000023,3.86337485418112E-15,
-10.));
#14400=CARTESIAN_POINT('',(-12.4000000000023,-0.2,-10.));
#14401=CARTESIAN_POINT('Ctrl Pts',(-12.4000000000023,-0.199999999999996,
-10.));
#14402=CARTESIAN_POINT('Ctrl Pts',(-12.4025677656025,-0.199999999999996,
-10.));
#14403=CARTESIAN_POINT('Ctrl Pts',(-12.405135531184,-0.200000002038642,
-10.));
#14404=CARTESIAN_POINT('Ctrl Pts',(-12.4077037200896,-0.199999993885739,
-10.));
#14405=CARTESIAN_POINT('',(-7.59999999999592,-0.2,-10.));
#14406=CARTESIAN_POINT('',(12.7000000006859,-0.2,-10.));
#14407=CARTESIAN_POINT('',(-7.59229627990864,-0.199999993879806,-10.));
#14408=CARTESIAN_POINT('Ctrl Pts',(-7.59229627990864,-0.199999993885742,
-10.));
#14409=CARTESIAN_POINT('Ctrl Pts',(-7.59486446881424,-0.200000002038645,
-10.));
#14410=CARTESIAN_POINT('Ctrl Pts',(-7.59743223439578,-0.199999999999999,
-10.));
#14411=CARTESIAN_POINT('Ctrl Pts',(-7.59999999999592,-0.199999999999999,
-10.));
#14412=CARTESIAN_POINT('',(-6.67124778512706,-1.99171555215455,-10.));
#14413=CARTESIAN_POINT('Origin',(-4.99999999999592,1.28779161805764E-15,
-10.));
#14414=CARTESIAN_POINT('',(-5.5887965313095,-2.89999999995571,-10.));
#14415=CARTESIAN_POINT('',(2.24847836594561,-9.4762544753162,-10.));
#14416=CARTESIAN_POINT('',(-4.41120346871928,-2.90000000003428,-10.));
#14417=CARTESIAN_POINT('',(10.0147928051984,-2.90000000099679,-10.));
#14418=CARTESIAN_POINT('',(-3.32875221480448,-1.99171555209858,-10.));
#14419=CARTESIAN_POINT('',(5.13339352147495,5.1088678142476,-10.));
#14420=CARTESIAN_POINT('',(-2.40770372008321,-0.199999993879806,-10.));
#14421=CARTESIAN_POINT('Origin',(-4.99999999999592,1.28779161805764E-15,
-10.));
#14422=CARTESIAN_POINT('',(-2.39999999999592,-0.2,-10.));
#14423=CARTESIAN_POINT('Ctrl Pts',(-2.39999999999593,-0.199999999999999,
-10.));
#14424=CARTESIAN_POINT('Ctrl Pts',(-2.40256776559607,-0.199999999999999,
-10.));
#14425=CARTESIAN_POINT('Ctrl Pts',(-2.40513553117761,-0.200000002038645,
-10.));
#14426=CARTESIAN_POINT('Ctrl Pts',(-2.40770372008321,-0.199999993885742,
-10.));
#14427=CARTESIAN_POINT('',(2.40000000000409,-0.2,-10.));
#14428=CARTESIAN_POINT('',(12.7000000006859,-0.2,-10.));
#14429=CARTESIAN_POINT('',(2.40770372009137,-0.199999993879809,-10.));
#14430=CARTESIAN_POINT('Ctrl Pts',(2.40770372009137,-0.199999993885744,
-10.));
#14431=CARTESIAN_POINT('Ctrl Pts',(2.40513553118577,-0.200000002038647,
-10.));
#14432=CARTESIAN_POINT('Ctrl Pts',(2.40256776560423,-0.200000000000001,
-10.));
#14433=CARTESIAN_POINT('Ctrl Pts',(2.40000000000409,-0.200000000000001,
-10.));
#14434=CARTESIAN_POINT('',(3.32875221484153,-1.99171555212818,-10.));
#14435=CARTESIAN_POINT('Origin',(5.00000000000408,-1.28779161806584E-15,
-10.));
#14436=CARTESIAN_POINT('',(4.41120346870904,-2.899999999995,-10.));
#14437=CARTESIAN_POINT('',(9.31435792146074,-7.01423509280999,-10.));
#14438=CARTESIAN_POINT('',(5.58879653129926,-2.89999999999499,-10.));
#14439=CARTESIAN_POINT('',(15.0147928053184,-2.89999999999498,-10.));
#14440=CARTESIAN_POINT('',(6.67124778516675,-1.99171555212808,-10.));
#14441=CARTESIAN_POINT('',(12.1992730774737,2.64684843167975,-10.));
#14442=CARTESIAN_POINT('',(7.5922962799168,-0.199999993879809,-10.));
#14443=CARTESIAN_POINT('Origin',(5.00000000000408,-1.28779161806584E-15,
-10.));
#14444=CARTESIAN_POINT('',(7.60000000000408,-0.2,-10.));
#14445=CARTESIAN_POINT('Ctrl Pts',(7.60000000000408,-0.200000000000001,
-10.));
#14446=CARTESIAN_POINT('Ctrl Pts',(7.59743223440394,-0.200000000000001,
-10.));
#14447=CARTESIAN_POINT('Ctrl Pts',(7.5948644688224,-0.200000002038647,-10.));
#14448=CARTESIAN_POINT('Ctrl Pts',(7.5922962799168,-0.199999993885744,-10.));
#14449=CARTESIAN_POINT('',(12.4000000000041,-0.2,-10.));
#14450=CARTESIAN_POINT('',(12.7000000006859,-0.2,-10.));
#14451=CARTESIAN_POINT('',(12.4077037200914,-0.199999993879811,-10.));
#14452=CARTESIAN_POINT('Ctrl Pts',(12.4077037200914,-0.199999993885747,
-10.));
#14453=CARTESIAN_POINT('Ctrl Pts',(12.4051355311858,-0.20000000203865,-10.));
#14454=CARTESIAN_POINT('Ctrl Pts',(12.4025677656042,-0.200000000000004,
-10.));
#14455=CARTESIAN_POINT('Ctrl Pts',(12.4000000000041,-0.200000000000004,
-10.));
#14456=CARTESIAN_POINT('',(13.3287522148419,-1.9917155521285,-10.));
#14457=CARTESIAN_POINT('Origin',(15.0000000000041,-3.86337485418932E-15,
-10.));
#14458=CARTESIAN_POINT('',(14.4112034687095,-2.89999999999502,-10.));
#14459=CARTESIAN_POINT('',(16.380237477236,-4.55221571028668,-10.));
#14460=CARTESIAN_POINT('',(15.5887965312997,-2.89999999999502,-10.));
#14461=CARTESIAN_POINT('',(20.0147928053186,-2.89999999999501,-10.));
#14462=CARTESIAN_POINT('',(16.6712477851672,-1.99171555212772,-10.));
#14463=CARTESIAN_POINT('',(19.2651526332505,0.184829049159378,-10.));
#14464=CARTESIAN_POINT('Origin',(15.0000000000041,-3.86337485418932E-15,
-10.));
#14465=CARTESIAN_POINT('Origin',(22.4000000013718,0.,-7.));
#14466=CARTESIAN_POINT('',(25.4000000013718,-5.00000000001298,-7.));
#14467=CARTESIAN_POINT('',(25.4000000013718,0.,-7.));
#14468=CARTESIAN_POINT('Origin',(22.4000000013718,-5.00000000001298,-7.));
#14469=CARTESIAN_POINT('Origin',(25.4000000013718,0.,10.));
#14470=CARTESIAN_POINT('',(25.4000000013718,-5.00000000001298,7.));
#14471=CARTESIAN_POINT('',(25.4000000013718,0.,7.));
#14472=CARTESIAN_POINT('',(25.4000000013718,-5.00000000001298,5.));
#14473=CARTESIAN_POINT('',(25.4000000013718,-4.25000131130219,1.64494976401329));
#14474=CARTESIAN_POINT('',(25.4000000013718,-0.750001221895218,1.6449536383152));
#14475=CARTESIAN_POINT('',(25.4000000013718,-1.2499960090182,1.64495308484928));
#14476=CARTESIAN_POINT('',(25.4000000013718,-0.750000029802322,0.222631245851517));
#14477=CARTESIAN_POINT('',(25.4000000013718,-0.750004425184605,5.466895906739));
#14478=CARTESIAN_POINT('',(25.4000000013718,-2.87960410118103,-0.325887612998486));
#14479=CARTESIAN_POINT('',(25.4000000013718,0.250101380316975,0.480225834247362));
#14480=CARTESIAN_POINT('',(25.4000000013718,-0.749998986721039,-0.870484560728073));
#14481=CARTESIAN_POINT('',(25.4000000013718,-2.23503860707393,-0.490720237750868));
#14482=CARTESIAN_POINT('',(25.4000000013718,-0.749997794628143,-2.29194894433022));
#14483=CARTESIAN_POINT('',(25.4000000013718,-0.750003246893861,4.20939130924309));
#14484=CARTESIAN_POINT('',(25.4000000013718,-4.2499977350235,-2.29195296764374));
#14485=CARTESIAN_POINT('',(25.4000000013718,-1.24999181750409,-2.29194951908243));
#14486=CARTESIAN_POINT('',(25.4000000013718,-4.24999862909317,-1.40620946884155));
#14487=CARTESIAN_POINT('',(25.4000000013718,-4.25000416228869,4.07545724589812));
#14488=CARTESIAN_POINT('',(25.4000000013718,-1.58083066344261,-1.40620648860931));
#14489=CARTESIAN_POINT('',(25.4000000013718,-1.45770095539323,-1.4062063511301));
#14490=CARTESIAN_POINT('',(25.4000000013718,-4.24999922513962,-0.723735243082047));
#14491=CARTESIAN_POINT('',(25.4000000013718,-2.87493738011231,-1.075320445875));
#14492=CARTESIAN_POINT('',(25.4000000013718,-4.24999982118607,0.077962838113308));
#14493=CARTESIAN_POINT('',(25.4000000013718,-4.25000336059112,4.83855531886025));
#14494=CARTESIAN_POINT('',(25.4000000013718,-1.58083260059357,0.759209170937538));
#14495=CARTESIAN_POINT('',(25.4000000013718,-0.398913705443118,1.06086802048619));
#14496=CARTESIAN_POINT('',(25.4000000013718,-4.25000041723251,0.759206265211105));
#14497=CARTESIAN_POINT('',(25.4000000013718,-1.45770322457324,0.759209304979422));
#14498=CARTESIAN_POINT('',(25.4000000013718,-4.25000530457732,5.60103686232574));
#14499=CARTESIAN_POINT('',(25.4000000013718,-4.25000548362732,6.25988841056824));
#14500=CARTESIAN_POINT('',(25.4000000013718,-0.750005543231964,6.25989139080048));
#14501=CARTESIAN_POINT('',(25.4000000013718,-1.25000116437332,6.25989096505673));
#14502=CARTESIAN_POINT('',(25.4000000013718,-0.750004053115845,4.83756929636002));
#14503=CARTESIAN_POINT('',(25.4000000013718,-0.750007129891707,7.77436477891105));
#14504=CARTESIAN_POINT('',(25.4000000013718,-2.87960797548294,4.28905040025711));
#14505=CARTESIAN_POINT('',(25.4000000013718,-0.307256106708408,4.95160722250419));
#14506=CARTESIAN_POINT('',(25.4000000013718,-0.750003010034561,3.74445378780365));
#14507=CARTESIAN_POINT('',(25.4000000013718,-1.68117917226733,3.98258029097069));
#14508=CARTESIAN_POINT('',(25.4000000013718,-0.750001817941668,2.32298910617828));
#14509=CARTESIAN_POINT('',(25.4000000013718,-0.750005335077371,6.51686040900314));
#14510=CARTESIAN_POINT('',(25.4000000013718,-4.25000190734863,2.32298523187637));
#14511=CARTESIAN_POINT('',(25.4000000013718,-1.24999668231486,2.32298855271228));
#14512=CARTESIAN_POINT('',(25.4000000013718,-4.25000250339508,3.20872873067856));
#14513=CARTESIAN_POINT('',(25.4000000013718,-4.25000463941938,6.38292706065273));
#14514=CARTESIAN_POINT('',(25.4000000013718,-1.58083468675613,3.20873141288757));
#14515=CARTESIAN_POINT('',(25.4000000013718,-1.45770588531369,3.20873153661797));
#14516=CARTESIAN_POINT('',(25.4000000013718,-4.25000309944153,3.8912034034729));
#14517=CARTESIAN_POINT('',(25.4000000013718,-2.32115511491734,3.39802181280274));
#14518=CARTESIAN_POINT('',(25.4000000013718,-4.2500039935112,4.69290107488632));
#14519=CARTESIAN_POINT('',(25.4000000013718,-4.25000672928388,7.14602374974073));
#14520=CARTESIAN_POINT('',(25.4000000013718,-1.58083662390709,5.37414729595184));
#14521=CARTESIAN_POINT('',(25.4000000013718,-0.951829261749214,5.53468758030126));
#14522=CARTESIAN_POINT('',(25.4000000013718,-4.25000458955765,5.3741443157196));
#14523=CARTESIAN_POINT('',(25.4000000013718,-1.45770772089287,5.37414743343016));
#14524=CARTESIAN_POINT('',(25.4000000013718,-4.25000714774117,7.90850603659329));
#14525=CARTESIAN_POINT('',(25.4000000013718,-1.9914685189724,-5.2714866399765));
#14526=CARTESIAN_POINT('',(25.4000000013718,-2.81752586364746,-5.31207382678986));
#14527=CARTESIAN_POINT('Ctrl Pts',(25.4000000013718,-1.9914685189724,-5.2714866399765));
#14528=CARTESIAN_POINT('Ctrl Pts',(25.4000000013718,-1.84056648709398,-5.22227360130379));
#14529=CARTESIAN_POINT('Ctrl Pts',(25.4000000013718,-1.5557706140408,-5.06399650064389));
#14530=CARTESIAN_POINT('Ctrl Pts',(25.4000000013718,-1.45095281464303,-4.55979437585312));
#14531=CARTESIAN_POINT('Ctrl Pts',(25.4000000013718,-1.65953924725615,-4.11106131548906));
#14532=CARTESIAN_POINT('Ctrl Pts',(25.4000000013718,-2.09158929726489,-3.94856899267495));
#14533=CARTESIAN_POINT('Ctrl Pts',(25.4000000013718,-2.47910171919512,-3.93512133389675));
#14534=CARTESIAN_POINT('Ctrl Pts',(25.4000000013718,-2.82720263103664,-3.94816456369196));
#14535=CARTESIAN_POINT('Ctrl Pts',(25.4000000013718,-3.1897484739015,-4.01193117555265));
#14536=CARTESIAN_POINT('Ctrl Pts',(25.4000000013718,-3.46010265141202,-4.27322273032741));
#14537=CARTESIAN_POINT('Ctrl Pts',(25.4000000013718,-3.51895946666906,-4.62659334201406));
#14538=CARTESIAN_POINT('Ctrl Pts',(25.4000000013718,-3.42687399606174,-5.12310823699072));
#14539=CARTESIAN_POINT('Ctrl Pts',(25.4000000013718,-3.04469085746576,-5.25336084038988));
#14540=CARTESIAN_POINT('Ctrl Pts',(25.4000000013718,-2.81752586364746,-5.31207382678986));
#14541=CARTESIAN_POINT('',(25.4000000013718,-3.10401916503906,-6.25989198684692));
#14542=CARTESIAN_POINT('',(25.4000000013718,-0.650785090484429,1.85624823506836));
#14543=CARTESIAN_POINT('',(25.4000000013718,-1.77898496389389,-6.22646510601044));
#14544=CARTESIAN_POINT('Ctrl Pts',(25.4000000013718,-3.10401916503906,-6.25989198684692));
#14545=CARTESIAN_POINT('Ctrl Pts',(25.4000000013718,-3.559148601839,-6.13045844728193));
#14546=CARTESIAN_POINT('Ctrl Pts',(25.4000000013718,-4.26517699872068,-5.69761246240177));
#14547=CARTESIAN_POINT('Ctrl Pts',(25.4000000013718,-4.33016211554634,-4.58119859342218));
#14548=CARTESIAN_POINT('Ctrl Pts',(25.4000000013718,-4.23339690302986,-3.66798708886602));
#14549=CARTESIAN_POINT('Ctrl Pts',(25.4000000013718,-3.48592687358197,-2.96414963940341));
#14550=CARTESIAN_POINT('Ctrl Pts',(25.4000000013718,-2.3567189193236,-2.76547923987542));
#14551=CARTESIAN_POINT('Ctrl Pts',(25.4000000013718,-0.97327552671477,-3.12217759057546));
#14552=CARTESIAN_POINT('Ctrl Pts',(25.4000000013718,-0.594505840947227,
-4.48696867346822));
#14553=CARTESIAN_POINT('Ctrl Pts',(25.4000000013718,-0.81143302446782,-5.7286154434555));
#14554=CARTESIAN_POINT('Ctrl Pts',(25.4000000013718,-1.44381689985151,-6.09407730138123));
#14555=CARTESIAN_POINT('Ctrl Pts',(25.4000000013718,-1.77898496389389,-6.22646510601043));
#14556=CARTESIAN_POINT('',(25.4000000013718,-3.51019493871562,1.55422288900674));
#14557=CARTESIAN_POINT('Origin',(22.4000000013718,0.,7.));
#14558=CARTESIAN_POINT('',(22.4000000013718,-5.00000000001298,10.));
#14559=CARTESIAN_POINT('',(22.4000000013718,0.,10.));
#14560=CARTESIAN_POINT('Origin',(22.4000000013718,-5.00000000001298,7.));
#14561=CARTESIAN_POINT('Ctrl Pts',(12.4051353901192,0.,9.79996703335196));
#14562=CARTESIAN_POINT('Ctrl Pts',(12.5089906632661,0.,9.79863358009544));
#14563=CARTESIAN_POINT('Ctrl Pts',(12.7149233405233,0.,9.71090582880193));
#14564=CARTESIAN_POINT('Ctrl Pts',(12.8000000000041,0.,9.50386383325294));
#14565=CARTESIAN_POINT('Ctrl Pts',(12.8000000000041,0.,9.4));
#14566=CARTESIAN_POINT('Ctrl Pts',(12.4059915001099,-0.0666666646285822,
9.8666446889013));
#14567=CARTESIAN_POINT('Ctrl Pts',(12.5271688266655,-0.0666664997397444,
9.86575572007032));
#14568=CARTESIAN_POINT('Ctrl Pts',(12.7688222094742,-0.066637962152096,
9.76500670552973));
#14569=CARTESIAN_POINT('Ctrl Pts',(12.8700000000041,-0.0665832811847952,
9.52204000407221));
#14570=CARTESIAN_POINT('Ctrl Pts',(12.8700000000041,-0.0665832811847952,
9.4));
#14571=CARTESIAN_POINT('Ctrl Pts',(12.4068476101007,-0.133333329257164,
9.93332234445065));
#14572=CARTESIAN_POINT('Ctrl Pts',(12.5453469900649,-0.133332999479489,
9.93287786004521));
#14573=CARTESIAN_POINT('Ctrl Pts',(12.8227210784251,-0.133275924304192,
9.81910758225752));
#14574=CARTESIAN_POINT('Ctrl Pts',(12.9400000000041,-0.13316656236959,9.54021617489147));
#14575=CARTESIAN_POINT('Ctrl Pts',(12.9400000000041,-0.13316656236959,9.4));
#14576=CARTESIAN_POINT('Ctrl Pts',(12.4077037200914,-0.199999993885747,
10.));
#14577=CARTESIAN_POINT('Ctrl Pts',(12.5635251534644,-0.199999499219233,
10.0000000000201));
#14578=CARTESIAN_POINT('Ctrl Pts',(12.876619947376,-0.199913886456288,9.87320845898531));
#14579=CARTESIAN_POINT('Ctrl Pts',(13.0100000000041,-0.199749843554386,
9.55839234571074));
#14580=CARTESIAN_POINT('Ctrl Pts',(13.0100000000041,-0.199749843554386,
9.4));
#14581=CARTESIAN_POINT('',(12.4051353901192,0.,9.79996703335196));
#14582=CARTESIAN_POINT('',(12.4077037200914,-0.199999993879812,10.));
#14583=CARTESIAN_POINT('',(12.4051353901192,0.,9.79996703335196));
#14584=CARTESIAN_POINT('',(13.0100000000041,-0.199749843554386,9.4));
#14585=CARTESIAN_POINT('Ctrl Pts',(12.4077037200914,-0.199999993885747,
10.));
#14586=CARTESIAN_POINT('Ctrl Pts',(12.5635251534644,-0.199999499219233,
10.0000000000201));
#14587=CARTESIAN_POINT('Ctrl Pts',(12.876619947376,-0.199913886456288,9.87320845898531));
#14588=CARTESIAN_POINT('Ctrl Pts',(13.0100000000041,-0.199749843554386,
9.55839234571074));
#14589=CARTESIAN_POINT('Ctrl Pts',(13.0100000000041,-0.199749843554386,
9.4));
#14590=CARTESIAN_POINT('',(12.8000000000041,0.,9.4));
#14591=CARTESIAN_POINT('',(13.0100000000041,-0.199749843554386,9.4));
#14592=CARTESIAN_POINT('Ctrl Pts',(12.8000000000041,0.,9.4));
#14593=CARTESIAN_POINT('Ctrl Pts',(12.8000000000041,0.,9.50386383325294));
#14594=CARTESIAN_POINT('Ctrl Pts',(12.7149233405233,0.,9.71090582880193));
#14595=CARTESIAN_POINT('Ctrl Pts',(12.5089906632661,0.,9.79863358009544));
#14596=CARTESIAN_POINT('Ctrl Pts',(12.4051353901192,0.,9.79996703335196));
#14597=CARTESIAN_POINT('Ctrl Pts',(12.8000000000041,0.,-9.4));
#14598=CARTESIAN_POINT('Ctrl Pts',(12.8000000000041,0.,-9.50386383325294));
#14599=CARTESIAN_POINT('Ctrl Pts',(12.7149233405233,0.,-9.71090582880194));
#14600=CARTESIAN_POINT('Ctrl Pts',(12.5089906632661,0.,-9.79863358009544));
#14601=CARTESIAN_POINT('Ctrl Pts',(12.4051353901192,0.,-9.79996703335196));
#14602=CARTESIAN_POINT('Ctrl Pts',(12.8700000000041,-0.0665832811847953,
-9.4));
#14603=CARTESIAN_POINT('Ctrl Pts',(12.8700000000041,-0.0665832811847953,
-9.52204000407221));
#14604=CARTESIAN_POINT('Ctrl Pts',(12.7688222094742,-0.066637962152096,
-9.76500670552973));
#14605=CARTESIAN_POINT('Ctrl Pts',(12.5271688266655,-0.0666664997397444,
-9.86575572007033));
#14606=CARTESIAN_POINT('Ctrl Pts',(12.4059915001099,-0.0666666646285822,
-9.8666446889013));
#14607=CARTESIAN_POINT('Ctrl Pts',(12.9400000000041,-0.133166562369591,
-9.4));
#14608=CARTESIAN_POINT('Ctrl Pts',(12.9400000000041,-0.133166562369591,
-9.54021617489147));
#14609=CARTESIAN_POINT('Ctrl Pts',(12.8227210784251,-0.133275924304192,
-9.81910758225752));
#14610=CARTESIAN_POINT('Ctrl Pts',(12.5453469900649,-0.133332999479489,
-9.93287786004521));
#14611=CARTESIAN_POINT('Ctrl Pts',(12.4068476101007,-0.133333329257164,
-9.93332234445065));
#14612=CARTESIAN_POINT('Ctrl Pts',(13.0100000000041,-0.199749843554386,
-9.4));
#14613=CARTESIAN_POINT('Ctrl Pts',(13.0100000000041,-0.199749843554386,
-9.55839234571074));
#14614=CARTESIAN_POINT('Ctrl Pts',(12.876619947376,-0.199913886456288,-9.87320845898532));
#14615=CARTESIAN_POINT('Ctrl Pts',(12.5635251534644,-0.199999499219233,
-10.0000000000201));
#14616=CARTESIAN_POINT('Ctrl Pts',(12.4077037200914,-0.199999993885747,
-10.));
#14617=CARTESIAN_POINT('',(12.4051353901192,0.,-9.79996703335196));
#14618=CARTESIAN_POINT('',(12.4077037200914,-0.199999993879811,-10.));
#14619=CARTESIAN_POINT('',(12.8000000000041,0.,-9.4));
#14620=CARTESIAN_POINT('Ctrl Pts',(12.4051353901192,0.,-9.79996703335196));
#14621=CARTESIAN_POINT('Ctrl Pts',(12.5089906632661,0.,-9.79863358009544));
#14622=CARTESIAN_POINT('Ctrl Pts',(12.7149233405233,0.,-9.71090582880194));
#14623=CARTESIAN_POINT('Ctrl Pts',(12.8000000000041,0.,-9.50386383325294));
#14624=CARTESIAN_POINT('Ctrl Pts',(12.8000000000041,0.,-9.4));
#14625=CARTESIAN_POINT('',(13.0100000000041,-0.199749843554386,-9.4));
#14626=CARTESIAN_POINT('',(12.8000000000041,0.,-9.4));
#14627=CARTESIAN_POINT('Ctrl Pts',(13.0100000000041,-0.199749843554386,
-9.4));
#14628=CARTESIAN_POINT('Ctrl Pts',(13.0100000000041,-0.199749843554386,
-9.55839234571074));
#14629=CARTESIAN_POINT('Ctrl Pts',(12.876619947376,-0.199913886456288,-9.87320845898532));
#14630=CARTESIAN_POINT('Ctrl Pts',(12.5635251534644,-0.199999499219233,
-10.0000000000201));
#14631=CARTESIAN_POINT('Ctrl Pts',(12.4077037200914,-0.199999993885747,
-10.));
#14632=CARTESIAN_POINT('Origin',(12.9050000000041,-0.0998749217771909,0.));
#14633=CARTESIAN_POINT('',(12.8000000000041,0.,0.));
#14634=CARTESIAN_POINT('',(13.0100000000041,-0.199749843554382,0.));
#14635=CARTESIAN_POINT('Origin',(12.7000000006859,-0.1,-9.9));
#14636=CARTESIAN_POINT('',(7.60000000000408,0.,-9.8));
#14637=CARTESIAN_POINT('',(7.60000000000408,-0.2,-10.));
#14638=CARTESIAN_POINT('',(12.4000000000041,0.,-9.8));
#14639=CARTESIAN_POINT('',(12.7000000006859,0.,-9.8));
#14640=CARTESIAN_POINT('',(12.4000000000041,0.,-9.8));
#14641=CARTESIAN_POINT('Ctrl Pts',(12.4051353901192,0.,-9.79996703335196));
#14642=CARTESIAN_POINT('Ctrl Pts',(12.4034236874702,0.,-9.79998901081542));
#14643=CARTESIAN_POINT('Ctrl Pts',(12.4017118437375,0.,-9.8));
#14644=CARTESIAN_POINT('Ctrl Pts',(12.4000000000041,0.,-9.8));
#14645=CARTESIAN_POINT('Ctrl Pts',(12.4059915001099,-0.0666666646285822,
-9.8666446889013));
#14646=CARTESIAN_POINT('Ctrl Pts',(12.403994302042,-0.0666666673462166,
-9.86665934054362));
#14647=CARTESIAN_POINT('Ctrl Pts',(12.4019971510264,-0.066666666666668,
-9.86666666666667));
#14648=CARTESIAN_POINT('Ctrl Pts',(12.4000000000041,-0.066666666666668,
-9.86666666666667));
#14649=CARTESIAN_POINT('Ctrl Pts',(12.4068476101007,-0.133333329257164,
-9.93332234445065));
#14650=CARTESIAN_POINT('Ctrl Pts',(12.4045649166139,-0.133333334692433,
-9.93332967027181));
#14651=CARTESIAN_POINT('Ctrl Pts',(12.4022824583153,-0.133333333333336,
-9.93333333333333));
#14652=CARTESIAN_POINT('Ctrl Pts',(12.4000000000041,-0.133333333333336,
-9.93333333333333));
#14653=CARTESIAN_POINT('Ctrl Pts',(12.4077037200914,-0.199999993885747,
-10.));
#14654=CARTESIAN_POINT('Ctrl Pts',(12.4051355311858,-0.20000000203865,-10.));
#14655=CARTESIAN_POINT('Ctrl Pts',(12.4025677656042,-0.200000000000004,
-10.));
#14656=CARTESIAN_POINT('Ctrl Pts',(12.4000000000041,-0.200000000000004,
-10.));
#14657=CARTESIAN_POINT('Ctrl Pts',(12.4000000000041,0.,-9.8));
#14658=CARTESIAN_POINT('Ctrl Pts',(12.4017118437375,0.,-9.8));
#14659=CARTESIAN_POINT('Ctrl Pts',(12.4034236874702,0.,-9.79998901081542));
#14660=CARTESIAN_POINT('Ctrl Pts',(12.4051353901192,0.,-9.79996703335196));
#14661=CARTESIAN_POINT('Ctrl Pts',(7.59486460988894,0.,-9.79996703335196));
#14662=CARTESIAN_POINT('Ctrl Pts',(7.49100933674209,0.,-9.79863358009544));
#14663=CARTESIAN_POINT('Ctrl Pts',(7.28505242066931,0.,-9.71092975840029));
#14664=CARTESIAN_POINT('Ctrl Pts',(7.20000000000408,0.,-9.50386383325294));
#14665=CARTESIAN_POINT('Ctrl Pts',(7.20000000000408,0.,-9.4));
#14666=CARTESIAN_POINT('Ctrl Pts',(7.59400849989823,-0.0666666646285814,
-9.8666446889013));
#14667=CARTESIAN_POINT('Ctrl Pts',(7.47283117334265,-0.0666664997397436,
-9.86575572007033));
#14668=CARTESIAN_POINT('Ctrl Pts',(7.2311496151641,-0.0666379645048946,
-9.76503619491677));
#14669=CARTESIAN_POINT('Ctrl Pts',(7.13000000000409,-0.0665832811847944,
-9.52204000407221));
#14670=CARTESIAN_POINT('Ctrl Pts',(7.13000000000409,-0.0665832811847944,
-9.4));
#14671=CARTESIAN_POINT('Ctrl Pts',(7.59315238990752,-0.133333329257163,
-9.93332234445065));
#14672=CARTESIAN_POINT('Ctrl Pts',(7.45465300994322,-0.133332999479487,
-9.93287786004521));
#14673=CARTESIAN_POINT('Ctrl Pts',(7.17724680965888,-0.133275929009789,
-9.81914263143324));
#14674=CARTESIAN_POINT('Ctrl Pts',(7.06000000000409,-0.133166562369589,
-9.54021617489147));
#14675=CARTESIAN_POINT('Ctrl Pts',(7.06000000000409,-0.133166562369589,
-9.4));
#14676=CARTESIAN_POINT('Ctrl Pts',(7.5922962799168,-0.199999993885744,-10.));
#14677=CARTESIAN_POINT('Ctrl Pts',(7.43647484654379,-0.199999499219231,
-10.0000000000201));
#14678=CARTESIAN_POINT('Ctrl Pts',(7.12334400415366,-0.199913893514684,
-9.87324906794971));
#14679=CARTESIAN_POINT('Ctrl Pts',(6.99000000000408,-0.199749843554383,
-9.55839234571074));
#14680=CARTESIAN_POINT('Ctrl Pts',(6.99000000000408,-0.199749843554383,
-9.4));
#14681=CARTESIAN_POINT('',(7.59486460988894,0.,-9.79996703335196));
#14682=CARTESIAN_POINT('',(7.59486460988894,0.,-9.79996703335196));
#14683=CARTESIAN_POINT('',(6.99000000000408,-0.199749843554383,-9.4));
#14684=CARTESIAN_POINT('Ctrl Pts',(7.5922962799168,-0.199999993885744,-10.));
#14685=CARTESIAN_POINT('Ctrl Pts',(7.43647484654379,-0.199999499219231,
-10.0000000000201));
#14686=CARTESIAN_POINT('Ctrl Pts',(7.12334400415366,-0.199913893514684,
-9.87324906794971));
#14687=CARTESIAN_POINT('Ctrl Pts',(6.99000000000408,-0.199749843554383,
-9.55839234571074));
#14688=CARTESIAN_POINT('Ctrl Pts',(6.99000000000408,-0.199749843554383,
-9.4));
#14689=CARTESIAN_POINT('',(7.20000000000408,0.,-9.4));
#14690=CARTESIAN_POINT('',(6.99000000000408,-0.199749843554383,-9.4));
#14691=CARTESIAN_POINT('Ctrl Pts',(7.20000000000408,0.,-9.4));
#14692=CARTESIAN_POINT('Ctrl Pts',(7.20000000000408,0.,-9.50386383325294));
#14693=CARTESIAN_POINT('Ctrl Pts',(7.28505242066931,0.,-9.71092975840029));
#14694=CARTESIAN_POINT('Ctrl Pts',(7.49100933674209,0.,-9.79863358009544));
#14695=CARTESIAN_POINT('Ctrl Pts',(7.59486460988894,0.,-9.79996703335196));
#14696=CARTESIAN_POINT('Origin',(7.09500000000409,-0.0998749217771909,0.));
#14697=CARTESIAN_POINT('',(6.99000000000408,-0.199749843554382,9.4));
#14698=CARTESIAN_POINT('',(7.20000000000409,0.,9.4));
#14699=CARTESIAN_POINT('',(6.99000000000408,-0.199749843554382,9.4));
#14700=CARTESIAN_POINT('',(7.20000000000409,0.,0.));
#14701=CARTESIAN_POINT('',(6.99000000000408,-0.199749843554382,0.));
#14702=CARTESIAN_POINT('Ctrl Pts',(7.20000000000408,0.,9.4));
#14703=CARTESIAN_POINT('Ctrl Pts',(7.20000000000408,0.,9.50386383325294));
#14704=CARTESIAN_POINT('Ctrl Pts',(7.28505242066931,0.,9.71092975840028));
#14705=CARTESIAN_POINT('Ctrl Pts',(7.49100933674209,0.,9.79863358009544));
#14706=CARTESIAN_POINT('Ctrl Pts',(7.59486460988894,0.,9.79996703335196));
#14707=CARTESIAN_POINT('Ctrl Pts',(7.13000000000409,-0.0665832811847945,
9.4));
#14708=CARTESIAN_POINT('Ctrl Pts',(7.13000000000409,-0.0665832811847945,
9.52204000407221));
#14709=CARTESIAN_POINT('Ctrl Pts',(7.23114961516409,-0.0666379645048946,
9.76503619491676));
#14710=CARTESIAN_POINT('Ctrl Pts',(7.47283117334265,-0.0666664997397436,
9.86575572007032));
#14711=CARTESIAN_POINT('Ctrl Pts',(7.59400849989823,-0.0666666646285814,
9.8666446889013));
#14712=CARTESIAN_POINT('Ctrl Pts',(7.06000000000409,-0.133166562369589,
9.4));
#14713=CARTESIAN_POINT('Ctrl Pts',(7.06000000000409,-0.133166562369589,
9.54021617489147));
#14714=CARTESIAN_POINT('Ctrl Pts',(7.17724680965887,-0.133275929009789,
9.81914263143323));
#14715=CARTESIAN_POINT('Ctrl Pts',(7.45465300994322,-0.133332999479487,
9.93287786004521));
#14716=CARTESIAN_POINT('Ctrl Pts',(7.59315238990752,-0.133333329257163,
9.93332234445065));
#14717=CARTESIAN_POINT('Ctrl Pts',(6.99000000000408,-0.199749843554383,
9.4));
#14718=CARTESIAN_POINT('Ctrl Pts',(6.99000000000408,-0.199749843554383,
9.55839234571074));
#14719=CARTESIAN_POINT('Ctrl Pts',(7.12334400415365,-0.199913893514684,
9.87324906794971));
#14720=CARTESIAN_POINT('Ctrl Pts',(7.43647484654379,-0.199999499219231,
10.0000000000201));
#14721=CARTESIAN_POINT('Ctrl Pts',(7.5922962799168,-0.199999993885744,10.));
#14722=CARTESIAN_POINT('',(7.5922962799168,-0.199999993879809,10.));
#14723=CARTESIAN_POINT('',(7.59486460988894,0.,9.79996703335196));
#14724=CARTESIAN_POINT('',(7.5922962799168,-0.199999993879809,10.));
#14725=CARTESIAN_POINT('Ctrl Pts',(7.59486460988894,0.,9.79996703335196));
#14726=CARTESIAN_POINT('Ctrl Pts',(7.49100933674209,0.,9.79863358009544));
#14727=CARTESIAN_POINT('Ctrl Pts',(7.28505242066931,0.,9.71092975840028));
#14728=CARTESIAN_POINT('Ctrl Pts',(7.20000000000408,0.,9.50386383325294));
#14729=CARTESIAN_POINT('Ctrl Pts',(7.20000000000408,0.,9.4));
#14730=CARTESIAN_POINT('Ctrl Pts',(6.99000000000408,-0.199749843554383,
9.4));
#14731=CARTESIAN_POINT('Ctrl Pts',(6.99000000000408,-0.199749843554383,
9.55839234571074));
#14732=CARTESIAN_POINT('Ctrl Pts',(7.12334400415365,-0.199913893514684,
9.87324906794971));
#14733=CARTESIAN_POINT('Ctrl Pts',(7.43647484654379,-0.199999499219231,
10.0000000000201));
#14734=CARTESIAN_POINT('Ctrl Pts',(7.5922962799168,-0.199999993885744,10.));
#14735=CARTESIAN_POINT('Ctrl Pts',(7.60000000000408,0.,-9.8));
#14736=CARTESIAN_POINT('Ctrl Pts',(7.59828815627065,0.,-9.8));
#14737=CARTESIAN_POINT('Ctrl Pts',(7.596576312538,0.,-9.79998901081542));
#14738=CARTESIAN_POINT('Ctrl Pts',(7.59486460988894,0.,-9.79996703335196));
#14739=CARTESIAN_POINT('Ctrl Pts',(7.60000000000408,-0.0666666666666671,
-9.86666666666667));
#14740=CARTESIAN_POINT('Ctrl Pts',(7.59800284898175,-0.0666666666666671,
-9.86666666666667));
#14741=CARTESIAN_POINT('Ctrl Pts',(7.59600569796613,-0.0666666673462157,
-9.86665934054362));
#14742=CARTESIAN_POINT('Ctrl Pts',(7.59400849989823,-0.0666666646285814,
-9.8666446889013));
#14743=CARTESIAN_POINT('Ctrl Pts',(7.60000000000408,-0.133333333333334,
-9.93333333333333));
#14744=CARTESIAN_POINT('Ctrl Pts',(7.59771754169284,-0.133333333333334,
-9.93333333333333));
#14745=CARTESIAN_POINT('Ctrl Pts',(7.59543508339427,-0.133333334692431,
-9.93332967027181));
#14746=CARTESIAN_POINT('Ctrl Pts',(7.59315238990752,-0.133333329257163,
-9.93332234445065));
#14747=CARTESIAN_POINT('Ctrl Pts',(7.60000000000408,-0.200000000000001,
-10.));
#14748=CARTESIAN_POINT('Ctrl Pts',(7.59743223440394,-0.200000000000001,
-10.));
#14749=CARTESIAN_POINT('Ctrl Pts',(7.5948644688224,-0.200000002038647,-10.));
#14750=CARTESIAN_POINT('Ctrl Pts',(7.5922962799168,-0.199999993885744,-10.));
#14751=CARTESIAN_POINT('Ctrl Pts',(7.59486460988894,0.,-9.79996703335196));
#14752=CARTESIAN_POINT('Ctrl Pts',(7.596576312538,0.,-9.79998901081542));
#14753=CARTESIAN_POINT('Ctrl Pts',(7.59828815627065,0.,-9.8));
#14754=CARTESIAN_POINT('Ctrl Pts',(7.60000000000408,0.,-9.8));
#14755=CARTESIAN_POINT('Origin',(-12.7000000006859,-0.1,9.9));
#14756=CARTESIAN_POINT('',(12.4000000000041,-0.2,10.));
#14757=CARTESIAN_POINT('',(12.4000000000041,0.,9.8));
#14758=CARTESIAN_POINT('',(12.4000000000041,-0.2,10.));
#14759=CARTESIAN_POINT('',(7.60000000000408,0.,9.8));
#14760=CARTESIAN_POINT('',(-12.7000000006859,0.,9.8));
#14761=CARTESIAN_POINT('',(7.60000000000408,-0.2,10.));
#14762=CARTESIAN_POINT('',(7.60000000000408,0.,9.8));
#14763=CARTESIAN_POINT('',(-12.7000000006859,-0.2,10.));
#14764=CARTESIAN_POINT('Ctrl Pts',(7.59486460988894,0.,9.79996703335196));
#14765=CARTESIAN_POINT('Ctrl Pts',(7.596576312538,0.,9.79998901081542));
#14766=CARTESIAN_POINT('Ctrl Pts',(7.59828815627065,0.,9.8));
#14767=CARTESIAN_POINT('Ctrl Pts',(7.60000000000408,0.,9.8));
#14768=CARTESIAN_POINT('Ctrl Pts',(7.59400849989823,-0.0666666646285814,
9.8666446889013));
#14769=CARTESIAN_POINT('Ctrl Pts',(7.59600569796613,-0.0666666673462157,
9.86665934054362));
#14770=CARTESIAN_POINT('Ctrl Pts',(7.59800284898175,-0.0666666666666671,
9.86666666666667));
#14771=CARTESIAN_POINT('Ctrl Pts',(7.60000000000408,-0.0666666666666671,
9.86666666666667));
#14772=CARTESIAN_POINT('Ctrl Pts',(7.59315238990751,-0.133333329257163,
9.93332234445065));
#14773=CARTESIAN_POINT('Ctrl Pts',(7.59543508339427,-0.133333334692431,
9.93332967027181));
#14774=CARTESIAN_POINT('Ctrl Pts',(7.59771754169284,-0.133333333333334,
9.93333333333334));
#14775=CARTESIAN_POINT('Ctrl Pts',(7.60000000000408,-0.133333333333334,
9.93333333333334));
#14776=CARTESIAN_POINT('Ctrl Pts',(7.5922962799168,-0.199999993885744,10.));
#14777=CARTESIAN_POINT('Ctrl Pts',(7.5948644688224,-0.200000002038647,10.));
#14778=CARTESIAN_POINT('Ctrl Pts',(7.59743223440394,-0.200000000000001,
10.));
#14779=CARTESIAN_POINT('Ctrl Pts',(7.60000000000408,-0.200000000000001,
10.));
#14780=CARTESIAN_POINT('Ctrl Pts',(7.60000000000408,0.,9.8));
#14781=CARTESIAN_POINT('Ctrl Pts',(7.59828815627065,0.,9.8));
#14782=CARTESIAN_POINT('Ctrl Pts',(7.596576312538,0.,9.79998901081542));
#14783=CARTESIAN_POINT('Ctrl Pts',(7.59486460988894,0.,9.79996703335196));
#14784=CARTESIAN_POINT('Ctrl Pts',(7.5922962799168,-0.199999993885744,10.));
#14785=CARTESIAN_POINT('Ctrl Pts',(7.5948644688224,-0.200000002038647,10.));
#14786=CARTESIAN_POINT('Ctrl Pts',(7.59743223440394,-0.200000000000001,
10.));
#14787=CARTESIAN_POINT('Ctrl Pts',(7.60000000000408,-0.200000000000001,
10.));
#14788=CARTESIAN_POINT('Ctrl Pts',(12.4000000000041,0.,9.8));
#14789=CARTESIAN_POINT('Ctrl Pts',(12.4017118437375,0.,9.8));
#14790=CARTESIAN_POINT('Ctrl Pts',(12.4034236874702,0.,9.79998901081542));
#14791=CARTESIAN_POINT('Ctrl Pts',(12.4051353901192,0.,9.79996703335196));
#14792=CARTESIAN_POINT('Ctrl Pts',(12.4000000000041,-0.066666666666668,
9.86666666666667));
#14793=CARTESIAN_POINT('Ctrl Pts',(12.4019971510264,-0.066666666666668,
9.86666666666667));
#14794=CARTESIAN_POINT('Ctrl Pts',(12.403994302042,-0.0666666673462166,
9.86665934054362));
#14795=CARTESIAN_POINT('Ctrl Pts',(12.4059915001099,-0.0666666646285822,
9.8666446889013));
#14796=CARTESIAN_POINT('Ctrl Pts',(12.4000000000041,-0.133333333333336,
9.93333333333334));
#14797=CARTESIAN_POINT('Ctrl Pts',(12.4022824583153,-0.133333333333336,
9.93333333333334));
#14798=CARTESIAN_POINT('Ctrl Pts',(12.4045649166139,-0.133333334692433,
9.93332967027181));
#14799=CARTESIAN_POINT('Ctrl Pts',(12.4068476101007,-0.133333329257164,
9.93332234445065));
#14800=CARTESIAN_POINT('Ctrl Pts',(12.4000000000041,-0.200000000000004,
10.));
#14801=CARTESIAN_POINT('Ctrl Pts',(12.4025677656042,-0.200000000000004,
10.));
#14802=CARTESIAN_POINT('Ctrl Pts',(12.4051355311858,-0.20000000203865,10.));
#14803=CARTESIAN_POINT('Ctrl Pts',(12.4077037200914,-0.199999993885747,
10.));
#14804=CARTESIAN_POINT('Ctrl Pts',(12.4051353901192,0.,9.79996703335196));
#14805=CARTESIAN_POINT('Ctrl Pts',(12.4034236874702,0.,9.79998901081542));
#14806=CARTESIAN_POINT('Ctrl Pts',(12.4017118437375,0.,9.8));
#14807=CARTESIAN_POINT('Ctrl Pts',(12.4000000000041,0.,9.8));
#14808=CARTESIAN_POINT('Ctrl Pts',(12.4000000000041,-0.200000000000004,
10.));
#14809=CARTESIAN_POINT('Ctrl Pts',(12.4025677656042,-0.200000000000004,
10.));
#14810=CARTESIAN_POINT('Ctrl Pts',(12.4051355311858,-0.20000000203865,10.));
#14811=CARTESIAN_POINT('Ctrl Pts',(12.4077037200914,-0.199999993885747,
10.));
#14812=CARTESIAN_POINT('Origin',(15.0000000000041,-3.86337485418932E-15,
-9.4));
#14813=CARTESIAN_POINT('',(13.7144247806486,-1.53208888625269,-9.4));
#14814=CARTESIAN_POINT('Origin',(15.0000000000041,-3.86337485418932E-15,
-9.4));
#14815=CARTESIAN_POINT('Origin',(13.3287522148419,-1.9917155521285,-9.4));
#14816=CARTESIAN_POINT('Origin',(15.0000000000041,-3.86337485418932E-15,
0.));
#14817=CARTESIAN_POINT('',(13.7144247806486,-1.53208888625269,9.4));
#14818=CARTESIAN_POINT('Origin',(15.0000000000041,-3.86337485418932E-15,
9.4));
#14819=CARTESIAN_POINT('',(13.7144247806486,-1.53208888625269,0.));
#14820=CARTESIAN_POINT('Origin',(15.0000000000041,-3.86337485418932E-15,
9.4));
#14821=CARTESIAN_POINT('',(13.3287522148419,-1.99171555212849,10.));
#14822=CARTESIAN_POINT('Origin',(15.0000000000041,-3.86337485418932E-15,
10.));
#14823=CARTESIAN_POINT('Origin',(13.3287522148419,-1.99171555212849,9.4));
#14824=CARTESIAN_POINT('Origin',(-25.4000000013718,0.,10.));
#14825=CARTESIAN_POINT('',(16.6712477851672,-1.99171555212772,10.));
#14826=CARTESIAN_POINT('Origin',(15.0000000000041,-3.86337485418932E-15,
10.));
#14827=CARTESIAN_POINT('',(15.5887965312997,-2.89999999999502,10.));
#14828=CARTESIAN_POINT('',(4.35982077580045,-12.3222294147227,10.));
#14829=CARTESIAN_POINT('',(14.4112034687095,-2.89999999999502,10.));
#14830=CARTESIAN_POINT('',(-5.38520719605327,-2.89999999999505,10.));
#14831=CARTESIAN_POINT('',(1.47490561977431,7.95484275359333,10.));
#14832=CARTESIAN_POINT('',(6.67124778516676,-1.99171555212808,10.));
#14833=CARTESIAN_POINT('Origin',(5.00000000000408,-1.28779161806584E-15,
10.));
#14834=CARTESIAN_POINT('',(5.58879653129927,-2.89999999999499,10.));
#14835=CARTESIAN_POINT('',(-2.70605877998178,-9.86021003220133,10.));
#14836=CARTESIAN_POINT('',(4.41120346870904,-2.89999999999499,10.));
#14837=CARTESIAN_POINT('',(-10.3852071960535,-2.89999999999501,10.));
#14838=CARTESIAN_POINT('',(3.32875221484153,-1.99171555212818,10.));
#14839=CARTESIAN_POINT('',(-5.59097393599629,5.49282337107083,10.));
#14840=CARTESIAN_POINT('',(2.40770372009137,-0.199999993879809,10.));
#14841=CARTESIAN_POINT('Origin',(5.00000000000408,-1.28779161806584E-15,
10.));
#14842=CARTESIAN_POINT('',(2.40000000000408,-0.2,10.));
#14843=CARTESIAN_POINT('Ctrl Pts',(2.40000000000408,-0.200000000000001,
10.));
#14844=CARTESIAN_POINT('Ctrl Pts',(2.40256776560423,-0.200000000000001,
10.));
#14845=CARTESIAN_POINT('Ctrl Pts',(2.40513553118577,-0.200000002038647,
10.));
#14846=CARTESIAN_POINT('Ctrl Pts',(2.40770372009137,-0.199999993885744,
10.));
#14847=CARTESIAN_POINT('',(-2.39999999999592,-0.2,10.));
#14848=CARTESIAN_POINT('',(-12.7000000006859,-0.2,10.));
#14849=CARTESIAN_POINT('',(-2.40770372008321,-0.199999993879806,10.));
#14850=CARTESIAN_POINT('Ctrl Pts',(-2.40770372008321,-0.199999993885742,
10.));
#14851=CARTESIAN_POINT('Ctrl Pts',(-2.40513553117761,-0.200000002038645,
10.));
#14852=CARTESIAN_POINT('Ctrl Pts',(-2.40256776559607,-0.199999999999999,
10.));
#14853=CARTESIAN_POINT('Ctrl Pts',(-2.39999999999592,-0.199999999999999,
10.));
#14854=CARTESIAN_POINT('',(-3.32875221480185,-1.99171555210173,10.));
#14855=CARTESIAN_POINT('Origin',(-4.99999999999592,1.28779161805764E-15,
10.));
#14856=CARTESIAN_POINT('',(-4.41120346871928,-2.90000000003428,10.));
#14857=CARTESIAN_POINT('',(-9.77193833558611,-7.39819064970305,10.));
#14858=CARTESIAN_POINT('',(-5.58879653130951,-2.89999999995571,10.));
#14859=CARTESIAN_POINT('',(-15.3852071961735,-2.89999999930209,10.));
#14860=CARTESIAN_POINT('',(-6.6712477851297,-1.99171555215769,10.));
#14861=CARTESIAN_POINT('',(-12.656853491906,3.03080398849505,10.));
#14862=CARTESIAN_POINT('',(-7.59229627990864,-0.199999993879806,10.));
#14863=CARTESIAN_POINT('Origin',(-4.99999999999592,1.28779161805764E-15,
10.));
#14864=CARTESIAN_POINT('',(-7.59999999999593,-0.2,10.));
#14865=CARTESIAN_POINT('Ctrl Pts',(-7.59999999999593,-0.199999999999999,
10.));
#14866=CARTESIAN_POINT('Ctrl Pts',(-7.59743223439578,-0.199999999999999,
10.));
#14867=CARTESIAN_POINT('Ctrl Pts',(-7.59486446881424,-0.200000002038645,
10.));
#14868=CARTESIAN_POINT('Ctrl Pts',(-7.59229627990864,-0.199999993885742,
10.));
#14869=CARTESIAN_POINT('',(-12.4000000000023,-0.2,10.));
#14870=CARTESIAN_POINT('',(-12.7000000006859,-0.2,10.));
#14871=CARTESIAN_POINT('',(-12.4077037200896,-0.199999993879804,10.));
#14872=CARTESIAN_POINT('Ctrl Pts',(-12.4077037200896,-0.199999993885739,
10.));
#14873=CARTESIAN_POINT('Ctrl Pts',(-12.405135531184,-0.200000002038642,
10.));
#14874=CARTESIAN_POINT('Ctrl Pts',(-12.4025677656025,-0.199999999999996,
10.));
#14875=CARTESIAN_POINT('Ctrl Pts',(-12.4000000000023,-0.199999999999996,
10.));
#14876=CARTESIAN_POINT('',(-13.3287522148237,-1.99171555211473,10.));
#14877=CARTESIAN_POINT('Origin',(-15.0000000000023,3.86337485418112E-15,
10.));
#14878=CARTESIAN_POINT('',(-14.4112034686751,-2.89999999997329,10.));
#14879=CARTESIAN_POINT('',(-16.8378178914817,-4.93617126714644,10.));
#14880=CARTESIAN_POINT('',(-15.5887965312869,-2.90000000000462,10.));
#14881=CARTESIAN_POINT('',(-20.3852071960091,-2.90000000013226,10.));
#14882=CARTESIAN_POINT('',(-16.6712477851601,-1.99171555214169,10.));
#14883=CARTESIAN_POINT('',(-19.7227330475843,0.568784606018082,10.));
#14884=CARTESIAN_POINT('',(-17.592296279915,-0.199999993879804,10.));
#14885=CARTESIAN_POINT('Origin',(-15.0000000000023,3.86337485418112E-15,
10.));
#14886=CARTESIAN_POINT('',(-17.6000000000023,-0.2,10.));
#14887=CARTESIAN_POINT('Ctrl Pts',(-17.6000000000023,-0.199999999999996,
10.));
#14888=CARTESIAN_POINT('Ctrl Pts',(-17.5974322344022,-0.199999999999996,
10.));
#14889=CARTESIAN_POINT('Ctrl Pts',(-17.5948644688206,-0.200000002038642,
10.));
#14890=CARTESIAN_POINT('Ctrl Pts',(-17.592296279915,-0.199999993885739,
10.));
#14891=CARTESIAN_POINT('',(-22.4000000013718,-0.2,10.));
#14892=CARTESIAN_POINT('',(-12.7000000006859,-0.2,10.));
#14893=CARTESIAN_POINT('',(-22.4000000013718,-5.00000000001298,10.));
#14894=CARTESIAN_POINT('',(-22.4000000013718,0.,10.));
#14895=CARTESIAN_POINT('',(-12.7000000006859,-5.00000000001298,10.));
#14896=CARTESIAN_POINT('Origin',(4.44089209850063E-15,0.,-2.22044604925031E-15));
#14897=CARTESIAN_POINT('Ctrl Pts',(2.40513539011922,0.,9.79996703335196));
#14898=CARTESIAN_POINT('Ctrl Pts',(2.50899066326608,0.,9.79863358009544));
#14899=CARTESIAN_POINT('Ctrl Pts',(2.71497561698649,0.,9.71095743836856));
#14900=CARTESIAN_POINT('Ctrl Pts',(2.80000000000408,0.,9.50386383325294));
#14901=CARTESIAN_POINT('Ctrl Pts',(2.80000000000408,0.,9.4));
#14902=CARTESIAN_POINT('Ctrl Pts',(2.40599150010994,-0.0666666646285814,
9.8666446889013));
#14903=CARTESIAN_POINT('Ctrl Pts',(2.52716882666552,-0.0666664997397436,
9.86575572007033));
#14904=CARTESIAN_POINT('Ctrl Pts',(2.76888297600307,-0.0666379672264369,
9.76507030603244));
#14905=CARTESIAN_POINT('Ctrl Pts',(2.87000000000408,-0.0665832811847944,
9.52204000407221));
#14906=CARTESIAN_POINT('Ctrl Pts',(2.87000000000408,-0.0665832811847944,
9.4));
#14907=CARTESIAN_POINT('Ctrl Pts',(2.40684761010065,-0.133333329257163,
9.93332234445065));
#14908=CARTESIAN_POINT('Ctrl Pts',(2.54534699006495,-0.133332999479487,
9.93287786004521));
#14909=CARTESIAN_POINT('Ctrl Pts',(2.82279033501964,-0.133275934452874,
9.81918317369633));
#14910=CARTESIAN_POINT('Ctrl Pts',(2.94000000000408,-0.133166562369589,
9.54021617489147));
#14911=CARTESIAN_POINT('Ctrl Pts',(2.94000000000408,-0.133166562369589,
9.4));
#14912=CARTESIAN_POINT('Ctrl Pts',(2.40770372009137,-0.199999993885744,
10.));
#14913=CARTESIAN_POINT('Ctrl Pts',(2.56352515346438,-0.199999499219231,
10.0000000000201));
#14914=CARTESIAN_POINT('Ctrl Pts',(2.87669769403622,-0.199913901679311,
9.87329604136021));
#14915=CARTESIAN_POINT('Ctrl Pts',(3.01000000000408,-0.199749843554383,
9.55839234571074));
#14916=CARTESIAN_POINT('Ctrl Pts',(3.01000000000408,-0.199749843554383,
9.4));
#14917=CARTESIAN_POINT('',(2.40513539011922,0.,9.79996703335196));
#14918=CARTESIAN_POINT('',(2.40513539011922,0.,9.79996703335196));
#14919=CARTESIAN_POINT('',(3.01000000000408,-0.199749843554383,9.4));
#14920=CARTESIAN_POINT('Ctrl Pts',(2.40770372009137,-0.199999993885744,
10.));
#14921=CARTESIAN_POINT('Ctrl Pts',(2.56352515346438,-0.199999499219231,
10.0000000000201));
#14922=CARTESIAN_POINT('Ctrl Pts',(2.87669769403622,-0.199913901679311,
9.87329604136021));
#14923=CARTESIAN_POINT('Ctrl Pts',(3.01000000000408,-0.199749843554383,
9.55839234571074));
#14924=CARTESIAN_POINT('Ctrl Pts',(3.01000000000408,-0.199749843554383,
9.4));
#14925=CARTESIAN_POINT('',(2.80000000000408,0.,9.4));
#14926=CARTESIAN_POINT('',(3.01000000000408,-0.199749843554383,9.4));
#14927=CARTESIAN_POINT('Ctrl Pts',(2.80000000000408,0.,9.4));
#14928=CARTESIAN_POINT('Ctrl Pts',(2.80000000000408,0.,9.50386383325294));
#14929=CARTESIAN_POINT('Ctrl Pts',(2.71497561698649,0.,9.71095743836856));
#14930=CARTESIAN_POINT('Ctrl Pts',(2.50899066326608,0.,9.79863358009544));
#14931=CARTESIAN_POINT('Ctrl Pts',(2.40513539011922,0.,9.79996703335196));
#14932=CARTESIAN_POINT('Origin',(2.90500000000408,-0.0998749217771909,0.));
#14933=CARTESIAN_POINT('',(3.01000000000408,-0.199749843554382,-9.4));
#14934=CARTESIAN_POINT('',(2.80000000000408,0.,-9.4));
#14935=CARTESIAN_POINT('',(3.01000000000408,-0.199749843554382,-9.4));
#14936=CARTESIAN_POINT('',(2.80000000000408,0.,0.));
#14937=CARTESIAN_POINT('',(3.01000000000408,-0.199749843554382,0.));
#14938=CARTESIAN_POINT('Ctrl Pts',(2.80000000000408,0.,-9.4));
#14939=CARTESIAN_POINT('Ctrl Pts',(2.80000000000408,0.,-9.50386383325294));
#14940=CARTESIAN_POINT('Ctrl Pts',(2.71497561698649,0.,-9.71095743836856));
#14941=CARTESIAN_POINT('Ctrl Pts',(2.50899066326608,0.,-9.79863358009544));
#14942=CARTESIAN_POINT('Ctrl Pts',(2.40513539011922,0.,-9.79996703335196));
#14943=CARTESIAN_POINT('Ctrl Pts',(2.87000000000408,-0.0665832811847945,
-9.4));
#14944=CARTESIAN_POINT('Ctrl Pts',(2.87000000000408,-0.0665832811847945,
-9.52204000407221));
#14945=CARTESIAN_POINT('Ctrl Pts',(2.76888297600307,-0.0666379672264369,
-9.76507030603244));
#14946=CARTESIAN_POINT('Ctrl Pts',(2.52716882666552,-0.0666664997397435,
-9.86575572007033));
#14947=CARTESIAN_POINT('Ctrl Pts',(2.40599150010994,-0.0666666646285813,
-9.8666446889013));
#14948=CARTESIAN_POINT('Ctrl Pts',(2.94000000000408,-0.133166562369589,
-9.4));
#14949=CARTESIAN_POINT('Ctrl Pts',(2.94000000000408,-0.133166562369589,
-9.54021617489147));
#14950=CARTESIAN_POINT('Ctrl Pts',(2.82279033501964,-0.133275934452874,
-9.81918317369633));
#14951=CARTESIAN_POINT('Ctrl Pts',(2.54534699006495,-0.133332999479487,
-9.93287786004521));
#14952=CARTESIAN_POINT('Ctrl Pts',(2.40684761010065,-0.133333329257163,
-9.93332234445065));
#14953=CARTESIAN_POINT('Ctrl Pts',(3.01000000000408,-0.199749843554383,
-9.4));
#14954=CARTESIAN_POINT('Ctrl Pts',(3.01000000000408,-0.199749843554383,
-9.55839234571074));
#14955=CARTESIAN_POINT('Ctrl Pts',(2.87669769403622,-0.199913901679311,
-9.87329604136021));
#14956=CARTESIAN_POINT('Ctrl Pts',(2.56352515346438,-0.199999499219231,
-10.0000000000201));
#14957=CARTESIAN_POINT('Ctrl Pts',(2.40770372009137,-0.199999993885744,
-10.));
#14958=CARTESIAN_POINT('',(2.40513539011922,0.,-9.79996703335196));
#14959=CARTESIAN_POINT('',(2.40770372009137,-0.199999993879809,-10.));
#14960=CARTESIAN_POINT('Ctrl Pts',(2.40513539011922,0.,-9.79996703335196));
#14961=CARTESIAN_POINT('Ctrl Pts',(2.50899066326608,0.,-9.79863358009544));
#14962=CARTESIAN_POINT('Ctrl Pts',(2.71497561698649,0.,-9.71095743836856));
#14963=CARTESIAN_POINT('Ctrl Pts',(2.80000000000408,0.,-9.50386383325294));
#14964=CARTESIAN_POINT('Ctrl Pts',(2.80000000000408,0.,-9.4));
#14965=CARTESIAN_POINT('Ctrl Pts',(3.01000000000408,-0.199749843554383,
-9.4));
#14966=CARTESIAN_POINT('Ctrl Pts',(3.01000000000408,-0.199749843554383,
-9.55839234571074));
#14967=CARTESIAN_POINT('Ctrl Pts',(2.87669769403622,-0.199913901679311,
-9.87329604136021));
#14968=CARTESIAN_POINT('Ctrl Pts',(2.56352515346438,-0.199999499219231,
-10.0000000000201));
#14969=CARTESIAN_POINT('Ctrl Pts',(2.40770372009137,-0.199999993885744,
-10.));
#14970=CARTESIAN_POINT('Origin',(12.7000000006859,-0.1,-9.9));
#14971=CARTESIAN_POINT('',(-2.39999999999592,0.,-9.8));
#14972=CARTESIAN_POINT('',(-2.39999999999592,-0.2,-10.));
#14973=CARTESIAN_POINT('',(2.40000000000409,0.,-9.8));
#14974=CARTESIAN_POINT('',(12.7000000006859,0.,-9.8));
#14975=CARTESIAN_POINT('',(2.40000000000409,0.,-9.8));
#14976=CARTESIAN_POINT('Ctrl Pts',(2.40513539011923,0.,-9.79996703335196));
#14977=CARTESIAN_POINT('Ctrl Pts',(2.40342368747017,0.,-9.79998901081542));
#14978=CARTESIAN_POINT('Ctrl Pts',(2.40171184373752,0.,-9.8));
#14979=CARTESIAN_POINT('Ctrl Pts',(2.40000000000409,0.,-9.8));
#14980=CARTESIAN_POINT('Ctrl Pts',(2.40599150010994,-0.0666666646285814,
-9.8666446889013));
#14981=CARTESIAN_POINT('Ctrl Pts',(2.40399430204204,-0.0666666673462157,
-9.86665934054362));
#14982=CARTESIAN_POINT('Ctrl Pts',(2.40199715102642,-0.0666666666666671,
-9.86666666666667));
#14983=CARTESIAN_POINT('Ctrl Pts',(2.40000000000409,-0.0666666666666671,
-9.86666666666667));
#14984=CARTESIAN_POINT('Ctrl Pts',(2.40684761010065,-0.133333329257163,
-9.93332234445065));
#14985=CARTESIAN_POINT('Ctrl Pts',(2.4045649166139,-0.133333334692431,-9.93332967027181));
#14986=CARTESIAN_POINT('Ctrl Pts',(2.40228245831533,-0.133333333333334,
-9.93333333333333));
#14987=CARTESIAN_POINT('Ctrl Pts',(2.40000000000409,-0.133333333333334,
-9.93333333333333));
#14988=CARTESIAN_POINT('Ctrl Pts',(2.40770372009137,-0.199999993885744,
-10.));
#14989=CARTESIAN_POINT('Ctrl Pts',(2.40513553118577,-0.200000002038647,
-10.));
#14990=CARTESIAN_POINT('Ctrl Pts',(2.40256776560423,-0.200000000000001,
-10.));
#14991=CARTESIAN_POINT('Ctrl Pts',(2.40000000000409,-0.200000000000001,
-10.));
#14992=CARTESIAN_POINT('Ctrl Pts',(2.40000000000409,0.,-9.8));
#14993=CARTESIAN_POINT('Ctrl Pts',(2.40171184373752,0.,-9.8));
#14994=CARTESIAN_POINT('Ctrl Pts',(2.40342368747017,0.,-9.79998901081542));
#14995=CARTESIAN_POINT('Ctrl Pts',(2.40513539011923,0.,-9.79996703335196));
#14996=CARTESIAN_POINT('Ctrl Pts',(-2.40513539011106,0.,-9.79996703335196));
#14997=CARTESIAN_POINT('Ctrl Pts',(-2.50899066325792,0.,-9.79863358009544));
#14998=CARTESIAN_POINT('Ctrl Pts',(-2.71497561697833,0.,-9.71095743836856));
#14999=CARTESIAN_POINT('Ctrl Pts',(-2.79999999999592,0.,-9.50386383325294));
#15000=CARTESIAN_POINT('Ctrl Pts',(-2.79999999999592,0.,-9.4));
#15001=CARTESIAN_POINT('Ctrl Pts',(-2.40599150010178,-0.0666666646285805,
-9.8666446889013));
#15002=CARTESIAN_POINT('Ctrl Pts',(-2.52716882665735,-0.0666664997397427,
-9.86575572007033));
#15003=CARTESIAN_POINT('Ctrl Pts',(-2.7688829759949,-0.0666379672264361,
-9.76507030603245));
#15004=CARTESIAN_POINT('Ctrl Pts',(-2.86999999999592,-0.0665832811847935,
-9.52204000407221));
#15005=CARTESIAN_POINT('Ctrl Pts',(-2.86999999999592,-0.0665832811847935,
-9.4));
#15006=CARTESIAN_POINT('Ctrl Pts',(-2.40684761009249,-0.133333329257161,
-9.93332234445065));
#15007=CARTESIAN_POINT('Ctrl Pts',(-2.54534699005679,-0.133332999479485,
-9.93287786004521));
#15008=CARTESIAN_POINT('Ctrl Pts',(-2.82279033501148,-0.133275934452872,
-9.81918317369633));
#15009=CARTESIAN_POINT('Ctrl Pts',(-2.93999999999592,-0.133166562369587,
-9.54021617489147));
#15010=CARTESIAN_POINT('Ctrl Pts',(-2.93999999999592,-0.133166562369587,
-9.4));
#15011=CARTESIAN_POINT('Ctrl Pts',(-2.40770372008321,-0.199999993885742,
-10.));
#15012=CARTESIAN_POINT('Ctrl Pts',(-2.56352515345622,-0.199999499219228,
-10.0000000000201));
#15013=CARTESIAN_POINT('Ctrl Pts',(-2.87669769402806,-0.199913901679308,
-9.87329604136021));
#15014=CARTESIAN_POINT('Ctrl Pts',(-3.00999999999592,-0.199749843554381,
-9.55839234571074));
#15015=CARTESIAN_POINT('Ctrl Pts',(-3.00999999999592,-0.199749843554381,
-9.4));
#15016=CARTESIAN_POINT('',(-2.40513539011106,0.,-9.79996703335196));
#15017=CARTESIAN_POINT('',(-2.40513539011106,0.,-9.79996703335196));
#15018=CARTESIAN_POINT('',(-3.00999999999592,-0.199749843554381,-9.4));
#15019=CARTESIAN_POINT('Ctrl Pts',(-2.40770372008321,-0.199999993885742,
-10.));
#15020=CARTESIAN_POINT('Ctrl Pts',(-2.56352515345622,-0.199999499219228,
-10.0000000000201));
#15021=CARTESIAN_POINT('Ctrl Pts',(-2.87669769402806,-0.199913901679308,
-9.87329604136021));
#15022=CARTESIAN_POINT('Ctrl Pts',(-3.00999999999592,-0.199749843554381,
-9.55839234571074));
#15023=CARTESIAN_POINT('Ctrl Pts',(-3.00999999999592,-0.199749843554381,
-9.4));
#15024=CARTESIAN_POINT('',(-2.79999999999592,0.,-9.4));
#15025=CARTESIAN_POINT('',(-3.00999999999592,-0.199749843554381,-9.4));
#15026=CARTESIAN_POINT('Ctrl Pts',(-2.79999999999592,0.,-9.4));
#15027=CARTESIAN_POINT('Ctrl Pts',(-2.79999999999592,0.,-9.50386383325294));
#15028=CARTESIAN_POINT('Ctrl Pts',(-2.71497561697833,0.,-9.71095743836856));
#15029=CARTESIAN_POINT('Ctrl Pts',(-2.50899066325792,0.,-9.79863358009544));
#15030=CARTESIAN_POINT('Ctrl Pts',(-2.40513539011106,0.,-9.79996703335196));
#15031=CARTESIAN_POINT('Origin',(-2.90499999999592,-0.0998749217771909,
0.));
#15032=CARTESIAN_POINT('',(-3.00999999999592,-0.199749843554382,9.4));
#15033=CARTESIAN_POINT('',(-2.79999999999592,0.,9.4));
#15034=CARTESIAN_POINT('',(-3.00999999999592,-0.199749843554382,9.4));
#15035=CARTESIAN_POINT('',(-2.79999999999592,0.,0.));
#15036=CARTESIAN_POINT('',(-3.00999999999592,-0.199749843554382,0.));
#15037=CARTESIAN_POINT('Ctrl Pts',(-2.79999999999592,0.,9.4));
#15038=CARTESIAN_POINT('Ctrl Pts',(-2.79999999999592,0.,9.50386383325294));
#15039=CARTESIAN_POINT('Ctrl Pts',(-2.71497561697833,0.,9.71095743836856));
#15040=CARTESIAN_POINT('Ctrl Pts',(-2.50899066325792,0.,9.79863358009544));
#15041=CARTESIAN_POINT('Ctrl Pts',(-2.40513539011106,0.,9.79996703335196));
#15042=CARTESIAN_POINT('Ctrl Pts',(-2.86999999999592,-0.0665832811847934,
9.4));
#15043=CARTESIAN_POINT('Ctrl Pts',(-2.86999999999592,-0.0665832811847934,
9.52204000407221));
#15044=CARTESIAN_POINT('Ctrl Pts',(-2.7688829759949,-0.0666379672264362,
9.76507030603245));
#15045=CARTESIAN_POINT('Ctrl Pts',(-2.52716882665735,-0.0666664997397427,
9.86575572007033));
#15046=CARTESIAN_POINT('Ctrl Pts',(-2.40599150010178,-0.0666666646285805,
9.8666446889013));
#15047=CARTESIAN_POINT('Ctrl Pts',(-2.93999999999592,-0.133166562369587,
9.4));
#15048=CARTESIAN_POINT('Ctrl Pts',(-2.93999999999592,-0.133166562369587,
9.54021617489147));
#15049=CARTESIAN_POINT('Ctrl Pts',(-2.82279033501149,-0.133275934452872,
9.81918317369633));
#15050=CARTESIAN_POINT('Ctrl Pts',(-2.54534699005679,-0.133332999479485,
9.93287786004521));
#15051=CARTESIAN_POINT('Ctrl Pts',(-2.40684761009249,-0.133333329257161,
9.93332234445065));
#15052=CARTESIAN_POINT('Ctrl Pts',(-3.00999999999592,-0.19974984355438,
9.4));
#15053=CARTESIAN_POINT('Ctrl Pts',(-3.00999999999592,-0.19974984355438,
9.55839234571074));
#15054=CARTESIAN_POINT('Ctrl Pts',(-2.87669769402806,-0.199913901679309,
9.87329604136021));
#15055=CARTESIAN_POINT('Ctrl Pts',(-2.56352515345622,-0.199999499219228,
10.0000000000201));
#15056=CARTESIAN_POINT('Ctrl Pts',(-2.40770372008321,-0.199999993885741,
10.));
#15057=CARTESIAN_POINT('',(-2.40513539011106,0.,9.79996703335196));
#15058=CARTESIAN_POINT('',(-2.40770372008321,-0.199999993879806,10.));
#15059=CARTESIAN_POINT('Ctrl Pts',(-2.40513539011106,0.,9.79996703335196));
#15060=CARTESIAN_POINT('Ctrl Pts',(-2.50899066325792,0.,9.79863358009544));
#15061=CARTESIAN_POINT('Ctrl Pts',(-2.71497561697833,0.,9.71095743836856));
#15062=CARTESIAN_POINT('Ctrl Pts',(-2.79999999999592,0.,9.50386383325294));
#15063=CARTESIAN_POINT('Ctrl Pts',(-2.79999999999592,0.,9.4));
#15064=CARTESIAN_POINT('Ctrl Pts',(-3.00999999999592,-0.19974984355438,
9.4));
#15065=CARTESIAN_POINT('Ctrl Pts',(-3.00999999999592,-0.19974984355438,
9.55839234571074));
#15066=CARTESIAN_POINT('Ctrl Pts',(-2.87669769402806,-0.199913901679309,
9.87329604136021));
#15067=CARTESIAN_POINT('Ctrl Pts',(-2.56352515345622,-0.199999499219228,
10.0000000000201));
#15068=CARTESIAN_POINT('Ctrl Pts',(-2.40770372008321,-0.199999993885741,
10.));
#15069=CARTESIAN_POINT('Ctrl Pts',(-2.39999999999592,0.,-9.8));
#15070=CARTESIAN_POINT('Ctrl Pts',(-2.40171184372935,0.,-9.8));
#15071=CARTESIAN_POINT('Ctrl Pts',(-2.40342368746201,0.,-9.79998901081542));
#15072=CARTESIAN_POINT('Ctrl Pts',(-2.40513539011106,0.,-9.79996703335196));
#15073=CARTESIAN_POINT('Ctrl Pts',(-2.39999999999592,-0.0666666666666662,
-9.86666666666667));
#15074=CARTESIAN_POINT('Ctrl Pts',(-2.40199715101826,-0.0666666666666662,
-9.86666666666667));
#15075=CARTESIAN_POINT('Ctrl Pts',(-2.40399430203387,-0.0666666673462148,
-9.86665934054362));
#15076=CARTESIAN_POINT('Ctrl Pts',(-2.40599150010178,-0.0666666646285805,
-9.8666446889013));
#15077=CARTESIAN_POINT('Ctrl Pts',(-2.39999999999592,-0.133333333333332,
-9.93333333333333));
#15078=CARTESIAN_POINT('Ctrl Pts',(-2.40228245830716,-0.133333333333332,
-9.93333333333333));
#15079=CARTESIAN_POINT('Ctrl Pts',(-2.40456491660574,-0.13333333469243,
-9.93332967027181));
#15080=CARTESIAN_POINT('Ctrl Pts',(-2.40684761009249,-0.133333329257161,
-9.93332234445065));
#15081=CARTESIAN_POINT('Ctrl Pts',(-2.39999999999593,-0.199999999999999,
-10.));
#15082=CARTESIAN_POINT('Ctrl Pts',(-2.40256776559607,-0.199999999999999,
-10.));
#15083=CARTESIAN_POINT('Ctrl Pts',(-2.40513553117761,-0.200000002038645,
-10.));
#15084=CARTESIAN_POINT('Ctrl Pts',(-2.40770372008321,-0.199999993885742,
-10.));
#15085=CARTESIAN_POINT('Ctrl Pts',(-2.40513539011106,0.,-9.79996703335196));
#15086=CARTESIAN_POINT('Ctrl Pts',(-2.40342368746201,0.,-9.79998901081542));
#15087=CARTESIAN_POINT('Ctrl Pts',(-2.40171184372935,0.,-9.8));
#15088=CARTESIAN_POINT('Ctrl Pts',(-2.39999999999592,0.,-9.8));
#15089=CARTESIAN_POINT('Origin',(-12.7000000006859,-0.1,9.9));
#15090=CARTESIAN_POINT('',(2.40000000000408,0.,9.8));
#15091=CARTESIAN_POINT('',(2.40000000000408,-0.2,10.));
#15092=CARTESIAN_POINT('',(-2.39999999999592,0.,9.8));
#15093=CARTESIAN_POINT('',(-12.7000000006859,0.,9.8));
#15094=CARTESIAN_POINT('',(-2.39999999999592,0.,9.8));
#15095=CARTESIAN_POINT('Ctrl Pts',(-2.40513539011106,0.,9.79996703335196));
#15096=CARTESIAN_POINT('Ctrl Pts',(-2.40342368746201,0.,9.79998901081542));
#15097=CARTESIAN_POINT('Ctrl Pts',(-2.40171184372935,0.,9.8));
#15098=CARTESIAN_POINT('Ctrl Pts',(-2.39999999999592,0.,9.8));
#15099=CARTESIAN_POINT('Ctrl Pts',(-2.40599150010178,-0.0666666646285805,
9.8666446889013));
#15100=CARTESIAN_POINT('Ctrl Pts',(-2.40399430203387,-0.0666666673462148,
9.86665934054362));
#15101=CARTESIAN_POINT('Ctrl Pts',(-2.40199715101826,-0.0666666666666662,
9.86666666666667));
#15102=CARTESIAN_POINT('Ctrl Pts',(-2.39999999999592,-0.0666666666666662,
9.86666666666667));
#15103=CARTESIAN_POINT('Ctrl Pts',(-2.40684761009249,-0.133333329257161,
9.93332234445065));
#15104=CARTESIAN_POINT('Ctrl Pts',(-2.40456491660574,-0.13333333469243,
9.93332967027181));
#15105=CARTESIAN_POINT('Ctrl Pts',(-2.40228245830716,-0.133333333333332,
9.93333333333334));
#15106=CARTESIAN_POINT('Ctrl Pts',(-2.39999999999592,-0.133333333333332,
9.93333333333334));
#15107=CARTESIAN_POINT('Ctrl Pts',(-2.40770372008321,-0.199999993885742,
10.));
#15108=CARTESIAN_POINT('Ctrl Pts',(-2.40513553117761,-0.200000002038645,
10.));
#15109=CARTESIAN_POINT('Ctrl Pts',(-2.40256776559607,-0.199999999999999,
10.));
#15110=CARTESIAN_POINT('Ctrl Pts',(-2.39999999999592,-0.199999999999999,
10.));
#15111=CARTESIAN_POINT('Ctrl Pts',(-2.39999999999592,0.,9.8));
#15112=CARTESIAN_POINT('Ctrl Pts',(-2.40171184372935,0.,9.8));
#15113=CARTESIAN_POINT('Ctrl Pts',(-2.40342368746201,0.,9.79998901081542));
#15114=CARTESIAN_POINT('Ctrl Pts',(-2.40513539011106,0.,9.79996703335196));
#15115=CARTESIAN_POINT('Ctrl Pts',(2.40000000000408,0.,9.8));
#15116=CARTESIAN_POINT('Ctrl Pts',(2.40171184373751,0.,9.8));
#15117=CARTESIAN_POINT('Ctrl Pts',(2.40342368747017,0.,9.79998901081542));
#15118=CARTESIAN_POINT('Ctrl Pts',(2.40513539011923,0.,9.79996703335196));
#15119=CARTESIAN_POINT('Ctrl Pts',(2.40000000000408,-0.0666666666666671,
9.86666666666667));
#15120=CARTESIAN_POINT('Ctrl Pts',(2.40199715102642,-0.0666666666666671,
9.86666666666667));
#15121=CARTESIAN_POINT('Ctrl Pts',(2.40399430204204,-0.0666666673462157,
9.86665934054362));
#15122=CARTESIAN_POINT('Ctrl Pts',(2.40599150010994,-0.0666666646285814,
9.8666446889013));
#15123=CARTESIAN_POINT('Ctrl Pts',(2.40000000000408,-0.133333333333334,
9.93333333333334));
#15124=CARTESIAN_POINT('Ctrl Pts',(2.40228245831532,-0.133333333333334,
9.93333333333334));
#15125=CARTESIAN_POINT('Ctrl Pts',(2.4045649166139,-0.133333334692431,9.93332967027181));
#15126=CARTESIAN_POINT('Ctrl Pts',(2.40684761010065,-0.133333329257163,
9.93332234445065));
#15127=CARTESIAN_POINT('Ctrl Pts',(2.40000000000408,-0.200000000000001,
10.));
#15128=CARTESIAN_POINT('Ctrl Pts',(2.40256776560423,-0.200000000000001,
10.));
#15129=CARTESIAN_POINT('Ctrl Pts',(2.40513553118577,-0.200000002038647,
10.));
#15130=CARTESIAN_POINT('Ctrl Pts',(2.40770372009137,-0.199999993885744,
10.));
#15131=CARTESIAN_POINT('Ctrl Pts',(2.40513539011923,0.,9.79996703335196));
#15132=CARTESIAN_POINT('Ctrl Pts',(2.40342368747017,0.,9.79998901081542));
#15133=CARTESIAN_POINT('Ctrl Pts',(2.40171184373751,0.,9.8));
#15134=CARTESIAN_POINT('Ctrl Pts',(2.40000000000408,0.,9.8));
#15135=CARTESIAN_POINT('Origin',(5.00000000000408,-1.28779161806584E-15,
-9.4));
#15136=CARTESIAN_POINT('',(3.71442478064828,-1.53208888625245,-9.4));
#15137=CARTESIAN_POINT('Origin',(5.00000000000408,-1.28779161806584E-15,
-9.4));
#15138=CARTESIAN_POINT('Origin',(3.32875221484153,-1.99171555212818,-9.4));
#15139=CARTESIAN_POINT('Origin',(5.00000000000408,-1.28779161806584E-15,
0.));
#15140=CARTESIAN_POINT('',(3.71442478064828,-1.53208888625245,9.4));
#15141=CARTESIAN_POINT('Origin',(5.00000000000408,-1.28779161806584E-15,
9.4));
#15142=CARTESIAN_POINT('',(3.71442478064828,-1.53208888625245,0.));
#15143=CARTESIAN_POINT('Origin',(5.00000000000408,-1.28779161806584E-15,
9.4));
#15144=CARTESIAN_POINT('Origin',(3.32875221484153,-1.99171555212818,9.4));
#15145=CARTESIAN_POINT('Origin',(4.44089209850063E-15,0.,-2.22044604925031E-15));
#15146=CARTESIAN_POINT('Ctrl Pts',(-7.59486460988078,0.,9.79996703335196));
#15147=CARTESIAN_POINT('Ctrl Pts',(-7.49100933673393,0.,9.79863358009544));
#15148=CARTESIAN_POINT('Ctrl Pts',(-7.28505242066116,0.,9.71092975840029));
#15149=CARTESIAN_POINT('Ctrl Pts',(-7.19999999999593,0.,9.50386383325294));
#15150=CARTESIAN_POINT('Ctrl Pts',(-7.19999999999593,0.,9.4));
#15151=CARTESIAN_POINT('Ctrl Pts',(-7.59400849989007,-0.0666666646285805,
9.8666446889013));
#15152=CARTESIAN_POINT('Ctrl Pts',(-7.47283117333449,-0.0666664997397427,
9.86575572007032));
#15153=CARTESIAN_POINT('Ctrl Pts',(-7.23114961515594,-0.0666379645048938,
9.76503619491677));
#15154=CARTESIAN_POINT('Ctrl Pts',(-7.12999999999592,-0.0665832811847935,
9.52204000407221));
#15155=CARTESIAN_POINT('Ctrl Pts',(-7.12999999999592,-0.0665832811847935,
9.4));
#15156=CARTESIAN_POINT('Ctrl Pts',(-7.59315238989936,-0.133333329257161,
9.93332234445065));
#15157=CARTESIAN_POINT('Ctrl Pts',(-7.45465300993506,-0.133332999479485,
9.93287786004521));
#15158=CARTESIAN_POINT('Ctrl Pts',(-7.17724680965072,-0.133275929009788,
9.81914263143324));
#15159=CARTESIAN_POINT('Ctrl Pts',(-7.05999999999593,-0.133166562369587,
9.54021617489147));
#15160=CARTESIAN_POINT('Ctrl Pts',(-7.05999999999593,-0.133166562369587,
9.4));
#15161=CARTESIAN_POINT('Ctrl Pts',(-7.59229627990864,-0.199999993885741,
10.));
#15162=CARTESIAN_POINT('Ctrl Pts',(-7.43647484653563,-0.199999499219228,
10.0000000000201));
#15163=CARTESIAN_POINT('Ctrl Pts',(-7.1233440041455,-0.199913893514681,
9.87324906794971));
#15164=CARTESIAN_POINT('Ctrl Pts',(-6.98999999999593,-0.199749843554381,
9.55839234571074));
#15165=CARTESIAN_POINT('Ctrl Pts',(-6.98999999999593,-0.199749843554381,
9.4));
#15166=CARTESIAN_POINT('',(-7.59486460988078,0.,9.79996703335196));
#15167=CARTESIAN_POINT('',(-7.59486460988078,0.,9.79996703335196));
#15168=CARTESIAN_POINT('',(-6.98999999999593,-0.199749843554381,9.4));
#15169=CARTESIAN_POINT('Ctrl Pts',(-7.59229627990864,-0.199999993885741,
10.));
#15170=CARTESIAN_POINT('Ctrl Pts',(-7.43647484653563,-0.199999499219228,
10.0000000000201));
#15171=CARTESIAN_POINT('Ctrl Pts',(-7.1233440041455,-0.199913893514681,
9.87324906794971));
#15172=CARTESIAN_POINT('Ctrl Pts',(-6.98999999999593,-0.199749843554381,
9.55839234571074));
#15173=CARTESIAN_POINT('Ctrl Pts',(-6.98999999999593,-0.199749843554381,
9.4));
#15174=CARTESIAN_POINT('',(-7.19999999999593,0.,9.4));
#15175=CARTESIAN_POINT('',(-6.98999999999593,-0.199749843554381,9.4));
#15176=CARTESIAN_POINT('Ctrl Pts',(-7.19999999999593,0.,9.4));
#15177=CARTESIAN_POINT('Ctrl Pts',(-7.19999999999593,0.,9.50386383325294));
#15178=CARTESIAN_POINT('Ctrl Pts',(-7.28505242066116,0.,9.71092975840029));
#15179=CARTESIAN_POINT('Ctrl Pts',(-7.49100933673393,0.,9.79863358009544));
#15180=CARTESIAN_POINT('Ctrl Pts',(-7.59486460988078,0.,9.79996703335196));
#15181=CARTESIAN_POINT('Origin',(-7.09499999999593,-0.0998749217771909,
0.));
#15182=CARTESIAN_POINT('',(-6.98999999999593,-0.199749843554382,-9.4));
#15183=CARTESIAN_POINT('',(-7.19999999999593,0.,-9.4));
#15184=CARTESIAN_POINT('',(-6.98999999999593,-0.199749843554382,-9.4));
#15185=CARTESIAN_POINT('',(-7.19999999999593,0.,0.));
#15186=CARTESIAN_POINT('',(-6.98999999999593,-0.199749843554382,0.));
#15187=CARTESIAN_POINT('Ctrl Pts',(-7.19999999999593,0.,-9.4));
#15188=CARTESIAN_POINT('Ctrl Pts',(-7.19999999999593,0.,-9.50386383325294));
#15189=CARTESIAN_POINT('Ctrl Pts',(-7.28505242066115,0.,-9.71092975840028));
#15190=CARTESIAN_POINT('Ctrl Pts',(-7.49100933673393,0.,-9.79863358009544));
#15191=CARTESIAN_POINT('Ctrl Pts',(-7.59486460988078,0.,-9.79996703335196));
#15192=CARTESIAN_POINT('Ctrl Pts',(-7.12999999999592,-0.0665832811847937,
-9.4));
#15193=CARTESIAN_POINT('Ctrl Pts',(-7.12999999999592,-0.0665832811847937,
-9.52204000407221));
#15194=CARTESIAN_POINT('Ctrl Pts',(-7.23114961515594,-0.0666379645048937,
-9.76503619491677));
#15195=CARTESIAN_POINT('Ctrl Pts',(-7.47283117333449,-0.0666664997397427,
-9.86575572007032));
#15196=CARTESIAN_POINT('Ctrl Pts',(-7.59400849989007,-0.0666666646285805,
-9.8666446889013));
#15197=CARTESIAN_POINT('Ctrl Pts',(-7.05999999999593,-0.133166562369587,
-9.4));
#15198=CARTESIAN_POINT('Ctrl Pts',(-7.05999999999593,-0.133166562369587,
-9.54021617489147));
#15199=CARTESIAN_POINT('Ctrl Pts',(-7.17724680965071,-0.133275929009787,
-9.81914263143324));
#15200=CARTESIAN_POINT('Ctrl Pts',(-7.45465300993506,-0.133332999479485,
-9.93287786004521));
#15201=CARTESIAN_POINT('Ctrl Pts',(-7.59315238989936,-0.133333329257161,
-9.93332234445065));
#15202=CARTESIAN_POINT('Ctrl Pts',(-6.98999999999593,-0.199749843554381,
-9.4));
#15203=CARTESIAN_POINT('Ctrl Pts',(-6.98999999999593,-0.199749843554381,
-9.55839234571074));
#15204=CARTESIAN_POINT('Ctrl Pts',(-7.12334400414549,-0.199913893514681,
-9.87324906794971));
#15205=CARTESIAN_POINT('Ctrl Pts',(-7.43647484653563,-0.199999499219228,
-10.0000000000201));
#15206=CARTESIAN_POINT('Ctrl Pts',(-7.59229627990864,-0.199999993885742,
-10.));
#15207=CARTESIAN_POINT('',(-7.59486460988078,0.,-9.79996703335196));
#15208=CARTESIAN_POINT('',(-7.59229627990864,-0.199999993879806,-10.));
#15209=CARTESIAN_POINT('Ctrl Pts',(-7.59486460988078,0.,-9.79996703335196));
#15210=CARTESIAN_POINT('Ctrl Pts',(-7.49100933673393,0.,-9.79863358009544));
#15211=CARTESIAN_POINT('Ctrl Pts',(-7.28505242066115,0.,-9.71092975840028));
#15212=CARTESIAN_POINT('Ctrl Pts',(-7.19999999999593,0.,-9.50386383325294));
#15213=CARTESIAN_POINT('Ctrl Pts',(-7.19999999999593,0.,-9.4));
#15214=CARTESIAN_POINT('Ctrl Pts',(-6.98999999999593,-0.199749843554381,
-9.4));
#15215=CARTESIAN_POINT('Ctrl Pts',(-6.98999999999593,-0.199749843554381,
-9.55839234571074));
#15216=CARTESIAN_POINT('Ctrl Pts',(-7.12334400414549,-0.199913893514681,
-9.87324906794971));
#15217=CARTESIAN_POINT('Ctrl Pts',(-7.43647484653563,-0.199999499219228,
-10.0000000000201));
#15218=CARTESIAN_POINT('Ctrl Pts',(-7.59229627990864,-0.199999993885742,
-10.));
#15219=CARTESIAN_POINT('Origin',(12.7000000006859,-0.1,-9.9));
#15220=CARTESIAN_POINT('',(-12.4000000000023,0.,-9.8));
#15221=CARTESIAN_POINT('',(-12.4000000000023,-0.2,-10.));
#15222=CARTESIAN_POINT('',(-7.59999999999592,0.,-9.8));
#15223=CARTESIAN_POINT('',(12.7000000006859,0.,-9.8));
#15224=CARTESIAN_POINT('',(-7.59999999999592,0.,-9.8));
#15225=CARTESIAN_POINT('Ctrl Pts',(-7.59486460988078,0.,-9.79996703335196));
#15226=CARTESIAN_POINT('Ctrl Pts',(-7.59657631252984,0.,-9.79998901081542));
#15227=CARTESIAN_POINT('Ctrl Pts',(-7.59828815626249,0.,-9.8));
#15228=CARTESIAN_POINT('Ctrl Pts',(-7.59999999999592,0.,-9.8));
#15229=CARTESIAN_POINT('Ctrl Pts',(-7.59400849989007,-0.0666666646285805,
-9.8666446889013));
#15230=CARTESIAN_POINT('Ctrl Pts',(-7.59600569795797,-0.0666666673462148,
-9.86665934054362));
#15231=CARTESIAN_POINT('Ctrl Pts',(-7.59800284897359,-0.0666666666666662,
-9.86666666666667));
#15232=CARTESIAN_POINT('Ctrl Pts',(-7.59999999999592,-0.0666666666666662,
-9.86666666666667));
#15233=CARTESIAN_POINT('Ctrl Pts',(-7.59315238989936,-0.133333329257161,
-9.93332234445065));
#15234=CARTESIAN_POINT('Ctrl Pts',(-7.59543508338611,-0.13333333469243,
-9.93332967027181));
#15235=CARTESIAN_POINT('Ctrl Pts',(-7.59771754168468,-0.133333333333332,
-9.93333333333333));
#15236=CARTESIAN_POINT('Ctrl Pts',(-7.59999999999592,-0.133333333333332,
-9.93333333333333));
#15237=CARTESIAN_POINT('Ctrl Pts',(-7.59229627990864,-0.199999993885742,
-10.));
#15238=CARTESIAN_POINT('Ctrl Pts',(-7.59486446881424,-0.200000002038645,
-10.));
#15239=CARTESIAN_POINT('Ctrl Pts',(-7.59743223439578,-0.199999999999999,
-10.));
#15240=CARTESIAN_POINT('Ctrl Pts',(-7.59999999999592,-0.199999999999999,
-10.));
#15241=CARTESIAN_POINT('Ctrl Pts',(-7.59999999999592,0.,-9.8));
#15242=CARTESIAN_POINT('Ctrl Pts',(-7.59828815626249,0.,-9.8));
#15243=CARTESIAN_POINT('Ctrl Pts',(-7.59657631252984,0.,-9.79998901081542));
#15244=CARTESIAN_POINT('Ctrl Pts',(-7.59486460988078,0.,-9.79996703335196));
#15245=CARTESIAN_POINT('Ctrl Pts',(-12.4051353901174,0.,-9.79996703335196));
#15246=CARTESIAN_POINT('Ctrl Pts',(-12.5089906632643,0.,-9.79863358009544));
#15247=CARTESIAN_POINT('Ctrl Pts',(-12.7149233405215,0.,-9.71090582880193));
#15248=CARTESIAN_POINT('Ctrl Pts',(-12.8000000000023,0.,-9.50386383325294));
#15249=CARTESIAN_POINT('Ctrl Pts',(-12.8000000000023,0.,-9.4));
#15250=CARTESIAN_POINT('Ctrl Pts',(-12.4059915001082,-0.0666666646285796,
-9.8666446889013));
#15251=CARTESIAN_POINT('Ctrl Pts',(-12.5271688266637,-0.0666664997397419,
-9.86575572007032));
#15252=CARTESIAN_POINT('Ctrl Pts',(-12.7688222094724,-0.0666379621520934,
-9.76500670552972));
#15253=CARTESIAN_POINT('Ctrl Pts',(-12.8700000000023,-0.0665832811847927,
-9.52204000407221));
#15254=CARTESIAN_POINT('Ctrl Pts',(-12.8700000000023,-0.0665832811847927,
-9.4));
#15255=CARTESIAN_POINT('Ctrl Pts',(-12.4068476100989,-0.133333329257159,
-9.93332234445065));
#15256=CARTESIAN_POINT('Ctrl Pts',(-12.5453469900632,-0.133332999479484,
-9.93287786004521));
#15257=CARTESIAN_POINT('Ctrl Pts',(-12.8227210784233,-0.133275924304187,
-9.81910758225752));
#15258=CARTESIAN_POINT('Ctrl Pts',(-12.9400000000023,-0.133166562369585,
-9.54021617489147));
#15259=CARTESIAN_POINT('Ctrl Pts',(-12.9400000000023,-0.133166562369585,
-9.4));
#15260=CARTESIAN_POINT('Ctrl Pts',(-12.4077037200896,-0.199999993885739,
-10.));
#15261=CARTESIAN_POINT('Ctrl Pts',(-12.5635251534626,-0.199999499219226,
-10.0000000000201));
#15262=CARTESIAN_POINT('Ctrl Pts',(-12.8766199473743,-0.19991388645628,
-9.87320845898531));
#15263=CARTESIAN_POINT('Ctrl Pts',(-13.0100000000023,-0.199749843554378,
-9.55839234571074));
#15264=CARTESIAN_POINT('Ctrl Pts',(-13.0100000000023,-0.199749843554378,
-9.4));
#15265=CARTESIAN_POINT('',(-12.4051353901174,0.,-9.79996703335196));
#15266=CARTESIAN_POINT('',(-12.4051353901174,0.,-9.79996703335196));
#15267=CARTESIAN_POINT('',(-13.0100000000023,-0.199749843554378,-9.4));
#15268=CARTESIAN_POINT('Ctrl Pts',(-12.4077037200896,-0.199999993885739,
-10.));
#15269=CARTESIAN_POINT('Ctrl Pts',(-12.5635251534626,-0.199999499219226,
-10.0000000000201));
#15270=CARTESIAN_POINT('Ctrl Pts',(-12.8766199473743,-0.19991388645628,
-9.87320845898531));
#15271=CARTESIAN_POINT('Ctrl Pts',(-13.0100000000023,-0.199749843554378,
-9.55839234571074));
#15272=CARTESIAN_POINT('Ctrl Pts',(-13.0100000000023,-0.199749843554378,
-9.4));
#15273=CARTESIAN_POINT('',(-12.8000000000023,0.,-9.4));
#15274=CARTESIAN_POINT('',(-13.0100000000023,-0.199749843554378,-9.4));
#15275=CARTESIAN_POINT('Ctrl Pts',(-12.8000000000023,0.,-9.4));
#15276=CARTESIAN_POINT('Ctrl Pts',(-12.8000000000023,0.,-9.50386383325294));
#15277=CARTESIAN_POINT('Ctrl Pts',(-12.7149233405215,0.,-9.71090582880193));
#15278=CARTESIAN_POINT('Ctrl Pts',(-12.5089906632643,0.,-9.79863358009544));
#15279=CARTESIAN_POINT('Ctrl Pts',(-12.4051353901174,0.,-9.79996703335196));
#15280=CARTESIAN_POINT('Origin',(-12.9050000000023,-0.099874921777191,0.));
#15281=CARTESIAN_POINT('',(-13.0100000000023,-0.199749843554382,9.4));
#15282=CARTESIAN_POINT('',(-12.8000000000023,0.,9.4));
#15283=CARTESIAN_POINT('',(-13.0100000000023,-0.199749843554382,9.4));
#15284=CARTESIAN_POINT('',(-12.8000000000023,0.,0.));
#15285=CARTESIAN_POINT('',(-13.0100000000023,-0.199749843554382,0.));
#15286=CARTESIAN_POINT('Ctrl Pts',(-12.8000000000023,0.,9.4));
#15287=CARTESIAN_POINT('Ctrl Pts',(-12.8000000000023,0.,9.50386383325294));
#15288=CARTESIAN_POINT('Ctrl Pts',(-12.7149233405215,0.,9.71090582880193));
#15289=CARTESIAN_POINT('Ctrl Pts',(-12.5089906632643,0.,9.79863358009544));
#15290=CARTESIAN_POINT('Ctrl Pts',(-12.4051353901174,0.,9.79996703335196));
#15291=CARTESIAN_POINT('Ctrl Pts',(-12.8700000000023,-0.0665832811847928,
9.4));
#15292=CARTESIAN_POINT('Ctrl Pts',(-12.8700000000023,-0.0665832811847928,
9.52204000407221));
#15293=CARTESIAN_POINT('Ctrl Pts',(-12.7688222094724,-0.0666379621520934,
9.76500670552973));
#15294=CARTESIAN_POINT('Ctrl Pts',(-12.5271688266637,-0.0666664997397418,
9.86575572007033));
#15295=CARTESIAN_POINT('Ctrl Pts',(-12.4059915001082,-0.0666666646285796,
9.8666446889013));
#15296=CARTESIAN_POINT('Ctrl Pts',(-12.9400000000023,-0.133166562369586,
9.4));
#15297=CARTESIAN_POINT('Ctrl Pts',(-12.9400000000023,-0.133166562369586,
9.54021617489147));
#15298=CARTESIAN_POINT('Ctrl Pts',(-12.8227210784233,-0.133275924304187,
9.81910758225752));
#15299=CARTESIAN_POINT('Ctrl Pts',(-12.5453469900632,-0.133332999479484,
9.93287786004521));
#15300=CARTESIAN_POINT('Ctrl Pts',(-12.4068476100989,-0.133333329257159,
9.93332234445065));
#15301=CARTESIAN_POINT('Ctrl Pts',(-13.0100000000023,-0.199749843554378,
9.4));
#15302=CARTESIAN_POINT('Ctrl Pts',(-13.0100000000023,-0.199749843554378,
9.55839234571074));
#15303=CARTESIAN_POINT('Ctrl Pts',(-12.8766199473743,-0.19991388645628,
9.87320845898531));
#15304=CARTESIAN_POINT('Ctrl Pts',(-12.5635251534626,-0.199999499219226,
10.0000000000201));
#15305=CARTESIAN_POINT('Ctrl Pts',(-12.4077037200896,-0.199999993885739,
10.));
#15306=CARTESIAN_POINT('',(-12.4051353901174,0.,9.79996703335196));
#15307=CARTESIAN_POINT('',(-12.4077037200896,-0.199999993879804,10.));
#15308=CARTESIAN_POINT('Ctrl Pts',(-12.4051353901174,0.,9.79996703335196));
#15309=CARTESIAN_POINT('Ctrl Pts',(-12.5089906632643,0.,9.79863358009544));
#15310=CARTESIAN_POINT('Ctrl Pts',(-12.7149233405215,0.,9.71090582880193));
#15311=CARTESIAN_POINT('Ctrl Pts',(-12.8000000000023,0.,9.50386383325294));
#15312=CARTESIAN_POINT('Ctrl Pts',(-12.8000000000023,0.,9.4));
#15313=CARTESIAN_POINT('Ctrl Pts',(-13.0100000000023,-0.199749843554378,
9.4));
#15314=CARTESIAN_POINT('Ctrl Pts',(-13.0100000000023,-0.199749843554378,
9.55839234571074));
#15315=CARTESIAN_POINT('Ctrl Pts',(-12.8766199473743,-0.19991388645628,
9.87320845898531));
#15316=CARTESIAN_POINT('Ctrl Pts',(-12.5635251534626,-0.199999499219226,
10.0000000000201));
#15317=CARTESIAN_POINT('Ctrl Pts',(-12.4077037200896,-0.199999993885739,
10.));
#15318=CARTESIAN_POINT('Ctrl Pts',(-12.4000000000023,0.,-9.8));
#15319=CARTESIAN_POINT('Ctrl Pts',(-12.4017118437357,0.,-9.8));
#15320=CARTESIAN_POINT('Ctrl Pts',(-12.4034236874684,0.,-9.79998901081542));
#15321=CARTESIAN_POINT('Ctrl Pts',(-12.4051353901174,0.,-9.79996703335196));
#15322=CARTESIAN_POINT('Ctrl Pts',(-12.4000000000023,-0.0666666666666654,
-9.86666666666667));
#15323=CARTESIAN_POINT('Ctrl Pts',(-12.4019971510246,-0.0666666666666654,
-9.86666666666667));
#15324=CARTESIAN_POINT('Ctrl Pts',(-12.4039943020403,-0.066666667346214,
-9.86665934054362));
#15325=CARTESIAN_POINT('Ctrl Pts',(-12.4059915001082,-0.0666666646285796,
-9.8666446889013));
#15326=CARTESIAN_POINT('Ctrl Pts',(-12.4000000000023,-0.133333333333331,
-9.93333333333333));
#15327=CARTESIAN_POINT('Ctrl Pts',(-12.4022824583135,-0.133333333333331,
-9.93333333333333));
#15328=CARTESIAN_POINT('Ctrl Pts',(-12.4045649166121,-0.133333334692428,
-9.93332967027181));
#15329=CARTESIAN_POINT('Ctrl Pts',(-12.4068476100989,-0.133333329257159,
-9.93332234445065));
#15330=CARTESIAN_POINT('Ctrl Pts',(-12.4000000000023,-0.199999999999996,
-10.));
#15331=CARTESIAN_POINT('Ctrl Pts',(-12.4025677656025,-0.199999999999996,
-10.));
#15332=CARTESIAN_POINT('Ctrl Pts',(-12.405135531184,-0.200000002038642,
-10.));
#15333=CARTESIAN_POINT('Ctrl Pts',(-12.4077037200896,-0.199999993885739,
-10.));
#15334=CARTESIAN_POINT('Ctrl Pts',(-12.4051353901174,0.,-9.79996703335196));
#15335=CARTESIAN_POINT('Ctrl Pts',(-12.4034236874684,0.,-9.79998901081542));
#15336=CARTESIAN_POINT('Ctrl Pts',(-12.4017118437357,0.,-9.8));
#15337=CARTESIAN_POINT('Ctrl Pts',(-12.4000000000023,0.,-9.8));
#15338=CARTESIAN_POINT('Origin',(-12.7000000006859,-0.1,9.9));
#15339=CARTESIAN_POINT('',(-7.59999999999593,0.,9.8));
#15340=CARTESIAN_POINT('',(-7.59999999999593,-0.2,10.));
#15341=CARTESIAN_POINT('',(-12.4000000000023,0.,9.8));
#15342=CARTESIAN_POINT('',(-12.7000000006859,0.,9.8));
#15343=CARTESIAN_POINT('',(-12.4000000000023,0.,9.8));
#15344=CARTESIAN_POINT('Ctrl Pts',(-12.4051353901174,0.,9.79996703335196));
#15345=CARTESIAN_POINT('Ctrl Pts',(-12.4034236874684,0.,9.79998901081542));
#15346=CARTESIAN_POINT('Ctrl Pts',(-12.4017118437357,0.,9.8));
#15347=CARTESIAN_POINT('Ctrl Pts',(-12.4000000000023,0.,9.8));
#15348=CARTESIAN_POINT('Ctrl Pts',(-12.4059915001082,-0.0666666646285796,
9.8666446889013));
#15349=CARTESIAN_POINT('Ctrl Pts',(-12.4039943020403,-0.066666667346214,
9.86665934054362));
#15350=CARTESIAN_POINT('Ctrl Pts',(-12.4019971510246,-0.0666666666666654,
9.86666666666667));
#15351=CARTESIAN_POINT('Ctrl Pts',(-12.4000000000023,-0.0666666666666654,
9.86666666666667));
#15352=CARTESIAN_POINT('Ctrl Pts',(-12.4068476100989,-0.133333329257159,
9.93332234445065));
#15353=CARTESIAN_POINT('Ctrl Pts',(-12.4045649166121,-0.133333334692428,
9.93332967027181));
#15354=CARTESIAN_POINT('Ctrl Pts',(-12.4022824583135,-0.133333333333331,
9.93333333333333));
#15355=CARTESIAN_POINT('Ctrl Pts',(-12.4000000000023,-0.133333333333331,
9.93333333333333));
#15356=CARTESIAN_POINT('Ctrl Pts',(-12.4077037200896,-0.199999993885739,
10.));
#15357=CARTESIAN_POINT('Ctrl Pts',(-12.405135531184,-0.200000002038642,
10.));
#15358=CARTESIAN_POINT('Ctrl Pts',(-12.4025677656025,-0.199999999999996,
10.));
#15359=CARTESIAN_POINT('Ctrl Pts',(-12.4000000000023,-0.199999999999996,
10.));
#15360=CARTESIAN_POINT('Ctrl Pts',(-12.4000000000023,0.,9.8));
#15361=CARTESIAN_POINT('Ctrl Pts',(-12.4017118437357,0.,9.8));
#15362=CARTESIAN_POINT('Ctrl Pts',(-12.4034236874684,0.,9.79998901081542));
#15363=CARTESIAN_POINT('Ctrl Pts',(-12.4051353901174,0.,9.79996703335196));
#15364=CARTESIAN_POINT('Ctrl Pts',(-7.59999999999593,0.,9.8));
#15365=CARTESIAN_POINT('Ctrl Pts',(-7.59828815626249,0.,9.8));
#15366=CARTESIAN_POINT('Ctrl Pts',(-7.59657631252984,0.,9.79998901081542));
#15367=CARTESIAN_POINT('Ctrl Pts',(-7.59486460988078,0.,9.79996703335196));
#15368=CARTESIAN_POINT('Ctrl Pts',(-7.59999999999593,-0.0666666666666662,
9.86666666666667));
#15369=CARTESIAN_POINT('Ctrl Pts',(-7.59800284897359,-0.0666666666666662,
9.86666666666667));
#15370=CARTESIAN_POINT('Ctrl Pts',(-7.59600569795797,-0.0666666673462148,
9.86665934054362));
#15371=CARTESIAN_POINT('Ctrl Pts',(-7.59400849989007,-0.0666666646285805,
9.8666446889013));
#15372=CARTESIAN_POINT('Ctrl Pts',(-7.59999999999593,-0.133333333333332,
9.93333333333333));
#15373=CARTESIAN_POINT('Ctrl Pts',(-7.59771754168469,-0.133333333333332,
9.93333333333333));
#15374=CARTESIAN_POINT('Ctrl Pts',(-7.59543508338611,-0.13333333469243,
9.93332967027181));
#15375=CARTESIAN_POINT('Ctrl Pts',(-7.59315238989936,-0.133333329257161,
9.93332234445065));
#15376=CARTESIAN_POINT('Ctrl Pts',(-7.59999999999593,-0.199999999999999,
10.));
#15377=CARTESIAN_POINT('Ctrl Pts',(-7.59743223439578,-0.199999999999999,
10.));
#15378=CARTESIAN_POINT('Ctrl Pts',(-7.59486446881424,-0.200000002038645,
10.));
#15379=CARTESIAN_POINT('Ctrl Pts',(-7.59229627990864,-0.199999993885742,
10.));
#15380=CARTESIAN_POINT('Ctrl Pts',(-7.59486460988078,0.,9.79996703335196));
#15381=CARTESIAN_POINT('Ctrl Pts',(-7.59657631252984,0.,9.79998901081542));
#15382=CARTESIAN_POINT('Ctrl Pts',(-7.59828815626249,0.,9.8));
#15383=CARTESIAN_POINT('Ctrl Pts',(-7.59999999999593,0.,9.8));
#15384=CARTESIAN_POINT('Origin',(-4.99999999999592,1.28779161805764E-15,
-9.4));
#15385=CARTESIAN_POINT('',(-6.2855752193302,-1.53208888627587,-9.4));
#15386=CARTESIAN_POINT('Origin',(-4.99999999999592,1.28779161805764E-15,
-9.4));
#15387=CARTESIAN_POINT('Origin',(-6.67124778512706,-1.99171555215455,-9.4));
#15388=CARTESIAN_POINT('Origin',(-4.99999999999592,1.28779161805764E-15,
0.));
#15389=CARTESIAN_POINT('',(-6.2855752193302,-1.53208888627587,9.4));
#15390=CARTESIAN_POINT('Origin',(-4.99999999999592,1.28779161805764E-15,
9.4));
#15391=CARTESIAN_POINT('',(-6.2855752193302,-1.53208888627587,0.));
#15392=CARTESIAN_POINT('Origin',(-4.99999999999592,1.28779161805764E-15,
9.4));
#15393=CARTESIAN_POINT('Origin',(-6.6712477851297,-1.99171555215769,9.4));
#15394=CARTESIAN_POINT('Origin',(4.44089209850063E-15,0.,-2.22044604925031E-15));
#15395=CARTESIAN_POINT('Origin',(-20.2000000003504,-0.0999999992877476,
0.));
#15396=CARTESIAN_POINT('',(-18.4000000000329,0.,-2.20436423885404E-16));
#15397=CARTESIAN_POINT('Origin',(-20.2000000003504,0.,0.));
#15398=CARTESIAN_POINT('',(-18.5999999999221,-0.199999998672293,1.95943487916021E-16));
#15399=CARTESIAN_POINT('',(-18.4999999999775,-0.0999999993361467,-2.08189955900712E-16));
#15400=CARTESIAN_POINT('',(-21.8000000007786,-0.199999998478697,-1.95943487916021E-16));
#15401=CARTESIAN_POINT('Origin',(-20.2000000003504,-0.199999998575495,0.));
#15402=CARTESIAN_POINT('Origin',(-20.2000000003504,-0.199999998575495,0.));
#15403=CARTESIAN_POINT('Origin',(4.44089209850063E-15,0.,-2.22044604925031E-15));
#15404=CARTESIAN_POINT('',(-22.4000000013718,0.,-9.8));
#15405=CARTESIAN_POINT('',(-17.6000000000023,0.,-9.8));
#15406=CARTESIAN_POINT('',(12.7000000006859,0.,-9.8));
#15407=CARTESIAN_POINT('',(-25.2000000013718,0.,-7.));
#15408=CARTESIAN_POINT('Origin',(-22.4000000013718,0.,-7.));
#15409=CARTESIAN_POINT('',(-25.2000000013718,0.,7.));
#15410=CARTESIAN_POINT('',(-25.2000000013718,0.,-5.));
#15411=CARTESIAN_POINT('',(-22.4000000013718,0.,9.8));
#15412=CARTESIAN_POINT('Origin',(-22.4000000013718,0.,7.));
#15413=CARTESIAN_POINT('',(-17.6000000000023,0.,9.8));
#15414=CARTESIAN_POINT('',(-12.7000000006859,0.,9.8));
#15415=CARTESIAN_POINT('',(-17.5948646098872,0.,9.79996703335196));
#15416=CARTESIAN_POINT('Ctrl Pts',(-17.5948646098872,0.,9.79996703335196));
#15417=CARTESIAN_POINT('Ctrl Pts',(-17.5965763125362,0.,9.79998901081542));
#15418=CARTESIAN_POINT('Ctrl Pts',(-17.5982881562689,0.,9.8));
#15419=CARTESIAN_POINT('Ctrl Pts',(-17.6000000000023,0.,9.8));
#15420=CARTESIAN_POINT('',(-17.2000000000023,0.,9.4));
#15421=CARTESIAN_POINT('Ctrl Pts',(-17.2000000000023,0.,9.4));
#15422=CARTESIAN_POINT('Ctrl Pts',(-17.2000000000023,0.,9.50386383325294));
#15423=CARTESIAN_POINT('Ctrl Pts',(-17.2850968164956,0.,9.71088592893469));
#15424=CARTESIAN_POINT('Ctrl Pts',(-17.4910093367403,0.,9.79863358009544));
#15425=CARTESIAN_POINT('Ctrl Pts',(-17.5948646098872,0.,9.79996703335196));
#15426=CARTESIAN_POINT('',(-17.2000000000023,0.,-9.4));
#15427=CARTESIAN_POINT('',(-17.2000000000023,0.,0.));
#15428=CARTESIAN_POINT('',(-17.5948646098872,0.,-9.79996703335196));
#15429=CARTESIAN_POINT('Ctrl Pts',(-17.5948646098872,0.,-9.79996703335196));
#15430=CARTESIAN_POINT('Ctrl Pts',(-17.4910093367403,0.,-9.79863358009544));
#15431=CARTESIAN_POINT('Ctrl Pts',(-17.2850968164956,0.,-9.71088592893469));
#15432=CARTESIAN_POINT('Ctrl Pts',(-17.2000000000023,0.,-9.50386383325294));
#15433=CARTESIAN_POINT('Ctrl Pts',(-17.2000000000023,0.,-9.4));
#15434=CARTESIAN_POINT('Ctrl Pts',(-17.6000000000023,0.,-9.8));
#15435=CARTESIAN_POINT('Ctrl Pts',(-17.5982881562689,0.,-9.8));
#15436=CARTESIAN_POINT('Ctrl Pts',(-17.5965763125362,0.,-9.79998901081542));
#15437=CARTESIAN_POINT('Ctrl Pts',(-17.5948646098872,0.,-9.79996703335196));
#15438=CARTESIAN_POINT('Origin',(-20.2000000004472,-1.79999999997839,0.));
#15439=CARTESIAN_POINT('',(-21.8000000009843,-3.59999999995352,-1.95943487916021E-16));
#15440=CARTESIAN_POINT('',(-21.8000000008754,-1.7999999998816,-1.95943487916021E-16));
#15441=CARTESIAN_POINT('Origin',(-20.2000000005561,-3.60000000005032,0.));
#15442=CARTESIAN_POINT('Ctrl Pts',(-17.5948646098872,0.,9.79996703335196));
#15443=CARTESIAN_POINT('Ctrl Pts',(-17.4910093367403,0.,9.79863358009544));
#15444=CARTESIAN_POINT('Ctrl Pts',(-17.2850968164956,0.,9.71088592893469));
#15445=CARTESIAN_POINT('Ctrl Pts',(-17.2000000000023,0.,9.50386383325294));
#15446=CARTESIAN_POINT('Ctrl Pts',(-17.2000000000023,0.,9.4));
#15447=CARTESIAN_POINT('Ctrl Pts',(-17.5940084998965,-0.0666666646285796,
9.8666446889013));
#15448=CARTESIAN_POINT('Ctrl Pts',(-17.4728311733409,-0.0666664997397419,
9.86575572007033));
#15449=CARTESIAN_POINT('Ctrl Pts',(-17.2312012211854,-0.0666379601955041,
9.76498218213914));
#15450=CARTESIAN_POINT('Ctrl Pts',(-17.1300000000023,-0.0665832811847927,
9.52204000407221));
#15451=CARTESIAN_POINT('Ctrl Pts',(-17.1300000000023,-0.0665832811847927,
9.4));
#15452=CARTESIAN_POINT('Ctrl Pts',(-17.5931523899057,-0.133333329257159,
9.93332234445065));
#15453=CARTESIAN_POINT('Ctrl Pts',(-17.4546530099414,-0.133332999479484,
9.93287786004521));
#15454=CARTESIAN_POINT('Ctrl Pts',(-17.1773056258752,-0.133275920391008,
9.81907843534358));
#15455=CARTESIAN_POINT('Ctrl Pts',(-17.0600000000023,-0.133166562369585,
9.54021617489147));
#15456=CARTESIAN_POINT('Ctrl Pts',(-17.0600000000023,-0.133166562369585,
9.4));
#15457=CARTESIAN_POINT('Ctrl Pts',(-17.592296279915,-0.199999993885739,
10.));
#15458=CARTESIAN_POINT('Ctrl Pts',(-17.436474846542,-0.199999499219226,
10.0000000000201));
#15459=CARTESIAN_POINT('Ctrl Pts',(-17.123410030565,-0.199913880586512,
9.87317468854803));
#15460=CARTESIAN_POINT('Ctrl Pts',(-16.9900000000023,-0.199749843554378,
9.55839234571074));
#15461=CARTESIAN_POINT('Ctrl Pts',(-16.9900000000023,-0.199749843554378,
9.4));
#15462=CARTESIAN_POINT('',(-17.5948646098872,0.,9.79996703335196));
#15463=CARTESIAN_POINT('',(-16.9900000000023,-0.199749843554378,9.4));
#15464=CARTESIAN_POINT('Ctrl Pts',(-17.592296279915,-0.199999993885739,
10.));
#15465=CARTESIAN_POINT('Ctrl Pts',(-17.436474846542,-0.199999499219226,
10.0000000000201));
#15466=CARTESIAN_POINT('Ctrl Pts',(-17.123410030565,-0.199913880586512,
9.87317468854803));
#15467=CARTESIAN_POINT('Ctrl Pts',(-16.9900000000023,-0.199749843554378,
9.55839234571074));
#15468=CARTESIAN_POINT('Ctrl Pts',(-16.9900000000023,-0.199749843554378,
9.4));
#15469=CARTESIAN_POINT('',(-16.9900000000023,-0.199749843554378,9.4));
#15470=CARTESIAN_POINT('Origin',(-17.0950000000023,-0.099874921777191,0.));
#15471=CARTESIAN_POINT('',(-16.9900000000023,-0.199749843554382,-9.4));
#15472=CARTESIAN_POINT('',(-16.9900000000023,-0.199749843554382,-9.4));
#15473=CARTESIAN_POINT('',(-16.9900000000023,-0.199749843554382,0.));
#15474=CARTESIAN_POINT('Ctrl Pts',(-17.2000000000023,0.,-9.4));
#15475=CARTESIAN_POINT('Ctrl Pts',(-17.2000000000023,0.,-9.50386383325294));
#15476=CARTESIAN_POINT('Ctrl Pts',(-17.2850968164956,0.,-9.71088592893469));
#15477=CARTESIAN_POINT('Ctrl Pts',(-17.4910093367403,0.,-9.79863358009544));
#15478=CARTESIAN_POINT('Ctrl Pts',(-17.5948646098872,0.,-9.79996703335196));
#15479=CARTESIAN_POINT('Ctrl Pts',(-17.1300000000023,-0.0665832811847928,
-9.4));
#15480=CARTESIAN_POINT('Ctrl Pts',(-17.1300000000023,-0.0665832811847928,
-9.52204000407221));
#15481=CARTESIAN_POINT('Ctrl Pts',(-17.2312012211854,-0.0666379601955041,
-9.76498218213914));
#15482=CARTESIAN_POINT('Ctrl Pts',(-17.4728311733409,-0.0666664997397418,
-9.86575572007033));
#15483=CARTESIAN_POINT('Ctrl Pts',(-17.5940084998965,-0.0666666646285796,
-9.8666446889013));
#15484=CARTESIAN_POINT('Ctrl Pts',(-17.0600000000023,-0.133166562369586,
-9.4));
#15485=CARTESIAN_POINT('Ctrl Pts',(-17.0600000000023,-0.133166562369586,
-9.54021617489147));
#15486=CARTESIAN_POINT('Ctrl Pts',(-17.1773056258752,-0.133275920391008,
-9.81907843534358));
#15487=CARTESIAN_POINT('Ctrl Pts',(-17.4546530099414,-0.133332999479484,
-9.93287786004521));
#15488=CARTESIAN_POINT('Ctrl Pts',(-17.5931523899057,-0.133333329257159,
-9.93332234445065));
#15489=CARTESIAN_POINT('Ctrl Pts',(-16.9900000000023,-0.199749843554378,
-9.4));
#15490=CARTESIAN_POINT('Ctrl Pts',(-16.9900000000023,-0.199749843554378,
-9.55839234571074));
#15491=CARTESIAN_POINT('Ctrl Pts',(-17.123410030565,-0.199913880586512,
-9.87317468854803));
#15492=CARTESIAN_POINT('Ctrl Pts',(-17.436474846542,-0.199999499219226,
-10.0000000000201));
#15493=CARTESIAN_POINT('Ctrl Pts',(-17.592296279915,-0.199999993885739,
-10.));
#15494=CARTESIAN_POINT('',(-17.592296279915,-0.199999993879804,-10.));
#15495=CARTESIAN_POINT('Ctrl Pts',(-16.9900000000023,-0.199749843554378,
-9.4));
#15496=CARTESIAN_POINT('Ctrl Pts',(-16.9900000000023,-0.199749843554378,
-9.55839234571074));
#15497=CARTESIAN_POINT('Ctrl Pts',(-17.123410030565,-0.199913880586512,
-9.87317468854803));
#15498=CARTESIAN_POINT('Ctrl Pts',(-17.436474846542,-0.199999499219226,
-10.0000000000201));
#15499=CARTESIAN_POINT('Ctrl Pts',(-17.592296279915,-0.199999993885739,
-10.));
#15500=CARTESIAN_POINT('Origin',(12.7000000006859,-0.1,-9.9));
#15501=CARTESIAN_POINT('',(-22.4000000013718,-0.2,-10.));
#15502=CARTESIAN_POINT('',(-17.6000000000023,0.,-9.8));
#15503=CARTESIAN_POINT('Origin',(-22.4000000013718,-0.1,-7.));
#15504=CARTESIAN_POINT('',(-25.4000000013718,-0.2,-7.));
#15505=CARTESIAN_POINT('',(-25.4000000013718,-0.2,-7.));
#15506=CARTESIAN_POINT('Origin',(-22.4000000013718,-0.2,-7.));
#15507=CARTESIAN_POINT('Origin',(-25.3000000013718,-0.1,-5.));
#15508=CARTESIAN_POINT('',(-25.4000000013718,-0.2,7.));
#15509=CARTESIAN_POINT('',(-25.4000000013718,-0.2,7.));
#15510=CARTESIAN_POINT('',(-25.4000000013718,-0.2,-5.));
#15511=CARTESIAN_POINT('Origin',(-22.4000000013718,-0.1,7.));
#15512=CARTESIAN_POINT('',(-22.4000000013718,-0.2,10.));
#15513=CARTESIAN_POINT('Origin',(-22.4000000013718,-0.2,7.));
#15514=CARTESIAN_POINT('Origin',(-12.7000000006859,-0.1,9.9));
#15515=CARTESIAN_POINT('',(-17.6000000000023,-0.2,10.));
#15516=CARTESIAN_POINT('Ctrl Pts',(-17.5948646098872,0.,-9.79996703335196));
#15517=CARTESIAN_POINT('Ctrl Pts',(-17.5965763125362,0.,-9.79998901081542));
#15518=CARTESIAN_POINT('Ctrl Pts',(-17.5982881562689,0.,-9.8));
#15519=CARTESIAN_POINT('Ctrl Pts',(-17.6000000000023,0.,-9.8));
#15520=CARTESIAN_POINT('Ctrl Pts',(-17.5940084998964,-0.0666666646285796,
-9.8666446889013));
#15521=CARTESIAN_POINT('Ctrl Pts',(-17.5960056979644,-0.066666667346214,
-9.86665934054362));
#15522=CARTESIAN_POINT('Ctrl Pts',(-17.59800284898,-0.0666666666666654,
-9.86666666666667));
#15523=CARTESIAN_POINT('Ctrl Pts',(-17.6000000000023,-0.0666666666666654,
-9.86666666666667));
#15524=CARTESIAN_POINT('Ctrl Pts',(-17.5931523899057,-0.133333329257159,
-9.93332234445065));
#15525=CARTESIAN_POINT('Ctrl Pts',(-17.5954350833925,-0.133333334692428,
-9.93332967027181));
#15526=CARTESIAN_POINT('Ctrl Pts',(-17.5977175416911,-0.133333333333331,
-9.93333333333333));
#15527=CARTESIAN_POINT('Ctrl Pts',(-17.6000000000023,-0.133333333333331,
-9.93333333333333));
#15528=CARTESIAN_POINT('Ctrl Pts',(-17.592296279915,-0.199999993885739,
-10.));
#15529=CARTESIAN_POINT('Ctrl Pts',(-17.5948644688206,-0.200000002038642,
-10.));
#15530=CARTESIAN_POINT('Ctrl Pts',(-17.5974322344022,-0.199999999999996,
-10.));
#15531=CARTESIAN_POINT('Ctrl Pts',(-17.6000000000023,-0.199999999999996,
-10.));
#15532=CARTESIAN_POINT('Ctrl Pts',(-17.6000000000023,0.,9.8));
#15533=CARTESIAN_POINT('Ctrl Pts',(-17.5982881562689,0.,9.8));
#15534=CARTESIAN_POINT('Ctrl Pts',(-17.5965763125362,0.,9.79998901081542));
#15535=CARTESIAN_POINT('Ctrl Pts',(-17.5948646098872,0.,9.79996703335196));
#15536=CARTESIAN_POINT('Ctrl Pts',(-17.6000000000023,-0.0666666666666654,
9.86666666666667));
#15537=CARTESIAN_POINT('Ctrl Pts',(-17.59800284898,-0.0666666666666654,
9.86666666666667));
#15538=CARTESIAN_POINT('Ctrl Pts',(-17.5960056979644,-0.066666667346214,
9.86665934054362));
#15539=CARTESIAN_POINT('Ctrl Pts',(-17.5940084998965,-0.0666666646285796,
9.8666446889013));
#15540=CARTESIAN_POINT('Ctrl Pts',(-17.6000000000023,-0.133333333333331,
9.93333333333333));
#15541=CARTESIAN_POINT('Ctrl Pts',(-17.5977175416911,-0.133333333333331,
9.93333333333333));
#15542=CARTESIAN_POINT('Ctrl Pts',(-17.5954350833925,-0.133333334692428,
9.93332967027181));
#15543=CARTESIAN_POINT('Ctrl Pts',(-17.5931523899057,-0.133333329257159,
9.93332234445065));
#15544=CARTESIAN_POINT('Ctrl Pts',(-17.6000000000023,-0.199999999999996,
10.));
#15545=CARTESIAN_POINT('Ctrl Pts',(-17.5974322344022,-0.199999999999996,
10.));
#15546=CARTESIAN_POINT('Ctrl Pts',(-17.5948644688206,-0.200000002038642,
10.));
#15547=CARTESIAN_POINT('Ctrl Pts',(-17.592296279915,-0.199999993885739,
10.));
#15548=CARTESIAN_POINT('Origin',(-22.4000000013718,0.,7.));
#15549=CARTESIAN_POINT('',(-25.4000000013718,-5.00000000001298,7.));
#15550=CARTESIAN_POINT('',(-25.4000000013718,0.,7.));
#15551=CARTESIAN_POINT('Origin',(-22.4000000013718,-5.00000000001298,7.));
#15552=CARTESIAN_POINT('Origin',(-25.4000000013718,0.,-10.));
#15553=CARTESIAN_POINT('',(-25.4000000013718,-5.00000000001298,-7.));
#15554=CARTESIAN_POINT('',(-25.4000000013718,0.,-7.));
#15555=CARTESIAN_POINT('',(-25.4000000013718,-5.00000000001298,-5.));
#15556=CARTESIAN_POINT('Origin',(-22.4000000013718,0.,-7.));
#15557=CARTESIAN_POINT('Origin',(-22.4000000013718,-5.00000000001298,-7.));
#15558=CARTESIAN_POINT('Origin',(24.6000000013718,0.,10.));
#15559=CARTESIAN_POINT('',(24.6000000013718,-2.81752586364746,-5.31207382678986));
#15560=CARTESIAN_POINT('',(24.6000000013718,-1.9914685189724,-5.2714866399765));
#15561=CARTESIAN_POINT('Ctrl Pts',(24.6000000013718,-2.81752586364746,-5.31207382678986));
#15562=CARTESIAN_POINT('Ctrl Pts',(24.6000000013718,-3.04469085746576,-5.25336084038988));
#15563=CARTESIAN_POINT('Ctrl Pts',(24.6000000013718,-3.42687399606174,-5.12310823699072));
#15564=CARTESIAN_POINT('Ctrl Pts',(24.6000000013718,-3.51895946666906,-4.62659334201406));
#15565=CARTESIAN_POINT('Ctrl Pts',(24.6000000013718,-3.46010265141202,-4.27322273032741));
#15566=CARTESIAN_POINT('Ctrl Pts',(24.6000000013718,-3.1897484739015,-4.01193117555265));
#15567=CARTESIAN_POINT('Ctrl Pts',(24.6000000013718,-2.82720263103664,-3.94816456369196));
#15568=CARTESIAN_POINT('Ctrl Pts',(24.6000000013718,-2.47910171919512,-3.93512133389675));
#15569=CARTESIAN_POINT('Ctrl Pts',(24.6000000013718,-2.09158929726489,-3.94856899267495));
#15570=CARTESIAN_POINT('Ctrl Pts',(24.6000000013718,-1.65953924725615,-4.11106131548906));
#15571=CARTESIAN_POINT('Ctrl Pts',(24.6000000013718,-1.45095281464303,-4.55979437585312));
#15572=CARTESIAN_POINT('Ctrl Pts',(24.6000000013718,-1.5557706140408,-5.06399650064389));
#15573=CARTESIAN_POINT('Ctrl Pts',(24.6000000013718,-1.84056648709398,-5.22227360130379));
#15574=CARTESIAN_POINT('Ctrl Pts',(24.6000000013718,-1.9914685189724,-5.2714866399765));
#15575=CARTESIAN_POINT('',(24.6000000013718,-1.77898496389389,-6.22646510601044));
#15576=CARTESIAN_POINT('',(24.6000000013718,-1.9914685189724,-5.2714866399765));
#15577=CARTESIAN_POINT('',(24.6000000013718,-3.10401916503906,-6.25989198684692));
#15578=CARTESIAN_POINT('Ctrl Pts',(24.6000000013718,-1.77898496389389,-6.22646510601043));
#15579=CARTESIAN_POINT('Ctrl Pts',(24.6000000013718,-1.44381689985151,-6.09407730138123));
#15580=CARTESIAN_POINT('Ctrl Pts',(24.6000000013718,-0.81143302446782,-5.7286154434555));
#15581=CARTESIAN_POINT('Ctrl Pts',(24.6000000013718,-0.594505840947227,
-4.48696867346822));
#15582=CARTESIAN_POINT('Ctrl Pts',(24.6000000013718,-0.97327552671477,-3.12217759057546));
#15583=CARTESIAN_POINT('Ctrl Pts',(24.6000000013718,-2.3567189193236,-2.76547923987542));
#15584=CARTESIAN_POINT('Ctrl Pts',(24.6000000013718,-3.48592687358197,-2.96414963940341));
#15585=CARTESIAN_POINT('Ctrl Pts',(24.6000000013718,-4.23339690302986,-3.66798708886602));
#15586=CARTESIAN_POINT('Ctrl Pts',(24.6000000013718,-4.33016211554634,-4.58119859342218));
#15587=CARTESIAN_POINT('Ctrl Pts',(24.6000000013718,-4.26517699872068,-5.69761246240177));
#15588=CARTESIAN_POINT('Ctrl Pts',(24.6000000013718,-3.559148601839,-6.13045844728193));
#15589=CARTESIAN_POINT('Ctrl Pts',(24.6000000013718,-3.10401916503906,-6.25989198684692));
#15590=CARTESIAN_POINT('',(24.6000000013718,-3.10401916503906,-6.25989198684692));
#15591=CARTESIAN_POINT('Ctrl Pts',(24.6000000013718,-2.81752586364746,-5.31207382678986));
#15592=CARTESIAN_POINT('Ctrl Pts',(25.4000000013718,-2.81752586364746,-5.31207382678986));
#15593=CARTESIAN_POINT('Ctrl Pts',(24.6000000013718,-3.04469085746576,-5.25336084038988));
#15594=CARTESIAN_POINT('Ctrl Pts',(25.4000000013718,-3.04469085746576,-5.25336084038988));
#15595=CARTESIAN_POINT('Ctrl Pts',(24.6000000013718,-3.42687399606174,-5.12310823699072));
#15596=CARTESIAN_POINT('Ctrl Pts',(25.4000000013718,-3.42687399606174,-5.12310823699072));
#15597=CARTESIAN_POINT('Ctrl Pts',(24.6000000013718,-3.51895946666906,-4.62659334201406));
#15598=CARTESIAN_POINT('Ctrl Pts',(25.4000000013718,-3.51895946666906,-4.62659334201406));
#15599=CARTESIAN_POINT('Ctrl Pts',(24.6000000013718,-3.46010265141202,-4.27322273032741));
#15600=CARTESIAN_POINT('Ctrl Pts',(25.4000000013718,-3.46010265141202,-4.27322273032741));
#15601=CARTESIAN_POINT('Ctrl Pts',(24.6000000013718,-3.1897484739015,-4.01193117555265));
#15602=CARTESIAN_POINT('Ctrl Pts',(25.4000000013718,-3.1897484739015,-4.01193117555265));
#15603=CARTESIAN_POINT('Ctrl Pts',(24.6000000013718,-2.82720263103664,-3.94816456369196));
#15604=CARTESIAN_POINT('Ctrl Pts',(25.4000000013718,-2.82720263103664,-3.94816456369196));
#15605=CARTESIAN_POINT('Ctrl Pts',(24.6000000013718,-2.47910171919512,-3.93512133389675));
#15606=CARTESIAN_POINT('Ctrl Pts',(25.4000000013718,-2.47910171919512,-3.93512133389675));
#15607=CARTESIAN_POINT('Ctrl Pts',(24.6000000013718,-2.09158929726489,-3.94856899267495));
#15608=CARTESIAN_POINT('Ctrl Pts',(25.4000000013718,-2.09158929726489,-3.94856899267495));
#15609=CARTESIAN_POINT('Ctrl Pts',(24.6000000013718,-1.65953924725615,-4.11106131548906));
#15610=CARTESIAN_POINT('Ctrl Pts',(25.4000000013718,-1.65953924725615,-4.11106131548906));
#15611=CARTESIAN_POINT('Ctrl Pts',(24.6000000013718,-1.45095281464303,-4.55979437585312));
#15612=CARTESIAN_POINT('Ctrl Pts',(25.4000000013718,-1.45095281464303,-4.55979437585312));
#15613=CARTESIAN_POINT('Ctrl Pts',(24.6000000013718,-1.5557706140408,-5.06399650064389));
#15614=CARTESIAN_POINT('Ctrl Pts',(25.4000000013718,-1.5557706140408,-5.06399650064389));
#15615=CARTESIAN_POINT('Ctrl Pts',(24.6000000013718,-1.84056648709398,-5.22227360130379));
#15616=CARTESIAN_POINT('Ctrl Pts',(25.4000000013718,-1.84056648709398,-5.22227360130379));
#15617=CARTESIAN_POINT('Ctrl Pts',(24.6000000013718,-1.9914685189724,-5.2714866399765));
#15618=CARTESIAN_POINT('Ctrl Pts',(25.4000000013718,-1.9914685189724,-5.2714866399765));
#15619=CARTESIAN_POINT('',(25.4000000013718,-2.81752586364746,-5.31207382678986));
#15620=CARTESIAN_POINT('',(25.4000000013718,-1.9914685189724,-5.2714866399765));
#15621=CARTESIAN_POINT('Origin',(25.4000000013718,-1.88522674143314,-5.74897587299347));
#15622=CARTESIAN_POINT('',(25.4000000013718,-1.77898496389389,-6.22646510601044));
#15623=CARTESIAN_POINT('Ctrl Pts',(24.6000000013718,-1.77898496389389,-6.22646510601043));
#15624=CARTESIAN_POINT('Ctrl Pts',(25.4000000013718,-1.77898496389389,-6.22646510601043));
#15625=CARTESIAN_POINT('Ctrl Pts',(24.6000000013718,-1.44381689985151,-6.09407730138123));
#15626=CARTESIAN_POINT('Ctrl Pts',(25.4000000013718,-1.44381689985151,-6.09407730138123));
#15627=CARTESIAN_POINT('Ctrl Pts',(24.6000000013718,-0.81143302446782,-5.7286154434555));
#15628=CARTESIAN_POINT('Ctrl Pts',(25.4000000013718,-0.81143302446782,-5.7286154434555));
#15629=CARTESIAN_POINT('Ctrl Pts',(24.6000000013718,-0.594505840947227,
-4.48696867346822));
#15630=CARTESIAN_POINT('Ctrl Pts',(25.4000000013718,-0.594505840947227,
-4.48696867346822));
#15631=CARTESIAN_POINT('Ctrl Pts',(24.6000000013718,-0.97327552671477,-3.12217759057546));
#15632=CARTESIAN_POINT('Ctrl Pts',(25.4000000013718,-0.97327552671477,-3.12217759057546));
#15633=CARTESIAN_POINT('Ctrl Pts',(24.6000000013718,-2.3567189193236,-2.76547923987542));
#15634=CARTESIAN_POINT('Ctrl Pts',(25.4000000013718,-2.3567189193236,-2.76547923987542));
#15635=CARTESIAN_POINT('Ctrl Pts',(24.6000000013718,-3.48592687358197,-2.96414963940341));
#15636=CARTESIAN_POINT('Ctrl Pts',(25.4000000013718,-3.48592687358197,-2.96414963940341));
#15637=CARTESIAN_POINT('Ctrl Pts',(24.6000000013718,-4.23339690302986,-3.66798708886602));
#15638=CARTESIAN_POINT('Ctrl Pts',(25.4000000013718,-4.23339690302986,-3.66798708886602));
#15639=CARTESIAN_POINT('Ctrl Pts',(24.6000000013718,-4.33016211554634,-4.58119859342218));
#15640=CARTESIAN_POINT('Ctrl Pts',(25.4000000013718,-4.33016211554634,-4.58119859342218));
#15641=CARTESIAN_POINT('Ctrl Pts',(24.6000000013718,-4.26517699872068,-5.69761246240177));
#15642=CARTESIAN_POINT('Ctrl Pts',(25.4000000013718,-4.26517699872068,-5.69761246240177));
#15643=CARTESIAN_POINT('Ctrl Pts',(24.6000000013718,-3.559148601839,-6.13045844728193));
#15644=CARTESIAN_POINT('Ctrl Pts',(25.4000000013718,-3.559148601839,-6.13045844728193));
#15645=CARTESIAN_POINT('Ctrl Pts',(24.6000000013718,-3.10401916503906,-6.25989198684692));
#15646=CARTESIAN_POINT('Ctrl Pts',(25.4000000013718,-3.10401916503906,-6.25989198684692));
#15647=CARTESIAN_POINT('',(25.4000000013718,-3.10401916503906,-6.25989198684692));
#15648=CARTESIAN_POINT('Origin',(25.4000000013718,-2.96077251434326,-5.78598290681839));
#15649=CARTESIAN_POINT('Origin',(24.6000000013718,0.,10.));
#15650=CARTESIAN_POINT('',(24.6000000013718,-0.750005543231964,6.25989139080048));
#15651=CARTESIAN_POINT('',(24.6000000013718,-4.25000548362732,6.25988841056824));
#15652=CARTESIAN_POINT('',(24.6000000013718,-0.750005543231964,6.25989139080048));
#15653=CARTESIAN_POINT('',(24.6000000013718,-4.25000458955765,5.3741443157196));
#15654=CARTESIAN_POINT('',(24.6000000013718,-4.25000548362732,6.25988841056824));
#15655=CARTESIAN_POINT('',(24.6000000013718,-1.58083662390709,5.37414729595184));
#15656=CARTESIAN_POINT('',(24.6000000013718,-4.25000458955765,5.3741443157196));
#15657=CARTESIAN_POINT('',(24.6000000013718,-4.2500039935112,4.69290107488632));
#15658=CARTESIAN_POINT('',(24.6000000013718,-1.58083662390709,5.37414729595184));
#15659=CARTESIAN_POINT('',(24.6000000013718,-4.25000309944153,3.8912034034729));
#15660=CARTESIAN_POINT('',(24.6000000013718,-4.2500039935112,4.69290107488632));
#15661=CARTESIAN_POINT('',(24.6000000013718,-1.58083468675613,3.20873141288757));
#15662=CARTESIAN_POINT('',(24.6000000013718,-4.25000309944153,3.8912034034729));
#15663=CARTESIAN_POINT('',(24.6000000013718,-4.25000250339508,3.20872873067856));
#15664=CARTESIAN_POINT('',(24.6000000013718,-1.58083468675613,3.20873141288757));
#15665=CARTESIAN_POINT('',(24.6000000013718,-4.25000190734863,2.32298523187637));
#15666=CARTESIAN_POINT('',(24.6000000013718,-4.25000250339508,3.20872873067856));
#15667=CARTESIAN_POINT('',(24.6000000013718,-0.750001817941668,2.32298910617828));
#15668=CARTESIAN_POINT('',(24.6000000013718,-4.25000190734863,2.32298523187637));
#15669=CARTESIAN_POINT('',(24.6000000013718,-0.750003010034561,3.74445378780365));
#15670=CARTESIAN_POINT('',(24.6000000013718,-0.750001817941666,2.32298910617828));
#15671=CARTESIAN_POINT('',(24.6000000013718,-2.87960797548294,4.28905040025711));
#15672=CARTESIAN_POINT('',(24.6000000013718,-0.750003010034561,3.74445378780365));
#15673=CARTESIAN_POINT('',(24.6000000013718,-0.750004053115845,4.83756929636002));
#15674=CARTESIAN_POINT('',(24.6000000013718,-2.87960797548294,4.28905040025711));
#15675=CARTESIAN_POINT('',(24.6000000013718,-0.750004053115845,4.83756929636002));
#15676=CARTESIAN_POINT('Origin',(25.4000000013718,-2.50000551342964,6.25988990068436));
#15677=CARTESIAN_POINT('',(25.4000000013718,-0.750005543231964,6.25989139080048));
#15678=CARTESIAN_POINT('',(25.4000000013718,-4.25000548362732,6.25988841056824));
#15679=CARTESIAN_POINT('Origin',(25.4000000013718,-4.25000503659248,5.81701636314392));
#15680=CARTESIAN_POINT('',(25.4000000013718,-4.25000458955765,5.3741443157196));
#15681=CARTESIAN_POINT('Origin',(25.4000000013718,-2.91542060673237,5.37414580583572));
#15682=CARTESIAN_POINT('',(25.4000000013718,-1.58083662390709,5.37414729595184));
#15683=CARTESIAN_POINT('Origin',(25.4000000013718,-2.91542030870914,5.03352418541908));
#15684=CARTESIAN_POINT('',(25.4000000013718,-4.2500039935112,4.69290107488632));
#15685=CARTESIAN_POINT('Origin',(25.4000000013718,-4.25000354647636,4.29205223917961));
#15686=CARTESIAN_POINT('',(25.4000000013718,-4.25000309944153,3.8912034034729));
#15687=CARTESIAN_POINT('Origin',(25.4000000013718,-2.91541889309883,3.54996740818024));
#15688=CARTESIAN_POINT('',(25.4000000013718,-1.58083468675613,3.20873141288757));
#15689=CARTESIAN_POINT('Origin',(25.4000000013718,-2.91541859507561,3.20873007178307));
#15690=CARTESIAN_POINT('',(25.4000000013718,-4.25000250339508,3.20872873067856));
#15691=CARTESIAN_POINT('Origin',(25.4000000013718,-4.25000220537186,2.76585698127747));
#15692=CARTESIAN_POINT('',(25.4000000013718,-4.25000190734863,2.32298523187637));
#15693=CARTESIAN_POINT('Origin',(25.4000000013718,-2.50000186264515,2.32298716902733));
#15694=CARTESIAN_POINT('',(25.4000000013718,-0.750001817941668,2.32298910617828));
#15695=CARTESIAN_POINT('Origin',(25.4000000013718,-0.750002413988113,3.03372144699097));
#15696=CARTESIAN_POINT('',(25.4000000013718,-0.750003010034561,3.74445378780365));
#15697=CARTESIAN_POINT('Origin',(25.4000000013718,-1.81480549275875,4.01675209403038));
#15698=CARTESIAN_POINT('',(25.4000000013718,-2.87960797548294,4.28905040025711));
#15699=CARTESIAN_POINT('Origin',(25.4000000013718,-1.81480601429939,4.56330984830856));
#15700=CARTESIAN_POINT('',(25.4000000013718,-0.750004053115845,4.83756929636002));
#15701=CARTESIAN_POINT('Origin',(25.4000000013718,-0.750004798173904,5.54873034358025));
#15702=CARTESIAN_POINT('Origin',(24.6000000013718,0.,10.));
#15703=CARTESIAN_POINT('',(24.6000000013718,-0.750001221895218,1.6449536383152));
#15704=CARTESIAN_POINT('',(24.6000000013718,-4.25000131130219,1.64494976401329));
#15705=CARTESIAN_POINT('',(24.6000000013718,-0.750001221895218,1.6449536383152));
#15706=CARTESIAN_POINT('',(24.6000000013718,-4.25000041723251,0.759206265211105));
#15707=CARTESIAN_POINT('',(24.6000000013718,-4.25000131130219,1.64494976401329));
#15708=CARTESIAN_POINT('',(24.6000000013718,-1.58083260059357,0.759209170937538));
#15709=CARTESIAN_POINT('',(24.6000000013718,-4.25000041723251,0.759206265211105));
#15710=CARTESIAN_POINT('',(24.6000000013718,-4.24999982118607,0.077962838113308));
#15711=CARTESIAN_POINT('',(24.6000000013718,-1.58083260059357,0.759209170937538));
#15712=CARTESIAN_POINT('',(24.6000000013718,-4.24999922513962,-0.723735243082047));
#15713=CARTESIAN_POINT('',(24.6000000013718,-4.24999982118607,0.077962838113308));
#15714=CARTESIAN_POINT('',(24.6000000013718,-1.58083066344261,-1.40620648860931));
#15715=CARTESIAN_POINT('',(24.6000000013718,-4.24999922513962,-0.723735243082047));
#15716=CARTESIAN_POINT('',(24.6000000013718,-4.24999862909317,-1.40620946884155));
#15717=CARTESIAN_POINT('',(24.6000000013718,-1.58083066344261,-1.40620648860931));
#15718=CARTESIAN_POINT('',(24.6000000013718,-4.2499977350235,-2.29195296764374));
#15719=CARTESIAN_POINT('',(24.6000000013718,-4.24999862909317,-1.40620946884155));
#15720=CARTESIAN_POINT('',(24.6000000013718,-0.749997794628143,-2.29194894433022));
#15721=CARTESIAN_POINT('',(24.6000000013718,-4.2499977350235,-2.29195296764374));
#15722=CARTESIAN_POINT('',(24.6000000013718,-0.749998986721039,-0.870484560728073));
#15723=CARTESIAN_POINT('',(24.6000000013718,-0.749997794628143,-2.29194894433022));
#15724=CARTESIAN_POINT('',(24.6000000013718,-2.87960410118103,-0.325887612998486));
#15725=CARTESIAN_POINT('',(24.6000000013718,-0.749998986721039,-0.870484560728073));
#15726=CARTESIAN_POINT('',(24.6000000013718,-0.750000029802322,0.222631245851517));
#15727=CARTESIAN_POINT('',(24.6000000013718,-2.87960410118103,-0.325887612998486));
#15728=CARTESIAN_POINT('',(24.6000000013718,-0.750000029802322,0.222631245851517));
#15729=CARTESIAN_POINT('Origin',(25.4000000013718,-2.5000012665987,1.64495170116425));
#15730=CARTESIAN_POINT('',(25.4000000013718,-0.750001221895218,1.6449536383152));
#15731=CARTESIAN_POINT('',(25.4000000013718,-4.25000131130219,1.64494976401329));
#15732=CARTESIAN_POINT('Origin',(25.4000000013718,-4.25000086426735,1.2020780146122));
#15733=CARTESIAN_POINT('',(25.4000000013718,-4.25000041723251,0.759206265211105));
#15734=CARTESIAN_POINT('Origin',(25.4000000013718,-2.91541650891304,0.759207718074322));
#15735=CARTESIAN_POINT('',(25.4000000013718,-1.58083260059357,0.759209170937538));
#15736=CARTESIAN_POINT('Origin',(25.4000000013718,-2.91541621088982,0.418586004525423));
#15737=CARTESIAN_POINT('',(25.4000000013718,-4.24999982118607,0.077962838113308));
#15738=CARTESIAN_POINT('Origin',(25.4000000013718,-4.24999952316284,-0.322886202484369));
#15739=CARTESIAN_POINT('',(25.4000000013718,-4.24999922513962,-0.723735243082047));
#15740=CARTESIAN_POINT('Origin',(25.4000000013718,-2.91541494429111,-1.06497086584568));
#15741=CARTESIAN_POINT('',(25.4000000013718,-1.58083066344261,-1.40620648860931));
#15742=CARTESIAN_POINT('Origin',(25.4000000013718,-2.91541464626789,-1.40620797872543));
#15743=CARTESIAN_POINT('',(25.4000000013718,-4.24999862909317,-1.40620946884155));
#15744=CARTESIAN_POINT('Origin',(25.4000000013718,-4.24999818205833,-1.84908121824265));
#15745=CARTESIAN_POINT('',(25.4000000013718,-4.2499977350235,-2.29195296764374));
#15746=CARTESIAN_POINT('Origin',(25.4000000013718,-2.49999776482582,-2.29195095598698));
#15747=CARTESIAN_POINT('',(25.4000000013718,-0.749997794628143,-2.29194894433022));
#15748=CARTESIAN_POINT('Origin',(25.4000000013718,-0.749998390674591,-1.58121675252914));
#15749=CARTESIAN_POINT('',(25.4000000013718,-0.749998986721039,-0.870484560728073));
#15750=CARTESIAN_POINT('Origin',(25.4000000013718,-1.81480154395103,-0.598186086863279));
#15751=CARTESIAN_POINT('',(25.4000000013718,-2.87960410118103,-0.325887612998486));
#15752=CARTESIAN_POINT('Origin',(25.4000000013718,-1.81480206549168,-0.0516281835734844));
#15753=CARTESIAN_POINT('',(25.4000000013718,-0.750000029802322,0.222631245851517));
#15754=CARTESIAN_POINT('Origin',(25.4000000013718,-0.75000062584877,0.933792442083359));
#15755=CARTESIAN_POINT('Origin',(23.2000000015112,-3.60000000019688,0.));
#15756=CARTESIAN_POINT('Origin',(-17.1999999999564,-3.60000000014845,0.));
#15757=CARTESIAN_POINT('Origin',(-22.4000000013718,-5.50000000001298,7.));
#15758=CARTESIAN_POINT('',(-22.4000000013718,-5.00000000001298,10.));
#15759=CARTESIAN_POINT('',(-24.4000000013718,-6.00000000001298,7.));
#15760=CARTESIAN_POINT('Origin',(-24.9000000013718,-5.50000000001298,-5.));
#15761=CARTESIAN_POINT('',(-24.4000000013718,-6.00000000001298,-7.));
#15762=CARTESIAN_POINT('Origin',(-22.4000000013718,-5.50000000001298,-7.));
#15763=CARTESIAN_POINT('',(-22.4000000013718,-6.00000000001298,-9.));
#15764=CARTESIAN_POINT('Origin',(12.7000000006859,-5.50000000001298,-9.5));
#15765=CARTESIAN_POINT('',(22.4000000013718,-6.00000000001298,-9.));
#15766=CARTESIAN_POINT('Origin',(22.4000000013718,-5.50000000001298,-7.));
#15767=CARTESIAN_POINT('',(24.4000000013718,-6.00000000001298,-7.));
#15768=CARTESIAN_POINT('Origin',(24.9000000013718,-5.50000000001298,5.));
#15769=CARTESIAN_POINT('',(24.4000000013719,-6.00000000001298,7.));
#15770=CARTESIAN_POINT('Origin',(22.4000000013718,-5.50000000001298,7.));
#15771=CARTESIAN_POINT('',(22.4000000013718,-6.00000000001298,9.));
#15772=CARTESIAN_POINT('Origin',(-12.7000000006859,-5.50000000001298,9.5));
#15773=CARTESIAN_POINT('Origin',(-15.0000000000023,3.86337485418112E-15,
0.));
#15774=CARTESIAN_POINT('',(-16.2855752193556,-1.53208888626413,9.4));
#15775=CARTESIAN_POINT('Origin',(-15.0000000000023,3.86337485418112E-15,
9.4));
#15776=CARTESIAN_POINT('',(-16.2855752193556,-1.53208888626413,-9.4));
#15777=CARTESIAN_POINT('',(-16.2855752193556,-1.53208888626413,0.));
#15778=CARTESIAN_POINT('Origin',(-15.0000000000023,3.86337485418112E-15,
-9.4));
#15779=CARTESIAN_POINT('Origin',(-1.93248603422595,7.57088719676988,-9.4));
#15780=CARTESIAN_POINT('',(-14.6295856092406,-2.2999999999791,-9.4));
#15781=CARTESIAN_POINT('',(-13.7144247806389,-1.5320888862365,-9.4));
#15782=CARTESIAN_POINT('',(-2.31815860003639,8.03051386264251,-9.4));
#15783=CARTESIAN_POINT('Origin',(-13.3287522148284,-1.99171555210913,-9.4));
#15784=CARTESIAN_POINT('Origin',(-14.4112034686751,-2.89999999997329,-9.4));
#15785=CARTESIAN_POINT('Origin',(-4.81740119000894,-11.9382738578419,-9.4));
#15786=CARTESIAN_POINT('Origin',(-16.6712477851554,-1.99171555213608,-9.4));
#15787=CARTESIAN_POINT('',(-15.3704143907395,-2.29999999999881,-9.4));
#15788=CARTESIAN_POINT('',(-4.43172862420437,-11.4786471919643,-9.4));
#15789=CARTESIAN_POINT('Origin',(-15.5887965312869,-2.90000000000462,-9.4));
#15790=CARTESIAN_POINT('Origin',(-15.0000000000023,3.86337485418112E-15,
-9.4));
#15791=CARTESIAN_POINT('Origin',(5.01479280536274,-2.89999999945634,-9.4));
#15792=CARTESIAN_POINT('',(5.01479280534677,-2.29999999945634,-9.4));
#15793=CARTESIAN_POINT('Origin',(5.13339352147495,5.1088678142476,-9.4));
#15794=CARTESIAN_POINT('',(-4.62958560926319,-2.30000000001971,-9.4));
#15795=CARTESIAN_POINT('',(-3.7144247806185,-1.53208888622895,-9.4));
#15796=CARTESIAN_POINT('',(4.74772095566093,5.56849448011723,-9.4));
#15797=CARTESIAN_POINT('Origin',(-3.32875221480448,-1.99171555209858,-9.4));
#15798=CARTESIAN_POINT('Origin',(-4.41120346871928,-2.90000000003428,-9.4));
#15799=CARTESIAN_POINT('Origin',(2.24847836594561,-9.4762544753162,-9.4));
#15800=CARTESIAN_POINT('',(-5.37041439074161,-2.29999999997028,-9.4));
#15801=CARTESIAN_POINT('',(2.63415093174511,-9.01662780943438,-9.4));
#15802=CARTESIAN_POINT('Origin',(-5.5887965313095,-2.89999999995571,-9.4));
#15803=CARTESIAN_POINT('Origin',(10.0147928051984,-2.90000000099679,-9.4));
#15804=CARTESIAN_POINT('',(10.0147928052384,-2.30000000099679,-9.4));
#15805=CARTESIAN_POINT('Origin',(12.1992730774737,2.64684843167975,-9.4));
#15806=CARTESIAN_POINT('',(5.37041439074335,-2.29999999999499,-9.4));
#15807=CARTESIAN_POINT('',(6.28557521935998,-1.53208888625237,-9.4));
#15808=CARTESIAN_POINT('',(11.813600511667,3.10647509755547,-9.4));
#15809=CARTESIAN_POINT('Origin',(6.67124778516675,-1.99171555212808,-9.4));
#15810=CARTESIAN_POINT('Origin',(5.58879653129926,-2.89999999999499,-9.4));
#15811=CARTESIAN_POINT('Origin',(9.31435792146074,-7.01423509280999,-9.4));
#15812=CARTESIAN_POINT('',(4.62958560926493,-2.29999999999499,-9.4));
#15813=CARTESIAN_POINT('',(9.70003048726748,-6.55460842693426,-9.4));
#15814=CARTESIAN_POINT('Origin',(4.41120346870904,-2.89999999999499,-9.4));
#15815=CARTESIAN_POINT('Origin',(15.0147928053184,-2.89999999999498,-9.4));
#15816=CARTESIAN_POINT('',(15.0147928053184,-2.29999999999498,-9.4));
#15817=CARTESIAN_POINT('Origin',(15.0000000000041,-3.86337485418932E-15,
-9.4));
#15818=CARTESIAN_POINT('',(16.2855752193603,-1.53208888625209,-9.4));
#15819=CARTESIAN_POINT('Origin',(16.6712477851672,-1.99171555212772,-9.4));
#15820=CARTESIAN_POINT('Origin',(15.0000000000041,-3.86337485418932E-15,
-9.4));
#15821=CARTESIAN_POINT('Origin',(19.2651526332505,0.184829049159378,-9.4));
#15822=CARTESIAN_POINT('',(15.3704143907437,-2.29999999999502,-9.4));
#15823=CARTESIAN_POINT('',(18.8794800674437,0.644455715035004,-9.4));
#15824=CARTESIAN_POINT('Origin',(15.5887965312997,-2.89999999999502,-9.4));
#15825=CARTESIAN_POINT('Origin',(16.380237477236,-4.55221571028668,-9.4));
#15826=CARTESIAN_POINT('',(14.6295856092653,-2.29999999999502,-9.4));
#15827=CARTESIAN_POINT('',(16.7659100430426,-4.09258904441087,-9.4));
#15828=CARTESIAN_POINT('Origin',(14.4112034687095,-2.89999999999502,-9.4));
#15829=CARTESIAN_POINT('Origin',(20.0147928053186,-2.89999999999501,-9.4));
#15830=CARTESIAN_POINT('',(20.0147928053186,-2.29999999999501,-9.4));
#15831=CARTESIAN_POINT('Origin',(15.0000000000041,-3.86337485418932E-15,
0.));
#15832=CARTESIAN_POINT('',(16.2855752193603,-1.53208888625209,9.4));
#15833=CARTESIAN_POINT('',(16.2855752193603,-1.53208888625209,0.));
#15834=CARTESIAN_POINT('Origin',(15.0000000000041,-3.86337485418932E-15,
9.4));
#15835=CARTESIAN_POINT('Origin',(15.3704143907437,-2.29999999999502,0.));
#15836=CARTESIAN_POINT('',(15.3704143907437,-2.29999999999502,9.4));
#15837=CARTESIAN_POINT('',(3.97414820999358,-11.862602748847,9.4));
#15838=CARTESIAN_POINT('',(15.3704143907437,-2.29999999999502,0.));
#15839=CARTESIAN_POINT('Origin',(14.6295856092653,-2.29999999999502,0.));
#15840=CARTESIAN_POINT('',(14.6295856092653,-2.29999999999502,9.4));
#15841=CARTESIAN_POINT('',(-5.38520719605327,-2.29999999999505,9.4));
#15842=CARTESIAN_POINT('',(14.6295856092653,-2.29999999999502,0.));
#15843=CARTESIAN_POINT('Origin',(13.7144247806487,-1.53208888625278,0.));
#15844=CARTESIAN_POINT('',(1.86057818558097,8.41446941946913,9.4));
#15845=CARTESIAN_POINT('Origin',(1.47490561977431,7.95484275359333,9.4));
#15846=CARTESIAN_POINT('Origin',(14.4112034687095,-2.89999999999502,9.4));
#15847=CARTESIAN_POINT('Origin',(4.35982077580045,-12.3222294147227,9.4));
#15848=CARTESIAN_POINT('Origin',(16.6712477851672,-1.99171555212772,9.4));
#15849=CARTESIAN_POINT('Origin',(15.5887965312997,-2.89999999999502,9.4));
#15850=CARTESIAN_POINT('Origin',(15.0000000000041,-3.86337485418932E-15,
9.4));
#15851=CARTESIAN_POINT('Origin',(-5.38520719605327,-2.89999999999505,9.4));
#15852=CARTESIAN_POINT('Origin',(5.37041439074335,-2.29999999999499,0.));
#15853=CARTESIAN_POINT('',(6.28557521935998,-1.53208888625237,9.4));
#15854=CARTESIAN_POINT('',(5.37041439074335,-2.29999999999499,9.4));
#15855=CARTESIAN_POINT('',(-3.09173134578855,-9.40058336632562,9.4));
#15856=CARTESIAN_POINT('',(6.28557521935998,-1.53208888625237,0.));
#15857=CARTESIAN_POINT('',(5.37041439074335,-2.29999999999499,0.));
#15858=CARTESIAN_POINT('Origin',(4.62958560926493,-2.29999999999499,0.));
#15859=CARTESIAN_POINT('',(4.62958560926493,-2.29999999999499,9.4));
#15860=CARTESIAN_POINT('',(-10.3852071960535,-2.29999999999501,9.4));
#15861=CARTESIAN_POINT('',(4.62958560926493,-2.29999999999499,0.));
#15862=CARTESIAN_POINT('Origin',(3.71442478065488,-1.53208888625799,0.));
#15863=CARTESIAN_POINT('',(-5.20530137018955,5.95245003694656,9.4));
#15864=CARTESIAN_POINT('Origin',(-5.59097393599629,5.49282337107083,9.4));
#15865=CARTESIAN_POINT('Origin',(4.41120346870903,-2.89999999999499,9.4));
#15866=CARTESIAN_POINT('Origin',(-2.70605877998178,-9.86021003220133,9.4));
#15867=CARTESIAN_POINT('Origin',(6.67124778516676,-1.99171555212808,9.4));
#15868=CARTESIAN_POINT('Origin',(5.58879653129926,-2.89999999999499,9.4));
#15869=CARTESIAN_POINT('Origin',(5.00000000000408,-1.28779161806584E-15,
9.4));
#15870=CARTESIAN_POINT('Origin',(5.00000000000408,-1.28779161806584E-15,
9.4));
#15871=CARTESIAN_POINT('Origin',(-10.3852071960535,-2.89999999999501,9.4));
#15872=CARTESIAN_POINT('Origin',(-4.62958560926319,-2.30000000001971,0.));
#15873=CARTESIAN_POINT('',(-3.7144247806185,-1.53208888622895,9.4));
#15874=CARTESIAN_POINT('',(-4.62958560926319,-2.30000000001971,9.4));
#15875=CARTESIAN_POINT('',(-10.1576109014001,-6.93856398383342,9.4));
#15876=CARTESIAN_POINT('',(-3.7144247806185,-1.53208888622895,0.));
#15877=CARTESIAN_POINT('',(-4.62958560926319,-2.30000000001971,0.));
#15878=CARTESIAN_POINT('Origin',(-5.37041439074161,-2.29999999997028,0.));
#15879=CARTESIAN_POINT('',(-5.37041439074161,-2.29999999997028,9.4));
#15880=CARTESIAN_POINT('',(-15.3852071961335,-2.29999999930209,9.4));
#15881=CARTESIAN_POINT('',(-5.37041439074161,-2.29999999997028,0.));
#15882=CARTESIAN_POINT('Origin',(-6.28557521932932,-1.53208888627661,0.));
#15883=CARTESIAN_POINT('',(-12.2711809261065,3.49043065437686,9.4));
#15884=CARTESIAN_POINT('Origin',(-12.656853491906,3.03080398849505,9.4));
#15885=CARTESIAN_POINT('Origin',(-5.5887965313095,-2.89999999995571,9.4));
#15886=CARTESIAN_POINT('Origin',(-9.77193833558611,-7.39819064970305,9.4));
#15887=CARTESIAN_POINT('Origin',(-3.32875221480185,-1.99171555210173,9.4));
#15888=CARTESIAN_POINT('Origin',(-4.41120346871928,-2.90000000003428,9.4));
#15889=CARTESIAN_POINT('Origin',(-15.3852071961735,-2.89999999930209,9.4));
#15890=CARTESIAN_POINT('Origin',(-14.6295856092406,-2.2999999999791,0.));
#15891=CARTESIAN_POINT('',(-13.7144247806389,-1.5320888862365,9.4));
#15892=CARTESIAN_POINT('',(-14.6295856092406,-2.2999999999791,9.4));
#15893=CARTESIAN_POINT('',(-17.2234904572921,-4.47654460127381,9.4));
#15894=CARTESIAN_POINT('',(-13.7144247806389,-1.5320888862365,0.));
#15895=CARTESIAN_POINT('',(-14.6295856092406,-2.2999999999791,0.));
#15896=CARTESIAN_POINT('Origin',(-15.3704143907395,-2.29999999999881,0.));
#15897=CARTESIAN_POINT('',(-15.3704143907395,-2.29999999999881,9.4));
#15898=CARTESIAN_POINT('',(-20.3852071960251,-2.30000000013226,9.4));
#15899=CARTESIAN_POINT('',(-15.3704143907395,-2.29999999999881,0.));
#15900=CARTESIAN_POINT('Origin',(-16.2855752193682,-1.53208888625354,0.));
#15901=CARTESIAN_POINT('',(-19.3370604817797,1.02841127189564,9.4));
#15902=CARTESIAN_POINT('Origin',(-15.0000000000023,3.86337485418112E-15,
9.4));
#15903=CARTESIAN_POINT('Origin',(-16.6712477851601,-1.99171555214169,9.4));
#15904=CARTESIAN_POINT('Origin',(-19.7227330475843,0.568784606018082,9.4));
#15905=CARTESIAN_POINT('Origin',(-15.5887965312869,-2.90000000000462,9.4));
#15906=CARTESIAN_POINT('Origin',(-16.8378178914817,-4.93617126714644,9.4));
#15907=CARTESIAN_POINT('Origin',(-13.3287522148237,-1.99171555211473,9.4));
#15908=CARTESIAN_POINT('Origin',(-14.4112034686751,-2.89999999997329,9.4));
#15909=CARTESIAN_POINT('Origin',(-20.3852071960091,-2.90000000013226,9.4));
#15910=CARTESIAN_POINT('Origin',(-15.0000000000023,3.86337485418112E-15,
-9.4));
#15911=CARTESIAN_POINT('Origin',(-15.0000000000023,3.86337485418112E-15,
-9.4));
#15912=CARTESIAN_POINT('Origin',(-15.0000000000023,3.86337485418112E-15,
0.));
#15913=CARTESIAN_POINT('Origin',(-15.0000000000023,3.86337485418112E-15,
9.4));
#15914=CARTESIAN_POINT('Origin',(-15.0000000000023,3.86337485418112E-15,
9.4));
#15915=CARTESIAN_POINT('Origin',(-4.99999999999592,1.28779161805764E-15,
-9.4));
#15916=CARTESIAN_POINT('Origin',(-4.99999999999592,1.28779161805764E-15,
-9.4));
#15917=CARTESIAN_POINT('Origin',(-4.99999999999592,1.28779161805764E-15,
0.));
#15918=CARTESIAN_POINT('Origin',(-4.99999999999592,1.28779161805764E-15,
9.4));
#15919=CARTESIAN_POINT('Origin',(-4.99999999999592,1.28779161805764E-15,
9.4));
#15920=CARTESIAN_POINT('Origin',(5.00000000000408,-1.28779161806584E-15,
-9.4));
#15921=CARTESIAN_POINT('Origin',(5.00000000000408,-1.28779161806584E-15,
-9.4));
#15922=CARTESIAN_POINT('Origin',(5.00000000000408,-1.28779161806584E-15,
0.));
#15923=CARTESIAN_POINT('',(0.,0.,0.));
#15924=CARTESIAN_POINT('',(0.,-3.06161699786838E-15,-25.));
#15925=UNCERTAINTY_MEASURE_WITH_UNIT(LENGTH_MEASURE(0.01),#15943,
'DISTANCE_ACCURACY_VALUE',
'Maximum model space distance between geometric entities at asserted c
onnectivities');
#15926=UNCERTAINTY_MEASURE_WITH_UNIT(LENGTH_MEASURE(0.01),#15943,
'DISTANCE_ACCURACY_VALUE',
'Maximum model space distance between geometric entities at asserted c
onnectivities');
#15927=UNCERTAINTY_MEASURE_WITH_UNIT(LENGTH_MEASURE(0.01),#15943,
'DISTANCE_ACCURACY_VALUE',
'Maximum model space distance between geometric entities at asserted c
onnectivities');
#15928=UNCERTAINTY_MEASURE_WITH_UNIT(LENGTH_MEASURE(0.01),#15943,
'DISTANCE_ACCURACY_VALUE',
'Maximum model space distance between geometric entities at asserted c
onnectivities');
#15929=UNCERTAINTY_MEASURE_WITH_UNIT(LENGTH_MEASURE(0.01),#15943,
'DISTANCE_ACCURACY_VALUE',
'Maximum model space distance between geometric entities at asserted c
onnectivities');
#15930=UNCERTAINTY_MEASURE_WITH_UNIT(LENGTH_MEASURE(0.01),#15943,
'DISTANCE_ACCURACY_VALUE',
'Maximum model space distance between geometric entities at asserted c
onnectivities');
#15931=UNCERTAINTY_MEASURE_WITH_UNIT(LENGTH_MEASURE(0.01),#15943,
'DISTANCE_ACCURACY_VALUE',
'Maximum model space distance between geometric entities at asserted c
onnectivities');
#15932=UNCERTAINTY_MEASURE_WITH_UNIT(LENGTH_MEASURE(0.01),#15943,
'DISTANCE_ACCURACY_VALUE',
'Maximum model space distance between geometric entities at asserted c
onnectivities');
#15933=UNCERTAINTY_MEASURE_WITH_UNIT(LENGTH_MEASURE(0.01),#15943,
'DISTANCE_ACCURACY_VALUE',
'Maximum model space distance between geometric entities at asserted c
onnectivities');
#15934=(
GEOMETRIC_REPRESENTATION_CONTEXT(3)
GLOBAL_UNCERTAINTY_ASSIGNED_CONTEXT((#15925))
GLOBAL_UNIT_ASSIGNED_CONTEXT((#15943,#15945,#15946))
REPRESENTATION_CONTEXT('','3D')
);
#15935=(
GEOMETRIC_REPRESENTATION_CONTEXT(3)
GLOBAL_UNCERTAINTY_ASSIGNED_CONTEXT((#15926))
GLOBAL_UNIT_ASSIGNED_CONTEXT((#15943,#15945,#15946))
REPRESENTATION_CONTEXT('','3D')
);
#15936=(
GEOMETRIC_REPRESENTATION_CONTEXT(3)
GLOBAL_UNCERTAINTY_ASSIGNED_CONTEXT((#15927))
GLOBAL_UNIT_ASSIGNED_CONTEXT((#15943,#15945,#15946))
REPRESENTATION_CONTEXT('','3D')
);
#15937=(
GEOMETRIC_REPRESENTATION_CONTEXT(3)
GLOBAL_UNCERTAINTY_ASSIGNED_CONTEXT((#15928))
GLOBAL_UNIT_ASSIGNED_CONTEXT((#15943,#15945,#15946))
REPRESENTATION_CONTEXT('','3D')
);
#15938=(
GEOMETRIC_REPRESENTATION_CONTEXT(3)
GLOBAL_UNCERTAINTY_ASSIGNED_CONTEXT((#15929))
GLOBAL_UNIT_ASSIGNED_CONTEXT((#15943,#15945,#15946))
REPRESENTATION_CONTEXT('','3D')
);
#15939=(
GEOMETRIC_REPRESENTATION_CONTEXT(3)
GLOBAL_UNCERTAINTY_ASSIGNED_CONTEXT((#15930))
GLOBAL_UNIT_ASSIGNED_CONTEXT((#15943,#15945,#15946))
REPRESENTATION_CONTEXT('','3D')
);
#15940=(
GEOMETRIC_REPRESENTATION_CONTEXT(3)
GLOBAL_UNCERTAINTY_ASSIGNED_CONTEXT((#15931))
GLOBAL_UNIT_ASSIGNED_CONTEXT((#15943,#15945,#15946))
REPRESENTATION_CONTEXT('','3D')
);
#15941=(
GEOMETRIC_REPRESENTATION_CONTEXT(3)
GLOBAL_UNCERTAINTY_ASSIGNED_CONTEXT((#15932))
GLOBAL_UNIT_ASSIGNED_CONTEXT((#15943,#15945,#15946))
REPRESENTATION_CONTEXT('','3D')
);
#15942=(
GEOMETRIC_REPRESENTATION_CONTEXT(3)
GLOBAL_UNCERTAINTY_ASSIGNED_CONTEXT((#15933))
GLOBAL_UNIT_ASSIGNED_CONTEXT((#15943,#15945,#15946))
REPRESENTATION_CONTEXT('','3D')
);
#15943=(
LENGTH_UNIT()
NAMED_UNIT(*)
SI_UNIT(.MILLI.,.METRE.)
);
#15944=(
LENGTH_UNIT()
NAMED_UNIT(*)
SI_UNIT($,.METRE.)
);
#15945=(
NAMED_UNIT(*)
PLANE_ANGLE_UNIT()
SI_UNIT($,.RADIAN.)
);
#15946=(
NAMED_UNIT(*)
SI_UNIT($,.STERADIAN.)
SOLID_ANGLE_UNIT()
);
#15947=SHAPE_DEFINITION_REPRESENTATION(#15955,#15970);
#15948=SHAPE_DEFINITION_REPRESENTATION(#15956,#15971);
#15949=SHAPE_DEFINITION_REPRESENTATION(#15957,#15972);
#15950=SHAPE_DEFINITION_REPRESENTATION(#15958,#15973);
#15951=SHAPE_DEFINITION_REPRESENTATION(#15959,#15974);
#15952=SHAPE_DEFINITION_REPRESENTATION(#15960,#15975);
#15953=SHAPE_DEFINITION_REPRESENTATION(#15961,#15976);
#15954=SHAPE_DEFINITION_REPRESENTATION(#15967,#15977);
#15955=PRODUCT_DEFINITION_SHAPE('',$,#15979);
#15956=PRODUCT_DEFINITION_SHAPE('',$,#15980);
#15957=PRODUCT_DEFINITION_SHAPE('',$,#15981);
#15958=PRODUCT_DEFINITION_SHAPE('',$,#15982);
#15959=PRODUCT_DEFINITION_SHAPE('',$,#15983);
#15960=PRODUCT_DEFINITION_SHAPE('',$,#15984);
#15961=PRODUCT_DEFINITION_SHAPE('',$,#15985);
#15962=PRODUCT_DEFINITION_SHAPE($,$,#86);
#15963=PRODUCT_DEFINITION_SHAPE($,$,#87);
#15964=PRODUCT_DEFINITION_SHAPE($,$,#88);
#15965=PRODUCT_DEFINITION_SHAPE($,$,#89);
#15966=PRODUCT_DEFINITION_SHAPE($,$,#90);
#15967=PRODUCT_DEFINITION_SHAPE('',$,#15986);
#15968=PRODUCT_DEFINITION_SHAPE($,$,#91);
#15969=PRODUCT_DEFINITION_SHAPE($,$,#92);
#15970=SHAPE_REPRESENTATION('',(#8327,#8979,#8980),#15934);
#15971=SHAPE_REPRESENTATION('',(#8328,#8734),#15935);
#15972=SHAPE_REPRESENTATION('',(#8329,#8483,#8484,#8485,#8486),#15936);
#15973=SHAPE_REPRESENTATION('',(#8330),#15937);
#15974=SHAPE_REPRESENTATION('',(#8371),#15938);
#15975=SHAPE_REPRESENTATION('',(#8440),#15939);
#15976=SHAPE_REPRESENTATION('',(#8471),#15940);
#15977=SHAPE_REPRESENTATION('',(#8735),#15941);
#15978=PRODUCT_DEFINITION_CONTEXT('part definition',#16004,'design');
#15979=PRODUCT_DEFINITION('Cable_Clamp_Dimple','Cable_Clamp_Dimple v3',
#15987,#15978);
#15980=PRODUCT_DEFINITION('Cable_Clamp_Top','Cable_Clamp_Top',#15988,#15978);
#15981=PRODUCT_DEFINITION('Labels','Labels',#15989,#15978);
#15982=PRODUCT_DEFINITION('Volume_Down','Volume_Down',#15990,#15978);
#15983=PRODUCT_DEFINITION('Volume_Up','Volume_Up',#15991,#15978);
#15984=PRODUCT_DEFINITION('Song','Song',#15992,#15978);
#15985=PRODUCT_DEFINITION('Peek_A_Boo','Peek_A_Boo',#15993,#15978);
#15986=PRODUCT_DEFINITION('Cable_Clamp_Bottom','Cable_Clamp_Bottom',#15994,
#15978);
#15987=PRODUCT_DEFINITION_FORMATION('',$,#16006);
#15988=PRODUCT_DEFINITION_FORMATION('',$,#16007);
#15989=PRODUCT_DEFINITION_FORMATION('',$,#16008);
#15990=PRODUCT_DEFINITION_FORMATION('',$,#16009);
#15991=PRODUCT_DEFINITION_FORMATION('',$,#16010);
#15992=PRODUCT_DEFINITION_FORMATION('',$,#16011);
#15993=PRODUCT_DEFINITION_FORMATION('',$,#16012);
#15994=PRODUCT_DEFINITION_FORMATION('',$,#16013);
#15995=PRODUCT_RELATED_PRODUCT_CATEGORY('Cable_Clamp_Dimple v3',
'Cable_Clamp_Dimple v3',(#16006));
#15996=PRODUCT_RELATED_PRODUCT_CATEGORY('Cable_Clamp_Top',
'Cable_Clamp_Top',(#16007));
#15997=PRODUCT_RELATED_PRODUCT_CATEGORY('Labels','Labels',(#16008));
#15998=PRODUCT_RELATED_PRODUCT_CATEGORY('Volume_Down','Volume_Down',(#16009));
#15999=PRODUCT_RELATED_PRODUCT_CATEGORY('Volume_Up','Volume_Up',(#16010));
#16000=PRODUCT_RELATED_PRODUCT_CATEGORY('Song','Song',(#16011));
#16001=PRODUCT_RELATED_PRODUCT_CATEGORY('Peek_A_Boo','Peek_A_Boo',(#16012));
#16002=PRODUCT_RELATED_PRODUCT_CATEGORY('Cable_Clamp_Bottom',
'Cable_Clamp_Bottom',(#16013));
#16003=APPLICATION_PROTOCOL_DEFINITION('international standard',
'automotive_design',2009,#16004);
#16004=APPLICATION_CONTEXT(
'Core Data for Automotive Mechanical Design Process');
#16005=PRODUCT_CONTEXT('part definition',#16004,'mechanical');
#16006=PRODUCT('Cable_Clamp_Dimple','Cable_Clamp_Dimple v3',$,(#16005));
#16007=PRODUCT('Cable_Clamp_Top','Cable_Clamp_Top',$,(#16005));
#16008=PRODUCT('Labels','Labels',$,(#16005));
#16009=PRODUCT('Volume_Down','Volume_Down',$,(#16005));
#16010=PRODUCT('Volume_Up','Volume_Up',$,(#16005));
#16011=PRODUCT('Song','Song',$,(#16005));
#16012=PRODUCT('Peek_A_Boo','Peek_A_Boo',$,(#16005));
#16013=PRODUCT('Cable_Clamp_Bottom','Cable_Clamp_Bottom',$,(#16005));
#16014=PRESENTATION_STYLE_ASSIGNMENT((#16015));
#16015=SURFACE_STYLE_USAGE(.BOTH.,#16016);
#16016=SURFACE_SIDE_STYLE('',(#16017));
#16017=SURFACE_STYLE_FILL_AREA(#16018);
#16018=FILL_AREA_STYLE('Steel - Satin',(#16019));
#16019=FILL_AREA_STYLE_COLOUR('Steel - Satin',#16020);
#16020=COLOUR_RGB('Steel - Satin',0.627450980392157,0.627450980392157,0.627450980392157);
ENDSEC;
END-ISO-10303-21;
